:020000040800F2
:1000000000300024E1030008E9670008F15300080C
:10001000E1670008E10A0008818D00080000000087
:10002000000000000000000000000000F181000856
:10003000E90A000800000000C16C000819820008ED
:10004000FF030008FF030008FF030008FF03000888
:10005000FF030008FF030008FF030008FF03000878
:10006000FF030008FF030008FF030008FF03000868
:10007000FF030008FF030008FF030008FF03000858
:10008000FF030008FF030008FF030008FF03000848
:10009000FF030008FF030008FF030008FF03000838
:1000A000FF030008FF030008FF030008FF03000828
:1000B00091840008FF030008FF030008FF03000805
:1000C000FF030008FF030008FF030008FF03000808
:1000D00001800008FF030008FF030008FF03000879
:1000E000FF030008FF03000800000000FF030008F2
:1000F000FF030008FF030008FF030008FF030008D8
:10010000FF030008FF030008FF030008FF030008C7
:10011000FF030008FF030008FF030008FF030008B7
:10012000FF030008FF030008FF030008FF030008A7
:10013000FF030008FF030008FF030008FF03000897
:1001400000000000000000000000000000000000AF
:10015000FF030008FF030008FF030008FF03000877
:10016000FF030008FF030008FF030008FF03000867
:10017000FF030008FF030008FF0300080000000061
:10018000FF030008FF030008FF030008FF03000847
:10019000FF030008FF030008FF030008FF03000837
:1001A000FF030008FF030008FF0300080000000031
:1001B000FF030008FF030008FF030008FF03000817
:1001C000FF030008FF03000800000000000000001B
:1001D0000000000000000000FF0300080000000015
:1001E000000000000000000000000000000000000F
:1001F0000000000000000000FF030008FF030008EB
:10020000FF030008FF03000800000000FF030008D0
:10021000FF030008FF030008FF030008FF030008B6
:10022000FF03000800000000FF03000800000000BA
:10023000FF030008FF03000800000000FF030008A0
:10024000FF030008FF030008FF030008FF03000886
:10025000FF030008FF030008FF030008FF03000876
:10026000FF030008FF030008FF030008FF03000866
:10027000FF030008FF030008FF0300080000000060
:10028000FF030008FF030008FF030008FF03000846
:1002900000000000FF030008FF030008000000004A
:1002A00000000000FF030008FF030008FF03000830
:1002B000FF030008FF030008FF030008FF03000816
:1002C000FF030008FF030008FF03000800F002F826
:1002D00000F076F814A696E8000CB244B344DA4570
:1002E00001D100F06DF8BAE80F000FA696E83000D3
:1002F000A5EB040504EB0607AAEB0704A7F1010729
:100300004FEA15154FEA3414A4F10104AC4201D3AD
:1003100000F056F813F0010F18BFFB1A43F0010369
:1003200000F001F8DBE7184724AD000054AD0000F1
:100330000A444FF0000C10F8013B13F0070408BF0B
:1003400010F8014B1D1108BF10F8015B641E05D0A9
:1003500010F8016B641E01F8016BF9D113F0080F5E
:100360001EBF10F8014BAD1C0C1B09D16D1E58BFF0
:1003700001F801CBFAD505E014F8016B01F8016B27
:100380006D1EF9D59142D6D370470000704700002A
:100390000023002400250026103A28BF78C1FBD88E
:1003A000520728BF30C148BF0B6070471FB50AF025
:1003B00020FE9DE8030000F0DFF81FBD10B510BD62
:1003C00000F06CF91146FFF7F1FF09F085F800F035
:1003D0008AF903B4FFF7F2FF03BC00F0BBF9000099
:1003E0000A4880470A4880470A480047FEE7FEE778
:1003F000FEE7FEE7FEE7FEE7FEE7FEE7FEE7FEE7D5
:1004000005480649064A074B70470000010B0008E3
:1004100029830008CD020008002A002400300024AF
:10042000002C0024002C002470B5064600F088F84B
:10043000056806F10B0020F00704B4429CBF0020C1
:1004400070BD2B466A68BAB11068A04210D304F19F
:10045000080188423CBF5068586007D351681019A2
:1004600041601168091B016058601460101D70BD67
:1004700013465268002AE7D12146284600F068F862
:100480000028DED170BD10B5203AC0F00B80B1E875
:100490001850A0E81850B1E81850A0E81850203AB9
:1004A000BFF4F5AF5FEA027C24BFB1E81850A0E8C2
:1004B000185044BF18C918C0BDE810405FEA827CDC
:1004C00024BF51F8043B40F8043B08BF7047D207F3
:1004D00028BF31F8023B48BF11F8012B28BF20F894
:1004E000023B48BF00F8012B70474FF0000200B5F7
:1004F000134694469646203922BFA0E80C50A0E847
:100500000C50B1F12001BFF4F7AF090728BFA0E8F4
:100510000C5048BF0CC05DF804EB890028BF40F8C0
:10052000042B08BF704748BF20F8022B11F0804F02
:1005300018BF00F8012B70477047704770470000E4
:10054000004870477001002470477047704770473B
:1005500038B504460A4600206946AFF300800028FB
:1005600008BF38BD02460099204600F075F801200A
:1005700038BD012000F08AB8F8B5AFF30080054619
:1005800000200C460C2000BF0646A819A0420DD939
:10059000324669460020AFF30080070008BF00F034
:1005A00075F80098A04218BF0546C419FFF7C8FFA8
:1005B00005600746F01D20F007004619284600F0A8
:1005C0000AF8B44208BFF8BDA21B31463868BDE83E
:1005D000F84000F041B800210160416070470C20F4
:1005E000704770B50446051FFFF7AAFF0068002C8E
:1005F00014BF446870BD002C18BFAC423CBF2046FD
:100600006468F8D301680A18AA4218BF456003D18C
:100610002A6805461144016028684119A1421CBF9F
:100620006C6070BD6168696021680844286070BDB5
:1006300010B500F00DF8006810BD10B5044600F0CC
:1006400007F8046010BD00000048704768010024EE
:100650000048704768010024034640688C46002823
:1006600018BF88423CBF03464068F8D31868184456
:10067000884207D00CF1030020F00700001D411A4A
:10068000521A0146081D0A60FFF7ABBF10B500F013
:1006900039F8BDE8104000F02FB870477546FFF7F5
:1006A000D3FFAE4605006946534620F00700854655
:1006B00018B020B5FFF7A4FEBDE820404FF00006BB
:1006C0004FF000074FF000084FF0000BAC46ACE8CD
:1006D000C009ACE8C009ACE8C009ACE8C00921F029
:1006E00007018D46704710B50446AFF300802046E1
:1006F000BDE81040FFF76DBE002801D000F02AB819
:100700007047000010B5012805D0002103A000F0BB
:1007100027F8012010BD09A1F8E70000534947520E
:10072000544D454D3A204F7574206F6620686561C1
:1007300070206D656D6F7279000000003A20486589
:100740006170206D656D6F727920636F7272757064
:100750007465640001491820ABBEFEE72600020064
:1007600070B505460C460A2000E06D1C00F011F83B
:1007700035B128780028F8D102E0641C00F009F8AF
:1007800014B120780028F8D1BDE870400A20AFF3FA
:10079000008008B569468DF800000320ABBE08BD97
:1007A00080B540F60000C5F602000122114600F0B7
:1007B00013FF80BD0000000080B540F60000C5F6C4
:1007C00002000121002200F007FF80BD00000000B0
:1007D00080B540F60000C5F602000821012200F0B5
:1007E000FBFE80BD0000000080B540F60000C5F6AD
:1007F00002000821002200F0EFFE80BD0000000092
:1008000080B584B00390002002900190FFF7D4FFE0
:10081000122001A90091062200F0CEF8FFF7C0FFD8
:100820009DF804009DF8051040EA01200399088412
:100830009DF806009DF8071040EA012003994884BE
:100840009DF808009DF8091040EA0120039988846A
:1008500040F20000C2F2004090ED000A0399B1F9A5
:10086000202001EE102AB8EEC11A20EE010A81ED17
:10087000010A90ED000A0399B1F9222001EE102A35
:10088000B8EEC11A20EE010A81ED020A90ED000ACD
:100890000398B0F9241001EE101AB8EEC11A20EE38
:1008A000010A80ED030AFFF787FF00992220022248
:1008B00000F082F8FFF774FF9DF804009DF8051022
:1008C000C00040EA5110039988850398B0F92C00C4
:1008D000B0F5806F06DBFFE70399888DA0F5006017
:1008E0008885FFE70398B0F92C1000EE101AB8EED7
:1008F000C01AB4EE002AB3EE070AA1EE020A80ED98
:10090000070AFFF771FF002001A9082200F054F840
:10091000FFF75EFF9DF804000F2819D1FFE79DF84F
:1009200006009DF8071040EA01200399C8849DF84D
:1009300008009DF8091040EA0120039908859DF8F8
:100940000A009DF80B1040EA012003994885FFE753
:1009500040F20400C2F2004090ED001A0399B1F990
:10096000262000EE102AB8EEC02A91ED0C0A91EE76
:10097000020A81ED040A90ED001A0399B1F92820CA
:1009800000EE102AB8EEC02A91ED0D0A91EE020A8F
:1009900081ED050A90ED001A0398B0F92A1000EED7
:1009A000101AB8EEC02A90ED0E0A91EE020A80ED00
:1009B000060A04B080BD000080B584B08DF80F0039
:1009C00002918DF807209DF80F0040F0800000F0A4
:1009D00017F8FFE79DF8070070B1FFE7552000F01A
:1009E0000FF8029908700298013002909DF80700F4
:1009F00001388DF80700EDE704B080BD000000006D
:100A000080B582B08DF8070000208DF80600694699
:100A10006420086042F23050C2F200400DF107013C
:100A20000DF10602012303F0D7FC9DF8060002B089
:100A300080BD00000000000080B582B08DED010A8D
:100A4000DDED010A42F2CC40C2F200409FED220AE5
:100A500005F01AFFFFE742F2CC40C2F2004090EDF1
:100A60000A0A90ED151AB4EE410AF1EE10FA07DD0C
:100A7000FFE742F2CC41C2F20041486D88621BE0C0
:100A800042F2CC40C2F2004090ED0A0A90ED151AF5
:100A9000B1EE411AB4EE410AF1EE10FA0BDAFFE7BB
:100AA00042F2CC40C2F2004090ED150AB1EE400A8D
:100AB00080ED0A0AFFE7FFE7FFE742F2CC40C2F20F
:100AC000004090ED0A0ABCEEC00A10EE100A04F0D5
:100AD00093FC02B080BD00BF000020420000000077
:100AE000FFE7FEE700000000704700000000000084
:100AF00081B0EFF3108072B60090FFE7FEE70000D0
:100B000044F60C01C5F60201086840F002000860D6
:100B1000FFE744F60400C5F60200006880040028E0
:100B200001D4FFE7F5E7704784B08DED030A9DED32
:100B3000030AB6EE001A20EE010A8DED020A0398B0
:100B4000019001980090009945F68620C5F637700F
:100B5000A0EB61000090009801909DED011A9DEDC1
:100B6000020A20EE012ABFEE080AA2EE010A20EED8
:100B7000410A8DED010A9DED010A04B070470000A5
:100B800080B586B00490049820B9FFE701208DF865
:100B9000170046E3049890F83500022807D0FFE7D5
:100BA00004998020486501208DF8170039E30498E6
:100BB000016801201022C4F202029142029000F06A
:100BC000A380FFE70498016801202822C4F20202F2
:100BD0009142029000F09880FFE70498016801209C
:100BE0004022C4F202029142029000F08D80FFE7A1
:100BF0000498016801205822C4F202029142029036
:100C000000F08280FFE70498016801207022C4F29E
:100C100002029142029077D0FFE704980168012018
:100C20008822C4F20202914202906DD0FFE704983C
:100C300001680120A022C4F202029142029063D016
:100C4000FFE7049801680120B822C4F20202914231
:100C5000029059D0FFE704980168012040F2104249
:100C6000C4F20202914202904ED0FFE7049801685C
:100C7000012040F22842C4F202029142029043D085
:100C8000FFE704980168012040F24042C4F20202EA
:100C90009142029038D0FFE704980168012040F2A9
:100CA0005842C4F20202914202902DD0FFE704980C
:100CB0000168012040F27042C4F2020291420290A7
:100CC00022D0FFE704980168012040F28842C4F274
:100CD00002029142029017D0FFE7049801680120B8
:100CE00040F2A042C4F20202914202900CD0FFE70F
:100CF000049800684FF64831CBF6FD710844B0FA0D
:100D000080F040090290FFE70298C007002800F039
:100D10009D80FFE70499042081F83500049800685D
:100D20001021C4F20201884200F08180FFE704989C
:100D300000682821C4F20201884278D0FFE70498B5
:100D400000684021C4F20201884270D0FFE7049895
:100D500000685821C4F20201884268D0FFE7049875
:100D600000687021C4F20201884260D0FFE7049855
:100D700000688821C4F20201884258D0FFE7049835
:100D80000068A021C4F20201884250D0FFE7049815
:100D90000068B821C4F20201884248D0FFE70498F5
:100DA000006840F21041C4F2020188423FD0FFE7E0
:100DB0000498006840F22841C4F20201884236D00B
:100DC000FFE70498006840F24041C4F20201884203
:100DD0002DD0FFE70498006840F25841C4F20201A8
:100DE000884224D0FFE70498006840F27041C4F2C2
:100DF000020188421BD0FFE70498006840F2884156
:100E0000C4F20201884212D0FFE70498006840F261
:100E1000A041C4F20201884209D0FFE704980068AB
:100E200040F2B841C4F20201884207D1FFE70498BA
:100E30000168086820F00100086006E00498016875
:100E4000086820F001000860FFE7E5E10498016808
:100E5000086820F00E000860049800681021C4F2B1
:100E60000201884200F08180FFE704980068282191
:100E7000C4F20201884278D0FFE70498006840215C
:100E8000C4F20201884270D0FFE70498006858213C
:100E9000C4F20201884268D0FFE70498006870211C
:100EA000C4F20201884260D0FFE7049800688821FC
:100EB000C4F20201884258D0FFE704980068A021DC
:100EC000C4F20201884250D0FFE704980068B821BC
:100ED000C4F20201884248D0FFE70498006840F25B
:100EE0001041C4F2020188423FD0FFE70498006835
:100EF00040F22841C4F20201884236D0FFE704984C
:100F0000006840F24041C4F2020188422DD0FFE760
:100F10000498006840F25841C4F20201884224D08B
:100F2000FFE70498006840F27041C4F20201884271
:100F30001BD0FFE70498006840F28841C4F2020128
:100F4000884212D0FFE70498006840F2A041C4F242
:100F50000201884209D0FFE70498006840F2B841D6
:100F6000C4F20201884207D1FFE7049801680868CB
:100F700020F00100086006E004980168086820F08D
:100F800001000860FFE70498016801201022C4F204
:100F900002029142019000F00381FFE7049801688A
:100FA00001202822C4F202029142019000F0F88050
:100FB000FFE70498016801204022C4F20202914236
:100FC000019000F0ED80FFE70498016801205822AD
:100FD000C4F202029142019000F0E280FFE704981F
:100FE000016801207022C4F202029142019000F0D7
:100FF000D780FFE70498016801208822C4F202022A
:101000009142019000F0CC80FFE704980168012034
:10101000A022C4F202029142019000F0C180FFE7D9
:10102000049801680120B822C4F2020291420190A2
:1010300000F0B680FFE704980168012040F21042FA
:10104000C4F202029142019000F0AA80FFE70498E6
:101050000168012040F22842C4F20202914201904C
:1010600000F09E80FFE704980168012040F24042B2
:10107000C4F202029142019000F09280FFE70498CE
:101080000168012040F25842C4F2020291420190EC
:1010900000F08680FFE704980168012040F270426A
:1010A000C4F20202914201907AD0FFE704980168ED
:1010B000012040F28842C4F20202914201906FD0B6
:1010C000FFE704980168012040F2A042C4F2020246
:1010D0009142019064D0FFE704980168012040F23A
:1010E000B842C4F202029142019059D0FFE704983D
:1010F0000168012045F20842C5F6020291420190C2
:101100004ED0FFE704980168012045F21C42C5F665
:1011100002029142019043D0FFE704980168012048
:1011200045F23042C5F602029142019038D0FFE705
:1011300004980168012045F24442C5F6020291423A
:1011400001902DD0FFE704980168012045F2584234
:10115000C5F602029142019022D0FFE7049801688F
:10116000012045F26C42C5F602029142019017D06F
:10117000FFE704980168012045F28042C5F60202AB
:10118000914201900CD0FFE7049800684AF66C3158
:10119000CAF2FD710844B0FA80F040090190FFE7FF
:1011A0000198C00728B3FFE70498016E086820F48F
:1011B000807008600498806D03900498C06D00F002
:1011C0001F0101208840039948600498416E806E99
:1011D00048600498C06E58B1FFE70498C16E086873
:1011E00020F4807008600498016F406F4860FFE74A
:1011F000FFE70499012081F83500FFE704990020FA
:1012000081F83400FFE70498006D20B1FFE70498EF
:10121000016D8847FFE7FFE7FFE700208DF8170023
:10122000FFE79DF8170006B080BD00000000000039
:101230008FB00E900D9100200C908020C5F600001C
:101240000990FFE70D9800680C99C840002800F04D
:10125000C181FFE70D9800680C9A01219140084078
:101260000B900B98002800F0B181FFE70D984068C3
:1012700000F00300012807D0FFE70D98406800F058
:10128000030002282FD1FFE70E9880680A900C987F
:101290004100032000FA01F10A9888430A900D9852
:1012A000C0680C99490000FA01F10A9808430A90B5
:1012B0000A980E9988600E9840680A900C9901204F
:1012C00000FA01F10A9888430A900D984068C0F32B
:1012D00000100C9900FA01F10A9808430A900A9844
:1012E0000E994860FFE70D98406800F0030003285E
:1012F00018D0FFE70E98C0680A900C9841000320B0
:1013000000FA01F10A9888430A900D9880680C99B8
:10131000490000FA01F10A9808430A900A980E99C8
:10132000C860FFE70D98406800F00300022826D14E
:10133000FFE70E980C996FF0030202EA510108448E
:10134000006A0A900C9800F0070081000F2000FA54
:1013500001F10A9888430A900D9800690C9901F0F0
:101360000701890000FA01F10A9808430A900A98D7
:101370000E990C9B02EA530211440862FFE70E9893
:1013800000680A900C984100032000FA01F10A98C5
:1013900088430A900D98406800F003000C994900BA
:1013A00000FA01F10A9808430A900A980E99086019
:1013B0000D9880798007002800F00781FFE7FFE79C
:1013C00044F2F440C5F60200016841F002010160F8
:1013D000006800F0020008900898FFE70C9820F0E1
:1013E000030040F20841C5F6000140580A900C98ED
:1013F00000F0030081000F2000FA01F10A988843F1
:101400000A900E980021C5F60201884203D1FFE739
:10141000002007906CE00E9840F20041C5F60201F2
:10142000884203D1FFE7012006905EE00E9840F667
:101430000001C5F60201884203D1FFE702200590B2
:1014400050E00E9840F60041C5F60201884203D1F3
:10145000FFE70320049042E00E9841F20001C5F638
:101460000201884203D1FFE70420039034E00E9884
:1014700041F20041C5F60201884203D1FFE7052091
:10148000029026E00E9841F60001C5F6020188425E
:1014900003D1FFE70620019018E00E9841F60041C5
:1014A000C5F60201884203D1FFE7072000900AE059
:1014B0000E9942F20042C5F602020A20914208BF8C
:1014C00009200090FFE700980190FFE70198029043
:1014D000FFE702980390FFE703980490FFE7049862
:1014E0000590FFE705980690FFE706980790FFE74D
:1014F00007980C9901F00301890000FA01F10A989C
:1015000008430A900A980C9921F0030140F208421E
:10151000C5F6000288504FF0B04000680A900B9961
:101520000A9888430A900D988079C006002805D54E
:10153000FFE70B990A9808430A90FFE70A984FF0D3
:10154000B04108600420C5F6000000680A900B99BD
:101550000A9888430A900D9880798006002805D55E
:10156000FFE70B990A9808430A90FFE70A980421BD
:10157000C5F600010860099840680A900B990A981E
:1015800088430A900D9880798007002805D5FFE7E9
:101590000B990A9808430A90FFE70A98099948604E
:1015A000099800680A900B990A9888430A900D9848
:1015B0008079C00728B1FFE70B990A9808430A9081
:1015C000FFE70A9809990860FFE7FFE70C980130E8
:1015D0000C9037E60FB0704782B00190ADF8021062
:1015E0008DF801209DF8010028B1FFE7BDF8020049
:1015F0000199886105E0BDF8020000040199886145
:10160000FFE702B07047000042F2F460C2F200400F
:10161000006870470000000040F25810C2F200401D
:10162000027842F2F461C2F2004108681044086096
:10163000704700000000000080B582B0032000F079
:1016400053F901F075FC44F21842C5F60202116824
:10165000C1F303234BF22801C0F60001CB5C03F079
:101660001F03D84000900098126802F00F02895CB6
:1016700001F01F01C84040F23811C2F20041086079
:10168000009840F23411C2F2004108600F2000F0CF
:1016900013F820B1FFE701208DF8070005E000F006
:1016A000E3F800208DF80700FFE79DF8070002B07F
:1016B00080BD00000000000080B590B00E900E9834
:1016C0000F2810D8FFE70E991C200090002200F090
:1016D000F3F8009800F0E4F80E9840F25C11C2F2C2
:1016E0000041086003E001208DF83F004CE0FFE777
:1016F00044F2E840C5F60200016841F001010160D2
:10170000006800F0010001900198FFE706A802A917
:1017100001F08AFB0B980490049820B9FFE701F0D0
:10172000F3FB059004E001F0EFFB40000590FFE7BC
:1017300005984DF68361C4F21B31A0FB01014FF007
:10174000FF3000EB9140039042F2B850C2F20040EB
:101750004FF08041016040F2E731C1600399416080
:1017600000210161816003F08FFA48B9FFE742F27E
:10177000B850C2F2004003F0DFFA8DF83F0003E0FA
:1017800001208DF83F00FFE79DF83F0010B080BDBD
:1017900010B581B00090009840784EF69851CEF286
:1017A000000108604EF6A051CEF20001086820F05A
:1017B00001000860009840684EF69C52CEF200028C
:1017C0001060DDF800E09EF80C0000079EF80B208A
:1017D00040EA02609EF800209EF808309EF809C09A
:1017E0009EF80A4040EAC4409EF80D4040EA84401A
:1017F0009EF80E4040EA44409EF80FE040EA0E405A
:1018000040EA0C2040EA43001043086001B010BDDC
:10181000BFF35F8F4EF62451CEF20001086820F42A
:10182000803008604EF69451CEF20001002008602E
:10183000704700000000000081B00090009840F068
:1018400001004EF69451CEF2000108604EF624518C
:10185000CEF20001086840F480300860BFF34F8F7B
:10186000BFF36F8F01B0704780B582B0FFE744F2DD
:10187000F440C5F60200016841F002010160006811
:1018800000F0020001900198FFE76FF001000F21C6
:10189000002200F011F802B080BD0000000000003E
:1018A00080B582B0ADF80600BDF9060007F088FAF1
:1018B00002B080BD0000000080B586B0ADF8160013
:1018C0000491039207F094FA0290BDF9160001907A
:1018D00002980499039A04F08BFF0146019807F0DF
:1018E0008FFA06B080BD000080B582B001900198EB
:1018F00007F0AAFA02B080BD80B584B0029044F629
:101900000C00C5F60200006800F004010020B0EBF6
:10191000910F13D1FFE744F60C00C5F602000068F2
:1019200000F007000299884204D0FFE701208DF8FB
:101930000F002EE000208DF80F002AE044F60C0185
:10194000C5F60201086820F00700029A10430860FB
:10195000FFF75AFE0190FFE744F60400C5F60200C7
:10196000006800F400510020B0EB513F0DD1FFE7BB
:10197000FFF74AFE0199401AB0F57A7F04D9FFE7D4
:1019800001208DF80F0004E0E6E700208DF80F003D
:10199000FFE79DF80F0004B080BD000000000000CC
:1019A00080B59AB0189000208DF857008DF8560039
:1019B0001898C0780007002848D5FFE71898406EAF
:1019C000149078B1FFE71498B0F5801F13D0FFE7AB
:1019D0001498B0F5001F16D0FFE71498B0F5401F1B
:1019E00019D019E044F22C41C5F60201086840F410
:1019F0000030086014E018980830022106F030F931
:101A00008DF857000CE018982830022106F010FAE3
:101A10008DF8570004E003E001208DF85700FFE740
:101A20009DF8570060B9FFE744F25041C5F6020146
:101A3000086820F44010189A526E1043086004E0C1
:101A40009DF857008DF85600FFE7FFE7189840789B
:101A5000C007002840D0FFE71898806D1390042835
:101A600020D81399DFE801F0030C141C1D0044F288
:101A70002C41C5F60201086840F40030086015E00A
:101A800018980830002106F0EBF88DF857000DE0AB
:101A900018982830002106F0CBF98DF8570005E0A2
:101AA00004E003E001208DF85700FFE79DF85700A0
:101AB00060B9FFE744F25041C5F60201086820F022
:101AC0000700189A926D1043086004E09DF85700D3
:101AD0008DF85600FFE7FFE7189840784007002888
:101AE00056D5FFE71898D0F8A4001290C8B1FFE7C8
:101AF0001298B0F5001F1DD0FFE71298B0F5800FC7
:101B000020D0FFE71298B0F5C00F23D0FFE712985E
:101B1000B0F5000F1FD0FFE71298B0F5200F1BD0D3
:101B20001BE044F22C41C5F60201086840F4003085
:101B3000086016E018980830002106F091F88DF83A
:101B400057000EE018982830002106F071F98DF842
:101B5000570006E005E004E003E001208DF857009F
:101B6000FFE79DF8570068B9FFE744F25841C5F612
:101B70000201086820F46000189AD2F8A4201043EB
:101B8000086004E09DF857008DF85600FFE7FFE776
:101B9000189840780007002856D5FFE71898D0F825
:101BA000A8001190C8B1FFE71198B0F1807F1DD057
:101BB000FFE71198B0F1007F20D0FFE71198B0F156
:101BC000407F23D0FFE71198B0F1806F1FD0FFE76F
:101BD0001198B0F1A06F1BD01BE044F22C41C5F668
:101BE0000201086840F40030086016E018980830D8
:101BF000002106F035F88DF857000EE018982830CF
:101C0000002106F015F98DF8570006E005E004E024
:101C100003E001208DF85700FFE79DF8570068B9F1
:101C2000FFE744F25841C5F60201086820F0E06081
:101C3000189AD2F8A8201043086004E09DF85700D5
:101C40008DF85600FFE7FFE71898C0788007002856
:101C50003ED5FFE71898C06C1090F0B1FFE71098E0
:101C6000102808D0FFE7109820280DD0FFE7109823
:101C7000302811D012E044F22C41C5F60201086868
:101C800040F4003008600DE018980830022105F09B
:101C9000E7FF8DF8570005E004E003E001208DF830
:101CA0005700FFE79DF8570060B9FFE744F24C4149
:101CB000C5F60201086820F03000189AD26C104373
:101CC000086004E09DF857008DF85600FFE7FFE735
:101CD00018984078C00600284ED5FFE71898C06DC8
:101CE0000F90A0B1FFE70F98B0F5805F18D0FFE725
:101CF0000F98B0F5005F1BD0FFE70F98B0F5405F7D
:101D00001ED0FFE70F98B0F5804F1AD01AE044F2CA
:101D10002C41C5F60201086840F40030086015E067
:101D200018980830002105F09BFF8DF857000DE052
:101D300018982830002106F07BF88DF8570005E050
:101D400004E003E001208DF85700FFE79DF85700FD
:101D500060B9FFE744F25041C5F60201086820F47B
:101D6000E040189AD26D1043086004E09DF85700D7
:101D70008DF85600FFE7FFE71898407880060028A6
:101D80004CD5FFE71898006E0E90C8B1FFE70E988B
:101D9000B0F5803F15D0FFE70E98B0F5003F18D0A2
:101DA000FFE70E98B0F5403F1BD0FFE70E98B0F567
:101DB000802F17D0FFE70E98B0F5A02F13D013E0B7
:101DC00016E018980830012105F04AFF8DF85700F9
:101DD0000EE018982830012106F02AF88DF85700F7
:101DE00006E005E004E003E001208DF85700FFE77E
:101DF0009DF8570060B9FFE744F25041C5F6020173
:101E0000086820F4E020189A126E1043086004E07D
:101E10009DF857008DF85600FFE7FFE718984078C7
:101E2000400600284ED5FFE71898D0F8AC000D907A
:101E3000C8B1FFE70D98B0F1805F15D0FFE70D98AE
:101E4000B0F1005F18D0FFE70D98B0F1405F1BD0F4
:101E5000FFE70D98B0F1804F17D0FFE70D98B0F174
:101E6000A04F13D013E016E018980830012105F0B8
:101E7000F7FE8DF857000EE018982830012105F084
:101E8000D7FF8DF8570006E005E004E003E00120ED
:101E90008DF85700FFE79DF8570068B9FFE744F257
:101EA0005841C5F60201086820F0E040189AD2F8BF
:101EB000AC201043086004E09DF857008DF85600F0
:101EC000FFE7FFE718984078000600283BD5FFE7BA
:101ED0001898C06E0C90D8B1FFE70C98B0F1805FF5
:101EE00005D0FFE70C98B0F1005F09D011E044F293
:101EF0002C41C5F60201086840F4003008600CE08F
:101F000018980830012105F0ABFE8DF8570004E069
:101F100003E001208DF85700FFE79DF8570060B9F6
:101F2000FFE744F25041C5F60201086820F0405036
:101F3000189AD26E1043086004E09DF857008DF89F
:101F40005600FFE7FFE71898C078C007002837D091
:101F5000FFE71898806C0B90032817D80B99DFE8DF
:101F600001F014020B1344F22C41C5F6020108687B
:101F700040F4003008600DE018980830022105F0A8
:101F80006FFE8DF8570005E004E003E001208DF8B6
:101F90005700FFE79DF8570060B9FFE744F24C4156
:101FA000C5F60201086820F00300189A926C1043ED
:101FB000086004E09DF857008DF85600FFE7FFE742
:101FC000189880784006002840F1B480FFE744F676
:101FD0000001C5F60201086840F480700860FFF750
:101FE00013FB1690FFE744F60000C5F602000068F8
:101FF000C00500280CD4FFE7FFF706FB1699401A2E
:10200000652804D3FFE703208DF8570000E0EAE7D6
:102010009DF85700002840F08780FFE744F27040A9
:10202000C5F60200006800F440701899D1F8B010AD
:1020300001F44071884213D0FFE744F27041C5F6C5
:102040000201086820F440701790086840F480305E
:102050000860086820F48030086017980860FFE77F
:102060001898D0F8B000B0F5807F1FD1FFE7FFF7D8
:10207000CBFA1690FFE744F27040C5F60200006804
:1020800000F002010020B0EB510F0ED1FFE7FFF787
:10209000BBFA1699401A41F28931884204D3FFE70E
:1020A00003208DF8570000E0E5E7FFE79DF85700B3
:1020B000A0BBFFE7FFE71898D0F8B00000F440702D
:1020C000B0F5407F13D1FFE744F21041C5F602019D
:1020D000086820F47C50189AD2F8B0204FF6F043EC
:1020E000C0F6FF731A4040EA1210086008E044F29C
:1020F0001041C5F60201086820F47C500860FFE733
:102100001898D0F8B0206FF31F3244F27041C5F632
:102110000201086810430860FFE704E09DF85700DB
:102120008DF85600FFE704E09DF857008DF8560043
:10213000FFE7FFE718980068C007002800F04C8010
:10214000FFE71898806F0A9028282BD80A99DFE8B3
:1021500001F0152929292929292916292929292977
:1021600029291E29292929292929262929292929ED
:1021700029292729292929292929280016E01898F9
:102180000830012105F06CFD8DF857000EE018981D
:102190002830012105F04CFE8DF8570006E005E0DF
:1021A00004E003E001208DF85700FFE79DF8570099
:1021B00060B9FFE744F25441C5F60201086820F017
:1021C0003800189A926F1043086004E09DF8570099
:1021D0008DF85600FFE7FFE7189800788007002881
:1021E00039D5FFE71898406F0990052819D8099943
:1021F000DFE801F003040C14151616E018980830F7
:10220000012105F02DFD8DF857000EE018982830BB
:10221000012105F00DFE8DF8570006E005E004E011
:1022200003E001208DF85700FFE79DF8570060B9E3
:10223000FFE744F25441C5F60201086820F00700A8
:10224000189A526F1043086004E09DF857008DF80B
:102250005600FFE7FFE718980078400700283BD5B5
:10226000FFE71898D0F890000890052819D8089929
:10227000DFE801F003040C14151616E01898083076
:10228000012105F0EDFC8DF857000EE0189828307C
:10229000012105F0CDFD8DF8570006E005E004E0D2
:1022A00003E001208DF85700FFE79DF8570068B95B
:1022B000FFE744F25841C5F60201086820F0070024
:1022C000189AD2F890201043086004E09DF8570057
:1022D0008DF85600FFE7FFE7189800788006002881
:1022E0004ED5FFE71898D0F88C000790C8B1FFE7EB
:1022F0000798B0F1805F15D0FFE70798B0F1005F55
:1023000018D0FFE70798B0F1405F1BD0FFE70798B0
:10231000B0F1804F17D0FFE70798B0F1A04F13D06E
:1023200013E016E018980830002105F099FC8DF8AC
:1023300057000EE018982830022105F079FD8DF83D
:10234000570006E005E004E003E001208DF85700A7
:10235000FFE79DF8570068B9FFE744F25441C5F61E
:102360000201086820F0E040189AD2F88C2010434F
:10237000086004E09DF857008DF85600FFE7FFE77E
:1023800018980078400600284ED5FFE71898D0F836
:1023900098000690C8B1FFE70698B0F5806F15D099
:1023A000FFE70698B0F5006F18D0FFE70698B0F584
:1023B000406F1BD0FFE70698B0F5805F17D0FFE7AE
:1023C0000698B0F5A05F13D013E016E01898083017
:1023D000002105F045FC8DF857000EE018982830D4
:1023E000022105F025FD8DF8570006E005E004E028
:1023F00003E001208DF85700FFE79DF8570068B90A
:10240000FFE744F25841C5F60201086820F4E050A5
:10241000189AD2F898201043086004E09DF85700FD
:102420008DF85600FFE7FFE71898007800060028AF
:102430004ED5FFE71898D0F89C000590C8B1FFE78B
:102440000598B0F5005F15D0FFE70598B0F5804F0F
:1024500018D0FFE70598B0F5C04F1BD0FFE70598EF
:10246000B0F5004F17D0FFE70598B0F5204F13D017
:1024700013E016E018980830002105F0F1FB8DF804
:1024800057000EE018982830022105F0D1FC8DF895
:10249000570006E005E004E003E001208DF8570056
:1024A000FFE79DF8570068B9FFE744F25841C5F6C9
:1024B0000201086820F46040189AD2F89C2010436A
:1024C000086004E09DF857008DF85600FFE7FFE72D
:1024D000189800780007002820D5FFE71898D0F852
:1024E0008000B0F5805F0CD1FFE7189828300221FA
:1024F00005F09EFC20B1FFE701208DF85600FFE7B4
:10250000FFE744F25441C5F60201086820F4405048
:10251000189AD2F8802010430860FFE718980078D6
:10252000C006002820D5FFE71898D0F89400B0F531
:10253000807F0CD1FFE718982830022105F078FC45
:1025400020B1FFE701208DF85600FFE7FFE744F2D6
:102550005841C5F60201086820F44070189AD2F874
:10256000942010430860FFE718988078000700283F
:102570003CD5FFE71898D0F8A000049050B1FFE7D1
:102580000498B0F5803F0DD0FFE70498B0F5003F08
:1025900010D010E018980830002105F061FB8DF88C
:1025A00057000CE018982830022105F041FC8DF806
:1025B000570004E003E001208DF85700FFE79DF885
:1025C000570068B9FFE744F25841C5F602010868B0
:1025D00020F44030189AD2F8A0201043086004E09C
:1025E0009DF857008DF85600FFE7FFE718988078B0
:1025F000400700283FD5FFE71898D0F884000390E3
:10260000B0F5801F0AD0FFE70398B0F5001F0ED089
:10261000FFE70398B0F5401F11D011E044F22C41C0
:10262000C5F60201086840F4003008600CE0189814
:102630002830012105F0FCFB8DF8570004E003E091
:1026400001208DF85700FFE79DF8570068B9FFE7B4
:1026500044F25441C5F60201086820F44010189A6B
:10266000D2F884201043086004E09DF857008DF8EC
:102670005600FFE7FFE718988078C007A8B3FFE788
:102680001898006D029028B1FFE70298B0F5803FDE
:1026900009D010E044F22C41C5F60201086840F46C
:1026A000003008600BE018980830022105F0D8FAD5
:1026B0008DF8570003E001208DF85700FFE79DF8E3
:1026C000570060B9FFE744F24C41C5F602010868C3
:1026D00020F48030189A126D1043086004E09DF8D1
:1026E00057008DF85600FFE7FFE71898C07880067E
:1026F00000280CD5FFE718982830022105F098FB38
:1027000020B1FFE701208DF85600FFE7FFE718989A
:102710008078800700283AD5FFE71898C06F0190AD
:10272000D0B1FFE70198B0F5807F0AD0FFE70198AC
:10273000B0F5007F0ED0FFE70198B0F5407F0AD0DA
:102740000BE044F22C41C5F60201086840F4003069
:10275000086006E005E004E003E001208DF8570082
:10276000FFE79DF8570060B9FFE744F25441C5F612
:102770000201086820F44070189AD26F1043086074
:1027800004E09DF857008DF85600FFE7FFE7189822
:102790008078C00600280CD5FFE744F25041C5F60A
:1027A0000201086820F00040189A126F1043086078
:1027B000FFE718988078800600280CD5FFE744F2E0
:1027C0005041C5F60201086820F08070189A926E98
:1027D00010430860FFE71898C0784006002811D51C
:1027E000FFE7FFE744F21041C5F60201086820F454
:1027F000004008601898D0F8B420086810430860BA
:10280000FFE7FFE71898C078000600280CD5FFE71F
:1028100044F24C41C5F60201086820F04050189A75
:10282000526D10430860FFE7189880780006002872
:102830000DD5FFE744F25441C5F60201086820F4C3
:102840004000189AD2F8882010430860FFE71898D3
:102850000079C00790B1FFE718980830002105F013
:10286000FFF98DF857009DF8570008B9FFE704E01D
:102870009DF857008DF85600FFE7FFE7189800799C
:102880008007002812D5FFE718980830012105F0CD
:10289000E7F98DF857009DF8570008B9FFE704E005
:1028A0009DF857008DF85600FFE7FFE7189800796C
:1028B0004007002812D5FFE718980830022105F0DC
:1028C000CFF98DF857009DF8570008B9FFE704E0ED
:1028D0009DF857008DF85600FFE7FFE7189800793C
:1028E0000007002812D5FFE718982830002105F0CE
:1028F0009FFA8DF857009DF8570008B9FFE704E0EC
:102900009DF857008DF85600FFE7FFE7189800790B
:10291000C006002812D5FFE718982830012105F0DD
:1029200087FA8DF857009DF8570008B9FFE704E0D3
:102930009DF857008DF85600FFE7FFE718980079DB
:102940008006002812D5FFE718982830022105F0EC
:102950006FFA8DF857009DF8570008B9FFE704E0BB
:102960009DF857008DF85600FFE7FFE79DF85600E9
:1029700020B9FFE700208DF8670003E001208DF803
:102980006700FFE79DF867001AB080BD00000000F7
:1029900080B586B004900391049820B9FFE7012028
:1029A0008DF817003CE2039842F20001C5F20021C5
:1029B000096801F00F01884216D9FFE742F20000D2
:1029C000C5F20020016821F00F01039A1143016054
:1029D000006800F00F000399884204D0FFE701204F
:1029E0008DF817001CE2FFE70498007840070028E4
:1029F00019D5FFE70498006944F21841C5F60201B1
:102A0000096801F0700188420CD9FFE744F21841CF
:102A1000C5F60201086820F07000049A126910439C
:102A20000860FFE7FFE7049800780007002819D541
:102A3000FFE70498406944F21C41C5F602010968A9
:102A400001F0700188420CD9FFE744F21C41C5F641
:102A50000201086820F07000049A5269104308606F
:102A6000FFE7FFE704980078C006002819D5FFE7C4
:102A70000498806944F21C41C5F60201096801F41A
:102A8000E06188420CD9FFE744F21C41C5F602011F
:102A9000086820F4E060049A926910430860FFE738
:102AA000FFE7049800788006002819D5FFE704980E
:102AB000C06944F22041C5F60201096801F07001C5
:102AC00088420CD9FFE744F22041C5F602010868AC
:102AD00020F07000049AD26910430860FFE7FFE716
:102AE000049800788007002819D5FFE70498C0688B
:102AF00044F21841C5F60201096801F00F0188424D
:102B00000CD9FFE744F21841C5F60201086820F02D
:102B10000F00049AD26810430860FFE7FFE70498AB
:102B20000078C007002800F08C80FFE744F21841CD
:102B3000C5F60201086820F47060049A9268104398
:102B4000086004984068022811D1FFE744F2004071
:102B5000C5F60200006800F400310020B0EB514FD0
:102B600004D1FFE701208DF8170059E13EE00498F9
:102B70004068032811D1FFE744F20040C5F6020087
:102B8000006800F000710020B0EB516F04D1FFE746
:102B900001208DF8170043E127E0049840680128E0
:102BA00011D1FFE744F20040C5F60200006800F4CE
:102BB00080710020B0EB112F04D1FFE701208DF8C8
:102BC00017002DE110E044F20040C5F60200006855
:102BD00000F004010020B0EB910F04D1FFE70120C9
:102BE0008DF817001CE1FFE7FFE7FFE744F2104113
:102BF000C5F60201086820F00700049A52681043E5
:102C00000860FEF701FD0190FFE744F21040C5F6B1
:102C10000200006800F0380004994968B0EBC10F69
:102C20000ED0FFE7FEF7F0FC0199401A41F289311E
:102C3000884204D3FFE703208DF81700F0E0E4E7B3
:102C4000FFE7049800788007002819D5FFE704986B
:102C5000C06844F21841C5F60201096801F00F018D
:102C600088420CD2FFE744F21841C5F60201086819
:102C700020F00F00049AD26810430860FFE7FFE7D6
:102C8000039842F20001C5F20021096801F00F012A
:102C9000884216D2FFE742F20000C5F20020016828
:102CA00021F00F01039A11430160006800F00F004A
:102CB0000399884204D0FFE701208DF81700AFE0A8
:102CC000FFE7049800784007002819D5FFE704982B
:102CD000006944F21841C5F60201096801F070016B
:102CE00088420CD2FFE744F21841C5F60201086899
:102CF00020F07000049A126910430860FFE7FFE7B4
:102D0000049800780007002819D5FFE70498406967
:102D100044F21C41C5F60201096801F070018842C5
:102D20000CD2FFE744F21C41C5F60201086820F00E
:102D30007000049A526910430860FFE7FFE70498A7
:102D40000078C006002819D5FFE70498806944F28E
:102D50001C41C5F60201096801F4E06188420CD209
:102D6000FFE744F21C41C5F60201086820F4E06068
:102D7000049A926910430860FFE7FFE7049800781F
:102D80008006002819D5FFE70498C06944F2204165
:102D9000C5F60201096801F0700188420CD2FFE714
:102DA00044F22041C5F60201086820F07000049A40
:102DB000D26910430860FFE7FFE700F0B9F844F27A
:102DC0001842C5F602021168C1F303234BF2280131
:102DD000C0F60001CB5C03F01F03D84000900098C0
:102DE000126802F00F02895C01F01F01C84040F236
:102DF0003811C2F200410860009840F23411C2F26A
:102E00000041086040F25C10C2F200400068FEF72A
:102E100053FC8DF80B009DF80B008DF81700FFE7B1
:102E20009DF8170006B080BD82B001900091019915
:102E30003F20086044F21040C5F60200006800F030
:102E400007000199486044F21840C5F60200016885
:102E500001F47061019A9160016801F00F01019A1B
:102E6000D160006800F070000199086144F21C40D4
:102E7000C5F60200016801F07001019A5161006815
:102E800000F4E0600199886144F22040C5F6020038
:102E9000006800F070000199C86142F20000C5F2BC
:102EA0000020006800F00F000099086002B0704731
:102EB00080B582B000F03CF844F21842C5F6020238
:102EC0001168C1F303234BF22801C0F60001CB5C6B
:102ED00003F01F03D84001900198126802F00F021E
:102EE000895C01F01F0120FA01F140F23810C2F2B2
:102EF00000400160019940F23412C2F200421160B8
:102F0000006802B080BD000080B5FFF7D1FF44F239
:102F10001C41C5F602010968C1F302124BF22801F7
:102F2000C0F60001895C01F01F01C84080BD0000AF
:102F30008AB044F21040C5F60200006800F0380084
:102F400001460191182800F269810199DFE811F02A
:102F50001900660166016601660166016601660187
:102F60003A00660166016601660166016601660156
:102F70004000660166016601660166016601660140
:102F8000460044F20040C5F60200006800F020014F
:102F90000020B0EB511F0ED0FFE744F20040C5F611
:102FA00002000068C0F3C10149F20000C0F2D03055
:102FB000C840029005E049F20000C0F2D030029013
:102FC000FFE731E140F60010C0F23D0002902BE136
:102FD00043F20060C0F26E10029025E144F22840F6
:102FE000C5F60200016801F0030108910068C0F312
:102FF0000510079044F22C40C5F60200006800F06E
:1030000001000690069844F23441C5F602010968B1
:1030100089B2C908484300EE100AB8EE400A8DEDA7
:10302000040A0798002800F0F580FFE70898009050
:1030300048B1FFE70098012869D0FFE7009802280F
:1030400000F08980ABE044F20040C5F60200006861
:1030500000F020010020B0EB511F33D0FFE744F215
:103060000040C5F602000068C0F3C10149F200004B
:10307000C0F2D030C84005909DED050AB8EE400A78
:103080009DED071AB8EE411A80EE010A44F2304075
:10309000C5F6020000686FF35F2001EE100AB8EE7B
:1030A000411A9DED042A9FED633A82EE032A31EE28
:1030B000021AB7EE002A31EE021A20EE010A8DED57
:1030C000030A23E09DED070AB8EE401A9FED5B0A64
:1030D00080EE010A44F23040C5F6020000686FF34A
:1030E0005F2001EE100AB8EE411A9DED042A9FED13
:1030F000513A82EE032A31EE021AB7EE002A31EE7F
:10310000021A20EE010A8DED030AFFE76BE09DED48
:10311000070AB8EE401A9FED480A80EE010A44F211
:103120003040C5F6020000686FF35F2001EE100A20
:10313000B8EE411A9DED042A9FED3E3A82EE032A35
:1031400031EE021AB7EE002A31EE021A20EE010A21
:103150008DED030A47E09DED070AB8EE401A9FED9A
:10316000340A80EE010A44F23040C5F602000068DD
:103170006FF35F2001EE100AB8EE411A9DED042AAC
:103180009FED2C3A82EE032A31EE021AB7EE002AA6
:1031900031EE021A20EE010A8DED030A23E09DEDC7
:1031A000070AB8EE401A9FED240A80EE010A44F2A5
:1031B0003040C5F6020000686FF35F2001EE100A90
:1031C000B8EE411A9DED042A9FED1A3A82EE032AC9
:1031D00031EE021AB7EE002A31EE021A20EE010A91
:1031E0008DED030AFFE744F23040C5F602000068A7
:1031F00081B2012000EB512009909DED030A9DED65
:10320000091AB8EE411A80EE010ABCEEC00A8DED33
:10321000020A02E000200290FFE705E040F60010FD
:10322000C0F23D000290FFE702980AB0704700BF6D
:10323000001BB74B000000460024744A0024744C65
:1032400080B58CB00A900A9828B9FFE701208DF864
:103250002F0000F001BD0A980078C007002800F098
:10326000B980FFE744F21040C5F60200006800F0A4
:103270003800069044F22840C5F602000068059028
:10328000069810280AD0FFE7069818281CD1FFE7F7
:10329000059800F00300022816D1FFE744F2004031
:1032A000C5F60200006800F400310020B0EB514F79
:1032B00009D0FFE70A98406828B9FFE701208DF898
:1032C0002F0000F0C9BC84E0FFE70A984068B0F521
:1032D000803F09D1FFE744F20041C5F602010868CA
:1032E00040F48030086032E00A98406868B9FFE72F
:1032F00044F20041C5F60201086820F480300860FD
:10330000086820F48020086020E00A984068B0F542
:10331000A02F0DD1FFE744F20041C5F60201086875
:1033200040F480200860086840F4803008600CE0B9
:1033300044F20041C5F60201086820F480300860BC
:10334000086820F480200860FFE7FFE7FFE7FFE759
:103350000A984068F0B1FFE7FEF756F90990FFE7D9
:1033600044F20040C5F60200006800F4003100207D
:10337000B0EB514F0DD1FFE7FEF746F90999401A1E
:10338000652805D3FFE703208DF82F0000F064BC0B
:10339000E6E71DE0FEF738F90990FFE744F2004048
:1033A000C5F60200006800F400310020B0EB514F78
:1033B0000DD0FFE7FEF728F90999401A652805D3D3
:1033C000FFE703208DF82F0000F046BCE6E7FFE79B
:1033D000FFE7FFE70A9800788007002840F1C580E2
:1033E000FFE744F21040C5F60200006800F0380024
:1033F000049044F22840C5F6020000680390049847
:1034000050B1FFE70498182850D1FFE79DF80C0051
:10341000800700284AD1FFE744F20040C5F60200C9
:10342000006800F004010020B0EB910F09D0FFE725
:103430000A98C06828B9FFE701208DF82F0000F036
:103440000BBC44F20041C5F60201086820F01900E7
:103450000A9AD26810430860FEF7D6F80990FFE791
:1034600044F20040C5F60200006800F004010020AC
:10347000B0EB910F0CD1FFE7FEF7C6F80999401A9F
:10348000032804D3FFE703208DF82F00E4E3E7E7E8
:1034900044F20441C5F60201086820F0FE400A9A91
:1034A000126940EA02600860FFE75DE00A98C068C0
:1034B000A0B3FFE744F20041C5F60201086820F01E
:1034C00019000A9AD26810430860FEF79DF8099027
:1034D000FFE744F20040C5F60200006800F0040176
:1034E0000020B0EB910F0CD1FFE7FEF78DF80999A2
:1034F000401A032804D3FFE703208DF82F00ABE325
:10350000E7E744F20441C5F60201086820F0FE40F6
:103510000A9A126940EA0260086024E044F200411D
:10352000C5F60201086820F001000860FEF76CF89B
:103530000990FFE744F20040C5F60200006800F081
:1035400004010020B0EB910F0CD0FFE7FEF75CF810
:103550000999401A032804D3FFE703208DF82F00B0
:103560007AE3E7E7FFE7FFE7FFE70A980078C0069E
:10357000002840F1A080FFE744F21040C5F60200A9
:10358000006800F03800029044F22840C5F60200BE
:1035900000680190029808280AD0FFE702981828CE
:1035A0002BD1FFE7019800F00300012825D1FFE7A8
:1035B00044F20040C5F60200006800F4807100206B
:1035C000B0EB112F09D0FFE70A98C069802804D01A
:1035D000FFE701208DF82F003EE3FFE744F20C41A6
:1035E000C5F60201086820F07C500A9A126A40EA87
:1035F00002600860FFE7FFE75CE00A98C06998B3E3
:10360000FFE744F20041C5F60201086840F080007F
:103610000860FDF7F9FF0990FFE744F20040C5F6A6
:103620000200006800F480710020B0EB112F0CD173
:10363000FFE7FDF7E9FF0999401A032804D3FFE7E4
:1036400003208DF82F0007E3E7E7FFE744F20C4182
:10365000C5F60201086820F07C500A9A126A40EA16
:1036600002600860FFE724E044F20041C5F6020171
:10367000086820F080000860FDF7C6FF0990FFE7AA
:1036800044F20040C5F60200006800F4807100209A
:10369000B0EB112F0CD0FFE7FDF7B6FF0999401AE8
:1036A000032804D3FFE703208DF82F00D4E2E7E7D7
:1036B000FFE7FFE7FFE70A980078000700284FD5EB
:1036C000FFE70A98406928B3FFE744F27441C5F662
:1036D0000201086840F001000860FDF795FF0990BD
:1036E000FFE744F27440C5F60200006800F00201F2
:1036F0000020B0EB510F0CD1FFE7FDF785FF0999D2
:10370000401A032804D3FFE703208DF82F00A3E21B
:10371000E7E724E044F27441C5F60201086820F0AE
:1037200001000860FDF770FF0990FFE744F2744064
:10373000C5F60200006800F002010020B0EB510F56
:103740000CD0FFE7FDF760FF0999401A032804D366
:10375000FFE703208DF82F007EE2E7E7FFE7FFE7B2
:103760000A980078800600284FD5FFE70A988069FC
:1037700028B3FFE744F20041C5F60201086840F4AF
:1037800080500860FDF740FF0990FFE744F20040D9
:10379000C5F60200006800F400510020B0EB513F74
:1037A0000CD1FFE7FDF730FF0999401A032804D335
:1037B000FFE703208DF82F004EE2E7E724E044F214
:1037C0000041C5F60201086820F480500860FDF74A
:1037D0001BFF0990FFE744F20040C5F602000068B5
:1037E00000F400510020B0EB513F0CD0FFE7FDF793
:1037F0000BFF0999401A032804D3FFE703208DF833
:103800002F0029E2E7E7FFE7FFE70A980078400783
:10381000002840F1A780FFE744F60001C5F6020149
:10382000086840F480700860FDF7EEFE0990FFE73D
:1038300044F60000C5F602000068C00500280CD45C
:10384000FFE7FDF7E1FE0999401A652804D3FFE779
:1038500003208DF82F00FFE1EAE7FFE70A98806870
:10386000012809D1FFE744F27041C5F6020108685A
:1038700040F00100086031E00A98806868B9FFE70D
:1038800044F27041C5F60201086820F001000860AA
:10389000086820F0040008601FE00A988068052886
:1038A0000DD1FFE744F27041C5F60201086840F00F
:1038B00004000860086840F0010008600CE044F271
:1038C0007041C5F60201086820F001000860086830
:1038D00020F004000860FFE7FFE7FFE7FFE70A9832
:1038E0008068F8B1FFE7FDF78FFE0990FFE744F22B
:1038F0007040C5F60200006800F002010020B0EB45
:10390000510F0ED1FFE7FDF77FFE0999401A41F2F2
:103910008931884204D3FFE703208DF82F009BE113
:10392000E5E71EE0FDF770FE0990FFE744F2704006
:10393000C5F60200006800F002010020B0EB510F54
:103940000ED0FFE7FDF760FE0999401A41F2893178
:10395000884204D3FFE703208DF82F007CE1E5E7E0
:10396000FFE7FFE70A98406A002800F07181FFE74F
:1039700044F21040C5F60200006800F03800182834
:1039800000F0E080FFE70A98406A022840F0B48027
:10399000FFE744F20041C5F60201086820F080709C
:1039A0000860FDF731FE0990FFE744F20040C5F6DC
:1039B0000200006800F000710020B0EB516F0CD0E5
:1039C000FFE7FDF721FE0999401A032804D3FFE71A
:1039D00003208DF82F003FE1E7E7FFE744F228419D
:1039E000C5F60201086840F2F33290430A9B9A6AD6
:1039F000DB6A42EA0312104308600A99086BD1F8A7
:103A000034C08B6BCA6B01386FF35F204FF60061D7
:103A1000CFF6FF7101EB4C2189B208440021CFF6AB
:103A2000FF7101EB034101F4FE0108444FF07F41B7
:103A300001EB026101F0FE41084444F23041C5F659
:103A400002010860FFE744F22C41C5F60201009133
:103A5000086820F00100086044F23442C5F6020212
:103A600010684FF6F87398430A9B9B6C40EAC300BA
:103A70001060086820F00C000A9A126C104308606D
:103A8000086820F002000A9A526C10430860086827
:103A900040F480300860086840F40030086008682E
:103AA00040F480200860086840F00100086044F29B
:103AB0000041C5F60201086840F080700860FDF71B
:103AC000A3FD0990FFE744F20040C5F6020000683C
:103AD00000F000710020B0EB516F0CD1FFE7FDF753
:103AE00093FD0999401A032804D3FFE703208DF8BA
:103AF0002F00B1E0E7E724E044F20041C5F60201FF
:103B0000086820F080700860FDF77EFD0990FFE7EF
:103B100044F20040C5F60200006800F00071002089
:103B2000B0EB516F0CD0FFE7FDF76EFD0999401A1D
:103B3000032804D3FFE703208DF82F008CE0E7E78C
:103B4000FFE784E044F22840C5F6020000680890D0
:103B500044F23040C5F60200006807900A98406AB7
:103B6000012837D0FFE7089800F003000A99896A16
:103B700088422FD1FFE7089800F47C710A98C06A48
:103B8000B0EB111F26D1FFE707986FF35F200A996A
:103B9000096B013988421DD1FFE7BDF81C100A9856
:103BA000406B0138B0EB512F14D1FFE7079800F4B8
:103BB000FE010A98806B0138B0EB114F0AD1FFE784
:103BC000079800F0FE410A98C06B0138B0EB116F06
:103BD00004D0FFE701208DF82F003DE044F234408F
:103BE000C5F60200006880B2C00808900A98806C90
:103BF0000899884229D0FFE744F22C41C5F602011A
:103C0000086820F001000860FDF7FEFC0990FFE75E
:103C1000FDF7FAFC0999401A08B9FFE7F8E744F202
:103C20003441C5F6020108684FF6F87290430A9ACB
:103C3000926C40EAC200086044F22C41C5F60201D1
:103C4000086840F001000860FFE7FFE7FFE7FFE7D3
:103C500000208DF82F00FFE79DF82F000CB080BDED
:103C600081B0009001B0704780B588B00790079888
:103C700000680069069007980068406905900698FA
:103C80000599084004900798006880680390002018
:103C90000290079890F881008DF807000798006857
:103CA000303000909DF815000007002810D5FFE780
:103CB0009DF81800000700280AD5FFE7079801685B
:103CC000886940F400608861079800F081FB91E109
:103CD0009DF810004006002815D4FFE79DF810005D
:103CE000800600280FD4FFE79DF810004007002849
:103CF00009D5FFE70798416F88470798016F884704
:103D000001200290FFE79DF810004006002811D422
:103D1000FFE79DF81000C00760B1FFE79DF81000B5
:103D20004007002806D4FFE70798016F8847012065
:103D30000290FFE79DF810008006002812D4FFE7EC
:103D40009DF81000800700280CD5FFE79DF81000B3
:103D50004007002806D4FFE70798416F88470120F5
:103D60000290FFE7029808B1FFE743E19DF81000D9
:103D70000007002840F18980FFE7079801688869FB
:103D800040F00800886107980168886940F01000D9
:103D9000886107980168886940F400608861079825
:103DA0000168086920F008000861079800688068C9
:103DB00010F4404F3AD1FFE7FFE70798B0F86A00E8
:103DC00098B3FFE70798C06810280BD3FFE7079860
:103DD0000068006B0799496E08600799486E0430C7
:103DE00048661BE00798C06808280AD3FFE70098D8
:103DF00000880799496E08800799486E0230486626
:103E00000BE00798006890F830000799496E087039
:103E10000799486E01304866FFE7FFE70799B1F858
:103E20006A000138A1F86A00C7E7FFE7079804F0C5
:103E3000EFF80799012081F881000798D0F88400F5
:103E400020B1FFE70798FFF70BFFD3E09DF80700CD
:103E5000052804D1FFE7079800F046FE14E09DF81E
:103E60000700042804D1FFE7079800F0ADFA0AE044
:103E70009DF80700032804D1FFE7079800F030FE03
:103E800000E0FFE7FFE7FFE7B4E0BDF8100010F443
:103E9000587F00F0AF80FFE79DF810004006002833
:103EA0000ED5FFE70799D1F8840040F00400C1F86F
:103EB000840007980168886940F040008861FFE746
:103EC0009DF81100800700280ED5FFE70799D1F86B
:103ED000840040F00100C1F88400079801688869F7
:103EE00040F400708861FFE79DF81100C00770B1D1
:103EF000FFE70799D1F8840040F00800C1F884007A
:103F000007980168886940F480708861FFE79DF830
:103F10001000800600280ED5FFE70799D1F884002D
:103F200040F08000C1F8840007980168886940F07B
:103F300020008861FFE70798D0F88400002858D057
:103F4000FFE707980168086820F0010008600798FB
:103F50000168086940F26B3290430861039800F4ED
:103F60004040B0F5404F3BD1FFE7079801688868B3
:103F700020F4404088600798C06FB0B1FFE7079811
:103F8000C16F48F22910C0F6000008650798C06F9D
:103F9000FCF7F6FD40B1FFE70799D1F8840040F047
:103FA0004000C1F88400FFE7FFE70798806FB0B1D9
:103FB000FFE70798816F48F22910C0F600000865F6
:103FC0000798806FFCF7DCFD40B1FFE70799D1F857
:103FD000840040F04000C1F88400FFE7FFE707E0FD
:103FE0000799012081F881000798FFF739FEFFE764
:103FF000FFE7FFE708B080BD80B586B00490049865
:1040000020B9FFE701208DF817003AE10498406AD3
:1040100008B9FFE7FFE70499002088620498006868
:1040200043F20001C4F2010188421BD0FFE704986B
:10403000006843F60001C4F20001884212D0FFE795
:104040000498006843F60041C4F20001884209D098
:10405000FFE70498C068102804D3FFE701208DF81B
:1040600017000EE1049804F077F8029004980068B5
:1040700043F20001C4F20101884216D0FFE7049820
:10408000006843F60001C4F2000188420DD0FFE74A
:104090000498006843F60041C4F20001884204D04D
:1040A000FFE7029808281FD8FFE70498006843F24A
:1040B0000001C4F20101884212D0FFE704980068B1
:1040C00043F60001C4F20001884209D0FFE70498DA
:1040D000006843F60041C4F20001884208D1FFE7BE
:1040E0000298112804D3FFE701208DF81700C8E0DB
:1040F000049890F8810040B9FFE70499002081F806
:104100008000049800F0C4F8FFE70499022081F8C9
:10411000810004980168086820F001000860049894
:104120000068806800F4F810039004988069B0F18A
:10413000806F1BD1FFE704984068B0F5800F04D171
:10414000FFE70498806B50B1FFE70498406868B9B6
:10415000FFE70498806BB0F1805F07D1FFE7049818
:104160000168086840F480500860FFE7049880798F
:104170004006002810D5FFE70498C06807280BD335
:10418000FFE704980068006820F48070049A1168C2
:10419000126D1043086006E004980168086820F476
:1041A00080700860FFE7049B1968DA68D869D3F863
:1041B00028C040EA0C00DDF80CC040EA0C00DB6BC4
:1041C000184310438860049A0192506B516A084367
:1041D000916B0843916908431168D2F804C0936851
:1041E000D2F810E040EA0E00D2F814E040EA0E00E7
:1041F000D2F820E040EA0E0040EA0C00D2F84CC0B1
:1042000040EA0C001843936C1843926D1043C86049
:104210000498406898B9FFE7049800688068012115
:1042200061F3CC200499096888600498006880686C
:10423000022161F34A20049909688860FFE7049825
:104240000168086D20F00100086504988079400637
:1042500000280BD5FFE704980068C06820F00040F4
:10426000049A1168526D1043C860FFE7049900205A
:10427000C1F88400049A012182F881108DF817009A
:10428000FFE79DF8170006B080BD000000000000A9
:1042900080B5BEB03D9000203C903B903A90399064
:1042A00038900AA8B821FCF720F93D98006843F639
:1042B0000001C4F20001884240F08180FFE7002045
:1042C0000B904FF480510A9118211491F02115910F
:1042D0000321169102211791189119904FF4007142
:1042E0001A911B904FF4005021900AA8FDF758FB3B
:1042F00018B1FFE7FCF7FCFBFFE7FFE744F2E840FB
:10430000C5F60200016841F480410160006800F4D4
:10431000804009900998FFE7FFE744F2E040C5F6C6
:104320000200016841F004010160006800F004002F
:1043300008900898FFE7FFE744F2E040C5F6020066
:10434000016841F002010160006800F0020007907E
:104350000798FFE70620389002200190399000204E
:1043600005903A90032002903B90052004903C90E9
:1043700040F60000C5F6020038A90391FCF758FF8B
:10438000DDF804C0029A03990498059B4FF4005E7F
:10439000CDF8E0E0CDF8E4C03A933B923C9040F297
:1043A0000040C5F60200FCF743FF0499059A24205B
:1043B0000690FDF781FA0698FDF772FAFFE73EB026
:1043C00080BD00000000000081B0009001B0704787
:1043D00081B0009001B0704780B590B0DDF848C062
:1043E0000E900D910C92ADF82E300E980068203092
:1043F0000A900E980068303009900E98C16B012029
:1044000000EB5110ADF81200FDF7FEF80890BDF872
:104410002E00ADF81600BDF82E00ADF814000E9871
:1044200090F88100012804D0FFE702208DF83F00BA
:1044300050E30D9838B1FFE70C9820B1FFE7BDF8C5
:104440002E0020B9FFE701208DF83F0042E3FFE78F
:104450000E9890F88000012804D1FFE702208DF823
:104460003F0037E30E99012081F88000FFE7FFE766
:104470000E99052081F881000E990020C1F8840072
:104480000C990E9A5166BDF82E100E9AA2F86A1079
:10449000BDF82E100E9AA2F868100D990E9AD165EB
:1044A000BDF82E100E9AA2F86210BDF82E100E9ACA
:1044B000A2F860100E9908670E9948670E98006878
:1044C000C06820F4C0200E990968C8600E98006882
:1044D00043F20001C4F20101884212D0FFE70E98B6
:1044E000006843F60001C4F20001884209D0FFE7EA
:1044F0000E98006843F60041C4F20001884203D1DF
:10450000FFE71020079002E008200790FFE70E98D1
:10451000006840684FF6FF718843BDF82E100844CC
:104520000E99096848600E980168086840F001001B
:1045300008600E984068B0F5800F07D1FFE70E982D
:104540000168086840F400700860FFE70E98C068D2
:104550001028C0F0B580FFE7079880080790FFE7B4
:10456000BDF816100120039039B9FFE7BDF814001B
:10457000002818BF01200390FFE70398C007002818
:1045800000F09D80FFE70E980068406980070028D2
:1045900022D5FFE7BDF81600F0B1FFE7BDF8140023
:1045A000BDF81610079A1144884215D2FFE70E98FD
:1045B0000168C06D006808620E99C86D0430C86556
:1045C0000E99B1F862000138A1F862000E98B0F8B7
:1045D0006200ADF81600FFE70E980068406906908B
:1045E000BDF81400002869D0FFE70E980068406904
:1045F000C007B0B1FFE70E980068006B0E99496ED6
:1046000008600E99486E043048660E99B1F86A0049
:104610000138A1F86A000E98B0F86A00ADF81400ED
:104620004BE0BDF81400BDF8121088421CDAFFE719
:104630009DF819000006002816D5FFE70E980068BF
:10464000006B0E99496E08600E99486E04304866FA
:104650000E99B1F86A000138A1F86A000E98B0F816
:104660006A00ADF8140027E0FCF7CEFF0899401A65
:104670001299884204D3FFE71298013018B9FFE776
:104680001298C0B9FFE70E9803F0C2FC0E99D1F85A
:10469000840040F48070C1F884000E99012081F8F4
:1046A0008100FFE70E99002081F88000FFE70320DA
:1046B0008DF83F000EE2FFE7FFE7FFE750E7DCE1A0
:1046C0000E98C0680828C0F0DE80FFE70798400811
:1046D0000790FFE7BDF816100120029039B9FFE7F7
:1046E000BDF81400002818BF01200290FFE70298CF
:1046F000C007002800F0C680FFE70E9800684069F8
:104700008007002822D5FFE7BDF81600F0B1FFE7CB
:10471000BDF81400BDF81610079A1144884215D24E
:10472000FFE70E98C06D00880A9908800E99C86D41
:104730000230C8650E99B1F862000138A1F8620034
:104740000E98B0F86200ADF81600FFE70E9800680A
:1047500040690690BDF81400002800F09280FFE741
:104760000E9800684069C007A8B1FFE70998008863
:104770000E99496E08800E99486E023048660E996F
:10478000B1F86A000138A1F86A000E98B0F86A0022
:10479000ADF8140074E0BDF81400BDF812108842A2
:1047A00024DAFFE79DF81900000600281ED5FFE770
:1047B000099800880E99496E08800E99486E02305B
:1047C0004866099800880E99496E08800E99486ECF
:1047D000023048660E99B1F86A000238A1F86A0002
:1047E0000E98B0F86A00ADF8140048E0BDF8140067
:1047F00001281BD1FFE79DF819008006002815D578
:10480000FFE7099800880E99496E08800E99486E56
:10481000023048660E99B1F86A000138A1F86A00C2
:104820000E98B0F86A00ADF8140027E0FCF7ECFE33
:104830000899401A1299884204D3FFE71298013070
:1048400018B9FFE71298C0B9FFE70E9803F0E0FB34
:104850000E99D1F8840040F48070C1F884000E995C
:10486000012081F88100FFE70E99002081F8800087
:10487000FFE703208DF83F002CE1FFE7FFE7FFE7AC
:10488000FFE727E7F8E0FFE7BDF8161001200190E9
:1048900039B9FFE7BDF81400002818BF01200190C6
:1048A000FFE70198C007002800F0E580FFE70E98B9
:1048B000006840698007002823D5FFE7BDF816008F
:1048C000F8B1FFE7BDF81400BDF81610079A1144BF
:1048D000884216D2FFE70E980168C06D007881F813
:1048E00020000E99C86D0130C8650E99B1F86200BC
:1048F0000138A1F862000E98B0F86200ADF8160019
:10490000FFE70E98006840690690BDF81400002883
:1049100000F0B080FFE70E9800684069C007B8B1AA
:10492000FFE70E98006890F830000E99496E087005
:104930000E99486E013048660E99B1F86A00013848
:10494000A1F86A000E98B0F86A00ADF8140090E083
:10495000BDF81400BDF8121088423EDAFFE79DF85A
:1049600019000006002838D5FFE70E98006890F877
:1049700030000E99496E08700E99486E01304866F5
:104980000E98006890F830000E99496E08700E99E4
:10499000486E013048660E98006890F830000E9915
:1049A000496E08700E99486E013048660E9800688E
:1049B00090F830000E99496E08700E99486E0130DB
:1049C00048660E99B1F86A000438A1F86A000E989A
:1049D000B0F86A00ADF814004AE0BDF814000328EE
:1049E0001DD8FFE79DF8190010F0600F17D0FFE702
:1049F0000E98006890F830000E99496E08700E9974
:104A0000486E013048660E99B1F86A000138A1F885
:104A10006A000E98B0F86A00ADF8140027E0FCF7C1
:104A2000F3FD0899401A1299884204D3FFE71298BF
:104A3000013018B9FFE71298C0B9FFE70E9803F0EC
:104A4000E7FA0E99D1F8840040F48070C1F8840030
:104A50000E99012081F88100FFE70E99002081F86E
:104A60008000FFE703208DF83F0033E0FFE7FFE71A
:104A7000FFE7FFE708E7FFE7FFE70E98129B0899BB
:104A80006A4611600821002203F07EFB40B1FFE777
:104A90000E99D1F8840040F02000C1F88400FFE7AF
:104AA0000E9803F0B5FA0E99012081F88100FFE716
:104AB0000E99002081F88000FFE70E98D0F884005E
:104AC00020B1FFE701208DF83F0003E000208DF8C2
:104AD0003F00FFE79DF83F0010B080BD00000000E0
:104AE00081B0009001B0704781B0009001B0704774
:104AF00081B0009001B0704781B0009001B0704764
:104B000081B0009001B0704785B003900291FFE73B
:104B1000039890F83C00012804D1FFE702208DF8AB
:104B20001300ABE00399012081F83C00FFE7FFE7A9
:104B30000399022081F83D000398006840680190C5
:104B40000398006880680090039800680021C4F210
:104B50000101884209D0FFE70398006840F2004154
:104B6000C4F2010188420AD1FFE7019820F47000E5
:104B7000019002984168019808430190FFE701986D
:104B800020F070000190029801680198084301909C
:104B90000198039909684860039800680021C4F2ED
:104BA000010188424ED0FFE703980068B0F1804FC2
:104BB00048D0FFE70398006840F20041C4F20001CA
:104BC00088423FD0FFE70398006840F60001C4F236
:104BD0000001884236D0FFE70398006840F60041A4
:104BE000C4F2000188422DD0FFE70398006840F22C
:104BF0000041C4F20101884224D0FFE70398006815
:104C000041F60001C4F2000188421BD0FFE703987F
:104C1000006844F20001C4F20101884212D0FFE7AB
:104C2000039800684EF20001C4F20001884209D0E6
:104C3000FFE7039800684EF20041C4F20001884289
:104C40000ED1FFE7009820F0800000900298816864
:104C50000098084300900098039909688860FFE76E
:104C60000399012081F83D00FFE70399002081F8B6
:104C70003C00FFE700208DF81300FFE79DF81300CC
:104C800005B070470000000080B582B00090009829
:104C900020B9FFE701208DF8070045E0009890F863
:104CA0003D0040B9FFE70099002081F83C000098E2
:104CB00000F03EF8FFE70099022081F83D000099DE
:104CC00051F8040B03F0ECFB0099012081F8480037
:104CD000FFE70099012081F83E00009981F83F002C
:104CE000009981F84000009981F84100009981F80D
:104CF0004200009981F84300FFE7FFE70099012097
:104D000081F84400009981F84500009981F8460037
:104D1000009981F84700FFE70099012081F83D00E4
:104D200000208DF80700FFE79DF8070002B080BD66
:104D300081B0009001B0704783B00190019890F865
:104D40003D00012804D0FFE701208DF80B0083E02F
:104D50000199022081F83D0001980168C86840F07F
:104D60000100C860019800680021C4F20101884276
:104D70004ED0FFE701980068B0F1804F48D0FFE7C0
:104D80000198006840F20041C4F2000188423FD01F
:104D9000FFE70198006840F60001C4F20001884274
:104DA00036D0FFE70198006840F60041C4F20001E8
:104DB00088422DD0FFE70198006840F20041C4F21C
:104DC0000101884224D0FFE70198006841F6000104
:104DD000C4F2000188421BD0FFE70198006844F24A
:104DE0000001C4F20101884212D0FFE70198006877
:104DF0004EF20001C4F20001884209D0FFE7019899
:104E000000684EF20041C4F20001884219D1FFE768
:104E10000198006880680721C0F2010108400090F5
:104E2000009806280CD0FFE70098B0F5803F07D027
:104E3000FFE701980168086840F001000860FFE79B
:104E400006E001980168086840F001000860FFE78B
:104E500000208DF80B00FFE79DF80B0003B07047B2
:104E600081B0009001B0704780B584B00390039882
:104E70000068C068029003980068006901909DF87E
:104E800004008007002824D5FFE79DF8080080076C
:104E900000281DD5FFE7039801686FF00200086144
:104EA000039901200877039800688069800720B182
:104EB000FFE70398FFF7D4FF06E0039800F030F90E
:104EC000039800F07DFAFFE7039900200877FFE7D9
:104ED000FFE79DF804004007002825D5FFE79DF86F
:104EE0000800400700281ED5FFE7039801686FF00F
:104EF000040008610399022008770398006880691C
:104F000010F4407F04D0FFE70398FFF7A9FF06E005
:104F1000039800F005F9039800F052FAFFE70399AF
:104F200000200877FFE7FFE79DF80400000700284E
:104F300024D5FFE79DF80800000700281DD5FFE7EE
:104F4000039801686FF0080008610399042008774E
:104F500003980068C069800720B1FFE70398FFF756
:104F60007FFF06E0039800F0DBF8039800F028FAD2
:104F7000FFE7039900200877FFE7FFE79DF80400AB
:104F8000C006002825D5FFE79DF80800C0060028C8
:104F90001ED5FFE7039801686FF0100008610399C0
:104FA0000820087703980068C06910F4407F04D097
:104FB000FFE70398FFF754FF06E0039800F0B0F80E
:104FC000039800F0FDF9FFE7039900200877FFE759
:104FD000FFE79DF80400C00778B1FFE79DF80800DF
:104FE000C00748B1FFE7039801686FF0010008614E
:104FF000039800F0E9F9FFE7FFE7019800F080006F
:10500000802806D0FFE79DF805008006002810D50F
:10501000FFE79DF808000006002809D5FFE7039880
:1050200001686FF4025008610398FFF765FDFFE720
:10503000FFE79DF80500C00780B1FFE79DF8080075
:105040000006002809D5FFE7039801686FF4807017
:1050500008610398FFF74CFDFFE7FFE79DF80400A8
:105060004006002810D5FFE79DF8080040060028FC
:1050700009D5FFE7039801686FF0400008610398C5
:1050800000F0B2F9FFE7FFE79DF804008006002872
:1050900010D5FFE79DF808008006002809D5FFE736
:1050A000039801686FF0200008610398FFF728FD5E
:1050B000FFE7FFE704B080BD80B588B0079000200F
:1050C000069005900490039002900798006840F2C3
:1050D0000041C4F2000188421ED1FFE7FFE744F21D
:1050E000E040C5F60200016841F00201016000687D
:1050F00000F0020001900198FFE702200290039067
:10510000002104910591069040F20040C5F602008E
:1051100002A9FCF78DF8FFE708B080BD0000000091
:1051200081B0009001B0704780B586B004900391C3
:10513000029200208DF80700FFE7049890F83C00E9
:10514000012804D1FFE702208DF81700C0E0049980
:10515000012081F83C00FFE7FFE702980090142847
:1051600000F2A7800099DFE801F00BA4A4A424A416
:10517000A4A43EA4A4A457A4A4A471A4A4A48A0093
:1051800004980068039903F06FFA0498016888692D
:1051900040F00800886104980168886920F00400E4
:1051A00088610398026904980168886910438861DE
:1051B00083E004980068039903F0FEFA04980168FC
:1051C000886940F40060886104980168886920F467
:1051D000806088610398026904980168886940EAE0
:1051E0000220886169E004980068039903F09CFB41
:1051F00004980168C86940F00800C8610498016813
:10520000C86920F00400C861039802690498016825
:10521000C8691043C86150E004980068039903F01E
:105220003BFC04980168C86940F40060C8610498B8
:105230000168C86920F48060C86103980269049815
:105240000168C86940EA0220C86136E00498006835
:10525000039903F091FC04980168486D40F0080040
:10526000486504980168486D20F00400486503987B
:10527000026904980168486D104348651DE0049870
:105280000068039903F0E0FC04980168486D40F45D
:105290000060486504980168486D20F480604865A6
:1052A0000398026904980168486D40EA0220486545
:1052B00003E001208DF80700FFE7FFE704990020D5
:1052C00081F83C00FFE79DF807008DF81700FFE725
:1052D0009DF8170006B080BD80B582B000900098A0
:1052E00020B9FFE701208DF8070045E0009890F80D
:1052F0003D0040B9FFE70099002081F83C0000988C
:1053000000F03EF8FFE70099022081F83D00009987
:1053100051F8040B03F0C4F80099012081F848000B
:10532000FFE70099012081F83E00009981F83F00D5
:10533000009981F84000009981F84100009981F8B6
:105340004200009981F84300FFE7FFE70099012040
:1053500081F84400009981F84500009981F84600E1
:10536000009981F84700FFE70099012081F83D008E
:1053700000208DF80700FFE79DF8070002B080BD10
:1053800082B001900198006840F20041C4F200012F
:10539000884210D1FFE7FFE744F2E840C5F602007B
:1053A000016841F002010160006800F00200009015
:1053B0000098FFE7FFE702B0704700000000000020
:1053C00081B0009001B0704780B582B00190019823
:1053D0000068B0F1804F03D1FFE7FCF71DF9FFE74C
:1053E00002B080BD0000000081B0009001B07047A5
:1053F000FFE7FEE70000000080B582B0ADF80600D0
:10540000BDF8062042F20460C2F200400C2103F015
:1054100087FC02B080BD000096B003A9009140F265
:10542000D020C2F200404268159282681492C2688D
:1054300013920269129291ED100A91ED0F1A21EE6A
:10544000013AA0EE003AB8EE002AB7EE000AB0EE3C
:10545000401AA3EE021A81ED0E1A91ED113A91ED68
:10546000104A91ED121A91ED0F5A21EE051A93EEA2
:10547000041A31EE011A81ED0D1A91ED113A91EDF8
:105480000F4A91ED121A91ED105A21EE051AA3EE72
:10549000041A31EE011A81ED0C1A91ED113A91EDD9
:1054A000104A91ED121A91ED0F5A21EE051AA3EE52
:1054B000041A31EE011A81ED0B1A91ED111A91EDDA
:1054C0000F3A23EE033AA1EE013AB0EE401AA3EEF2
:1054D000021A81ED0A1A91ED103A91ED0F4A91ED01
:1054E000121A91ED115A21EE051A93EE041A31EEBB
:1054F000011A81ED091A91ED113A91ED0F4A91EDE2
:10550000121A91ED105A21EE051A93EE041A31EE9B
:10551000011A81ED081A91ED103A91ED0F4A91EDC3
:10552000121A91ED115A21EE051AA3EE041A31EE6A
:10553000011A81ED071A91ED113A91ED101A21EE41
:10554000011AA3EE031AA1EE020A81ED060A40F247
:105550006422C2F20042536B0893936B0793D36BA0
:10556000069391ED0E1A91ED052A91ED0D0A91ED3C
:10557000043A20EE030AA1EE020A91ED0C1A91ED15
:10558000032AA1EE020A81ED020A91ED0B1A91EDB8
:10559000052A91ED0A0A91ED043A20EE030AA1EEE4
:1055A000020A91ED091A91ED032AA1EE020A81ED9A
:1055B000010A91ED081A91ED052A91ED070A91ED86
:1055C000043A20EE030AA1EE020A91ED061A91EDCB
:1055D000032AA1EE020A81ED000A91ED000A9FED77
:1055E000681A30EE010A81ED000A059911640499E8
:1055F00051640399916490ED620A0020B5EE400A6F
:10560000F1EE10FA019015DDFFE740F2D020C2F272
:10561000004090ED621AB7EE000A80EE010A9FED9D
:10562000591A0020B4EE410AF1EE10FAB8BF012079
:105630000190FFE7019800F001008DF80B009DF844
:105640000B00C00700285AD0FFE740F26420C2F2E6
:10565000004090ED130A9FED4D1A20EE010A80EDF7
:10566000130A90ED140A20EE010A80ED140A90ED61
:10567000150A20EE010A80ED150A90ED130AB0EE2E
:10568000C00A9FED411AB4EE410AF1EE10FA07DAB2
:10569000FFE740F26421C2F200410020C864FFE746
:1056A00040F26420C2F2004090ED140AB0EEC00A4D
:1056B0009FED351AB4EE410AF1EE10FA07DAFFE772
:1056C00040F26421C2F2004100200865FFE740F289
:1056D0006420C2F2004090ED150AB0EEC00A9FEDC2
:1056E0002A1AB4EE410AF1EE10FA07DAFFE740F2A7
:1056F0006421C2F2004100204865FFE71FE00099E5
:1057000091ED021A40F26420C2F2004090ED130ABB
:105710009FED1D2AA1EE020A80ED130A91ED011AF8
:1057200090ED140AA1EE020A80ED140A91ED001A20
:1057300090ED150AA1EE020A80ED150AFFE740F28E
:105740006420C2F2004090ED131A90ED160A9FED0E
:105750000E2AA1EE020A80ED160A90ED141A90EDC1
:10576000170AA1EE020A80ED170A90ED151A90EDC6
:10577000180AA1EE020A80ED180A16B0704700BFA1
:10578000EE7C1BC19A99993E6F12833A3333733F73
:1057900080B588B007900020069000F0EDF8FFE794
:1057A00003F042FF069040F2C810C2F2004002909F
:1057B000FBF726F8029890ED010A40F20420C2F2AD
:1057C0000040019000F060FE0198029940F26422CE
:1057D000C2F20042059282ED0D0A3432039291ED3D
:1057E000020A203000F050FE01980299059A82EDDD
:1057F0000E0A91ED030A403000F046FE0298039A2B
:10580000059B83ED0F0AD0F810C0194641F828CF48
:10581000D0F814C0C3F82CC08069186340F2D020BF
:10582000C2F2004004909FED4E0A01F0B9FD0499C8
:105830000598D1F89821D1F89C31D1F8A0C1C0F8D1
:1058400024C00362C26191ED680A9FED461A20EE02
:10585000010A80ED000A91ED660A20EE010A80ED52
:10586000010A91ED670A20EE010A80ED030A90ED2E
:10587000010A90ED191A30EE410A9FED3B1AB4EE81
:10588000410AF1EE10FA0ADAFFE740F26421C2F2AF
:105890000041B1F868000130A1F868001CE040F256
:1058A0006420C2F2004090ED010A90ED191A30EE2A
:1058B000410A9FED2E1AB4EE410AF1EE10FA0ADD0C
:1058C000FFE740F26421C2F20041B1F868000138FC
:1058D000A1F86800FFE7FFE740F26420C2F2004051
:1058E00000904168416690ED010AB0F9681001EE40
:1058F000101AB8EEC11A9FED1E2AA1EE020A80ED21
:10590000020A90ED0A0A9FED171A20EE010A80EDB7
:10591000040A90ED0C0A20EE010A80ED050A90EDD4
:105920000B0A20EE010A80ED060AFFF775FD0698C6
:105930004CF6CD41CCF6CC414843B0F1333F09D8C9
:10594000FFE740F2C810C2F2004090ED070AFBF7F3
:1059500073F8FFE706A8012103F056FE20E700BF19
:105960006F12833AE12E6542000034C300003443D5
:105970000000B4430000000080B582B040F2042073
:10598000C2F20040009040F20801C2F200410191D1
:1059900000F066FD00980199203000F061FD00984C
:1059A0000199403000F05CFD42F2CC40C2F2004070
:1059B00040F23C12C2F20042012101F005F940F22E
:1059C000D020C2F2004040F21401C2F2004140F285
:1059D000A402C2F20042B2EE040ADFED0B0A9FED10
:1059E0000B1A01F05DFC40F26421C2F2004100207C
:1059F00088644864086448650865C8640866C865C2
:105A0000886502B080BD00BF6F12833A00247449DC
:105A100080B584B003908DF80B108DF80A208DF8B6
:105A200009300399042008800399082048809DF8D4
:105A30000B0020B1FFE79DF8090028B9FFE70399A3
:105A4000FE2081F8C400FFE79DF80B000399087160
:105A50009DF80A00039948719DF80900039988711F
:105A6000039900200862039901F1180001F1200355
:105A700001220192114603F064FA039800889DF810
:105A800009104843FAF7D0FC0399C8600399C86825
:105A900009889DF809205143FAF727FD03980088EB
:105AA0009DF80B104843FAF7BFFC0399C1F8C800F2
:105AB0000399D1F8C80009889DF80B205143FAF7E3
:105AC00014FD019A039B03F12C001979D3F8C83017
:105AD00003F037FA039800889DF80B104843FAF753
:105AE000A3FC0399C1F8CC000399D1F8CC00098834
:105AF0009DF80B205143FAF7F8FC019A039B03F140
:105B000034001979D3F8CC3003F01BFA03980088DD
:105B10009DF809104843FAF787FC0399C1F8D400AF
:105B20000399D1F8D40009889DF809205143FAF768
:105B3000DCFC019A039B03F144009979D3F8D4303B
:105B400003F0FFF903984079002850D0FFE703984D
:105B500000889DF80A104843FAF766FC039908612B
:105B60000399086909889DF80A205143FAF7BDFC9A
:105B7000039800889DF80A104843FAF755FC0399EA
:105B8000C1F8D0000399D1F8D00009889DF80A2007
:105B90005143FAF7AAFC039A02F13C005179D2F87A
:105BA000D030012203F0CDF9039800889DF80B1046
:105BB00048439DF80A104843FAF736FC0399C1F8A8
:105BC000D8000399D1F8D80009889DF80B205143DB
:105BD0009DF80A205143FAF788FC039B03F14C001F
:105BE00019795A79D3F8D83003F0ABF9FFE7039865
:105BF00000889DF80B1048434843FAF715FC0399B9
:105C0000C1F8DC000399D1F8DC0009889DF80B206D
:105C100051435143FAF769FC039901F154000A79A1
:105C2000D1F8DC30114603F08CF9039800889DF818
:105C30000B1048434843FAF7F7FB0399C1F8E0001B
:105C40000399D1F8E00009889DF80B205143514396
:105C5000FAF74BFC039901F15C000A79D1F8E030C6
:105C6000114603F06EF9039800889DF80910484327
:105C70009DF80B104843FAF7D7FB0399C1F8E400ED
:105C80000399D1F8E40009889DF8092051439DF853
:105C90000B205143FAF729FC039B03F164001A79A6
:105CA0009979D3F8E43003F04CF9039800889DF813
:105CB0000B1048439DF809104843FAF7B5FB0399C8
:105CC000C1F8E8000399D1F8E80009889DF80B2095
:105CD00051439DF809205143FAF707FC039B03F158
:105CE0006C0019799A79D3F8E83003F02AF903980F
:105CF00000889DF80B1048434843FAF795FB039939
:105D0000C1F8EC000399D1F8EC0009889DF80B204C
:105D100051435143FAF7E9FB039901F174000A7901
:105D2000D1F8EC30114603F00CF9039800889DF887
:105D30000B1048434843FAF777FB0399C1F8F0008A
:105D40000399D1F8F00009889DF80B205143514385
:105D5000FAF7CBFB039901F17C000A79D1F8F03016
:105D6000114603F0EEF8039800889DF80B104843A5
:105D70004843FAF759FB0399C1F8F4000399D1F8A5
:105D8000F40009889DF80B2051435143FAF7ADFB0D
:105D9000039901F184000A79D1F8F430114603F037
:105DA000D0F8039800889DF8091048434843FAF753
:105DB0003BFB0399C1F8F8000399D1F8F800098872
:105DC0009DF8092051435143FAF78FFB039901F1E4
:105DD0008C008A79D1F8F830114603F0B2F80398B4
:105DE00000889DF80B1048439DF809104843FAF7C6
:105DF0001BFB0399C1F8FC000399D1F8FC0009884A
:105E00009DF80B2051439DF809205143FAF76DFB93
:105E1000039B03F1940019799A79D3F8FC3003F0CD
:105E200090F803990888097948434843FAF7FCFA3F
:105E30000399C1F80001039AD2F800011188127980
:105E400051435143FAF751FB039901F19C000A7940
:105E5000D1F80031114603F074F8039908880979E4
:105E600048434843FAF7E0FA0399C1F80401039A5A
:105E7000D2F804011188127951435143FAF735FBE6
:105E8000039901F1A4000A79D1F80431114603F015
:105E900058F803990888097948434843FAF7C4FA3F
:105EA0000399C1F80801039AD2F808011188127900
:105EB00051435143FAF719FB039901F1AC000A79F8
:105EC000D1F80831114603F03CF8039908880979A4
:105ED0004843FAF7A9FA0399C1F80C01039AD2F8DA
:105EE0000C01118812795143FAF7FFFA039A02F173
:105EF000B4001179D2F80C310122009203F021F89C
:105F00000399088809794843FAF78EFA0399C1F88A
:105F10001001039AD2F81001118812795143FAF74F
:105F2000E4FA009A039B03F1BC001979D3F810310D
:105F300003F007F8039800889DF80B104843FAF720
:105F400073FA0399C1F834010399D1F8340109882F
:105F50009DF80B205143FAF7C8FA04B080BD000049
:105F600080B582B00190019890F814018008C007B4
:105F700008B1FFE771E0019901F164006C3103F0B1
:105F800043FA019981F8C4000199B1F86400A1F8BD
:105F9000A4000199B1F87E00A1F8A600019A02F1CF
:105FA000640002F17C01A43203F036F9019981F812
:105FB000C4000199B1F8A400A1F8AC000199B1F8AE
:105FC0006E00A1F8AE00019A02F1A40002F16C018A
:105FD000AC3203F021F9019981F8C4000199B1F8BC
:105FE0008C00A1F89C000199B1F88E00A1F89E00E8
:105FF000019A02F1AC0002F18C019C3202F042FFE6
:10600000019981F8C400019901F19C00AC3102F0C2
:106010009DFF019981F8C4000199B1F87C00A1F8B5
:10602000A4000199B1F86E00A1F8A600019A02F14E
:106030007C0002F16C01A43203F0EEF8019981F8C2
:10604000C400019A02F1A40002F1AC01943203F001
:10605000E3F8019981F8C400FFE702B080BD0000B9
:1060600080B582B00190019BD3F8D400D9681A881A
:106070009B795A43FAF707FA019AD0681188927906
:106080005143FAF732FA0198407901280ADBFFE719
:10609000019BD3F8D00019691A885B795A43FAF743
:1060A000F2F9FFE702B080BD80B582B0019001989F
:1060B00090F814010009C00708B1FFE735E0019925
:1060C000B1F89400A1F8A4000199B1F86600A1F814
:1060D000A600019A02F1940002F16401A43203F0D7
:1060E0009BF8019981F8C4000199B1F8A400A1F8C6
:1060F000AC000199B1F87E00A1F8AE00019A02F15E
:10610000A40002F17C01AC3203F086F8019981F819
:10611000C400019A02F17C0002F1AC01743203F078
:1061200013F9019981F8C400FFE702B080BD0000B7
:1061300080B582B00190019890F814014008C00722
:1061400008B1FFE734E0019901F154005C3103F03C
:106150005BF9019981F8C400019A02F1540002F13F
:1061600074017C3203F058F8019981F8C400019958
:10617000B1F87C00A1F8A4000199B1F85E00A1F883
:10618000A600019A02F17C0002F15C01A43203F046
:1061900043F8019981F8C400019A02F1A40002F1C8
:1061A00084017C3202F06EFE019981F8C400FFE7A1
:1061B00002B080BD0000000080B582B0019001985F
:1061C000FFF74EFF0198D0F8180128B1FFE70198BA
:1061D000D0F818118847FFE7019800F0B1F801984E
:1061E000D0F81C0128B1FFE70198D0F81C118847AE
:1061F000FFE70198FFF79CFF0198D0F8200128B134
:10620000FFE70198D0F820118847FFE70198FFF7D2
:10621000A7FE0198D0F8240128B1FFE70198D0F833
:1062200024118847FFE7019800F032F80198D0F870
:10623000280128B1FFE70198D0F828118847FFE727
:106240000198FFF731FF0198D0F82C0128B1FFE742
:106250000198D0F82C118847FFE70198D0F8300159
:1062600028B1FFE70198D0F830118847FFE7019B7C
:10627000D3F83401D3F8C8101A881B795A43FAF7B7
:1062800002F90198D0F8340102B080BD000000008E
:1062900080B582B00190019890F81401C008C00741
:1062A00008B1FFE74AE00199B1F86400A1F8B40031
:1062B000019901200090A1F8B600019A02F1640052
:1062C00002F13401B43202F0A7FF01460098019AAE
:1062D00082F8C410019AB2F84410A2F8BC100199D7
:1062E000A1F8BE00019A02F1440002F1B401BC32EF
:1062F00003F02AF801460098019A82F8C410019A26
:10630000B2F89410A2F8B4100199A1F8B60001995E
:1063100001F1940001F1B402BC3102F07DFF01995A
:1063200081F8C400019901F12C0201F13400B4316B
:1063300002F0A8FD019981F8C400FFE702B080BD1A
:1063400080B582B00190019890F81401C00708B19F
:10635000FFE744E001984079012834DBFFE7019929
:106360000879A1F8B400019901200090A1F8B600C5
:10637000019A02F12C0102F15400B43202F04CFFF8
:1063800001460098019A82F8C410019A1179A2F886
:10639000B4100199A1F8B600019A02F14C0002F183
:1063A0003C01BC3202F038FF019981F8C400019A27
:1063B00002F1B40002F1BC01343202F063FD019934
:1063C00081F8C4000BE0019A02F12C0102F15400A3
:1063D000343202F021FF019981F8C400FFE702B0D6
:1063E00080BD00000000000082B001908DED000A29
:1063F00000980199C860019900204860019988605F
:1064000002B070470000000082B001908DED000ADC
:1064100000980199486001980078C00738B9FFE7F3
:10642000019948688860019901200870FFE7019888
:1064300090ED013A90ED022A90ED031AB7EE000AB2
:1064400030EE410A20EE030AA1EE020A80ED020AB4
:10645000019890ED020A02B07047000000000000B1
:1064600082B0019000910199009B18685A689B685E
:10647000CB618A61486101990020486001990861F7
:10648000C860886002B0704782B001908DED000A4C
:1064900000980199486001980078C00768B9FFE743
:1064A00001994868886001994868C86001994868FE
:1064B0000861019901200870FFE70199C8688860A8
:1064C00001990869C860019890ED012A90ED024A8F
:1064D00090ED033A90ED051A90ED060A20EE040ABD
:1064E000A1EE030A90ED071AA1EE020A80ED040A5C
:1064F000019890ED040A02B070470000000000000F
:1065000080B586B000200190059004900390029021
:10651000FBF77EF9019801218DF808108DF809002C
:106520004FF01052039212228DF8102087228DF81E
:1065300011208DF812108DF813008DF814108DF8BD
:1065400015108DF816008DF8170002A8FBF720F93A
:106550000620FBF771F906B080BD000000000000C6
:1065600010B588B04BF20C00C0F60000016842681C
:106570008368D0F80CC0D0F810E044690694CDF8D8
:1065800014E0CDF810C00393029201918069079046
:1065900001A8002103F05CF842F2C841C2F20041B8
:1065A000086008B010BD000080B590B000200F90CA
:1065B0000E900D900C900B90FFE744F2E040C5F672
:1065C0000200016841F004010160006800F004006D
:1065D0000A900A98FFE7FFE744F2E040C5F60200A0
:1065E000016841F080010160006800F080000990BE
:1065F0000998FFE7FFE744F2E040C5F602000168B2
:1066000041F002010160006800F002000890089863
:10661000FFE7FFE744F2E040C5F60200016841F001
:1066200010010160006800F0100007900798FFE774
:10663000FFE744F2E040C5F60200016841F00101C5
:106640000160006800F0010006900698FFE740F640
:106650000000C5F6020003904FF460410091002253
:106660000492FAF7B9FF03980921019101220292DD
:10667000FAF7B2FF009B029A039804990B930C92CD
:106680000D910E910BA90591FAF7D2FDDDF804C02A
:10669000029A0398049B0599CDF82CC00C920D9397
:1066A0000E92FAF7C5FD049805994FF4A0520B928B
:1066B0004FF488120C920D9041F20000C5F60200D2
:1066C000FAF7B6FD10B080BD80B582B042F230500E
:1066D000C2F20040009043F60001C4F200010160E4
:1066E0004FF4800141600021019181600722C26066
:1066F0004FF0007202614FF0807242614FF0806291
:1067000082614FF00052C261016241628162C162E6
:106710004FF0804242638163C163016441648164DC
:10672000C164016541658165FDF766FC18B1FFE74D
:10673000FAF7DEF9FFE702B080BD000000000000BC
:1067400080B58CB0002101910B910A9109910891BB
:1067500007910691059104910391029142F2046020
:10676000C2F2004040F20042C4F200020260416006
:1067700081604FF6FF72C26001618161FEF7ACFD7E
:1067800018B1FFE7FAF7B4F9FFE7002009900B9082
:1067900042F20460C2F2004009A9FEF7B5F918B14F
:1067A000FFE7FAF7A5F9FFE76020029000200390C9
:1067B0000490069042F20460C2F2004002A90C224A
:1067C000FEF7B2FC18B1FFE7FAF792F9FFE742F2E1
:1067D0000460C2F20040FEF76FFC0CB080BD000008
:1067E000FFE7FEE700000000FFE7FEE70000000013
:1067F00088B0079006910592079800F00700049072
:106800000498C0F10700052803D3FFE70420019096
:1068100004E00498C0F107000190FFE7019803909D
:1068200004980430062803D8FFE70020009003E016
:10683000049803380090FFE70098029006980399A7
:10684000012202FA01F101390840029B98400599A2
:106850009A40013A1140084308B070470000000018
:1068600081B000900099002048610861C8600099DB
:1068700088610099C861009908620099486200998E
:10688000886201B07047000080B584B002908DED41
:10689000010ACDED000A029800F07EF9029890F806
:1068A0005A0030B1FFE70298016E8847002003903C
:1068B0006CE10198029948600098029988600299F9
:1068C000086948610299C8680861029890ED010A58
:1068D00090ED021A30EE410A80ED030A029890ED25
:1068E000030A90ED131AB0EEC00AB4EE410AF1EEBD
:1068F00010FAC0F24781FFE702980078012840F0C3
:10690000B580FFE7029890ED100AB5EE400AF1EE6F
:1069100010FA0AD0FFE7029890ED031A90ED060AEC
:1069200030EE010A80ED060A03E00299002088613A
:10693000FFE7FFE7029890ED060A90ED141AB4EE17
:10694000410AF1EE10FA04DDFFE70299086D886153
:1069500015E0029890ED060A90ED141AB1EE411A76
:10696000B4EE410AF1EE10FA08DAFFE7029890ED72
:10697000140AB1EE400A80ED060AFFE7FFE7FFE7E1
:10698000029890ED031A90ED0F0A20EE010A80EDB7
:10699000070A029890ED061A90ED100A20EE010AFF
:1069A00080ED080A029890ED031A90ED042A90ED0C
:1069B000110A31EE421A20EE010A80ED090A02980E
:1069C00090ED120AB5EE400AF1EE10FA19DDFFE77C
:1069D000029890ED120AB7EE001AB4EE410AF1EEF9
:1069E00010FA0EDAFFE70299886C8863029901F1C8
:1069F0002C0091ED090AFFF707FD029880ED090AC6
:106A0000FFE7029890ED070A90ED082A90ED091A29
:106A100030EE020A30EE010A80ED0A0AFFE7029822
:106A200090ED0A0A90ED151AB4EE410AF1EE10FA53
:106A300004DDFFE70299486D886215E0029890ED49
:106A40000A0A90ED151AB1EE411AB4EE410AF1EEC0
:106A500010FA08DAFFE7029890ED150AB1EE400A45
:106A600080ED0A0AFFE7FFE7FFE78AE00298007877
:106A7000022840F08580FFE7029890ED031A90ED20
:106A8000042A90ED0F0A31EE421A20EE010A80ED41
:106A9000070A029890ED031A90ED100A20EE010A01
:106AA00080ED080A029890ED031A90ED043A90EDFB
:106AB000052A90ED110AB8EE004AA3EE041A31EE51
:106AC000021A20EE010A80ED090A029890ED120ADE
:106AD000B5EE400AF1EE10FA19DDFFE7029890EDED
:106AE000120AB7EE001AB4EE410AF1EE10FA0EDA0D
:106AF000FFE70299886C8863029901F12C0091EDFF
:106B0000090AFFF781FC029880ED090AFFE7029865
:106B100090ED071A90ED083A90ED092A90ED0A0AD7
:106B200031EE031A31EE021A30EE010A80ED0A0A44
:106B3000FFE7029890ED0A0A90ED151AB4EE410AAB
:106B4000F1EE10FA04DDFFE70299486D886215E066
:106B5000029890ED0A0A90ED151AB1EE411AB4EEC2
:106B6000410AF1EE10FA08DAFFE7029890ED150AF3
:106B7000B1EE400A80ED0A0AFFE7FFE7FFE7FFE713
:106B8000FFE7FFE70298806A0390FFE79DED030AA5
:106B900004B080BD0000000080B582B00190019873
:106BA000806A02F001F9012807D0FFE70198806AA6
:106BB00002F0EAF8012805D1FFE70199022081F8E7
:106BC0005A00FFE702B080BD80B584B003908DF815
:106BD0000B1001929DF80B0003990870039946F67B
:106BE0006100C0F600000866039946F61140C0F641
:106BF0000000C8650398016E88470398C26D01992B
:106C00009047039981F85A0004B080BD000000004D
:106C100080B584B0029001910298007818B1FFE726
:106C2000019820B9FFE701208DF80F003EE00198A0
:106C300000680299C8630198406802990864019845
:106C40008068029948640198C06802998864029833
:106C500090ED120AB5EE400AF1EE10FA13DDFFE7EF
:106C6000029890ED120AB7EE001AB4EE410AF1EE66
:106C700010FA08DAFFE7029901F12C0091ED120AEF
:106C8000FFF7B2FBFFE7019800690299C864019819
:106C900040690299086501988069029948650299DE
:106CA0000020A1F858008DF80F00FFE79DF80F00B5
:106CB00004B080BD000000000000000000000000E3
:106CC000EFF30980BFF36F8F154B1A681EF0100F9A
:106CD00008BF20ED108A20E9F04F10602DE909006F
:106CE0004FF0500080F31188BFF34F8FBFF36F8FC9
:106CF00003F046FB4FF0000080F31188BDE8090067
:106D000019680868B0E8F04F1EF0100F08BFB0EC2B
:106D1000108A80F30988BFF36F8F704700BF00BFF0
:106D2000502600240000000080B582B00190019A36
:106D3000D2F80C01118812795143F9F7D6FB01986A
:106D4000D0F8CC0090ED003A90ED010A90ED022AC7
:106D500090ED031A20EE000AA3EE030AA2EE020A47
:106D6000A1EE010AF9F7E0FE0198D0F80C0180EDE0
:106D7000000A0199D1F8CC00D1F80C1191ED001A5C
:106D800090ED000A20EE010A80ED000A0199D1F889
:106D9000CC00D1F80C1191ED001A90ED010A20EE13
:106DA000010A80ED010A0199D1F8CC00D1F80C114B
:106DB00091ED001A90ED020A20EE010A80ED020A20
:106DC0000199D1F8CC00D1F80C1191ED001A90ED99
:106DD000030A20EE010A80ED030A0198D0F8CC10D6
:106DE00091ED010AB6EE002A20EE020A90ED021A99
:106DF00020EE010AD0F8DC0080ED040A0198D0F8FA
:106E0000CC1091ED020A20EE020A90ED021A20EE5B
:106E1000010AD0F8DC0080ED050A0198D0F8CC100A
:106E200091ED000ABEEE001A20EE010A90ED023A42
:106E300020EE030AD0F8DC0080ED0A0A0198D0F8B1
:106E4000CC1091ED030A20EE020A90ED023A20EEFA
:106E5000030AD0F8DC0080ED0B0A0198D0F8CC10C2
:106E600091ED030A20EE010A90ED023A20EE030AAA
:106E7000D0F8DC0080ED100A0198D0F8CC1091ED2C
:106E8000000A20EE010A90ED023A20EE030AD0F843
:106E9000DC0080ED110A0198D0F8CC1091ED020AC7
:106EA00020EE020A90ED022A20EE020AD0F8DC0061
:106EB00080ED160A0198D0F8CC1091ED010A20EE71
:106EC000010A90ED021A20EE010AD0F8DC0080EDF4
:106ED000170AFFE70198D0F8EC0090ED1C0A9FED2F
:106EE0002E1AB4EE410AF1EE10FA09DDFFE701981F
:106EF000D0F8EC1044F20000C4F21C60086716E001
:106F00000198D0F8EC0090ED1C0A9FED241AB4EE25
:106F1000410AF1EE10FA09DAFFE70198D0F8EC1017
:106F200044F20000CCF21C600867FFE7FFE7FFE7D0
:106F3000FFE70198D0F8EC0090ED230A9FED161AB8
:106F4000B4EE410AF1EE10FA0ADDFFE70198D0F83D
:106F5000EC1044F20000C4F21C60C1F88C0017E091
:106F60000198D0F8EC0090ED230A9FED0C1AB4EED6
:106F7000410AF1EE10FA0ADAFFE70198D0F8EC10B6
:106F800044F20000CCF21C60C1F88C00FFE7FFE780
:106F9000FFE702B080BD00BF00401C4600401CC699
:106FA00080B584B002900299B1F8AC00A1F8A400B9
:106FB000029901200190A1F8A600029901F1A40212
:106FC00001F1AC00BC3102F027F901460198029AA8
:106FD00082F8C4100299A1F8B4000299B1F8AC008B
:106FE000A1F8B600029901F1AC00B43102F00CFA3C
:106FF000029981F8C400029A02F1B40002F1A401DE
:10700000183202F009F9029981F8C400029890ED53
:10701000080A90ED091AB6EE002A21EE021AB4EE23
:10702000410AF1EE10FA05DAFFE70299012081F832
:107030002900FFE7029890ED080A90ED091AB4EED6
:10704000410AF1EE10FA4BDDFFE7029890F82900B3
:10705000C007002844D0FFE70298007DC00738B180
:10706000FFE7029991F82800013081F8280004E038
:107070000299002081F82800FFE7029890F8280084
:1070800033280CDBFFE70299002081F829000299E0
:1070900091F8140100F0EF0081F814011FE0029B49
:1070A000D3F8C800D3F8CC101A881B795A43F9F7E3
:1070B000EAF9029BD3F8EC00D3F8F0101A881B7998
:1070C0005A435A43F9F7DFF9029991F8140140F055
:1070D000100081F8140101208DF80F003EE039E026
:1070E000029890ED080A90ED091A9FED1E2A21EEF4
:1070F000021AB4EE410AF1EE10FA18DDFFE7029829
:1071000090F82900C00790B1FFE7029890ED080AB7
:1071100090ED091A31EE400A9FED132A21EE021A72
:1071200080EE010AD0F80C0180ED000A06E002981A
:10713000D0F80C114FF07E500860FFE70299002054
:1071400081F82800029991F8140100F0EF0081F80D
:107150001401FFE700208DF80F00FFE79DF80F00F6
:1071600004B080BDCDCCCC3D6666663F000000001B
:1071700080B582B00190019BD3F8E40019881A7998
:107180009B7959435143F9F7B0F90198D0F8CC10E5
:10719000D0F8E40091ED020AB8EE001A20EE010AE0
:1071A00080ED000A0198D0F8CC10D0F8E40091ED01
:1071B000030A30EE000A80ED010A0198D0F8CC10E5
:1071C000D0F8E40091ED000A20EE010A80ED020AF9
:1071D0000198D0F8CC10D0F8E40091ED010A30EE1F
:1071E000000A80ED030A0198D0F8CC10D0F8E40032
:1071F00091ED010A30EE000A80ED060A0198D0F800
:10720000CC10D0F8E40091ED000A30EE000A80EDD9
:10721000070A0198D0F8CC10D0F8E40091ED030AE9
:1072200030EE000A80ED080A0198D0F8CC10D0F8B2
:10723000E40091ED020A30EE000A80ED090A01989F
:10724000D0F8CC10D0F8E40091ED000A30EE000A3E
:1072500080ED0C0A0198D0F8CC10D0F8E40091ED44
:10726000010A20EE010A80ED0D0A0198D0F8CC1039
:10727000D0F8E40091ED020A20EE010A80ED0E0A3A
:107280000198D0F8CC10D0F8E40091ED030A30EE6C
:10729000000A80ED0F0A02B080BD0000000000006F
:1072A00080B588B007908DED060ACDED050A8DED0D
:1072B000041A0391029206980799086205980799A3
:1072C000486204980799886203980799C8620298EF
:1072D000079908630798343006210022019203239E
:1072E000FEF796FB0198079981F84800079981F805
:1072F0005D00079A4CF67741C3F22B2191650799FF
:1073000081F85C000799D1F8FC204FF07E511160A4
:107310000799D1F8FC1048600799D1F8FC108860F3
:107320000799D1F8FC10C860079946F62950C0F6B5
:107330000000C1F85001079947F27110C0F6000033
:10734000C1F85401079947F2F970C0F60000C1F87E
:107350005801079991F8480140F0040081F848016C
:10736000079991F8480140F0080081F84801079B0F
:10737000D3F81001D96A9A8E93F838305A435A4399
:10738000F9F781F8079BD3F82001196B9A8E93F8CF
:1073900038305A435A43F9F776F808B080BD0000F8
:1073A00080B588B00790069105928DED040A049887
:1073B0000799C863069890ED000A079890ED051AA2
:1073C00030EE410A80ED5E0A069890ED010A0798BA
:1073D00090ED061A30EE410A80ED5F0A069890EDB6
:1073E000020A079890ED071A30EE410A80ED600A14
:1073F000079890ED5E2A90ED5F0A90ED601A20EEFE
:10740000000AA2EE020AA1EE010AF9F78DFB079825
:1074100080ED620A079890ED0F1A90ED5E0AB6EEC5
:10742000002A20EE020A20EE010A80ED630A079886
:1074300090ED0F1A90ED5F0A20EE020A20EE010A8D
:1074400080ED640A079890ED0F1A90ED600A20EE27
:10745000020A20EE010A80ED650A079BD3F81001AD
:10746000D96A9A8E93F838305A435A43F9F70BF891
:10747000079890ED630AB1EE400AD0F8100180ED54
:10748000010A079890ED640AB1EE400AD0F81001A5
:1074900080ED020A079890ED650AB1EE400AD0F837
:1074A000100180ED030A0798D0F81011D0F88C0174
:1074B00088610798D0F81011D0F8940108620798F5
:1074C00090ED640AB1EE400AD0F8100180ED090A8F
:1074D0000798D0F81011D0F890010863079890ED44
:1074E000650AB1EE400AD0F8100180ED0D0A079848
:1074F000D0F81011D0F88C01C8630798D0F810119B
:10750000D0F8940188640798D0F81011D0F8900151
:10751000C864079890ED630AB1EE400AD0F81001F4
:1075200080ED140A0799059B18685A689B68C1F892
:107530007431C1F87021C1F86C01079890ED5B2A95
:1075400090ED5C0A90ED5D1A20EE000AA2EE020AB0
:10755000A1EE010A8DED030A9DED030A9FEDA21A2B
:10756000B4EE410AF1EE10FA10DAFFE70798016C69
:10757000002008600799096C48600798016C4FF07B
:107580007E5088600799C1F8840125E09DED030ACB
:10759000F9F7CAFA079880ED610A079890ED5B0A3F
:1075A00090ED611A20EE010A006C80ED000A079848
:1075B00090ED5C0A90ED611A20EE010A006C80EDFE
:1075C000010A079890ED5D0A90ED611A20EE010A1C
:1075D000006C80ED020AFFE7079890ED621AB7EEA3
:1075E000000A80EE010A9FED811AB4EE410AF1EE25
:1075F00010FA23DAFFE7079890ED611AB7EE000A58
:1076000080EE010A9FED7A1AB4EE410AF1EE10FA0B
:1076100014DDFFE7079890ED611AB7EE000A80EEDF
:10762000010A9FED741AB4EE410AF1EE10FA05DA80
:10763000FFE70799012081F8480004E0079900203E
:1076400081F84800FFE7079890ED080A90ED0F1ABF
:1076500020EE010AD0F8280180ED000A079890ED8D
:10766000080A90ED0F1A20EE010AD0F8280180EDEB
:10767000070A079890ED080A90ED0F1A20EE010A0C
:10768000D0F8280180ED0E0A079890ED080A90EDD9
:107690000F1A20EE010AD0F8280180ED150A07988C
:1076A00090ED090A90ED0F1A20EE010AD0F828019A
:1076B00080ED1C0A079890ED090A90ED0F1A20EE54
:1076C000010AD0F8280180ED230A0799886AD1F8C9
:1076D0002C1108600799886AD1F82C110861079964
:1076E000886AD1F82C11086207983430FEF764FDDF
:1076F0000799D1F86801006848600799D1F86801D6
:10770000406888600799D1F868018068C860079967
:10771000D1F86801C06808610799D1F8680100696B
:1077200048610799D1F8680140698861079900208C
:10773000C861079890ED013A90ED020A90ED032A96
:1077400090ED041A20EE020AA3EE010A30EE000AC0
:1077500021EE011AA2EE021AB8EE002A8DED022ADD
:10776000F7EE000ACDED010AE1EE020A03F0B6FAE7
:107770009DED022A079880ED660A079890ED011AA0
:1077800090ED020A90ED034A90ED043A21EE041ABE
:1077900020EE030A30EE000A91EE420A03F008FAE6
:1077A000DDED010A9DED022A079880ED670A079832
:1077B00090ED014A90ED023A90ED031A90ED040A23
:1077C00021EE000AA4EE030A30EE000A21EE011AAF
:1077D000A3EE031AE1EE020A03F080FA079880EDA7
:1077E000680A08B080BD00BFBD3786359A99993EBA
:1077F000EE7C1341EE7C234180B588B002A9009154
:107800000790079901F164006C3101F0FDFD0799C3
:1078100081F8C4000799B1F86400A1F8A4000799A1
:10782000B1F87E00A1F8A600079A02F1640002F107
:107830007C01A43201F0F0FC079981F8C40007999B
:10784000B1F8A400A1F8AC000799B1F86E00A1F856
:10785000AE00079A02F1A40002F16C01AC3201F013
:10786000DBFC079981F8C4000799B1F88C00A1F8F6
:107870009C000799B1F88E00A1F89E00079A02F1CA
:10788000AC0002F18C019C3201F0FCFA079981F8FE
:10789000C400079901F19C00AC3101F057FB079936
:1078A00081F8C4000799B1F86400A1F8B400079901
:1078B0000120A1F8B6000798D0F8CC10D0F80C0140
:1078C00091ED000A91ED011A91ED023A91ED032A32
:1078D00020EE030A91EE020A30EE000A80ED000A63
:1078E0000798D0F8CC10D0F80C0191ED001A91ED6A
:1078F000012A91ED020A91ED033A20EE030AA1EE6E
:10790000020A30EE000A80ED010A0798D0F8CC1088
:10791000D0F80C0191ED003A91ED010A91ED022AA7
:1079200091ED031A20EE000A93EE030AA2EE420A3A
:10793000A1EE010A80ED020A00208DF80F00FFE79A
:107940009DF80F0002283FDCFFE700980799D1F867
:107950000C119DF80F2001EB820191ED000AB0EEB1
:10796000C00A80ED000AFFE7009890ED000AB7EE2C
:10797000001AB4EE410AF1EE10FA04DDFFE74FF011
:107980007E5002900CE0009890ED000AB5EE400A9F
:10799000F1EE10FA03DAFFE700200290FFE7FFE7BD
:1079A000FFE7009890ED000A03F076F89DF80F10BD
:1079B00004A800EB810080ED000AFFE79DF80F00AE
:1079C00001308DF80F00BBE70799B1F84400A1F82A
:1079D000BC0007990120A1F8BE00079A02F14400FB
:1079E00002F1B401BC3201F0AFFC079981F8C40088
:1079F0000798FFF7D5FA08B1FFE728E10799B1F832
:107A00007C00A1F8A4000799B1F86E00A1F8A600C7
:107A1000079A02F17C0002F16C01A43201F0FCFB38
:107A2000079981F8C400079A02F1A40002F1AC01A1
:107A3000943201F0F1FB079981F8C40000208DF821
:107A40000700FFE79DF80700079AB2F89610B2F812
:107A500094205143884218DAFFE70799D1F8FC00D7
:107A6000D1F80C1191ED001A9DF8071000EB810080
:107A700090ED000A20EE010A80ED000AFFE79DF874
:107A8000070001308DF80700DCE704208DF80600C0
:107A9000FFE79DF80600052832DCFFE700208DF89F
:107AA0000500FFE79DF80500022822DCFFE79DF8AE
:107AB000061004A800EB810010ED040A9FED671A80
:107AC00080EE011A0798D0F8FC0001EB41019DF807
:107AD0000520114400EB810090ED000A20EE010A20
:107AE00080ED000AFFE79DF8050001308DF80500E4
:107AF000D8E7FFE79DF8060001308DF80600C8E7DB
:107B00000799B1F89400A1F8B40007990120A1F8F1
:107B1000B600079901F1940001F1B402BC3101F003
:107B20007BFB079981F8C400079890F82900C007EB
:107B300000287BD0FFE7FFE70798D0F80C1191ED04
:107B4000040A90ED021A9FED432A21EE021AB4EEC8
:107B5000410AF1EE10FA0CDDFFE7079890ED020AFA
:107B60009FED3C1A20EE010AD0F80C0180ED040ACA
:107B70001DE00798D0F80C1191ED040A90ED021A5F
:107B80009FED352A21EE021AB4EE410AF1EE10FA09
:107B90000CDAFFE7079890ED020A9FED2F1A20EE0E
:107BA000010AD0F80C0180ED040AFFE7FFE7FFE7C8
:107BB000FFE70798D0F80C1191ED050A90ED021A35
:107BC0009FED242A21EE021AB4EE410AF1EE10FADA
:107BD0000CDDFFE7079890ED020A9FED1E1A20EEDC
:107BE000010AD0F80C0180ED050A1DE00798D0F8D5
:107BF0000C1191ED050A90ED021A9FED172A21EE66
:107C0000021AB4EE410AF1EE10FA0CDAFFE7079817
:107C100090ED020A9FED101A20EE010AD0F80C0137
:107C200080ED050AFFE7FFE7FFE7FFE70798D0F8D9
:107C30000C110020C860079901F12C0201F13400F9
:107C4000B43101F01FF9079981F8C400FFE708B0CB
:107C500080BD00BF0AD7233C0AD723BCDA0FC93F37
:107C600080B586B00490039100208DF8070044F29F
:107C70002840C5F60200006800F00300032804D184
:107C8000FFE701208DF81700CBE044F20041C5F674
:107C90000201086820F080600860F9F7B5FC0290E6
:107CA000FFE744F20040C5F60200006800F0006102
:107CB0000020B0EBD16F0CD0FFE7F9F7A5FC0299DB
:107CC000401A032804D3FFE703208DF81700A8E02B
:107CD000E7E7FFE744F22841C5F60201086820F40F
:107CE0007C30049A126840EA0230086004994868BF
:107CF000D1F808C0CB680A6901386FF35F204FF6EE
:107D00000061CFF6FF7101EB4C2189B208440021DC
:107D1000CFF6FF7101EB034101F4FE0108444FF07F
:107D20007F4101EB026101F0FE41084444F2384119
:107D3000C5F602010860FFE744F22C41C5F60201D6
:107D40000091086820F0C000049A5269104308604E
:107D5000086820F02000049A9269104308600868BF
:107D600020F01000086044F23C42C5F602021068A0
:107D70004FF6F8739843049BDB6940EAC300106038
:107D8000086840F010000860039848B9FFE744F223
:107D90002C41C5F60201086840F40020086016E096
:107DA0000398012809D1FFE744F22C41C5F60201EE
:107DB000086840F48010086008E044F22C41C5F6E1
:107DC0000201086840F400100860FFE7FFE744F292
:107DD0000041C5F60201086840F080600860F9F7CC
:107DE00013FC0290FFE744F20040C5F60200006871
:107DF00000F000610020B0EBD16F0CD1FFE7F9F784
:107E000003FC0299401A032804D3FFE703208DF8EE
:107E1000170006E0E7E7FFE79DF807008DF8170079
:107E2000FFE79DF8170006B080BD000000000000CD
:107E300080B586B00490039100208DF8070044F2CD
:107E40002840C5F60200006800F00300032804D1B2
:107E5000FFE701208DF81700CBE044F20041C5F6A2
:107E60000201086820F080500860F9F7CDFB02900D
:107E7000FFE744F20040C5F60200006800F0005140
:107E80000020B0EB517F0CD0FFE7F9F7BDFB029962
:107E9000401A032804D3FFE703208DF81700A8E059
:107EA000E7E7FFE744F22841C5F60201086820F041
:107EB0007C70049A126840EA02500860049948688D
:107EC000D1F808C0CB680A6901386FF35F204FF61C
:107ED0000061CFF6FF7101EB4C2189B2084400210B
:107EE000CFF6FF7101EB034101F4FE0108444FF0AE
:107EF0007F4101EB026101F0FE41084444F2404140
:107F0000C5F602010860FFE744F22C41C5F6020104
:107F10000091086820F44060049A52691043086098
:107F2000086820F40070049A926910430860086899
:107F300020F48070086044F24442C5F602021068E2
:107F40004FF6F8739843049BDB6940EAC300106066
:107F5000086840F480700860039848B9FFE744F26D
:107F60002C41C5F60201086840F48000086016E064
:107F70000398012809D1FFE744F22C41C5F602011C
:107F8000086840F40000086008E044F22C41C5F69F
:107F90000201086840F080700860FFE7FFE744F2E4
:107FA0000041C5F60201086840F080500860F9F70A
:107FB0002BFB0290FFE744F20040C5F60200006888
:107FC00000F000510020B0EB517F0CD1FFE7F9F732
:107FD0001BFB0299401A032804D3FFE703208DF806
:107FE000170006E0E7E7FFE79DF807008DF81700A8
:107FF000FFE79DF8170006B080BD000000000000FC
:1080000080B542F23050C2F20040FBF72DFE80BD39
:1080100082B0019001980068406900900198016861
:10802000886940F00800886101980168886940F01B
:108030001000886101980168086820F0010008605C
:1080400001980168086940F26F3290430861019815
:108050000168886820F440408860019890F88100A9
:10806000042815D0FFE79DF80000800600280ED5F3
:10807000FFE70199D1F8840040F08000C1F8840046
:1080800001980168886940F020008861FFE7FFE7F8
:10809000019890F88100032815D0FFE79DF80000B3
:1080A000400600280ED5FFE70199D1F8840040F082
:1080B0000400C1F8840001980168886940F040001C
:1080C0008861FFE7FFE79DF80100800700280ED5D3
:1080D000FFE70199D1F8840040F00100C1F8840065
:1080E00001980168886940F400708861FFE79DF895
:1080F0000100C00770B1FFE70199D1F8840040F09A
:108100000800C1F8840001980168886940F4807013
:108110008861FFE701990020A1F862000199A1F8A8
:108120006A0002B07047000080B582B001900198EB
:10813000806B009000990020A1F86A000099A1F8D6
:1081400062000099012081F881000098FBF788FD0A
:1081500002B080BD0000000083B002900298C16BA5
:10816000012000EB511001900298C068013000908E
:1081700000980730C008009000980199484303B068
:10818000704700000000000080B586B0DDF820C018
:10819000049003918DF80B200193FFE70498006889
:1081A000406903990840401AB0FA80F040099DF8F0
:1081B0000B10884214D1FFE7F9F726FA0899401A04
:1081C0000199884204D3FFE70198013018B9FFE70D
:1081D000019820B9FFE703208DF8170004E0DDE7E0
:1081E00000208DF81700FFE79DF8170006B080BD4E
:1081F000074B19680868B0E8F04F80F30988BFF3AF
:108200006F8F4FF0000080F31188704700BF00BFF0
:10821000502600240000000080B582B04FF05000CE
:1082200080F31188BFF36F8FBFF34F8F009002F080
:1082300087FA40B1FFE74EF60451CEF200014FF04D
:1082400080500860FFE700200190019880F31188BA
:1082500002B080BD0000000080B59EB00BA84C218C
:10826000F8F743F9002001900A90099008900790D0
:1082700006900590049003900220F9F73DFBFFE77C
:108280000020029044F61800C5F60200016821F4AF
:1082900040410160006800F4404002900298FFE70E
:1082A000FFE744F61800C5F60200006800F400502D
:1082B000B0F5005F01D0FFE7F3E701210B914FF428
:1082C00080300C900220149015901690282217925E
:1082D000189119901A900C201B9000201C901D9052
:1082E0000BA8FAF7ADFF18B1FFE7F8F701FCFFE7BD
:1082F0003F20039003210491002005900820069060
:108300004020079008904FF4806209920A9003A8D9
:10831000FAF73EFB18B1FFE7F8F7EAFBFFE71EB0FC
:1083200080BD0000000000004EF68851CEF2000132
:10833000086840F47000086042F20000C5F20020B6
:10834000006800F00F0006280AD8FFE742F200019B
:10835000C5F200210868072262F303000860FFE706
:1083600044F20041C5F60201086840F001000860CF
:1083700044F21042C5F602020020106008684EF672
:108380007F52CEF6F6221040086042F20000C5F29D
:108390000020006800F00F0008280AD3FFE742F22F
:1083A0000001C5F200210868072262F3030008609B
:1083B000FFE744F21841C5F602010020086044F2CC
:1083C0001C41C5F60201086044F22041C5F60201D5
:1083D000086044F22842C5F6020240F20021C0F2D1
:1083E0000221116044F22C42C5F602020021C0F2C3
:1083F000FF11116044F23042C5F6020240F28021C2
:10840000C0F20111116044F23442C5F6020210605C
:1084100044F23842C5F60202116044F23C42C5F60D
:108420000202106044F24042C5F60202116044F2BA
:108430004441C5F60201086044F20042C5F602025A
:10844000116821F48021116044F26041C5F60201F7
:10845000086044F2D440C5F602000068C004002859
:1084600014D4FFE744F2D441C5F60201086840F491
:108470008050086044F20002C5F2002243F2D200AC
:108480001060086820F480500860FFE77047000023
:1084900080B542F2B850C2F20040FCF7E5FC80BD66
:1084A00083B0029001910298006800900298002128
:1084B000C4F20101884225D0FFE70298B0F1804F55
:1084C00020D0FFE7029840F20041C4F20001884248
:1084D00018D0FFE7029840F60001C4F2000188427C
:1084E00010D0FFE7029840F60041C4F20001884234
:1084F00008D0FFE7029840F20041C4F2010188422F
:108500000AD1FFE7009820F07000009001984168C0
:10851000009808430090FFE702980021C4F201018F
:1085200088424DD0FFE70298B0F1804F48D0FFE776
:10853000029840F20041C4F20001884240D0FFE7B7
:10854000029840F60001C4F20001884238D0FFE7EB
:10855000029840F60041C4F20001884230D0FFE7A3
:10856000029840F20041C4F20101884228D0FFE79E
:10857000029844F20001C4F20101884220D0FFE7D2
:10858000029844F20041C4F20101884218D0FFE78A
:10859000029844F60001C4F20101884210D0FFE7BE
:1085A00002984EF20001C4F20001884208D0FFE7B1
:1085B00002984EF20041C4F2000188420AD1FFE75E
:1085C000009820F4407000900198C168009808431A
:1085D0000090FFE7009820F0800001994969084366
:1085E0000090019880680299C86201980068029919
:1085F000886202980021C4F20101884220D0FFE77E
:10860000029840F20041C4F20101884218D0FFE70D
:10861000029844F20001C4F20101884210D0FFE741
:10862000029844F20041C4F20101884208D0FFE7F9
:10863000029844F60001C4F20101884205D1FFE727
:108640000198006902990863FFE70299086840F001
:1086500004000860029901204861009802990860AE
:1086600003B070470000000085B0049003910498A7
:10867000006A01900499086A20F0010008620498D9
:108680004068009004988069029002984FF68F71BC
:10869000CFF6FE7108400290029820F0030002908D
:1086A00003980168029808430290019820F00200A4
:1086B0000190039881680198084301900498002173
:1086C000C4F20101884220D0FFE7049840F2004143
:1086D000C4F20101884218D0FFE7049844F2000177
:1086E000C4F20101884210D0FFE7049844F200412F
:1086F000C4F20101884208D0FFE7049844F6000163
:10870000C4F2010188420ED1FFE7019820F0080071
:1087100001900398C168019808430190019820F0E6
:1087200004000190FFE704980021C4F2010188428F
:1087300020D0FFE7049840F20041C4F201018842D2
:1087400018D0FFE7049844F20001C4F20101884206
:1087500010D0FFE7049844F20041C4F201018842BE
:1087600008D0FFE7049844F60001C4F201018842F2
:1087700013D1FFE7009820F480700090009820F457
:108780000070009003984169009808430090039896
:108790008169009808430090FFE7009804994860B9
:1087A0000298049988610398406804994863019885
:1087B0000499086205B0704785B00490039104984D
:1087C000006A01900499086A20F010000862049879
:1087D00040680090049880690290029848F6FF7102
:1087E000CFF6FF6108400290029820F4407002909A
:1087F00003980168029840EA01200290019820F055
:108800002000019003988168019840EA01100190CE
:1088100004980021C4F20101884229D0FFE704989E
:1088200040F20041C4F20101884221D0FFE70498E0
:1088300044F20001C4F20101884203D1FFE70020A5
:10884000B0B9FFE7049844F20041C4F20101884244
:1088500003D1FFE7002058B9FFE7049844F6000170
:10886000C4F20101884212D1FFE7012078B9FFE785
:10887000019820F0800001900398C168019840EAB7
:1088800001100190019820F040000190FFE704984A
:108890000021C4F20101884220D0FFE7049840F291
:1088A0000041C4F20101884218D0FFE7049844F265
:1088B0000001C4F20101884210D0FFE7049844F29D
:1088C0000041C4F20101884208D0FFE7049844F651
:1088D0000001C4F20101884215D1FFE7009820F49D
:1088E00080600090009820F4006000900398416937
:1088F000009840EA8100009003988169009840EA5E
:1089000081000090FFE7009804994860029804995C
:108910008861039840680499886301980499086203
:1089200005B070470000000085B0049003910498E2
:10893000006A01900499086A20F480700862049823
:10894000406800900498C069029002984FF68F71B9
:10895000CFF6FE7108400290029820F003000290CA
:1089600003980168029808430290019820F400706F
:10897000019003988168019840EA012001900498D1
:108980000021C4F20101884229D0FFE7049840F297
:108990000041C4F20101884221D0FFE7049844F26B
:1089A0000001C4F20101884203D1FFE70020B0B901
:1089B000FFE7049844F20041C4F20101884203D168
:1089C000FFE7002058B9FFE7049844F60001C4F21D
:1089D0000101884212D1FFE7012078B9FFE7019831
:1089E00020F4006001900398C168019840EA0120DA
:1089F0000190019820F480600190FFE70498002125
:108A0000C4F20101884220D0FFE7049840F20041FF
:108A1000C4F20101884218D0FFE7049844F2000133
:108A2000C4F20101884210D0FFE7049844F20041EB
:108A3000C4F20101884208D0FFE7049844F600011F
:108A4000C4F20101884215D1FFE7009820F480505C
:108A50000090009820F4005000900398416900981D
:108A600040EA0110009003988169009840EA0110E3
:108A70000090FFE700980499486002980499C86143
:108A8000039840680499C86301980499086205B086
:108A9000704700000000000085B004900391049826
:108AA000006A01900499086A20F4805008620498D2
:108AB000406800900498C0690290029848F6FF71DF
:108AC000CFF6FF6108400290029820F440700290B7
:108AD00003980168029840EA01200290019820F46E
:108AE0000050019003988168019840EA013001909C
:108AF00004980021C4F20101884220D0FFE70498C5
:108B000040F20041C4F20101884218D0FFE7049806
:108B100044F20001C4F20101884210D0FFE704983A
:108B200044F20041C4F20101884208D0FFE70498F2
:108B300044F60001C4F2010188420BD1FFE700981E
:108B400020F48040009003984169009840EA811029
:108B50000090FFE700980499486002980499C86162
:108B6000039840680499086401980499086205B064
:108B7000704700000000000085B004900391049845
:108B8000006A01900499086A20F480300862049811
:108B9000406800900498406D029002984FF68F71E3
:108BA000CFF6FE71084002900398016802980843CE
:108BB0000290019820F40030019003988168019898
:108BC00040EA0140019004980021C4F2010188426A
:108BD00020D0FFE7049840F20041C4F2010188422E
:108BE00018D0FFE7049844F20001C4F20101884262
:108BF00010D0FFE7049844F20041C4F2010188421A
:108C000008D0FFE7049844F60001C4F2010188424D
:108C10000BD1FFE7009820F4803000900398416961
:108C2000009840EA01200090FFE70098049948600E
:108C300002980499486503984068049988650198EA
:108C40000499086205B0704785B0049003910498B8
:108C5000006A01900499086A20F480100862049860
:108C6000406800900498406D0290029848F6FF71A9
:108C7000CFF6FF610840029003980168029840EA2D
:108C800001200290019820F400100190039881685F
:108C9000019840EA0150019004980021C4F20101BA
:108CA000884220D0FFE7049840F20041C4F201015D
:108CB000884218D0FFE7049844F20001C4F2010191
:108CC000884210D0FFE7049844F20041C4F2010149
:108CD000884208D0FFE7049844F60001C4F201017D
:108CE00088420BD1FFE7009820F480200090039881
:108CF0004169009840EA81200090FFE700980499BC
:108D00004860029804994865039840680499C865CA
:108D100001980499086205B0704700000000000047
:108D200084B003900291ADF80620029800900C28C0
:108D300021D80099DFE801F0071F1F1F0D1F1F1F1B
:108D4000131F1F1F1900BDF8060003990968486327
:108D500012E0BDF806000399096888630CE0BDF8CD
:108D6000060003990968C86306E0BDF80600039988
:108D70000968086400E0FFE704B0704700000000E5
:108D8000FFE7FEE70000000081B000EE100A00904F
:108D900000994FF0807000EB4100B0FA80F040097C
:108DA00001B070470000000081B000EE100A009092
:108DB000009820F00040C0F1FF40C00F01B07047A4
:108DC00081B0ADF80200BDF9020000280ED4FFE723
:108DD000BDF9021001F01F02012090404A094EF235
:108DE0000011CEF2000141F82200FFE701B0704708
:108DF0004EF60C50CEF200000068C0F3022070471F
:108E000082B0ADF806000091BDF9060000280AD432
:108E1000FFE700980001BDF906104EF20042CEF2C5
:108E2000000288540BE000980001BDF8061001F024
:108E30000F014EF61452CEF200028854FFE702B042
:108E4000704700000000000083B00290029800F01C
:108E5000070000904EF60C51CEF200010868019018
:108E600001984FF6FF02104001900198009A40EAE5
:108E700002200022C0F2FA521043019001980860CB
:108E800003B07047B0B503880D88AB4256D1458812
:108E90004C88A54252D11488A3424FD15488A54290
:108EA0004CD105FB03FC436800254968B5EB9C0FDA
:108EB000506831D04FEA9C02524200BF93ED000A45
:108EC00091ED001A30EE010A03F1100E01F11004C9
:108ED00000F1100580ED000A013293ED010A91EDD9
:108EE000011A30EE010A80ED010A93ED020A91EDBC
:108EF000021A30EE010A80ED020A93ED030A91EDA9
:108F0000031A30EE010A7346214680ED030A284613
:108F1000D4D12146284673461CF003020CD052429D
:108F2000B3EC010AB1EC011A30EE010A051D013261
:108F300080ED000A2846F3D1002000E0FD2040B279
:108F4000B0BD018042804360704700002DE9F04FC2
:108F50008BB0B0F800B0B0F802E0F34540F05181BA
:108F60000B88FD229B4540F04D814F88BB4240F06D
:108F70004981BBF1000F436800F029816FF00300C5
:108F80004C6800EB8B08CDF81CE0002700934FF0F5
:108F90007E5906945E462046BBEB060009D0B90018
:108FA0002046F7F7A2FA00200130874204F10404BA
:108FB000FAD104F1040AC4F80090751E10D0A8EB91
:108FC00087015046F7F791FA012054460130864256
:108FD00004F10404FAD1002D07F101072E46DBD17C
:108FE000BBF1000F009BDDF81CE000F0F0800420D6
:108FF000CDF814B000EB8E0001901846ABF10106DD
:1090000003EB8E044FEA8E021D1DCEF100010023FA
:1090100008919FED800A7746814600BF5B4580F04E
:10902000F58003FB0EF0B0EE403A09EB80010A91A7
:1090300091ED001A0699B0EE414A01EB80000990CB
:109040002146304606E000BF91ED004A0138B0EEFF
:10905000423A1144B5EEC04AF1EE10FA0ADDB4EE20
:10906000C34AB0EE442AF1EE10FAD8BFB0EE432A5C
:1090700009E000BFB1EE442AB4EEC23AF1EE10FAB4
:1090800001DBB0EE432A0028DED1B5EE402AF1EE36
:1090900010FA00F0BB80B0EEC13AB4EE423AF1EE05
:1090A00010FA1CBFD84310EB0B0004D0002000BF07
:1090B00001308642FCD1B5EE401AF1EE10FA00F014
:1090C000A580CDE90346AEEB030C0A99BCF1010F74
:1090D0004FF07E5008600AD00120294691ED002A09
:1090E00082EE012A01308742A1EC012AF6D1DDE9A6
:1090F000080100BF91ED002A82EE012A0C1D01300B
:1091000081ED002A2146F5D1ACF1010B05994FF014
:109110000008DDF818A04846CDF80890984505D11C
:1091200000EB8C060AEB8E0A33E000BF90ED001ACC
:109130000A9CB0EE413ABBF1000F94ED002A01EE1B
:10914000423A00F1040680ED003A15D001200024D7
:1091500006EB040905EB040E99ED002A9EED003A9A
:1091600001EE432A0130874204F1040489ED002A0C
:10917000EED12644DDF81CE0DDE908049AED002A72
:1091800094ED003A01EE432A04340130AAEC012A9E
:10919000F4D106EB8300013908F10108BED1DDF8F6
:1091A0000890013F049E09F10409039C03F10103A7
:1091B0000198A6F101060444DDF814B005447FF4DB
:1091C0002DAFB5EE401A009BF1EE10FA20D10EFB48
:1091D0000BF1002000294FF000020BD093ED000AA4
:1091E000B5EE400AF1EE10FA04D101328A4203F1E1
:1091F0000403F3D38A4208BF6FF004000BB0BDE84C
:10920000F08FFD2250B20BB0BDE8F08FFB22F9E7E2
:109210000022F7E7000000002DE9F04F88B0B0F819
:1092200002C00B889C4540F08880B0F800E01388AD
:109230009E4540F08280B1F80290538899457CD1D8
:109240004FEA9C04476804FB09F049680CF00305E9
:10925000029101EB0010019000202CF00303A0EB21
:109260009C0107EB830607914FEA89035168C5F11A
:10927000000A00919FED330ACDE9039CCDE9050E6C
:109280000099CE4601EB8008DDE901BC002CB0EE70
:10929000401AE146384627D0624607993846B0EE74
:1092A000401A00BF92ED002A90ED003A03EE021A38
:1092B0001A4490ED014A92ED002A04EE021A1A4473
:1092C00090ED025A92ED002A05EE021A1A4490ED32
:1092D000036A92ED002A06EE021A013100F1100035
:1092E0001A44DFD1D946304655B1514690ED002A97
:1092F00099ED003A02EE031A043001319944F5D198
:1093000008F1040088ED001ABEF1010E0CF1040C06
:109310000BF1040B8046B9D1DDF80C900598DDF80F
:1093200010C04844DDF818E007EB8C07BEF1010ED1
:1093300006EB8C06A2D1002000E0FD2040B208B070
:10934000BDE8F08F00000000B0B503880D88AB4287
:1093500056D145884C88A54252D11488A3424FD19A
:109360005488A5424CD105FB03FC4368002549689D
:10937000B5EB9C0F506831D04FEA9C02524200BFBF
:1093800093ED000A91ED001A30EE410A03F1100E40
:1093900001F1100400F1100580ED000A013293ED97
:1093A000010A91ED011A30EE410A80ED010A93EDB8
:1093B000020A91ED021A30EE410A80ED020A93EDA5
:1093C000030A91ED031A30EE410A7346214680EDFF
:1093D000030A2846D4D12146284673461CF00302CE
:1093E0000CD05242B3EC010AB1EC011A30EE410A42
:1093F000051D013280ED000A2846F3D1002000E06F
:10940000FD2040B2B0BD00002DE9F04F83B00288CE
:109410004B889A424DD144880B889C4249D1002305
:10942000D1F804804FEA940C416804F0030ECDF8A3
:109430000080A3EB94040294140196000194CEF1F1
:10944000000B4046BCF1000F1ED04746029C00BFF7
:1094500008683D4638603744486807EB0609A8515C
:1094600001F11000D1F808A0013447F806A009EB7B
:109470000607C968374449F806100146E8D1019942
:109480006C18014603E000BF009800EB8304BEF1B6
:10949000000F07D05D4600BF51F8040B0135206076
:1094A0003444F9D10133013A08F10408CAD100204B
:1094B00000E0FD2040B203B0BDE8F08F00000000E6
:1094C00081B0EFF3058000900098002818BF0120BC
:1094D00001B070470000000080B584B0002000900B
:1094E000FDF70EF84EF61450CEF20000006880032F
:1094F000002801D5FFE71AE0BFF34F8FBFF36F8F4E
:109500004EF65071CEF2000100200860BFF34F8F7D
:10951000BFF36F8F4EF61451CEF20001086840F48D
:1095200000300860BFF34F8FBFF36F8FFFE74EF639
:109530001450CEF200000068C003002801D5FFE7F8
:109540003CE04EF68451CEF2000100200860BFF3EB
:109550004F8F4EF68050CEF20000006803900398C3
:10956000C0F34E300290FFE70398C0F3C9000190AA
:10957000FFE702990198800761F34D104EF6607184
:10958000CEF2000108600198411E01910028F0D13F
:10959000FFE70298411E02910028E5D1FFE7BFF3E3
:1095A0004F8F4EF61451CEF20001086840F480301F
:1095B0000860BFF34F8FBFF36F8FFFE7F8F73CF8FA
:1095C000FEF74AFEFCF7F0FFFDF77EF8FDF7B8F86E
:1095D000FCF7C6FF00F020F8FFE7FEE70000000000
:1095E00082B0ADF8060000200090BDF90600842886
:1095F00007D0FFE7BDF9060000990844033000904A
:10960000FFE7009802B0704782B00190009181207E
:1096100002B070470000000080B500F041FE00205D
:1096200080BD00000000000080B582B0FFF748FF59
:1096300020B1FFE701F074F8019003E001F064F855
:109640000190FFE7019802B080BD0000000000001B
:10965000B0B590B00E900D910E98406938B3FFE709
:109660000E98806918B3FFE70E9801680891416869
:109670000B91016909910D990A91B0F90800FFF762
:10968000AFFF0899099A0A9B84460B98DDF838E0E9
:10969000DEF81440DEF81850EE46CEF80850CEF84A
:1096A0000440CEF800C000F0C7FF0C9020E00E98F8
:1096B0000168049141680791018A05910D9906910D
:1096C000B0F90800FFF78CFF0499059A069B8446C1
:1096D0000798EE460CACCEF80440CEF800C000F07F
:1096E0005BFF012803D0FFE700200F9003E0FFE7B6
:1096F0000C980F90FFE70F9810B0B0BD000000006D
:1097000080B582B0019000F0A7FC42F2F861C2F28D
:10971000004108680130086042F25060C2F2004027
:10972000006898B9FFE7019842F25061C2F2004127
:10973000086042F2F860C2F200400068012803D1DC
:10974000FFE700F0CDF900E0FFE71CE042F6C010B3
:10975000C2F200400068A0B9FFE742F25060C2F2D6
:1097600000400068C06A0199C96A884207D8FFE7CB
:10977000019842F25061C2F20041086000E0FFE748
:1097800000E0FFE7FFE742F20471C2F2004108681F
:10979000013008600198C16A012000FA01F242F22A
:1097A0000871C2F200410868104308600199C86A54
:1097B00000EB800242F26060C2F2004000EB8200E7
:1097C000043100F01DFC00F073FC42F6C010C2F240
:1097D00000400068C8B1FFE742F25060C2F20040AA
:1097E0000068C06A0199C96A88420CD2FFE74EF648
:1097F0000451CEF200014FF080500860BFF34F8F4C
:10980000BFF36F8F00E0FFE700E0FFE702B080BD2D
:1098100080B582B0FFE742F2FC60C2F2004000680F
:1098200008B3FFE700F018FC42F6E010C2F2004077
:10983000C068C06801900198043000F085FB42F2D6
:10984000F861C2F2004108680138086042F2FC6128
:10985000C2F2004108680138086000F029FC019854
:1098600000F006F8D7E702B080BD0000000000005D
:1098700080B582B00090009890F8510040B9FFE7A1
:109880000098006B00F03CFC009800F039FC1CE0F4
:10989000009890F85100012804D1FFE7009800F0EB
:1098A0002FFC11E0009890F8510002280BD0FFE740
:1098B0004FF0500080F31188BFF36F8FBFF34F8FCD
:1098C0000190FFE7FEE7FFE7FFE702B080BD000081
:1098D00084B04FF47050009040F20000C2F20000DB
:1098E00001909DF80400400788B1FFE70198073018
:1098F0000190019820F007000190019A40F20001C8
:10990000C2F200010098891A08440090FFE701980C
:109910000290029942F6C410C2F200400160002198
:1099200041600298009A1044019001980838019013
:10993000019820F007000190019A42F25860C2F2AB
:109940000040026002685160026811600299039150
:109950000199039A891A5160006803990860039875
:10996000406842F69411C2F20041086003984068D2
:1099700042F23871C2F20041086042F20C71C2F248
:1099800000414FF00040086004B070470000000044
:1099900080B582B00190FFE7FFF73AFF42F26060C6
:1099A000C2F20040006802280CD3FFE74EF60451D3
:1099B000CEF200014FF080500860BFF34F8FBFF32D
:1099C0006F8F00E0FFE7E7E780B588B0DDF834C0CF
:1099D000DDF830C0DDF82CC0DDF828C00690059118
:1099E000049203930C98006B049900EB81000438F7
:1099F0000290029820F0070002909DF808004007AE
:109A000058B1FFE74FF0500080F31188BFF36F8F1C
:109A1000BFF34F8F0790FFE7FEE70598F8B1FFE728
:109A200000200190FFE701980F2813D8FFE7059861
:109A3000019A805C0C99114481F8340005980199D1
:109A4000405C08B9FFE705E0FFE7FFE70198013058
:109A50000190E8E70C99002081F8430004E00C999C
:109A6000002081F83400FFE70A98072803D3FFE7B6
:109A700006200A9000E0FFE70A980C99C8620A984D
:109A80000C9948640C990020009088640C9804306C
:109A900000F0AEFA0C98183000F0AAFA00980C9971
:109AA00009610A99C1F107010C9A91610C99496207
:109AB0000C99C8640C9981F8500002980699039A91
:109AC00000F012FA0C9908600B9820B1FFE70C988F
:109AD0000B99086000E0FFE708B080BD00000000BF
:109AE00080B584B000200390FFE70398062810D8C3
:109AF000FFE7039800EB800142F26060C2F2004091
:109B000000EB810000F05CFAFFE70398013003905E
:109B1000EBE742F21070C2F20040019000F050FA00
:109B200042F22470C2F20040029000F049FA42F67C
:109B3000AC10C2F2004000F043FA42F6E010C2F26C
:109B4000004000F03DFA42F6CC10C2F2004000F0B6
:109B500037FA0199029842F25462C2F2004211604F
:109B600042F25C61C2F20041086004B080BD0000B6
:109B700083B0029042F6C410C2F200400190FFE7A9
:109B8000019800680299884205D2FFE7FFE7019833
:109B900000680190F4E701980090009801994968E5
:109BA00008440299884209D1FFE702984268019966
:109BB0004868104448600198029000E0FFE702986E
:109BC0000090009802994968084401990968884200
:109BD00020D1FFE70198006842F25861C2F20041CB
:109BE000096888420DD0FFE7019800684268029931
:109BF000486810444860019800680068029908604D
:109C000007E042F25860C2F2004000680299086022
:109C1000FFE704E00198006802990860FFE70198F7
:109C20000299884204D0FFE702980199086000E099
:109C3000FFE703B07047000008480068006880F341
:109C400008884FF0000080F3148862B661B6BFF355
:109C50004F8FBFF36F8F00DF00BF000008ED00E003
:109C600081B042F25460C2F200400068006840B91E
:109C7000FFE742F69811C2F200414FF0FF30086052
:109C80000FE042F25460C2F200400068C068C06851
:109C900000900098406842F69811C2F200410860B6
:109CA000FFE701B07047000083B00020009040F251
:109CB0006010C2F200400068013058B1FFE74FF079
:109CC000500080F31188BFF36F8FBFF34F8F029066
:109CD000FFE7FEE74FF0500080F31188BFF36F8F6E
:109CE000BFF34F8F0190FFE7009808B9FFE7FBE74C
:109CF00003B070470000000080B58AB006900020D5
:109D0000029000F035FB42F25860C2F20040006859
:109D100018B9FFE7FFF7DCFD00E0FFE7069842F225
:109D20000C71C2F200410968084240F0C580FFE7AB
:109D3000069800B3FFE70698083006909DF81800D3
:109D40004007B0B1FFE7069820F007000830069002
:109D50009DF81800400758B1FFE74FF0500080F31E
:109D60001188BFF36F8FBFF34F8F0990FFE7FEE7B6
:109D700000E0FFE700E0FFE70698002800F09A8087
:109D8000FFE7069842F23871C2F200410968884242
:109D900000F29080FFE742F6C410C2F20040049047
:109DA00000680590FFE705984168069A00209142F7
:109DB000019007D2FFE705980068002818BF01202E
:109DC0000190FFE70198C00730B1FFE705980490C4
:109DD000059800680590E6E7059842F25861C2F2DE
:109DE00000410968884263D0FFE7049800680830A2
:109DF00002900598006804990860059840680699E3
:109E0000401A112821D3FFE70598069908440390CA
:109E10009DF80C00400758B1FFE74FF0500080F369
:109E20001188BFF36F8FBFF34F8F0890FFE7FEE7F6
:109E3000059840680699401A039948600698059964
:109E400048600398FFF794FE00E0FFE7059842683A
:109E500042F23870C2F200400168891A016000685D
:109E600042F69411C2F20041096888420BD2FFE722
:109E700042F23870C2F20040006842F69411C2F219
:109E80000041086000E0FFE742F20C70C2F20040BF
:109E900002680599486810434860059900200860E9
:109EA00042F6A011C2F2004108680130086000E0EB
:109EB000FFE700E0FFE700E0FFE700F01DFD9DF891
:109EC0000800400758B1FFE74FF0500080F31188B9
:109ED000BFF36F8FBFF34F8F0790FFE7FEE7029846
:109EE0000AB080BD0000000083B002900191009292
:109EF00002980438029002994FF08070086002982E
:109F000004380290019820F001000299086002983C
:109F100004380290029949F6A940C0F60000086092
:109F20000298143802900098029908600298043848
:109F3000029002996FF002000860029820380290A7
:109F4000029803B07047000082B001900198006948
:109F50000090019841688068886001994868896824
:109F60004860009840680199884205D1FFE7019850
:109F700080680099486000E0FFE7019900200861CF
:109F800000990868013808600098006802B07047BE
:109F900083B0029001910092029942F64010C2F201
:109FA00000400860019942F23C70C2F20040086033
:109FB00000998020086003B0704700000000000096
:109FC00081B00090009901F10800486000994FF0BD
:109FD000FF308860009901F10800C860009901F124
:109FE0000800086100990020086001B07047000077
:109FF00081B0009000990020086101B07047000016
:10A0000083B00290019102984068009000980199F5
:10A010004860009880680199886001980099896873
:10A020004860019800998860029801990861029936
:10A0300008680130086003B07047000000000000AD
:10A04000DFF80C00016841F4700101607047000006
:10A0500088ED00E00000000082B04FF0500080F377
:10A060001188BFF36F8FBFF34F8F019040F26010E4
:10A07000C2F200400168013101600068012814D17A
:10A08000FFE74EF60450CEF200000068000658B11B
:10A09000FFE74FF0500080F31188BFF36F8FBFF3DD
:10A0A0004F8F0090FFE7FEE7FFE702B07047000028
:10A0B00082B040F26010C2F20040006858B9FFE779
:10A0C0004FF0500080F31188BFF36F8FBFF34F8FB5
:10A0D0000090FFE7FEE740F26010C2F20040016826
:10A0E00001390160006830B9FFE700200190019854
:10A0F00080F31188FFE702B0704700000000000005
:10A1000080B586B0039003980290039800285CD035
:10A11000FFE7029808380290029801900198406881
:10A1200042F20C71C2F20041096808420BD1FFE70C
:10A130004FF0500080F31188BFF36F8FBFF34F8F44
:10A140000590FFE7FEE70198006858B1FFE74FF080
:10A15000500080F31188BFF36F8FBFF34F8F0490CF
:10A16000FFE7FEE70198406842F20C71C2F200413D
:10A170000968084227D0FFE70198006808BBFFE79D
:10A1800042F20C70C2F200400268019948689043A4
:10A19000486000F0EDF80198426842F23871C2F26E
:10A1A00000410868104408600198FFF7E1FC42F69E
:10A1B000A411C2F2004108680130086000F09CFB65
:10A1C00000E0FFE700E0FFE7FFE706B080BD00002A
:10A1D0004EF21001CEF20001002008604EF218028B
:10A1E000CEF20002106040F23410C2F2004000686B
:10A1F00044F6D352C1F26202A0FB02024FF0FF30DC
:10A2000000EB92104EF21402CEF200021060072012
:10A21000086070470000000084B0EFF305800190F3
:10A22000019810281ED3FFE701984EF2F031CEF2CC
:10A230000001405C8DF803009DF8030042F2EC61E0
:10A24000C2F20041097888420BDAFFE74FF0500074
:10A2500080F31188BFF36F8FBFF34F8F0390FFE739
:10A26000FEE7FFE74EF60C50CEF20000006800F467
:10A27000E06042F2F061C2F20041096888420BD905
:10A28000FFE74FF0500080F31188BFF36F8FBFF3EB
:10A290004F8F0290FFE7FEE704B070470000000018
:10A2A00080B58AB0002003900690059006A805A905
:10A2B00004AAFFF76DFE039B049A0599DDF818C008
:10A2C0006846C0F808C04160036049F69110C0F6C6
:10A2D00000004BF24701C0F6000100F0ADF9014665
:10A2E00042F63C10C2F200400160006818B1FFE77E
:10A2F0000120079002E000200790FFE7079801285F
:10A3000023D1FFE74FF0500080F31188BFF36F8F28
:10A31000BFF34F8F099042F69811C2F200414FF0FF
:10A32000FF30086042F6C011C2F20041012008600F
:10A3300042F6F411C2F200410020086000F080F8FB
:10A3400008B1FFE700E0FFE70FE00798013058B9D8
:10A35000FFE74FF0500080F31188BFF36F8FBFF31A
:10A360004F8F0890FFE7FEE7FFE70AB080BD0000CF
:10A3700042F20071C2F20041086801300860704783
:10A3800085B042F20070C2F20040006838B1FFE7C9
:10A3900042F6F811C2F20041012008604DE042F699
:10A3A000F811C2F200410020086042F20870C2F2C7
:10A3B0000040006804900498B0FA80F08DF80F0017
:10A3C0009DF80F00C0F11F000190019800EB800183
:10A3D00042F26060C2F2004050F8210058B9FFE735
:10A3E0004FF0500080F31188BFF36F8FBFF34F8F92
:10A3F0000290FFE7FEE7019800EB800142F2606007
:10A40000C2F2004000EB810000900099486840686B
:10A410004860009948680831884205D1FFE70099F3
:10A42000486840684860FFE700984068C06842F2AA
:10A430005061C2F200410860FFE705B070470000BC
:10A4400080B588B04EF60050CEF2000000684CF2A5
:10A450007121C4F20F1188420BD1FFE74FF0500079
:10A4600080F31188BFF36F8FBFF34F8F0790FFE723
:10A47000FEE74EF60050CEF2000000684CF270216C
:10A48000C4F20F1188420BD1FFE74FF0500080F368
:10A490001188BFF36F8FBFF34F8F0690FFE7FEE782
:10A4A0004EF20040CEF20000039001780491FF21AB
:10A4B000017000788DF80B009DF80B0000F0500043
:10A4C00042F2EC61C2F20041087042F2F061C2F265
:10A4D000004107200860FFE79DF80B0000060028F8
:10A4E0000DD5FFE742F2F061C2F200410868013881
:10A4F00008609DF80B0040008DF80B00ECE742F27D
:10A50000F060C2F20040006803280BD0FFE74FF074
:10A51000500080F31188BFF36F8FBFF34F8F05900A
:10A52000FFE7FEE742F2F061C2F200410868000274
:10A530000860086800F4E060086004984EF200418A
:10A54000CEF2000108704EF62051CEF200010868EC
:10A5500040F470000860086840F070400860FFF741
:10A5600037FE40F26011C2F2004100200190086005
:10A57000FFF766FD4EF63471CEF20001086840F038
:10A5800040400860FFF758FBFFF7FAFEFFF78CFB2F
:10A59000019808B080BD000070B58CB0DDF844C0F3
:10A5A000DDF840C00B900A91ADF826200893BDF865
:10A5B00026008000FFF7A0FB0590059880B1FFE71B
:10A5C0005420FFF799FB0790079820B1FFE7059803
:10A5D0000799086303E00598FFF792FDFFE702E0A3
:10A5E00000200790FFE70798F0B1FFE707980026E3
:10A5F00080F851600B980A99BDF82620089BDDF879
:10A6000040C0119C079DEE46CEF80C60CEF8085075
:10A61000CEF80440CEF800C0FFF7D6F90798FFF750
:10A620006FF80120069003E04FF0FF300690FFE73F
:10A6300006980CB070BD0000B0B58EB0DDF850C00B
:10A64000DDF84CC0DDF848C00A90099108920793E4
:10A65000139858B9FFE74FF0500080F31188BFF30B
:10A660006F8FBFF34F8F0D90FFE7FEE7149858B937
:10A67000FFE74FF0500080F31188BFF36F8FBFF3F7
:10A680004F8F0C90FFE7FEE7542004900498542865
:10A690000BD0FFE74FF0500080F31188BFF36F8FAE
:10A6A000BFF34F8F0B90FFE7FEE70498149820B399
:10A6B000FFE7139808B3FFE71498069013980699DC
:10A6C00008630699022081F851000A980999089AAE
:10A6D000079BDDF848C0069CEE460025CEF80C50DE
:10A6E000CEF8084005ACCEF80440CEF800C0FFF725
:10A6F0006BF90698FFF704F802E000200590FFE7E9
:10A7000005980EB0B0BD000081B042F6F410C2F260
:10A71000004000680090009801B070470000000001
:10A7200080B582B0FFF778FD0020009042F6F4106B
:10A73000C2F2004000680190019802B080BD0000A4
:10A7400080B586B00020029042F20070C2F2004054
:10A750000068002840F0C580FFE742F6F411C2F21D
:10A76000004108680130019001980860019858BBC9
:10A77000FFE742F25460C2F200400068006858B13E
:10A78000FFE74FF0500080F31188BFF36F8FBFF3E6
:10A790004F8F0590FFE7FEE742F25462C2F200429B
:10A7A0001068009042F25C61C2F2004108681060DB
:10A7B0000098086042F69C11C2F20041086801301E
:10A7C0000860FFF74DFA00E0FFE7019842F69811A4
:10A7D000C2F200410968884262D3FFE7FFE742F214
:10A7E0005460C2F200400068006840B9FFE742F6DA
:10A7F0009811C2F200414FF0FF3008604FE042F282
:10A800005460C2F200400068C068C06804900498B8
:10A810004068039001980399884207D2FFE70398A4
:10A8200042F69811C2F20041086038E0FFE7049850
:10A830000430FFF789FB0498806A28B1FFE7049889
:10A840001830FFF781FB00E0FFE70498C16A0120A0
:10A8500000FA01F242F20871C2F2004108681043A6
:10A8600008600499C86A00EB800242F26060C2F29C
:10A87000004000EB82000431FFF7C2FB0498C06A7D
:10A8800042F25061C2F200410968C96A884203D3AA
:10A89000FFE70120029000E0FFE7FFE79FE7FFE707
:10A8A00042F25060C2F200400068C06A00EB8001D2
:10A8B00042F26060C2F2004050F82100022803D347
:10A8C000FFE70120029000E0FFE742F6F810C2F235
:10A8D0000040006818B1FFE70120029000E0FFE7A8
:10A8E00007E042F6A811C2F2004108680130086092
:10A8F000FFE7029806B080BD80B584B000200290CA
:10A90000019042F20070C2F20040006858B9FFE7BF
:10A910004FF0500080F31188BFF36F8FBFF34F8F5C
:10A920000390FFE7FEE7FFF797FB42F20070C2F2E9
:10A9300000400168013901600068002840F0928001
:10A94000FFE742F2F860C2F200400068002800F021
:10A950008880FFE7FFE742F6AC10C2F200400068D3
:10A96000E0B3FFE742F6AC10C2F20040C068C06836
:10A97000029002981830FFF7E7FA02980430FFF7C8
:10A98000E3FA0298C16A012000FA01F242F208716A
:10A99000C2F200410868104308600299C86A00EBDF
:10A9A000800242F26060C2F2004000EB820004319B
:10A9B000FFF726FB0298C06A42F25061C2F20041E2
:10A9C0000968C96A884207D3FFE742F6F811C2F264
:10A9D00000410120086000E0FFE7BCE7029818B1E1
:10A9E000FFE7FFF73DF9FFE742F6A810C2F200408B
:10A9F000006800900098E0B1FFE7FFE7FFF7A0FED6
:10AA000038B1FFE742F6F811C2F2004101200860B8
:10AA100000E0FFE7009801380090FFE70098002869
:10AA2000ECD1FFE742F6A811C2F200410020086015
:10AA300000E0FFE742F6F810C2F20040006870B193
:10AA4000FFE7012001904EF60451CEF200014FF0D5
:10AA500080500860BFF34F8FBFF36F8F00E0FFE7B8
:10AA6000FFE700E0FFE7FFF723FB019804B080BD9C
:10AA70004100080218BF04200A0E18BF40F0010070
:10AA80004FF07F4232EA010108BF40F00200012886
:10AA900008BF05207047000010B510EE104A4FF0B7
:10AAA0001A402DED028B00EB4400B0F1C85F4AD88C
:10AAB0004FF0FC40B0EB440F22D2B0EEC00AF7EEEC
:10AAC000000A30EEC00AF6EE000A20EE208A18EEE8
:10AAD000100A00F06FFA00EE100A14F0004F1DBFCC
:10AAE0009FED281ADFED280AB1EE400A9FED271AE4
:10AAF00008BFF0EE410AF8EE001A20EE210A05E048
:10AB000020EE008A9FED221ADFED220ADFED221AE5
:10AB10009FED222A70EEC00A20EE080A08EE212AD4
:10AB2000DFED1F1A48EE021A9FED1E2A08EE212AB9
:10AB3000DFED1D1A48EE021ABDEC028B40EE610AF1
:10AB400030EE810A10BD4FF0CC40B0EB440F82BF15
:10AB50009FED160ABDEC028B10BD4FF07F40B0EBAD
:10AB6000440F05D2BDEC028BBDE8104000F00CBADA
:10AB70000120F5F762FDBDEC028BBDE8104000F04E
:10AB800009BA00000000494022AA7D3A00000000F6
:10AB90000000C93F22AAFD3924FE1C3DC78AD83CCB
:10ABA0001E67383D1B93993DAFAA2A3EDB0FC93F74
:10ABB00010B54FF00E402DED028BB0EE408A18EE2E
:10ABC000104A00EB4400B0F1506F4AD84FF0FC40FF
:10ABD000B0EB440F22D2B0EEC80AF7EE000A30EE16
:10ABE000C00AF6EE000A60EE208A18EE900A00F025
:10ABF000E1F901EE100A14F0004F1DBFDFED2D0A40
:10AC00009FED2D0AB1EE411ADFED2C0A08BF9FED32
:10AC10002C0AF8EE001A21EE218A05E0DFED290A60
:10AC200068EE088AB0EE600A9FED271ADFED271A5A
:10AC300030EE080A48EE811A9FED251A08EEA11A97
:10AC4000DFED241A48EE811A9FED231A08EEA11AAF
:10AC500068EE281ABDEC028B01EE810A30EE200A64
:10AC600010BD4FF0E440B0EB440F0CD918EE100AC1
:10AC7000FFF7FEFE042808BF00F094F9B0EE480A82
:10AC8000BDEC028B10BD4FF07F40B0EB440F07D2FC
:10AC9000B0EE480ABDEC028BBDE8104000F074B97C
:10ACA0000120F5F7CAFCBDEC028BBDE8104000F0B6
:10ACB00071B900000000C9BF22AAFDB90000C93F58
:10ACC00022AAFD390000000024FE1C3DC78AD83CA2
:10ACD0001E67383D1B93993DAFAA2A3E70B54FF0D1
:10ACE00068422DED048BF0EE408A18EE900AB0EE2B
:10ACF000608A18EE101A02EB4003B3F1654F3CBFB7
:10AD000002EB4102B2F1654F7DD200BFC0F3C753E1
:10AD1000C1F3C7529A1A1B2A09DD10F0004F14BF65
:10AD20009FED830A9FED830ABDEC048B70BD12F189
:10AD30001A0F36DA11F0004F09D010F0004F0CBF97
:10AD40009FED7D0A9FED7D0ABDEC048B70BD88EE02
:10AD5000889A19EE100AFFF78BFE042808BF00F04E
:10AD600021F918EE900AFFF783FE054618EE100A47
:10AD7000FFF77EFE044619EE100AFFF779FE042D58
:10AD800018BF052D08D1042C18BF052C04D10028AC
:10AD900004BF0220F5F751FCB0EE490ABDEC048B6C
:10ADA00070BD4200B2EB410F3AD910F0004F19BF0D
:10ADB000DFED630A9FED630ADFED630A9FED630A2F
:10ADC000B0EE481A0A46B1EE688A80F00041F0EE13
:10ADD000418A10460A1A5200B2F1807F34D24840AC
:10ADE00010F0004FDFED5A1A9FED5A2A1DBFBEEE3C
:10ADF000001A70EEE10A30EE420AB6EE001A08BF01
:10AE000070EEA10A00E040E008BF30EE020AB0EEAA
:10AE1000682A01EE482A08EE818AC2EE081A15E077
:10AE200011F0004F04BF9FED4C0AF0EE400AD1D064
:10AE300010F0004F19BFDFED490A9FED490ADFED21
:10AE4000490A9FED490AC5E7C8EE881A21EEA11A02
:10AE50009FED462ADFED462A41EE022A9FED452A64
:10AE600001EE222ADFED442A41EE022A9FED432A19
:10AE7000BDEC048B01EE222A21EE811A01EE020ABA
:10AE800030EE210A30EE200A70BD4FF07F42B2EB67
:10AE9000400F28BFB2EB410F09D2F0EE480AB0EEE6
:10AEA000680ABDEC048BBDE8704000F070B840EA61
:10AEB00001035B0008BF41F0FF410BD0B2EB400F34
:10AEC00008BFB2EB410F08D120F0804008EE900A95
:10AED00021F0804108EE101A18E7B2EB400F12BFC4
:10AEE0005FEA410340F0FF4001F000413FF40EAF44
:10AEF000B2EB410F12BF5FEA400200F0004041F0A8
:10AF0000FF413FF403AF4A0092EA40033FF5FEAE33
:10AF1000002AACBF9FED1A0A9FED1A0A68EE808ADC
:10AF200028EE008A18EE900A18EE101AEEE60000DD
:10AF3000DB0FC9BFDB0FC93FDB0F4940DB0F49C047
:10AF40000000C9BF22AAFDB90000C93F22AAFD39ED
:10AF50000060ED3EC30ACE3700000000000049C08B
:10AF600022AA7DBA0000494022AA7D3A2DAD65BDD6
:10AF70008FB8D53D0FB511BE61C84C3EA8AAAABE78
:10AF80000000804F0000802F30EE000A704730EE46
:10AF9000200A7047DFED020A80EEA00A7047000029
:10AFA000000000009FED020A20EE000A704700003A
:10AFB0000000001010B500EE100A2DED028BB1EE6E
:10AFC000C08A18EE100A20F00040C0F1FF40C00F08
:10AFD0000AD010EE100A20F00040C0F1FF40C00F70
:10AFE00004BF0120F5F729FB18EE100ABDEC028B17
:10AFF00010BDF1EE100A4FF6FF71C0F2C03120EA29
:10B00000010040F04070E1EE100A704738B00008CF
:10B010009157000802000000000000000008000036
:10B0200074040024742400240000000001020304BE
:10B03000010203040607080953746172745F494EE4
:10B04000535F5461736B0049444C450080B0000865
:10B050000000002468010000300300087CB00008F4
:10B0600000000020003C000090030008D0B0000861
:10B0700068010024982E00009003000800000000E2
:10B0800020153333EB3A58A08B3A5AF8F63F5D89D6
:10B090006EBFD5A9183B031A803F09711C0808121E
:10B0A00050C347CDCCCC3D0409531C110B1AC842E8
:10B0B0001C113C90D00304112396440312A0413488
:10B0C000FA440132101AAA014100000000000000F9
:04000005080002CD20
:00000001FF
