:020000040800F2
:1000000078700020290300086F480008F7380008BE
:100010006D480008150A0008095E0008000000008D
:10002000000000000000000000000000690200085D
:10003000610D000800000000C50200084D540008D2
:100040004303000843030008430300084303000878
:100050004303000843030008430300084303000868
:100060004303000843030008430300084303000858
:10007000B10C0008430300084303000843030008D1
:100080004303000843030008430300084303000838
:100090006D0A0008790A00084303000843030008BA
:1000A0004303000843030008430300084303000818
:1000B0004303000843030008430300084303000808
:1000C00043030008430300084303000843030008F8
:1000D000430300084303000843030008E55D0008EC
:1000E00043030008430300084303000843030008D8
:1000F00043030008430300084303000843030008C8
:1001000043030008430300084303000843030008B7
:1001100043030008430300080D550008430300088B
:100120004303000843030008430300084303000897
:100130004303000843030008430300084303000887
:10014000E10A0008ED0A0008430300084303000821
:10015000430300084303000843030008FD5D000853
:100160004303000843030008430300084303000857
:100170004303000843030008430300080000000095
:10018000430300084303000800F002F800F05CF8A5
:100190000AA090E8000C82448344AAF10107DA45E2
:1001A00001D100F051F8AFF2090EBAE80F0013F0D8
:1001B000010F18BFFB1A43F001031847C492000057
:1001C000E49200000A444FF0000C10F8013B13F0D9
:1001D000070408BF10F8014B1D1108BF10F8015BA0
:1001E000641E05D010F8016B641E01F8016BF9D193
:1001F00013F0080F1EBF10F8014BAD1C0C1B09D1EA
:100200006D1E58BF01F801CBFAD505E014F8016B5B
:1002100001F8016B6D1EF9D59142D6D370470000ED
:100220000023002400250026103A28BF78C1FBD8FF
:10023000520728BF30C148BF0B6070471FB509F097
:1002400054F81FBD10B510BD00F0E4F91146FFF7DA
:10025000F5FF06F0D9FB00F002FA03B4FFF7F2FF56
:1002600003BC00F005FA00002C4B19680868B0E8E0
:10027000F04F80F30988BFF36F8F4FF0000080F3D9
:10028000118870470000000008480068006880F38B
:1002900008884FF0000080F3148862B661B6BFF39F
:1002A0004F8FBFF36F8F00DF00BF00BF08ED00E08E
:1002B000DFF80C00016841F470010160704700BF75
:1002C00088ED00E0EFF30980BFF36F8F134B1A68DE
:1002D0001EF0100F08BF20ED108A20E9F04F1060CB
:1002E00009B44FF0500080F31188BFF34F8FBFF374
:1002F0006F8F07F071FD4FF0000080F3118809BC8B
:1003000019680868B0E8F04F1EF0100F08BFB0EC95
:10031000108A80F30988BFF36F8F70473000002088
:10032000EFF30580704700000948804709480047FF
:10033000FEE7FEE7FEE7FEE7FEE7FEE7FEE7FEE795
:10034000FEE7FEE704480549054A064B70470000F2
:10035000FD54000889010008786A002078700020A8
:10036000786C0020786C002053EA020C00F0698061
:100370002DE9F04B4FF00006002B1FBFB3FA83F5B9
:1003800003FA05F424FA05F65E4012BF1643B2FAEA
:1003900082F502FA05F4C5F120051EBF22FA05FC1C
:1003A00044EA0C04203556EA044C4FEA144418BFC2
:1003B000641C4FF000084FF00009904271EB030CF1
:1003C00039D3002919BFB1FA81F701FA07F6B0FA5B
:1003D00080F700FA07F6C7F120071EBF20FA07FCD6
:1003E00046EA0C062037B6FBF4FCA7EB0507103FE6
:1003F00007F01F0BCBF120060CFA0BFB2CFA06F6CC
:1004000044BFB3460026202FA4BF5E464FF0000B2A
:100410005BEA060C08BF4FF0010B19EB0B09ABFBB5
:10042000027C48EB0608C01B06FB02CC0BFB03CC8E
:1004300071EB0C01C1E70B46024641464846BDE858
:10044000F08B13B54FF000004FF00001AFF30080C8
:10045000BDE81C407047032A40F2308010F0030CC6
:1004600000F0158011F8013BBCF1020F624498BF07
:1004700011F801CB00F8013B38BF11F8013BA2F1A4
:10048000040298BF00F801CB38BF00F8013B11F01F
:10049000030300F06280083AC0F0088051F8043B82
:1004A000083A51F804CBA0E80810F5E7121D5CBF2C
:1004B00051F8043B40F8043BAFF30080D20724BF5F
:1004C00011F8013B11F801CB48BF11F8012B24BFF3
:1004D00000F8013B00F801CB48BF00F8012B704742
:1004E00002F0FF0343EA032242EA024200F069B845
:1004F0004FF0000200B5134694469646203922BFBD
:10050000A0E80C50A0E80C50B1F12001BFF4F7AF07
:10051000090728BFA0E80C5048BF0CC05DF804EBE9
:10052000890028BF40F8042B08BF704748BF20F857
:10053000022B11F0804F18BF00F8012B7047704755
:100540007047704710B500F05DF8006810BD10B539
:10055000044600F057F8046010BD10B5203AC0F012
:100560000B80B1E81850203AA0E81850B1E81850B4
:10057000A0E81850BFF4F5AF5FEA027C24BFB1E8F1
:100580001850A0E8185044BF18C918C0BDE8104062
:100590005FEA827C24BF51F8043B40F8043B08BF6B
:1005A0007047D20728BF31F8023B48BF11F8012B32
:1005B00028BF20F8023B48BF00F8012B70474FF0DE
:1005C00000020429C0F0128010F0030C3FF492AF37
:1005D000CCF1040CBCF1020F18BF00F8012BA8BF2E
:1005E00020F8022BA1EB0C01FFF784BF5FEAC17C6E
:1005F00024BF00F8012B00F8012B48BF00F8012BA5
:100600007047000000487047186A00200048704793
:10061000186A00207546FFF7F9FFAE4605006946E7
:10062000534620F00700854618B020B5FFF78AFE34
:10063000BDE820404FF000064FF000074FF00008E3
:100640004FF0000B21F00701AC46ACE8C009ACE864
:10065000C009ACE8C009ACE8C0098D46704710B5C8
:100660000446AFF300802046BDE81040FFF7F5BD1B
:1006700001491820ABBEFEE72600020070470000CB
:1006800010B52DED048BB0EE408AF0EE608A9FED40
:10069000150B9FED129B53EC102B51EC180B08F02F
:1006A0008FFB07D253EC192B51EC180B08F07CF997
:1006B00041EC180B53EC192B51EC180B08F028FAED
:1006C0009FED0A1B53EC112B08F0B6FB08F03AF92A
:1006D000BDEC048B00EE100A10BD0000000000000D
:1006E00000807640000000000000000000000000D4
:1006F00000FFBF4010B50021084600F0FFF80120C0
:1007000001F006F90021084600F0F8F81E2801D093
:10071000012010BD0022B6217E2000F053F93220C6
:1007200001F0F6F8002204217D2000F04BF90520AD
:1007300001F0EEF800221146412000F043F90022BA
:100740000A21402000F03EF90A2001F0E1F80020E3
:1007500010BD00007CB51C4D044600221021284627
:1007600001F0E0F90A23012218A1194802F06AF900
:100770000A2307226946164802F0BAF8012210211E
:10078000284601F0CFF9BDF90110BDF9030000EED4
:10079000101ABDF90520F8EEC00A9FED0E0A60EEB2
:1007A000800AC4ED000A00EE900AF8EEE00A60EE5E
:1007B000800AC4ED010A00EE902AF8EEE00A20EE6D
:1007C000800A84ED020A7CBD000002409200000015
:1007D000E80200209BFFBF3830B500242DED028BCE
:1007E00083B09FED0E8A4FF47A75684600F01CF8CE
:1007F0009DED020A012030EE088A01F089F8641CA0
:10080000AC42F2DB07489FED060AC8EE000AC0EDD5
:10081000080A03B0BDEC028B30BD000000000000F0
:1008200000007A44DC6900207CB51C4D044600229F
:100830000121284601F076F90A23012218A119485E
:1008400002F000F90A2306226946164802F050F821
:1008500001221146284601F065F9BDF90010BDF9E5
:10086000020000EE101ABDF90420F8EEC00A9FED58
:100870000E0A60EE800AC4ED000A00EE900AF8EE5F
:10088000E00A60EE800AC4ED010A00EE902AF8EE5C
:10089000E00A20EE800A84ED020A7CBD00040240DA
:1008A00082000000E8020020D6FF793D10B5FFF776
:1008B00021FF28B90121002000F020F80F2801D0E5
:1008C000012010BD0122B621142000F07BF8142075
:1008D00001F01EF801220021112000F073F801221E
:1008E00000210F2000F06EF801220221102000F0FC
:1008F00069F80A2001F00CF8002010BD2DE9F04144
:10090000124E134F0C0005464FF0000217D0012184
:100910004FEA070001F006F945F0800004F090FB73
:10092000FF2004F08DFB05464FF0010254B1012178
:100930004FEA070001F0F6F82846BDE8F0811021E3
:100940003046E7E710213046F4E70000000002409F
:10095000000402407CB5194E6D460224002210218D
:10096000304601F0DFF8A2208DF804000A230122AE
:1009700001A9134802F066F80A23224629461048C6
:1009800001F0B6FF01221021304601F0CBF89DF8AE
:1009900001009DF80010C00040EA5110B0F5806FD2
:1009A00001D3A0F5006000EE100AB4EE001AF8EED4
:1009B000C00AB3EE070A00EE810A7CBD00000240C7
:1009C000E80200202DE9F0411400104E104F884637
:1009D00005464FF0000213D00121384601F0A2F87D
:1009E00005F07F0004F02CFB404604F029FB4FF09B
:1009F000010244B101213846BDE8F04101F092B84E
:100A000010213046EAE710213046F5E700000240A9
:100A100000040240FEE7000010B58AB00020012467
:100A2000CDE906400590049044F2C000009044F2E5
:100A3000A00001904FF482400290089444F2E0003C
:100A400003906946084800F037FA44F2200000900D
:100A5000019005940290CDE903046946024800F034
:100A60002BFA0AB010BD000044020020014800F03B
:100A700024BB000044020020014800F01EBB00001F
:100A80004402002010B58AB001240020CDE90704FB
:100A90000E21CDE905140991049044F24000009024
:100AA00044F2200001904FF48140029044F2600033
:100AB00003906946094800F0FFF90F20CDE9044092
:100AC00044F2C00044F2A001CDE90001CDE90201E9
:100AD0006946024800F0F0F90AB010BD6C0200202F
:100AE000014800F0EABA00006C020020014800F062
:100AF000E4BA00006C02002030B589B0DDE90C5486
:100B0000029100210491059108210691110A8DF8A6
:100B100000108DF80120190A8DF80210290A8DF8AD
:100B200004108DF80550210A8DF806108DF8033059
:100B30008DF8074008AB6A4602A900F05FF909B0DA
:100B400030BD10B5044600F0F7FC0221204600F04D
:100B500043F908B100F005F91021204600F03CF9F6
:100B6000002803D0BDE8104000F0FBB810BD000025
:100B700070B506464FF6FF7000224AF201040FE0FE
:100B8000B35C58405FF0000310F0010F4FEA5000D3
:100B900000D060405B1CDBB2082BF5D3521CD2B2F4
:100BA0008A42EDD370BD0000F0EEC00A10EE900A4C
:100BB0000E499FED0D0AB2EE041A884206DA10EED5
:100BC000900A0B49884202DCB7EE000A704730EE0B
:100BD000C10A9FED081AC0EE010A9FED071AB7EE91
:100BE000000A00EEC10A70479A99193E000034428B
:100BF0000000204100000C429A99593F70B5264CE4
:100C0000264DA1F20123A04214D1191F042908D8AE
:100C1000C8B20B283FD2224B03EB401405EB001067
:100C200017E0032B37D8D9B2081DC0B20B2832D237
:100C30001C4B0AE01C4988422DD1052B2BD8D9B278
:100C4000481DC0B20B2826D2184B05EB001003EB51
:100C50004114017BB0F90E30002C1CD0A56945B9B8
:100C60001088002640BA208020812661012902D008
:100C7000A08211B108E0A38206E0322D04D2114611
:100C8000204605F0A9FE03E01146204605F070FE5F
:100C9000A069401CA06170BD44020020B00000208B
:100CA000DC4F0020DC4D00206C020020DC4E0020D8
:100CB000014800F0CFBC0000600400200168182348
:100CC000CAB2103AB2FBF3F2054B6FF30901032AE3
:100CD0009B5CC36500D9091D81650846704700000B
:100CE000E493000810B5014600208B698A6A4FF032
:100CF000C07453B1B3F5005F15D072B1012A0CD0A6
:100D0000022A0AD0032A09D104E01AB1012A06D026
:100D1000022A03D1C96AC90100D5012010BDC96AE0
:100D2000A142FAD010BD002AF7D0012AF2D0022A3F
:100D3000F3D0032AF3D010BD30B50468256825F43C
:100D400080252560046863608368402B036803D0B6
:100D500099600068C26030BD9A600068C16030BDB3
:100D6000704772B6FEE700002DE9F041174E184DAE
:100D7000184F00242DED028B9FED138A05EB4410D4
:100D800090ED040AB0EEC00A10EE101AB14212DB68
:100D9000D0ED050A07EB441090ED070A30EEC00ACB
:100DA00005F06EFEB0EEC00AB4EEC80AF1EE10FA1D
:100DB00001DDB0EE408A641C042CDFDBB0EE480A93
:100DC000BDEC028BBDE8F08100000000CDCC4C3DB5
:100DD000CC660020DC4F002090F82020012A07D0AC
:100DE000022A05D0416A41F4802141620120704706
:100DF000006842690A43426100207047F0B590F8EC
:100E000020500468A468012D05D0022D03D0416A4A
:100E100041F480214DE014F0406F01D1E50045D54B
:100E2000C4F301640125A5401D608D684FF4C073B3
:100E30009DB1CE6835434E6845EAC605066803EBAA
:100E40000417F5514FF4C275076805EB04150E69D8
:100E50007E51097D012905D009E00E88CD6845EA5B
:100E60004655EBE701684E5946F480764E511179AC
:100E7000D2F805504FF4C67641EA0521056806EB25
:100E80000416A9511178D2F801204FF4C47541EA33
:100E90000221026805EB04155151006803EB0411AF
:100EA000425842F0010242500020F0BD416A41F434
:100EB000001141620120F0BD10B590F82020012AF8
:100EC00007D0022A05D0416A41F480214162012005
:100ED00010BD3B48D0F8002242F00102C0F80022C9
:100EE000D0F8002222F47C52C0F80022D0F8002270
:100EF0004B6A42EA0322C0F800220A7D02F01F0377
:100F000001229A40D0F81C329343C0F81C32CB69BE
:100F1000B3B9D0F80C329343C0F80C328C894B68CB
:100F200064F31F434C6900EBC404C4F840320C89DD
:100F30000B6864F31F434C6900EBC404C4F84432EB
:100F4000CB69012B16D1D0F80C321343C0F80C3208
:100F50000C884B6864F31F434C6900EBC404C4F86D
:100F600040320C89CB6864F31F434C6900EBC40426
:100F7000C4F844328B69002BD0F804320ED01343EE
:100F8000C0F804320B69002BD0F8143208D0134398
:100F9000C0F81432096A012904D008E09343EFE74E
:100FA0009343F5E7D0F81C121143C0F81C12D0F897
:100FB000001221F00101C0F80012002010BD000055
:100FC00000640040704770B590F82040012C05D0B7
:100FD000022C03D0416A41F4802128E0046809B35F
:100FE0002469A40720D04FF4D874056804EB0114D9
:100FF0002D5915F00405956005682D591AD0ED0896
:10100000556005682C5904F00204D4604FF4DA747A
:10101000056804EB01142E5906F00F06082E0CD3B8
:1010200008250DE0E468DCE7416A41F40011416203
:10103000012070BD6D0D1560E3E72D5905F00F051A
:10104000156105682D59C5F30725956105682C596B
:10105000240C54614FF4DC72046802EB0112A458B2
:101060001C700468A458240A5C700468A458240CFA
:101070009C700468A258120EDA704FF4DE72046895
:1010800002EB0112A4581C710468A458240A5C7174
:101090000468A458240C9C710468A258120EDA71DA
:1010A000006829B1016941F020010161002070BD93
:1010B000C16841F02001C160F8E72DE9F05F054605
:1010C000006800244669D0F804908768D0F80CB016
:1010D000D0F810A0D0F81880F10748D0F90714D044
:1010E00001218160B80703D5284600F052FA0CE0D0
:1010F000780702D54FF4006407E0380702D54FF4B3
:10110000805402E0284600F043FAF80516D5296815
:101110004FF480708860B80503D5284600F03BFA8C
:101120000CE0780502D544F4005407E0380502D5F8
:1011300044F4804402E0284600F02CFAF80316D567
:1011400029684FF480308860B80303D5284600F042
:1011500024FA0CE0780302D544F4004407E0380395
:1011600002D544F4803402E0284600F015FA300736
:1011700007D55FEACB6004D52968102044F40074D9
:10118000C86070074FF0080707D55FEA0B7004D5F9
:101190002868C760284600F0A9F9B00706D5286876
:1011A000C068800702D0284600F0A1F9700607D574
:1011B0005FEACA6004D52968102044F4806408619D
:1011C000B00607D55FEA0A7004D52868076128468B
:1011D00000F09EF9F00606D528680069800702D065
:1011E000284600F096F9B00308D55FEAC96005D536
:1011F000296810204860284600F09CF9F00307D5C4
:101200005FEA097004D528684760284600F0C6F9EF
:10121000300446D55FEA497040D5F00504D55FEA51
:10122000C87001D044F00104B00504D55FEA8870AD
:1012300001D544F00204700504D55FEA487001D579
:1012400044F00404300529D518F0700F26D008F0BA
:101250007000402815D006DC102809D020280AD0BC
:10126000302816D10AE050280ED0602811D10EE0A7
:1012700044F008040DE044F010040AE044F02004B7
:1012800007E044F0400404E044F0800401E044F44A
:1012900080742868816921F07001816129680420C7
:1012A0004860002C05D0686A204368622846FFF732
:1012B00089FEBDE8F09F70B5040003D094F82000CB
:1012C00010B104E0012070BD204600F081F82068D4
:1012D000016841F00101016000F02AFC0546052685
:1012E00004E000F025FC401B0A2811D82068406863
:1012F000C007F6D02068016821F00201016000F00B
:1013000017FC05460BE000F013FC401B0A2806D929
:10131000606A40F40030606284F82060D2E72068A0
:1013200040688007EFD4207E0128206801683DD006
:1013300021F080010160607E01282068016838D0BA
:1013400021F040010160A07E01282068016833D0AF
:1013500021F020010160E07E0128206801682ED084
:1013600041F010010160207F01282068016829D028
:1013700021F008010160607F01282068016824D005
:1013800021F004010160D4E902010843D4E9041208
:10139000114308436168491E08432168C861002061
:1013A0006062012084F82000002070BD41F08001BF
:1013B000C0E741F04001C5E741F02001CAE721F054
:1013C0001001CFE741F00801D4E741F00401D9E76B
:1013D000F0B587B0044614216846FFF789F83E4B04
:1013E0003E48DFF8F0E01968D4F800C03B4A032516
:1013F0000226092710300024491CF4452AD119601F
:10140000012907D1016841F000710160006800F016
:1014100000700590106840F0080010601068CDE979
:10142000005600F00800CDE9047069462C48CDE96B
:10143000024500F07FFA00220521142000F0BEFED4
:10144000142000F0ADFE00220521152000F0B6FEAC
:1014500015203AE0DFF88CE0F44538D1D0F800C030
:101460004CF0806CC0F800C0D0F800C001290CF02E
:10147000806CCDF814C0196007D1016841F000718B
:101480000160006800F000700590106840F00200F4
:101490001060106802AB00F0020005906020CDE9FA
:1014A000000683E8B00069460F4800F043FA0022C6
:1014B0000521402000F082FE402000F071FE002255
:1014C0000521412000F07AFE412000F069FE07B0BE
:1014D000F0BD0000006400401C00002030380240D5
:1014E000000C02400068004000040240704710B544
:1014F0008AB0044607AB6A460021FFF764FD002866
:1015000004D107AA20460099FFF778FB0AB010BD66
:10151000704710B58AB0044607AB6A460121FFF751
:1015200052FD002804D107AA20460099FFF766FB68
:101530000AB010BD7047000070B5044690F8200056
:10154000012804D0606A40F40020606218E00220A4
:1015500084F820002068016821F00101016000F09A
:10156000E7FA05460EE000BF00F0E2FA401B0A2849
:1015700008D9606A40F400306062052084F82000D9
:10158000012070BD20684068C007EDD1606270BD69
:1015900070477047704770477047704770472DE934
:1015A000F0410446876D00F0C3FA064694F8350012
:1015B0000025022806D08020606584F83450012080
:1015C000BDE8F0812068016821F016010160206803
:1015D000416921F080014161206C08B9A06C20B103
:1015E0002068016821F0080101602068016821F08D
:1015F000010101600CE000F09BFA801B052807D96F
:1016000020206065032084F8350084F83450D7E743
:1016100020680068C007EED194F85C103F20884035
:10162000B860012084F8350084F834500020C7E702
:1016300090F83510022903D08021416501207047C0
:10164000052180F835100068016821F00101016072
:10165000002070472DE9F84304464FF00009CDF80B
:10166000009063484FF41651A56D0068B0FBF1F788
:101670002E6894F85C10082000FA01F131420FD076
:1016800021680A6852070BD50A6822F004020A6032
:1016900094F85C108840A860606D40F001006065BF
:1016A00094F85C104FF0010808FA01F0304208D0BD
:1016B00021684969090604D5A860606D40F0020000
:1016C000606594F85C1004208840304208D021689E
:1016D0000968890704D5A860606D40F00400606562
:1016E00094F85C1010208840304218D021680968B6
:1016F000090714D5A86020680168490304D500686B
:10170000000308D5A16C07E00168C90503D401688E
:1017100021F008010160216C09B12046884794F846
:101720005C1020208840304231D021680968C90609
:101730002DD5A86094F8350005282068016806D0EA
:10174000490347D5006800031DD4616C1CE021F0FB
:10175000160101602068416921F080014161206C1F
:1017600008B9A06C20B12068016821F0080101606F
:1017700094F85C103F208840A86084F8358084F895
:101780003490216D1FE0E16B09B120468847606D00
:1017900000282BD0606DC00714D0052084F83500D8
:1017A0002068016821F0010101600098401C009050
:1017B000B84203D820680068C007F6D184F83580A5
:1017C00084F83490E16C002910D001B02046BDE8C7
:1017D000F04308470168C905D5D4016821F010011C
:1017E000016084F8358084F83490CCE7BDE8F88354
:1017F0002C0000202DE9F041044600F099F906463E
:101800005CB1022084F83500002584F8345020684B
:10181000016821F0010101600DE00120BDE8F081C7
:1018200000F086F9801B052805D92020606503207B
:1018300084F83500F2E720680068C007F0D122681C
:10184000116820480140D4E901031843D4E9033664
:101850003343184363691843A3691843E369184382
:10186000236A18430843616A042903D1D4E90B139E
:1018700019430843106020684069666A20F0070138
:1018800030460E43012704280CD1A06A0643E06AC3
:1018900040B12046FFF726FA20B14020606584F869
:1018A0003570BAE7206846612046FFF707FA94F8DA
:1018B0005C203F2191408160656584F8357000208F
:1018C000ACE700003F8010F070B5044690F834009B
:1018D000002501280CD0012084F8340094F83560EC
:1018E0000020012E06D084F834000225284670BD61
:1018F000022070BD022684F8356060652046FFF73F
:101900001BFA2068016841F001010160EEE7000068
:1019100070B5044600F00CF90546601C02D004487E
:101920000078044400F004F9401BA042FAD370BDD3
:10193000200000202DE9F84FDFF8BCA1002201258E
:1019400003264FF00F090AF1040BAAF1040E00BFA1
:101950000B6805FA02F42340A34270D10F7907F017
:101960000307012F01D0022F16D187684FEA4208E2
:1019700006FA08FC27EA0C07D1F80CC00CFA08FCA0
:101980004CEA070CC0F808C04768A7430C79C4F3B9
:10199000001494403C4344600C79E443A4070AD00B
:1019A000C4684FEA420C06FA0CF7BC438F6807FA8A
:1019B0000CF72743C7600C7904F00304022C12D102
:1019C000D40800EB840CDCF820405707FF0E09FA1E
:1019D00007F824EA0804D1F8108008FA07F848EA62
:1019E0000408CCF8208004684FEA420C06FA0CF791
:1019F000BC430F7907F0030707FA0CF7274307608A
:101A00004C6814F4403F70D03C4C276847F4804742
:101A10002760246822F0030704F480440094384CC3
:101A200007EB040CDCF8084897074FEA177809FA27
:101A300008F7BC43334FB84202D1002724E054E0FA
:101A4000314FB84201D101271EE0304FB84201D1D9
:101A5000022719E02E4FB84201D1032714E02D4F81
:101A6000B84201D104270FE02B4FB84201D105271E
:101A70000AE02A4FB84201D1062705E0284FB842B4
:101A800001D1072700E0082707FA08F72743CCF819
:101A90000878DAF800405746D1F804C09C435FEA62
:101AA000CC2C00D51C433C60DBF800405F46D1F8ED
:101AB00004C09C435FEA8C2C00D51C433C60DEF8DC
:101AC00000407746D1F804C09C435FEA8C3C00D5C7
:101AD0001C433C60084F083F3C68D1F804C09C435D
:101AE0005FEACC3C00D51C433C60521C102AFFF43A
:101AF0002FAFBDE8F88F0000083C01404438024099
:101B00000030014000000240000402400008024092
:101B1000000C024000100240001402400018024075
:101B2000001C02400AB1816170470904FBE7000014
:101B300001488068704700002000002070B5040054
:101B400025D094F83D00002520B984F83C5020466B
:101B500000F052FA242084F83D002068016821F04A
:101B6000010101602068016841F4004101602068C2
:101B7000016821F40041016000F00CFC4D4A6168ED
:101B8000914201D84C4900E04C49884201D20120E1
:101B900070BD4B492368B0FBF1F15E6826F03F064B
:101BA0000E435E606368934206D94FF496735943BF
:101BB0004FF47A73B1FBF3F12368491C1E6A26F0D7
:101BC0003F06314319626168914210D84900401EB6
:101BD000B0FBF1F2521CC2F30B02042A01D2042022
:101BE00022E0B0FBF1F0401CC0F30B001CE0A26847
:101BF000F2B301EBC10303EB0116431EB3FBF6F393
:101C00005B1C43F480431B0549D092B301EBC10236
:101C100002EB0111401EB0FBF1F0401CC0F30B00C1
:101C200040F4804040F400402168CA694CF6FF73DC
:101C30009A431043C861D4E9071001432068026841
:101C400022F0C00211430160D4E90301014320687E
:101C5000826848F2FF339A4311438160D4E9050159
:101C600008432168CA6822F0FF021043C86001E0FF
:101C70000EE016E02068016841F001010160256472
:101C8000202084F83D00256384F83E50002070BD7C
:101C900001EB4106431EB3FBF6F35B1CB3E70120E7
:101CA000C2E701EB4101401EB0FBF1F0401CC0F364
:101CB0000B00B7E7A086010080841E0000093D00EC
:101CC00040420F002DE9FF4F83B09A46DDE91187AE
:101CD00093460446DDF84090FFF72AFF054694F846
:101CE0003D00202870D11923012274492046009517
:101CF00001F018FF0028F5D194F83C00012863D0CA
:101D0000012084F83C0020680168C90703D10168FC
:101D100041F0010101602068016821F40061016067
:101D2000222084F83D00402084F83E0000262664EE
:101D3000C4F82490A4F82A80608D20856048E06271
:101D4000CDE9007553465A462046049901F0ECFD52
:101D5000002879D1208DD0B1012821D00228206817
:101D600024D0416980690090208D032866D801281D
:101D70002BD0544902283B464FF00002009557D023
:101D80008846204601F0CEFE00285DD13AE020686A
:101D9000416981690091016841F4007101607DE051
:101DA0002068016821F480610160F0E7016821F496
:101DB000806101602068016841F400610160206871
:101DC00041698069009069E075E02A4639462046FD
:101DD00001F04EFF88BB54E02068016841F40071B7
:101DE000016020680069616A0870606A401C606276
:101DF000218D491E2185618D491E618521680969F2
:101E0000017042E02068016821F48061016020686F
:101E10000069616A0870606A401C6062208D401E23
:101E20002085608D401E60853B460022414600951E
:101E3000204601F077FE00B9CEE705E02A46394694
:101E4000204601F015FF18B1012007B0BDE8F08F62
:101E500020680069616A0870606A401C6062208DB9
:101E6000401E81B22185608D401E608520684269D8
:101E7000D243520712D4032903D1016821F48061AF
:101E8000016020680069616A0870606A401C6062D5
:101E9000208D401E2085608D401E6085208D00288D
:101EA0007FF462AF202084F83D0084F83E6084F81F
:101EB0003C600020C9E70220C7E7000002001000D4
:101EC0000000FFFF040001002DE9FF4F83B09A4698
:101ED000DDE9119793460446DDF84080FFF728FEC0
:101EE000054694F83D0020287FD11923012240495E
:101EF0002046009501F016FE002876D194F83C00AB
:101F0000012872D0012084F83C0020680168C907CC
:101F100003D1016841F0010101602068016821F4EA
:101F200000610160212084F83D00402084F83E00DB
:101F300000262664C4F82480A4F82A90608D2085A9
:101F40002C48E062CDE9007553465A462046049974
:101F500001F068FD70B930E02A463946204601F0AC
:101F6000BFFE58B1206C042804D12068016841F4F8
:101F700000710160012007B0BDE8F08F606A216840
:101F800000780861606A401C6062218D491E89B238
:101F90002185628D521E628522685369DB435B078F
:101FA0000BD469B100781061606A401C6062208DBA
:101FB000401E2085608D401E6085208D0028CBD17D
:101FC0002A463946204601F081FD0028CAD154F83E
:101FD0003D0B016841F400710160202004F81E09E6
:101FE000E67766770020C6E7FFE70220C3E7000038
:101FF000020010000000FFFFF0B587B00446142176
:102000006846FEF775FA1D492068884233D11C489E
:102010000024016841F004010160016801F004013D
:102020000591016841F0010101600068122500F08E
:10203000010005904FF40070CDE9000502AA0326C7
:10204000042782E8D00069460E48FFF773FCB80108
:10205000CDE9000502AA694682E8D0000A48FFF7E8
:1020600069FC07481030016841F400010160006814
:1020700000F40000059007B0F0BD0000005C0040D7
:1020800030380240000802400000024002488168E7
:102090000278114481607047200000200B4810B581
:1020A000016841F400710160016841F480610160E0
:1020B000016841F480710160032000F09FF8002066
:1020C00000F006F800F050F8002010BD003C02407F
:1020D00030B505461F4887B00024016841F0100163
:1020E0000160006806A900F01000009001A800F04F
:1020F00031F90498A8B100F04DF940001649174A8B
:10210000B0FBF1F11648491E026040F2E732C0E927
:102110000324C0E90114846100F0B4FE040003D07C
:1021200015E000F037F9E9E70D4800F035FF04004D
:102130000DD1362000F034F8102D07D200222946A8
:10214000362000F03BF80748056000E0012407B0A6
:10215000204630BD4038024040420F000010004091
:10216000C0040020240000200C4882B0016841F423
:1021700080410160006800F4804000900748001F23
:10218000016841F0805101600068002200F0805039
:1021900000900F21901E02B000F010B844380240A9
:1021A000002809DB00F01F02012191404009800056
:1021B00000F1E020C0F8001170470000F0B40E4BB1
:1021C0001B680C46C3F30223C3F10705042D00D995
:1021D0000425191D072901D2002300E0DB1E01267A
:1021E00006FA05F1491E214099409E40761E164090
:1021F0003143F0BC03F01CBE0CED00E0064900F0DA
:10220000070208684FF6FF03184040EA0220034A1D
:1022100010430860704700000CED00E00000FA0574
:102220002DE9F0470E46050065D0DFF81481D8F897
:102230000000F7B200F00700B04207D288F8007043
:10224000D8F8000000F00700B04254D128683D4C97
:10225000810712D5400703D5206840F4E050206084
:102260002878000703D5206840F46040206020688B
:10227000A96820F0F000084320602878C0072DD01E
:10228000304968680839012812D0022813D0032881
:1022900011D00968890700292DDA216821F003018E
:1022A00001432160FFF744FC814641F2883A0EE089
:1022B00009688903EFE709688901ECE7FFF738FC53
:1022C000A0EB0901514502D90320BDE8F087206841
:1022D000696800F00C00B0EB810FEFD1D8F8001066
:1022E000404601F00701B14207D90770006800F0CD
:1022F0000700B04201D00120E7E72878400705D564
:102300002068E96820F4E05008432060287800073E
:1023100006D52068296920F4604040EAC1002060A9
:1023200000F058F82168084AC1F30311515CC84015
:102330000649086006480068FFF7CAFE0020C4E7A7
:10234000003C024008380240EC9300082C000020BA
:10235000240000200F2202600C4A136803F00303DC
:102360004360136803F0F0038360136803F4E053E1
:10237000C36012684FF4E05303EAD20202610448DA
:10238000006800F00700086070470000083802404D
:10239000003C02400448054900680968044AC1F34A
:1023A0008221515CC84070472C0000200838024050
:1023B000FC9300080448054900680968044AC1F311
:1023C0004231515CC84070472C0000200838024060
:1023D000FC930008154810B5006810F00C02144872
:1023E00013D01449042A0FD0082A0ED10F4C241FF1
:1023F0002268236802F03F025B0207D52068C0F321
:102400008810A0FB010106E0084610BD2168C1F359
:102410008811A1FB00010023FDF7A6FF2168C1F38D
:102420000141491C4900B0FBF1F010BD08380240E1
:102430000024F400001BB7002DE9F84F04006ED013
:102440002078DFF84C93C007A9F104054AD009F1C0
:1024500004000168C1F38101012908D00068C0F3BC
:10246000810002280AD1D9F80000400206D5286868
:10247000800337D560680028E1D033E06068B0F5AC
:10248000803F10D0B0F5A02F286810D020F4803005
:102490002860286820F4802028606068A8B1FFF7D1
:1024A00047FB06460DE0286840F48030F4E740F42E
:1024B00080202860F7E700BFFFF73AFB801B642805
:1024C00073D828688003F7D50CE0FFF731FB064688
:1024D00005E000BFFFF72CFB801B6428F0D82868BC
:1024E0008003F7D42078DFF8AC8280074FF0000A31
:1024F0003ED5A748001D016811F00C0F08D00068F8
:10250000C0F3810002280BD1D9F80000400207D4A3
:102510002868800716D5E068012800D112E033E171
:10252000E068B8B10120C8F80000FFF701FB0646DB
:1025300005E000BFFFF7FCFA801B0228C0D828681E
:102540008007F7D52868216920F0F80040EAC1002B
:1025500028600DE0C8F800A0FFF7EAFA064604E09C
:10256000FFF7E6FA801B02281FD828688007F7D4F7
:102570002078000722D5864F87486169703771B18E
:1025800001210160FFF7D4FA064604E0FFF7D0FA14
:10259000801B022809D838688007F7D50EE0C0F8FC
:1025A00000A0FFF7C5FA064605E082E0FFF7C0FA93
:1025B000801B02287DD838688007F7D42078400730
:1025C00068D5DFF8CCB100270BF13C0BDBF800003D
:1025D000C0000BD4DBF8001041F08051CBF80010A4
:1025E000DBF80000012700F0805000906B4E30684F
:1025F000C00510D4306840F480703060FFF798FA5E
:10260000009005E0FFF794FA0099401A022850D88C
:102610003068C005F6D55E4EA0686C3601280FD034
:102620000528306810D020F001003060306820F0BC
:1026300004003060A068B8B1FFF77AFA00900FE0AC
:10264000306840F00100F4E740F004003060F7E744
:10265000FFF76EFA0099411A41F28830814266D83C
:1026600030688007F4D50EE0FFF762FA009007E0CB
:10267000FFF75EFA0099411A41F28830814256D83C
:1026800030688007F4D42FB1DBF8001021F08051BE
:10269000CBF80010A069C8B33D49091D0968C1F312
:1026A000810102294AD00228504607D0C8F86000AC
:1026B00000E03CE0FFF73CFA04463BE04746C8F840
:1026C0006000FFF735FA064605E000BFFFF730FA75
:1026D000801B02282BD828688001F7D4D4E9070191
:1026E0000843A16A2E4A490802EB0141626A41EAA5
:1026F0008211084394F82C1040EA0161C9F80010D7
:1027000001203866FFF714FA044606E03EE000BFF9
:10271000FFF70EFA001B022809D828688001F7D5B8
:1027200034E000BFFFF704FA001B022802D903209F
:10273000BDE8F88F28688001F4D427E00128F7D09D
:10274000D9F80000E26900F4800191421CD1226AAC
:1027500000F03F01914217D147F6C071626A014013
:10276000B1EB821F10D1A26A4FF0FF3300F4403169
:1027700003EB5202B1EB024F06D194F82C1000F09B
:102780007060B0EB016F01D00120D1E70020CFE7EE
:102790000438024000004742800E4742007000406B
:1027A0000000FFFF70B5040009D0606A002540B149
:1027B00025616561A56294F8510040B10CE00120EB
:1027C00070BD6068B0F5827FF4D0E561F2E784F80F
:1027D0005050204600F044F8022084F85100206850
:1027E000016821F040010160A088218900F4827015
:1027F00001F404410843A18901F400610843217CEC
:1028000001F002010843217D01F001010843218B01
:1028100001F400710843217F01F03801084394F866
:10282000201001F080010843218D01F4005108437C
:1028300021680860A069042101EA104094F824107E
:1028400001F010010843216848602068C16921F443
:102850000061C1616565012084F85100002070BDF0
:10286000F0B587B0044614216846FDF741FE1C49C7
:102870002068884232D11B480024016841F480510D
:102880000160006800F48050059016481438016813
:1028900041F002010160016801F002010591016847
:1028A00041F0010101600068022500F0010005907F
:1028B0001820CDE9000502AA0326052782E8D000EA
:1028C00069460948FFF736F88020CDE9000502AADD
:1028D000694682E8D0000548FFF72CF807B0F0BD44
:1028E0000030014044380240000402400000024031
:1028F0002DE9F84F044690F851001D4616460F4644
:10290000012838D1002F77D0002E75D060684FF0A5
:102910000408B0F5827F01D1A06810B3FFF708F971
:10292000824694F85000012825D04FF0010984F820
:10293000509084F851804FF00008C4F85480A76389
:10294000A687E687C4F83080A4F83480A4F83680DF
:10295000C4F84080C4F84480A068B0F5004F0CD0A3
:1029600015E084F85180009313460A46204600F093
:102970001CF9BDE8F88F0220FBE72068016821F010
:10298000400101602068016821F4804101602068F5
:102990000168490603D4016841F040010160E06824
:1029A000C0B134E020688168C90709D0007BA16B01
:1029B0000870A06B401CA063E08F401EE08709E018
:1029C000FFF7B6F8A0EB0A00A84202D3681C01D0BA
:1029D00032E085B3E08F0028E4D11BE020688168F5
:1029E000C9070AD0C068A16B0880A06B801CA063D7
:1029F000E08F401EE0870AE01BE0FFF799F8A0EBAC
:102A00000A00A84202D3681C01D015E09DB1E08FF6
:102A10000028E3D152462946204602F0ADFA08B11B
:102A20002020606584F8519084F85080606D002803
:102A30009FD001209DE7FFE784F8519084F85080F3
:102A4000032096E72DE9F84F984616468A46044635
:102A5000FFF76EF8814694F8510001281ED1BAF1B3
:102A6000000F73D0002E71D094F85000012815D0BB
:102A7000012784F85070032084F851000025656513
:102A8000C4F830A0A686E686A563A587E5876564B9
:102A90002564A068B0F5004F03D00CE00220BDE82B
:102AA000F88F2068016821F040010160206801680A
:102AB00041F48041016020680168490603D401683F
:102AC00041F040010160E068B0F5006F606803D03C
:102AD00048B3012E27D047E008B1012E1FD1206B4B
:102AE00021680088C86006E020688168890709D5E8
:102AF000216B0988C160206B801C2063E08E401E22
:102B0000E0860CE0FFF714F8A0EB0901414503D380
:102B1000B8F1FF3F03D035E0B8F1000F32D0E08EBE
:102B20000028E1D123E0206B21680078087306E0DB
:102B30002068816889070AD5216B09780173206BA9
:102B4000401C2063E08E401EE0860DE02BE0FEF787
:102B5000EFFFA0EB0901414503D3B8F1FF3F03D0DC
:102B600010E0B8F1000F0DD0E08E0028E0D14A4609
:102B70004146204602F02EFA08B120206065A06888
:102B800030B109E084F8517084F85050032086E792
:102B90002068C1688068009084F8517004F8505F24
:102BA00060680028F3D0012079E72DE9FF4F81B05C
:102BB0001D46934604464FF001090E9EFEF7B8FFEE
:102BC000074694F851006168012806D0B1F5827F6C
:102BD0003CD1A168C9BB042838D10298002871D023
:102BE000BBF1000FFBD0002DF9D094F85000012864
:102BF0002CD04FF0010A84F850A094F8510004281A
:102C000002D0052084F851004FF00008C4F8548029
:102C1000C4F838B0E587A58702992163E586A586C3
:102C2000C4F84080C4F8448020680168490603D491
:102C3000016841F040010160E068B0F5006F606834
:102C400008D0F0B3012D49D081E0FFE7022005B0A4
:102C5000BDE8F08F08B1012D39D1206B21680088C3
:102C6000C860206B801C2063E08E401EE0862EE052
:102C70002068816889070FD5E18E69B1B9F1010F2C
:102C80000AD1216B0988C160206B801C2063E08E13
:102C9000401EE0864FF0000920688168C9070CD00B
:102CA000E18F51B1C068A16B0880A06B801CA0634C
:102CB000E08F401EE0874FF00109FEF739FFC01B8F
:102CC00001E00BE067E0B04201D3701C50D1E08E10
:102CD0000028CDD1E08F0028CAD13EE0206B2168CA
:102CE00000780873206B401C2063E08E401EE08655
:102CF0002DE02068816889070FD5E18E69B1B9F1AF
:102D0000010F0AD1216B09780173206B401C2063ED
:102D1000E08E401EE0864FF0000920688168C907F8
:102D20000CD0E18F51B1C068A16B0870A06B401C42
:102D3000A063E08F401EE0874FF00109FEF7F8FE28
:102D4000C01BB04202D3701C01D011E086B1E08EEE
:102D50000028CED1E08F0028CBD13A46314620461C
:102D600002F038F950B12020606584F8508012E0FC
:102D700084F851A084F85080032068E7A06818B94F
:102D80002068C1688068009084F851A084F8508061
:102D9000606D0028F1D0012059E77047704710B5E9
:102DA00090F83C20012A22D0012280F83C20CA68F9
:102DB0008C6822F4407222434C6822F480622243E1
:102DC0000C6822F4006222430C6922F480522243F0
:102DD0004C6922F400522243C969002322F4804244
:102DE0000A4301684A6480F83C30002010BD02208C
:102DF00010BD000070B590F83C20012A32D00124AB
:102E000080F83C40022280F83D2003685A689D68A3
:102E100022F070060A6832435A60134B02689A42E5
:102E200014D0B2F1804F11D0104B9A420ED0104BFB
:102E30009A420BD00F4B9A4208D00F4B9A4205D0C2
:102E40000E4B9A4202D00E4B9A4204D1496825F0AB
:102E500080031943916080F83D40002180F83C10C8
:102E6000084670BD022070BD000001400004004013
:102E700000080040000C00400004014000400140F8
:102E80000018004010B5040003D094F83D0010B1C4
:102E900007E0012010BD002084F83C00204600F02F
:102EA0001FF8022084F83D00211D206802F034FB49
:102EB000012084F8460084F83E0084F83F0084F83E
:102EC000400084F8410084F8420084F8430084F80C
:102ED000440084F8450084F83D00002010BD000047
:102EE00008B50C4A01680C48914207D1016841F0CD
:102EF00001010160006800F0010009E0074A914209
:102F000007D1016841F002010160006800F0020091
:102F1000009008BD00000140443802400004014018
:102F200090F83D10012901D001207047022180F85E
:102F30003D1000681149884214D0B0F1804F11D083
:102F40000F4988420ED00F4988420BD00E49884263
:102F500008D00E49884205D00D49884202D00D495B
:102F6000884204D1816801F00701062903D0016875
:102F700041F00101016000207047000000000140A5
:102F80000004004000080040000C00400004014024
:102F9000004001400018004090F83D10012901D088
:102FA00001207047022180F83D100168CA6842F094
:102FB0000102CA6000681149884214D0B0F1804F04
:102FC00011D00F4988420ED00E4988420BD00E49CD
:102FD000884208D00D49884205D00D49884202D068
:102FE0000C49884204D1816801F00701062903D009
:102FF000016841F0010101600020704700000140BC
:103000000004004000080040000C004000040140A3
:10301000004001400018004070B5044690F83C00A4
:103020000025012817D0012684F83C60022084F88E
:103030003D002068826822F0770222F47F4282609D
:103040000868502838D00DDC20284FD005DC90B31C
:10305000102811D14AE0022070BD302846D0402807
:103060000AD13BE060282FD070280DD0B0F5805FEA
:1030700003D0B0F5005F12D0012584F83D60002038
:1030800084F83C00284670BDCB68D1E90121206856
:1030900002F0B7FA2068816841F0770109E0CB6857
:1030A000D1E90121206802F0ACFA2068816841F47E
:1030B00080418160E1E719E0CA684968206802F050
:1030C00075FB5021206806E0CA684968206802F054
:1030D0007EFB6021206802F09EFACEE7CA6849684C
:1030E000206802F063FB40212068F4E72268014673
:1030F0001046F0E770472DE9F04104460068C668C5
:1031000005694FF00007A90713D5B10711D5F91EBE
:10311000016101202077206880698007204602D065
:10312000FFF7E8FF04E000F0C3F8204600F055F98F
:103130002777680716D5700714D521686FF004004B
:103140000861022020772068806910F4407F2046C3
:1031500002D0FFF7CFFF04E000F0AAF8204600F00D
:103160003CF92777280715D5300713D521686FF06C
:1031700008000861042020772068C0698007204685
:1031800002D0FFF7B7FF04E000F092F8204600F00D
:1031900024F92777E80616D5F00614D521686FF0D4
:1031A00010000861082020772068C06910F4407F73
:1031B000204602D0FFF79EFF04E000F079F8204699
:1031C00000F00BF92777E80708D0F00706D0216850
:1031D0006FF001000861204600F064F9280608D568
:1031E000300606D521686FF0800008612046FFF7A1
:1031F000D4FD680608D5700606D521686FF040003A
:103200000861204600F058F9A8060AD5B00608D58E
:1032100021686FF0200008612046BDE8F041FFF70B
:10322000BDBDBDE8F081000010B586B00446142194
:103230006846FDF75DF92368184C00211848022202
:10324000A34212D1036843F010030360006800F04A
:10325000100005904FF420600090CDE9012101207D
:10326000CDE9031069460F4813E00F4CA34212D179
:10327000036843F480730360006800F48070059075
:1032800080200090CDE901210320CDE9031069469B
:103290000648FEF74FFB06B010BD000000000140DD
:1032A000303802400010024000040140002002407B
:1032B000704770B5044690F83C0000260D46012882
:1032C0000FD0012084F83C006AB1042A1DD0082ADE
:1032D0002FD00C2A3FD00126002084F83C00304635
:1032E00070BD022070BD206802F09EF920688169DF
:1032F00041F0080181612068816921F00401816148
:10330000206881692A69114311E0206802F0BCF944
:103310002068816941F4006181612068816921F43C
:1033200080618161206881692A6941EA02218161A5
:10333000D2E7206802F0DEF92068C16941F0080197
:10334000C1612068C16921F00401C1612068C169BF
:103350002A69114311E0206802F000FA2068C1696F
:1033600041F40061C1612068C16921F48061C161DB
:103370002068C1692A6941EA0221C161ACE710B540
:10338000040003D094F83D0010B107E0012010BD07
:10339000002084F83C00204600F01EF8022084F84B
:1033A0003D00211D206802F0B7F8012084F8460096
:1033B00084F83E0084F83F0084F8400084F841001F
:1033C00084F8420084F8430084F8440084F84500FF
:1033D00084F83D00002010BD7047704710B50446CA
:1033E000022249B104290ED0082913D094F84100D3
:1033F000012816D0012010BD94F83E000128F9D113
:1034000084F83E200FE094F83F000128F2D184F8C0
:103410003F2008E094F840000128EBD184F84020D8
:1034200001E084F841200122206802F0DDF816490D
:103430002068164A884201D0904203D1436C43F47D
:10344000004343642068884213D0B0F1804F10D00D
:103450000F4988420DD00F4988420AD00E49884250
:1034600007D0904205D00D49884202D00C498842CD
:1034700004D1816801F00701062903D0016841F0F9
:1034800001010160002010BD000001400004014066
:103490000004004000080040000C004000400140D3
:1034A0000018004000680349884201D1FEF7EEBDD4
:1034B00070470000001000407047704770470000E0
:1034C000F8B5016804460868CA684B6910F00F0F28
:1034D0004FF0000559D003F0010602F4907737430E
:1034E00065D0C10705D0D10503D5616C41F001015C
:1034F0006164410705D5D90703D0616C41F0020131
:103500006164810705D5D90703D0616C41F00401DE
:103510006164010707D502F02001314303D0616CDB
:1035200041F008016164616C00293AD0800604D53D
:10353000900602D5204602F051FB20684069616C7C
:10354000C0F38010090700D460B3204602F01FFBCF
:1035500020684069400621D52068143050E8001FDB
:1035600021F0400140E80012002AF5D1E06BA8B13B
:1035700072490165E06BFEF75BF8002811D0E06B43
:10358000016D01B0BDE8F040084783060FD59306F2
:103590000DD52046BDE8F84002F020BB2046FFF7DD
:1035A0008DFFF8BD2046FFF789FF6564F8BD266BE7
:1035B0002023012E7ED1C6067CD5D6067AD5086892
:1035C0004868009048694FF0020640064DD5E26B0E
:1035D000106840684FF480770004000C3AD0A18D49
:1035E000814237D9E085D069B8422DD020680C30AF
:1035F00050E8001F21F4807140E80012002AF5D144
:103600002068143050E8001F21F0010140E800124A
:10361000002AF5D12068143050E8001F21F0400145
:1036200040E80012002AF5D184F842302563206872
:103630000C3050E8001F21F0100140E80012002A71
:10364000F5D1E06BFDF7ABFF6663A08DE18D401A0D
:1036500081B206E0A18D8142A8D1D069B842A5D13E
:1036600066632046FFF729FFF8BDA08DE18D401A63
:1036700081B2E08D0028F7D00029F5D020680C3009
:1036800050E8002F22F4907240E80027002FF5D177
:103690002068143050E8002F22F0010240E8002793
:1036A000002FF5D184F84230256320680C3050E8B3
:1036B000002F00E006E022F0100240E80023002B7B
:1036C000F3D1CDE705062BD5150629D594F8410091
:1036D0002128C9D1A068B0F5805F01D12069B0B1BF
:1036E000206A411C2162216800784860E08C401EFD
:1036F0000004000CE084B7D12068C16821F080018B
:10370000C1602068C16841F04001C160F8BD206A15
:103710000088C0F308004860206A801C2062E5E74A
:103720004006F3D55006F1D5CA68204622F0400283
:10373000CA6084F8413000F0DDF8F8BD815B000814
:1037400070B5040004D094F84100002510B106E0E3
:10375000012070BD84F84050204600F023F824205A
:1037600084F841002068C16821F40051C1602046FE
:1037700002F096FA2068016921F490410161206805
:10378000416921F02A0141612068C16841F400517A
:10379000C1606564202084F8410084F842006563BC
:1037A000002070BD70B586B0064614216846FCF74F
:1037B0009FFE364C30680025354902230322A04283
:1037C0003AD133481030046844F48024046000681F
:1037D00000F480200590086840F004000860086844
:1037E000694600F00400059090028DE8290007204A
:1037F000CDE903202748FEF79DF8284C2648206095
:103800004FF00060C4E901054014C4E90350801082
:103810006561C4E90650256220466562FDF7EAFF4E
:1038200008B1FDF79EFAF463002205212720A66364
:10383000FEF7C4FC272025E0194CA04224D11448EF
:103840001430046844F020040460006800F0200094
:103850000590086840F0400008600868694600F07C
:10386000400005904FF484408DE829000820CDE900
:1038700003200C48FEF75EF8002205214720FEF7E2
:103880009DFC4720FEF78CFC06B070BD0048004050
:1038900030380240000802402860024060040020E6
:1038A000001401400018024090F84230202B01D053
:1038B0000220704721B11AB10023036302F076BAE7
:1038C0000120704710B50068074988420AD10748AF
:1038D000007803F0E1FEBDE81040012203490448EE
:1038E000FFF7E2BF10BD000000140140D30100202B
:1038F000180400207047FEE701684A69D243520568
:103900000FD46FF480624A61002140F8301F2022FA
:1039100042738173026942F0040202610173012063
:1039200070470020704700002DE9F84F04460068FA
:1039300089460B9D01689846174641F480610160F5
:103940002068016841F48071016000954FF0011B0F
:103950000022594620460A9B00F0E4F84FF4007A12
:1039600040B120680068C00501D5C4F840A003201C
:10397000BDE8F88F216809F0FE0008612B46284950
:1039800020460A9A00F016F9F0BB20684169806968
:1039900000902A4620460A9900F0A2F940B1206C16
:1039A00004283AD12068016841F40071016034E0D4
:1039B000FEB2B8F1010F09D02168380A08612A4621
:1039C00020460A9900F08CF90028E8D120680661A9
:1039D0002A4620460A9900F083F90028DFD12068A2
:1039E000016841F48071016000950022594620462B
:1039F0000A9B00F097F80028B3D1216809F0FF0076
:103A000040F00100086100E007E02B460449204631
:103A10000A9A00F0CFF80028AAD00120A8E70000F9
:103A2000020001002DE9F843044600680D46DDE977
:103A3000089701689846164641F4807101604B462C
:103A400000224FF001112046009700F06BF848B1BA
:103A500020680068C00502D54FF400702064032080
:103A6000BDE8F883216805F0FE0008613B464A4640
:103A70001549204600F09EF888B9206841698069A0
:103A800000903A464946204600F02AF948B1206C99
:103A9000042804D12068016841F40071016001200C
:103AA000DEE7F5B2B8F1010F09D02168300A0861EC
:103AB0003A464946204600F013F90028E7D120682D
:103AC00005610020CCE700000200010070B5164639
:103AD0000D4604461EE02046FFF70EFF08B1012008
:103AE00070BD681C16D0FEF723F8801BA84200D8D2
:103AF00085B920684069C04340070BD5002044F8D1
:103B0000300F20216173A073216941F020012161F0
:103B10002073E4E720684069C0434007DBD40020FD
:103B200070BD00002DE9F047984617460D46044643
:103B3000C1F30746DDF820902AE000BFB8F1FF3F4F
:103B400026D0FDF7F5FFA0EB0901414502D8B8F1F9
:103B5000000F1DD12068012E16D0806925EA0000D3
:103B60000004000C12D00020B84211D1002044F80B
:103B7000300F20216173A073216941F02001216180
:103B800020730120BDE8F0874069E7E70120EBE7FB
:103B90002068012E0AD0806925EA00000004000C8C
:103BA00006D00020B842C9D00020EBE74069F3E717
:103BB0000120F7E72DE9F047984616460D460446E2
:103BC0004FF000094FF0200AC1F3074723E02068B7
:103BD0004069C043400515D42068016841F4007174
:103BE000016021686FF480604861C4F8309084F807
:103BF0003DA084F83E90216C41F00401216484F8DA
:103C00003C9021E0701C06D0FDF792FFA0EB08006D
:103C1000B04203D816B1012F1FD021E02068012F38
:103C200015D0806925EA00000004000C18D000BF00
:103C300044F8309F84F80DA084F80E90216941F07B
:103C40002001216184F80C900120BDE8F0874069D3
:103C500025EA00000004000CEAD12068406901E078
:103C60002068806925EA00000004000CAFD1ECE771
:103C70002DE9F041002590460E460446202728E015
:103C80004069C043C0060CD454F8301B6FF01000DC
:103C9000486144F810596777A577206A2062257734
:103CA00014E0FDF745FFA0EB0800B04200D886B94C
:103CB00020684069C04340060BD544F8305F677305
:103CC000A573206940F02000206125730120BDE824
:103CD000F08120684169C9434906D1D40020F6E744
:103CE00070B516460D4604461EE02046FFF704FE5A
:103CF00008B1012070BD681C16D0FDF719FF801BAC
:103D0000A84200D885B920684069C04300060BD599
:103D1000002044F8300F20216173A073216941F025
:103D2000200121612073E4E720684069C043000658
:103D3000DBD4002070BD000038B5FCF7B7FD08B13A
:103D4000012038BD00F020F9FCF746FDFCF702FE2B
:103D5000104C684684ED0B0A9FED0F0A84ED0C0AA7
:103D600000F09EF838B19FED0D0A84ED090A84ED4C
:103D70000A0A002038BD9DED000ADFED090A84ED36
:103D8000090A20EE200ADFED070A80EE201A84EDF2
:103D90000A1AEEE7DC6900206F12033C0000000005
:103DA000DB0F49400000344310B535482DED028B40
:103DB00082B0B0EE408AFCF7CDFC31480C30FCF705
:103DC00033FDFCF7C7FD2E4C2E4984ED0D0AD4EDD2
:103DD0000B0A94ED081A30EE600AD4ED0C0A20EEBE
:103DE000800AD4ED050A70EEC10A30EEC00A84EDF7
:103DF0000E0AF0EEC00A10EE900A884201DA9FED3A
:103E0000220AD4ED090A40EE080AB0EE600A00F07A
:103E100045F884ED090A684600F042F8F8B994EDD7
:103E2000090ADDED000A30EEC00A00F037F8F0EEC6
:103E3000408AD4ED090A9FED150A48EE800AB0EEDB
:103E4000600A00F02BF8DFED120A84ED090A94ED08
:103E5000080A68EEA00A00EEC80A84ED080A94ED8C
:103E6000090ADFED0C0A20EE200ADFED0B0A80EED6
:103E7000201A84ED0A1A02B0BDEC028B10BD0000BE
:103E8000DC690020CDCC4C3D00000000CDCC4C3D89
:103E9000A69BC43BDB0F49400000344302F0F0BD59
:103EA00010B504462DED088B84B0684600F0A2F8EA
:103EB00020B1012004B0BDEC088B10BD2F499DED51
:103EC000009ADDED01AAD1ED019A91ED028A91ED02
:103ED00000AADDED028AF0EE480AB0EE690A01F0B0
:103EE000B7FFB0EE40BA29EEA90A08EE080A02F0C0
:103EF00027FBF0EE400AB1EE4A0A01F0A9FFB0EE4E
:103F000040AA02F0CDF860EE099AB0EE4A0A02F03B
:103F10004FFA48EE809AB0EE4B0A02F049FA20EED2
:103F2000098AB0EE4A0A02F043FA28EE008AB0EE9F
:103F30004B0A02F0B5F80AEE808AB0EE4B0A02F0A6
:103F400037FA60EE288AB0EE4A0A02F0A9F808EEC5
:103F5000C08AF0EE690AB0EE480A01F079FFDFEDA1
:103F6000080A9FED081A60EE200A80EE810AFFF72A
:103F700095FF84ED000A00209CE70000DC6900202A
:103F800000003443DB0F49401FB500248DF80C407E
:103F9000012240211548FDF7C5FD0A20FDF7B8FCB8
:103FA000012103A80A228DE807000B4622460E21B4
:103FB0000F48FDF787FE80B99DF80C0010280CD142
:103FC0000D21022000F058F838B90A20FDF7A0FCB6
:103FD0000121022000F050F810B1012004B010BD02
:103FE0000520FDF795FC0020F8E7000000180240CE
:103FF0009402002010B586B004460A22062103A8C8
:104000008DE80700012303220E211848FDF75AFE10
:1040100010B1012006B010BDBDF90C10BDF90E00A5
:1040200000EE101ABDF91020F8EEC00A9FED100A3C
:1040300080EE801ADFED0F0A21EE201A84ED001ABF
:1040400001EE100A0020F8EEC11A81EE801A21EE6E
:10405000201A84ED011A01EE102AB8EEC11AC1EE41
:10406000001A21EEA00A84ED020AD3E79402002090
:10407000333353400000C84203B583B00A23012202
:1040800004A98DE80E00134602460E210248FDF7F2
:104090001BFF05B000BD0000940200200F4810B5C2
:1040A0000D4901600321416000214FF4102281601D
:1040B000C0E903124FF40012426101764176817625
:1040C000C17601774177FDF7F6F8002803D0BDE807
:1040D0001040FCF746BE10BD0064004044020020C2
:1040E000104810B50E4901600321416000214FF4D2
:1040F00010228160C0E903124FF400124261017680
:10410000012242768176C27601774177FDF7D3F8B6
:10411000002803D0BDE81040FCF723BE10BD00000E
:10412000006800406C020020094808B5016841F4AD
:10413000001101600068002200F4001000900521C9
:104140000C20FEF73BF8BDE808400C20FEF728B82D
:104150003038024010B5194A1021012002F00AFD42
:10416000174C164A102160611832012002F002FD3E
:10417000124AA061B43A0021124802F027FD0F4A0A
:104180002060903A0021104802F020FD0B4A606048
:104190006C3A00210D4802F019FD084AA060483A27
:1041A00000210B4802F012FD044AE060243A00218D
:1041B000084802F00BFD206110BD0000B493000818
:1041C00000000020BB52000825580008F5590008DF
:1041D00075590008F55700082DE9F04F87B01421F4
:1041E0006846FCF785F959480025016841F002014D
:1041F0000160016801F002010591016841F0400190
:104200000160016801F040010591016841F0010180
:104210000160016801F001010591016841F00801A8
:104220000160016801F008010591016841F0040195
:104230000160016801F004010591016841F4807199
:104240000160016801F480710591016841F020016D
:104250000160016801F020010591016841F08001D1
:104260000160016801F080010591016841F01001D1
:1042700001600068DFF8D88000F01000059000228F
:1042800003214046FDF74EFCDFF8C8A00022402184
:104290005046FDF747FCDFF8C0904FF480560022EF
:1042A00031464846FDF73EFCDFF8B0B00122102150
:1042B0005846FDF737FC4FF460470022394628483E
:1042C000FDF730FC012211462548FDF72BFC0320A9
:1042D00001248DE83100694640460395FDF72AFB2D
:1042E00040208DE83100694650460394FDF722FBDB
:1042F0000096CDE90145694648460395FDF71AFB4E
:104300000820CDE90005694650460295FDF712FBED
:104310001020CDE900040226CDE902466946584640
:10432000FDF708FB0097CDE9014569460C48039568
:10433000FDF700FBCDE90246009469460848019468
:10434000FDF7F8FA07B0BDE8F08F00003038024002
:104350000014024000180240001C0240000002400D
:10436000000402400D4810B50B4901600C49416042
:1043700000214FF480428160C0E9031241618161F4
:10438000C1610162FDF7DAFB002803D0BDE81040EF
:10439000FCF7E7BC10BD0000005C00409402002068
:1043A000801A0600104810B50E4901604FF4827162
:1043B0004160002102228160C0E9031201224261B2
:1043C000520282612022C0E90721416281620A21F2
:1043D000C162FEF7E7F9002803D0BDE81040FCF702
:1043E000C0BC10BD00300140E802002010B596B0FE
:1043F00000240F9410941194129413941C21684675
:104400001494FCF775F8202107A8FCF771F82E48E2
:104410002C4901605321C0E9011444F61F61C0E931
:1044200003148021C0E90541FEF72CFD08B1FCF71B
:1044300098FC4FF480500F900FA92348FEF7ECFD35
:1044400008B1FCF78EFC2048FEF799FF08B1FCF795
:1044500088FC139413A91C481494FEF7CBFC08B1F4
:10446000FCF77FFC602000904FF4FA70CDE9010466
:104470000394049405940022694613480694FEF7B9
:1044800018FF08B1FCF76DFC042269460E48FEF7E0
:1044900010FF08B1FCF765FC0794089409944FF4E9
:1044A00000500A94CDE90B4007A907480E94FEF787
:1044B00076FC08B1FCF755FC0348FEF7B5FE16B0D4
:1044C00010BD0000000001404003002010B596B070
:1044D00000240F9410941194129413941C2108A892
:1044E0001494FCF705F820216846FCF701F82A48E7
:1044F00028490160A721C0E9011444F61F61C0E901
:1045000003148021C0E90541FEF7BCFC08B1FCF7AB
:1045100028FC4FF480500F900FA91F48FEF77CFD38
:1045200008B1FCF71EFC1C48FEF729FF08B1FCF798
:1045300018FC139413A918481494FEF75BFC08B1F7
:10454000FCF70FFC6020089040F20A50CDE9090406
:104550000B940C940D94082208A90F480E94FEF7B2
:10456000A8FE08B1FCF7FDFB00944FF40050CDE924
:104570000440029401940394694607480794FEF7A7
:104580000EFC08B1FCF7EDFB0348FEF74DFE16B03C
:1045900010BD000000040140880300200C4810B545
:1045A0000A4901600B494160002181600C22C16011
:1045B000C0E904128161C161FFF7C2F8002803D08D
:1045C000BDE81040FCF7CDBB10BD00000048004026
:1045D000D0030020A08601000C4810B50A490160F4
:1045E0004FF4E1314160002181600C22C160C0E9DB
:1045F00004128161C161FFF7A3F8002803D0BDE870
:104600001040FCF7AEBB10BD0014014018040020A0
:1046100070B52DED048BF0EE608AF0EE400A9FED50
:10462000278A9FED279A80EE880AF0EE490A02F069
:104630006DF810EE105A88EE880AF0EE490A02F082
:1046400065F8204CB5F13F4F02D99FED1F0A0CE0F1
:104650004FF07C518D4202DD9FED1C0A05E010EE0B
:10466000100A884203DD9FED1A0A84ED020A9FEDCD
:10467000198A4FF4FA760520F0EE480A94ED020A02
:1046800002F0E9FABDEEC00A10EE100A06FA80F553
:10469000F0EE480A062094ED020A02F0DCFABDEEC4
:1046A000C00A10EE100A06FA80F00B490D8148810D
:1046B00001200874BDEC048B70BD0000000025448F
:1046C000CDCCCC3DC00100200000000000003ECA5F
:1046D00000008CCAA69B443B2402002070B52DED3F
:1046E000048BF0EE608AF0EE400A9FED238A9FED86
:1046F000239A80EE880AF0EE490A02F007F810EEDD
:10470000105A88EE880AF0EE490A01F0FFFF1C4CAF
:104710004FF07C51B5F13F4F02D9DFED1A0A03E0AB
:104720008D4203DDDFED180AC4ED010AB5EEC00AC3
:104730000125F1EE10FA03D12570BDEC048B70BD9C
:1047400010EE100A8842F8DD20780128F5D1607853
:10475000012803D0A078022806D009E0012000F04B
:10476000F1FB0220607003E0002000F0EBFB6570BD
:1047700000202070E1E7000000002544CDCCCC3DB6
:10478000C001002000000000000068C870B52DEDD9
:10479000048BB0EE609AF0EE400A9FED2F8ADFEDB9
:1047A0002F9AF0EE418A80EE880AF0EE690A01F055
:1047B000ADFF10EE105A89EE080AF0EE690A01F01A
:1047C000A5FF10EE104A88EE880AF0EE690A01F0A3
:1047D0009DFF4FF07C562248B0EE408A4FF03F429A
:1047E000B54202DD4FF47A7103E0954203D940F2FD
:1047F0000A510068C1631B484FF40051B44201DD07
:10480000012202E0944202D90022FDF78BF9B5EEB5
:10481000C08A0125F1EE10FA134C03D1E570BDEC0E
:10482000048B70BD18EE100AB042F8DDE078012864
:10483000F5D1A078012802D0022806D009E0012095
:1048400000F08CFB0220A07003E0002000F086FB4B
:10485000A5700020E070E2E700002544CDCCCC3DFF
:104860008803002000040240C0010020FEE7FEE7AC
:1048700010B504462DED048BF0EE608AB0EE409A40
:1048800001F0B6FC10EE100A3149B0EE408A8842C1
:104890000ADA9FED300A84ED040A94ED020A84EDF1
:1048A000050ABDEC048B10BDF0EE490AB0EE680AB3
:1048B00001F0CEFA02F040FE02F0E2F8F0EE408A9B
:1048C0009FED250A38EE800A02F0DAF8F0EE409A01
:1048D000D4ED030AB0EE680A03F0B0FAB0EEC09A65
:1048E000D4ED030AB0EE690A03F0A8FA207FB0EE17
:1048F000C00AF2EE000A40B179EE200AF4EEC00AD6
:10490000F1EE10FA09D200200FE030EE200AB4EEEA
:10491000C90AF1EE10FA08D201202077C4ED059AF9
:10492000B1EE480A84ED040A04E02077C4ED058A5C
:1049300084ED048A606904F067FC41EC100BFBF71E
:104940009FFE84ED060A94ED050A84ED020AA8E7AD
:10495000CDCC4C3D000000000000344310B5B0EE5B
:10496000602A2DED048BF0EE418AB0EE408A0400FF
:104970009FEDA51A23D094ED120A72EE480A84ED39
:10498000130AD4ED111AF5EEC08AC4ED121A84EDA3
:10499000072AF1EE10FA84ED088AC4ED110A04D951
:1049A00018EE900AB0F17C5F01DDDFED988ADFED53
:1049B000989A9FED989A94F8580028B10FE0B0EEBD
:1049C000410ABDEC048B10BD84ED148A84ED152AD8
:1049D00084ED198A84ED1A1A012084F8580032EE09
:1049E000480A20788C49B0EEC00A30B1012853D073
:1049F00002287CD003287BD003E194ED012A62EEEB
:104A0000202AC4ED0A2ABCE094ED0B0A94ED021AA8
:104A100001EE200A84ED0B0A94ED061AB1EE412A4C
:104A2000B4EEC20AF1EE10FA7ED2B0EE420A00BF36
:104A300084ED0B0A02E000BF84ED0B1A94ED0F0A1F
:104A400084ED100A94ED0E0A84ED0F0A30EEE10AAF
:104A500084ED0E0AD4ED030A20EE800A84ED0C0AE0
:104A6000D4ED0B0A72EEA00A30EE800AD4ED050AEE
:104A7000B1EE601AB4EEC01AF1EE10FA02DDB0EE3B
:104A8000410A06E0F4EEC00AF1EE10FA01D2B0EEEF
:104A9000600A84ED090AB4E0F2EE042A94ED011AEA
:104AA00080EE222AB7EE000A21EE201A84ED0A1ABF
:104AB00072EE002A80EE222A94ED020A60EE202A8D
:104AC00094ED0B0A70EEE10A02EE820A84ED0B0A05
:104AD00094ED0F2A84ED102A94ED0E2A84ED0F2A0E
:104AE000C4ED0E0AD4ED031A61EEA01A01E02DE028
:104AF00056E0C4ED0C1AD4ED060AB4EEE00AF1EE6D
:104B000010FA06DCF1EE600AB4EEE00AF1EE10FAFB
:104B100001D2C4ED0B0A94ED0B0A31EE000A30EE1F
:104B2000210A84ED090A00E031E0D4ED050AB4EE73
:104B3000E00AF1EE10FA06DCF1EE600AB4EEE00AEB
:104B4000F1EE10FA5DD2C4ED090A5AE010EE900AB7
:104B5000B0F18B4F02DD30EEC90A06E010EE900A8C
:104B600010F16A5F03D930EE890A84ED110A94EDE1
:104B7000010AD4ED110A60EE202AB0EEE00AC4ED7D
:104B80000A2A10EE100A8842BFF656AF3CE7B4EE90
:104B9000C10AF1EE10FA7FF74BAFB0EE410A47E7DA
:104BA000F0EE491AB0EE691AF0EE680AB0EE420A69
:104BB000204602F07BFE94ED190AF0EE491A84EDCE
:104BC000070AB0EE691AF0EE680AB0EE480A20460D
:104BD00001F0EAFDD4ED050AB1EE601AB4EEC01A98
:104BE000F1EE10FA02DDB0EE410A06E0F4EEC00A82
:104BF000F1EE10FA01D2B0EE600A84ED090A84EDFC
:104C0000148A94ED090ADCE6000000000AD7233C70
:104C10000000804500000046000096432DE9F05F4B
:104C2000594E00252DED068BDFED588A9FED588AF1
:104C300006F568799FED579A06F5E86706F52E6A3E
:104C400006F5686BDFED549A06F591589FED53AA6F
:104C500005EB4500C0EB451406EB8400F0EE680A56
:104C6000B0EE480A4E4A012100F09EF84C4A09EB8A
:104C70008400F0EE490AB0EE480A1032002100F03C
:104C800093F8474A07EB8400F0EE680AB0EE480A52
:104C9000203A002100F088F8414A0AEB8400F0EE47
:104CA000490AB0EE480A103A002100F07DF83C4A6B
:104CB0000BEB8400F0EE480AB0EE690A20320321C3
:104CC00000F072F8364A08EB8400F0EE4A0AB0EEC3
:104CD000480A3032032100F067F86D1C042DB7DB61
:104CE000F0EE4AAA9FED2FAA04245E4604EB44008E
:104CF000C0EB44152448F0EE680A00EB8500B0EEE6
:104D0000480A274A012100F04FF8254A09EB85009F
:104D1000F0EE490AB0EE4A0A1032002100F044F8E1
:104D20001F4A07EB8500F0EE680AB0EE480A203A09
:104D3000002100F039F81A4A0AEB8500F0EE490A22
:104D4000B0EE4A0A103A002100F02EF8144A06EBA1
:104D50008500F0EE480AB0EE690A2032032100F027
:104D600023F80F4A08EB8500F0EE6A0AB0EE480A15
:104D70003032032100F018F8641C082CB6DBBDECBF
:104D8000068BBDE8F09F0000FC5000200080BB4572
:104D900000401C460000964300409C460000C8426C
:104DA0008001002000803B4500283ED0002A3CD0F6
:104DB000017092ED001A002180ED011A92ED011AA6
:104DC00080ED021A92ED021A80ED031A92ED031A99
:104DD00080ED041A80ED050A9FED140AC0ED060A65
:104DE00080ED1B0A9FED120A80ED1C0A9FED110A4F
:104DF00080ED100A80ED0F0A80ED0E0A80ED090AA1
:104E000080ED0C0A80ED0B0A80ED0A0A80ED130A92
:104E100080ED120A80ED110A80F858109FED060A05
:104E2000012180ED170A80F86010704700401C4691
:104E3000005043470000000000007A430D4910B5C0
:104E4000F0EE401A01EB4011B0EE601A11ED050AC8
:104E500000EB4001C1EB40110748B8EEC00A00EB7F
:104E60008104A4F17400F0EE610AFFF777FD14ED00
:104E7000140A10BDDC4E0020DC5B00200D4910B58B
:104E8000F0EE401A01EB4011B0EE601A11ED050A88
:104E900000EB4001C1EB40110748B8EEC00A00EB3F
:104EA0008104A4F17400F0EE610AFFF757FD14EDE0
:104EB000140A10BDDC4F00201C6300200E4910B501
:104EC00001EB4011F0EE401A31F91E1CB0EE601AF1
:104ED00000EE101A00EB4001C1EB40110748B8EE9C
:104EE000C00A00EB8104A4F17400F0EE610AFFF740
:104EF00035FD14ED140A10BDDC4E00203C58002096
:104F00000E4910B501EB4011F0EE401A31F91E1CAC
:104F1000B0EE601A00EE101A00EB4001C1EB401138
:104F20000748B8EEC00A00EB8104A4F17400F0EE6B
:104F3000610AFFF713FD14ED140A10BDDC4F0020C9
:104F40007C5F0020012804D0002202210248FCF7E7
:104F5000E9BD0122F9E7000000140240054B4FF4BF
:104F60004041012803D000221846FCF7DBBD012296
:104F7000FAE7000000040240F8B5044640684FF428
:104F80008273984221D1A0684FF48065B0F5004F3C
:104F900001D0A8420AD12068066826F040060660C3
:104FA0006068984211D1A068A8420ED000920B46CA
:104FB00000228021204600F053F8002804D0606DC4
:104FC00040F0200060650320F8BD00920B460022EF
:104FD0000121EFE7F8B515460E460B460092044650
:104FE0000122022100F03CF8A0B9134813490068DF
:104FF000B0FBF1F04FF47A71484300906068B0F56F
:10500000827F0DD13346002280212046009500F09A
:1050100027F870B1606D40F0200060650320F8BD96
:10502000009830B1401E009020688068C0430006A0
:10503000F6D50020F8BD00002C00002000366E01DF
:1050400001B582B00A200090012301AA02A90348F9
:10505000FDF7ABFD9DF804000EBD0000E802002046
:105060002DE9F8431E46914688460446089DFCF704
:105070005FFD401B351AFCF75BFD074626480068BC
:10508000C0F3CB3068430AE0701C09D0FCF750FD38
:10509000C01BA8420FD275B10098B8B3401E009053
:1050A0002068816838EA010033D000214945EBD1FE
:1050B0000020BDE8F8832068416821F0E0014160EC
:1050C0006068B0F5827F0BD1A068B0F5004F02D0C8
:1050D000B0F5806F04D12068016821F040010160C3
:1050E000A06AB0F5005F09D12068016821F4005181
:1050F00001602068016841F400510160012084F8DA
:105100005100002084F850000320D2E7FFE700257B
:10511000C6E70121CAE700002C0000207CB5054647
:10512000087C0C4600281DD0B4F90610B4F9040020
:10513000CDE90001B4F90230B4F9002028466169D4
:10514000FBF7DAFCB4F90E10B4F90C00CDE900015C
:10515000B4F90A30B4F908202846A169FBF7CCFC61
:10516000002020747CBD000010B504469FED100A9D
:10517000C4E9001280ED030A80ED020A80ED070AFF
:1051800080ED080A4FF4FA70208240F6C410608265
:10519000DFED080A84ED050AC4ED060A204600F09A
:1051A00027F8D4E90001BDE81040FEF717B9000068
:1051B000000000000000344310B5002209490A48ED
:1051C000FFF7D2FF0848042206492430FFF7CCFF3E
:1051D0000648FDF7A5FEBDE8104008210348FEF78C
:1051E000FDB80000400300205C6700208803002019
:1051F000D0ED050AF4EEC00AF1EE10FA01DDB0EED2
:10520000600A90ED061AB4EEC01AF1EE10FA01D25F
:10521000B0EE410A80ED020A428A018A30EE600A4D
:10522000531A01EE903A31EE601AF8EEE11A21EECF
:10523000800AC0EE010A00EE101AB8EE400A30EE05
:10524000800A00EE901AF8EE600AF4EEC00AF1EE61
:1052500010FA03DD00EE101AB8EE400A00EE902AB4
:10526000F8EE600AF4EEC00AF1EE10FA03D200EE96
:10527000102AB8EE400A80ED080A03C859B1042983
:1052800011D0BCEEC00A0829006810EE101A89B2CD
:1052900011D001647047BCEEC00A006810EE101A0D
:1052A00089B241637047BCEEC00A006810EE101A64
:1052B00089B281637047C1637047FEE72DE9F04111
:1052C000DFF86080184E194F00242DED028BB0EEF0
:1052D000408A00BF08EB4415F0EE480A95ED060A37
:1052E000601C01F0C9FCBDEEC00A10EE100A26F8E1
:1052F000140095ED040A01F075FBF0EE480A601CFD
:10530000FFF7DCFDBDEEC00A10EE100A27F814000E
:10531000641C042CDEDB012030743874BDEC028B7D
:10532000BDE8F081CC6600200402002024020020A9
:105330001748DFED160A9FED170AC0ED000A80ED51
:10534000010AC0ED080A9FED141ADFED140A80ED82
:10535000091AC0ED100A80ED111AC0ED180A80ED8F
:10536000190A00219FED0E0A0B4600BF00EB411207
:10537000491C82ED020A82ED040A82ED050A82EDE3
:10538000060A13770429F1DB70470000AE47E13EBF
:10539000CC6600200AD7E3BE0AD7E33EAE47E1BEA3
:1053A000000000000D489FED0C0A0C4A80ED000A39
:1053B00080ED010A80ED020A0020903A02F110010E
:1053C00002EB800383ED000A01EB4013401C83EDE8
:1053D000040A0428F4DB7047000000004C6700203A
:1053E00070B5194D00242DED048BF0EE418AB0EE1E
:1053F000408AB0EE609A00BF05EB441090ED010AC0
:10540000D0ED000A28EEC00A60EEA80A38EE000AC5
:1054100079EE200AFFF72CFA641CE4B2042CEBD3DB
:10542000FBF7A2FCFBF7C0FB5FF0000005EB4011AF
:10543000401CD1ED040A042860EE800AC1ED040A84
:10544000F4DBBDEC048B70BDCC66002010B54FF0D2
:10545000E020006903F0C0F8012803D0BDE8104047
:1054600002F080BD10BD000030B593B03021684619
:10547000FBF73EF814210CA8FBF73AF81D4800256D
:10548000016841F080510160006800F08050119087
:105490001948016841F4804101600068022400F469
:1054A0008040119001200090000401908001CDE91E
:1054B000064006200890A820CDE9090404200B909E
:1054C0006846FCF7B9FF08B172B6FEE70CA90F20D9
:1054D00081E831004FF4A0500F904FF480501090AD
:1054E00005210CA8FCF79CFE002801D072B6FEE74F
:1054F00013B030BD403802400070004002480168DF
:1055000041F470010160704788ED00E00148FDF74B
:10551000F2BD0000C0040020F0B50268274B284D02
:10552000284E294F294C4FF0804C984209D06045B5
:1055300007D0A84205D0B04203D0B84201D0A04263
:1055400004D122F0700E4A6842EA0E0298421BD043
:10555000604519D0A84217D0B04215D0B84213D038
:10556000A04211D01A4DA8420ED01A4DA8420BD01D
:10557000194DA84208D0194DA84205D0184DA8428F
:1055800002D0184DA84203D122F44075CA682A43BC
:105590004D6922F080022A438D68C5620D688562DC
:1055A000984201D0A04201D109690163016841F02C
:1055B00004010160012141610260F0BD0000014071
:1055C0000004004000080040000C004000040140BE
:1055D00000400140004401400048014000180040E4
:1055E000001C00400020004010B501F01F03012105
:1055F000046A99408C430462016A9A401143016233
:1056000010BD10B5846842EA032224F47F440A43A3
:105610002243826010BD826822F070020A4342F089
:105620000701816070470000F0B5036A026A22F04A
:105630000102026242688469124E24F073050C680C
:105640002C4323F002058B682B430D4DA84201D05B
:10565000B04205D123F00807CB683B4323F0040395
:10566000A84201D0B04205D14D6922F440721543E1
:105670008A692A4342608461496841630362F0BDDC
:105680000000014000040140F0B5026A036A23F003
:1056900010030362436884690D6824F4E64444EA15
:1056A00005248D6822F0200242EA05120F4D104EAB
:1056B000A84201D0B04206D1CF6822F0800242EA6F
:1056C000071222F04002A84201D0B04207D14D6932
:1056D00023F4406343EA85038D6943EA850343600D
:1056E0008461496881630262F0BD000000000140EE
:1056F00000040140F0B5026A036A23F48073036278
:105700004368C46922F4007224F073050C68124ED9
:105710002C438D6842EA05220E4DA84201D0B042CA
:1057200006D1CF6822F4006242EA072222F48062A6
:10573000A84201D0B04207D14D6923F4405343EA57
:1057400005138D6943EA05134360C4614968C16369
:105750000262F0BD000001400004014030B5046A5F
:10576000026A22F4805202624268C3690D6823F41F
:10577000E64343EA05238D6824F4005444EA0534E3
:10578000084DA84202D0084DA84204D14D6922F428
:10579000804242EA85124260C36149680164046242
:1057A00030BD0000000001400004014010B5036A54
:1057B000046A24F001040462846924F0F00444EAD9
:1057C000021423F00A020A438461026210BD10B57C
:1057D000036A046A24F010040462846923F0A003BD
:1057E00024F4704444EA023243EA01118261016206
:1057F00010BD000008B502F0FDFE00900649074804
:10580000FFF78CFC044906482031FFF787FC022192
:10581000684602F00DFAF1E704020020440200207D
:105820006C0200204FF0000845462DED028B2E46FD
:1058300086B04446374602F0DDFEDFF80C91DFF813
:105840000CA1DFF80CB19FED438A0490B0EE480A3A
:10585000FEF7AAFA00231A466946D9F8000001F0BB
:1058600057F918B9DDE90274DDE9005614F0FF00BC
:105870002BD004284FF0000034D037495A4600BFDF
:1058800002EB401393ED070A01EB4013401C83ED3C
:10589000030A0428F4DB00EE107A3048B1EE401A17
:1058A00000EE106AD0ED0A1AF1EE400A00EE105A2E
:1058B000B1EE400AFFF794FDB0EE480AFFF7FEFC98
:1058C000012104A802F0B4F9C0E7FFF76BFD002046
:1058D0005146424621F81020401C0428FADB8AF881
:1058E0001020EDE71C4A594601EB401393ED070ADF
:1058F00002EB4013401C83ED030A0428F4DB184834
:10590000017889B11749184A91ED000A82ED000A21
:10591000164A91ED010A82ED000A91ED020A14493E
:1059200081ED000A80F800800C48D0ED0A1A10487A
:1059300090ED001A0D4890ED000A0B48F1EE400A78
:1059400090ED000AB4E700001400002024020020BB
:10595000DC4F00206F12833ACC660020DC69002007
:10596000CF010020D0680020E0010020E4010020E9
:10597000E801002086B0002400940194029403946E
:1059800002F038FE194D049000231A466946286833
:1059900001F0BEF880B99DF8000001281ED0022851
:1059A0000FD0032814D00020FFF7CCFA0020FFF717
:1059B000D5FA0F4804810474032104A802F038F9D1
:1059C000E2E7DDED030A9DED020AFEF787FEF3E74D
:1059D00001A890EC030AFEF7D9FEEDE7DDED030A1E
:1059E0009DED010AFEF714FEE6E700001800002016
:1059F000040200202DED028B8AB000200690079053
:105A0000089005900190029003900546049002F0E2
:105A1000F1FD9FED568A564CDFED568A564E574F94
:105A20000990A07A022804D0032807D001280FD0BB
:105A300017E0E07A022814D1002512E0E07A03286A
:105A400002D0012802D00CE001250AE0032508E07D
:105A5000E07A032802D0012802D002E0022500E00B
:105A600004258DF820508DF80450012D20D0022DF2
:105A700046D0032D60D0042D09D0CDED078ACDEDA1
:105A8000068ACDED058ACDED028ACDED038A02238B
:105A9000002205A9306802F013FB0223002201A9AD
:105AA000386802F00DFB0A2109A802F0C1F8B8E736
:105AB000B4F900000021B5EE001AF0EE480AB0EE8D
:105AC000080A01F099FD8DED060AB4F902000121E2
:105AD000B5EE001AF0EE480AB0EE080A01F08CFDAF
:105AE0008DED050AB4F904000221B0EE481AF0EE7B
:105AF000480AB0EE080A01F07FFD8DED070A23E0A9
:105B0000B4F900000021B5EE001AF0EE480AB0EE3C
:105B1000080A01F071FD8DED060AB4F902000121B9
:105B2000B5EE001AF0EE480AB0EE080A01F064FD86
:105B30008DED050ACDED078AB4F9040000EE100AD8
:105B4000B8EEC00A8DED030AB4F9060000EE100AA3
:105B5000B8EEC00A8DED020AB4F9080000EE100A92
:105B6000B8EEC00A8DED040A91E700009A99993EBB
:105B7000DC5000200000000014000020180000206D
:105B800010B5806B0021C185FDF798FC10BD016840
:105B90000C3151E8002F22F4907241E80023002BD1
:105BA000F5D10168143151E8002F22F0010241E8DB
:105BB0000023002BF5D1016B012909D101680C31BB
:105BC00051E8002F22F0100241E80023002BF5D10C
:105BD000202180F8421000210163704708B590F839
:105BE0004210222901D0022008BD82684FF4805360
:105BF0009A4201D1016921B1816A9A421BD04AB10E
:105C00000AE00268816A5268C2F308020A80816A67
:105C1000891C08E0026972B10268526802F07F02D2
:105C20000A70816A491C8162C18D491E0904090CF0
:105C3000C18503D01BE002685268F1E70168CA68B9
:105C400022F02002CA600168CA6822F48072CA6029
:105C500001684A6922F001024A61202180F842105D
:105C600000214163026B012A03D0FDF72BFE0020C7
:105C700008BD016301680C3151E8002F22F01002C9
:105C800041E80023002BF5D101680A68D20602D54D
:105C90000A6849680091818DFDF70FFCE7E7000075
:105CA00070B5044600680169E26821F4405111436F
:105CB00001612169A068E2690843616911430843F1
:105CC0002168CA6849F20C639A430243CA6020689B
:105CD0004169A26921F44071114341613149206851
:105CE000884202D03049884202D1FCF763FB01E0D0
:105CF000FCF750FBE2690023192164253226B2F536
:105D0000004F626828D0A0FB0101930F9200FAF7C0
:105D10002BFB0146B0FBF5F06FF01802504301EB8E
:105D2000800006EB0010B0FBF5F000F0F002B1FBD4
:105D3000F5F002EB0012B1FBF5F06FF018035843D9
:105D400001EB800006EB0010B0FBF5F000F00F0057
:105D500021681044886070BDA0FB010192185B416E
:105D6000FAF702FB0146B0FBF5F00201B1FBF5F0DA
:105D70006FF01803584301EB800006EBC000B0FB46
:105D8000F5F000F0F80002EB4002B1FBF5F05843EB
:105D900001EB800006EBC000B0FBF5F000F007005F
:105DA000D6E70000001001400014014081628285A6
:105DB000C28500214164222180F84210016921B18D
:105DC0000168CA6842F48072CA6001684A6942F098
:105DD00001024A610068C16841F02001C1600020F1
:105DE0007047000010B5044801F030FDBDE81040D8
:105DF0000148FDF765BB0000D00300200148FDF716
:105E00005FBB000018040020FEE74100080218BF35
:105E100004200A0E18BF40F001004FF07F4232EA22
:105E2000010108BF40F00200012808BF05207047AB
:105E30000907090E002804DB00F1E02080F80014B7
:105E4000704700F00F0000F1E02080F8141D70474B
:105E500010EE100A10B510EE901A4FF0684202EBE7
:105E600040032DED028BB3F1654F3CBF02EB4102C5
:105E7000B2F1654F7CD200BFC0F3C753C1F3C75224
:105E80009A1A1B2A09DD10F0004F14BF9FED6E0A0D
:105E90009FED6E0ABDEC028B10BD12F11A0F1BDADA
:105EA00011F0004F09D010F0004F0CBF9FED680AB1
:105EB0009FED680ABDEC028B10BD80EE208A18EEC3
:105EC000100AFFF7A2FF042808BF00F06DFBB0EE38
:105ED000480ABDEC028B10BD4200B2EB410F37D92E
:105EE00010F0004F19BFDFED5C1A9FED5C1ADFED7B
:105EF0005C1A9FED5C1AB0EE602A0A46F1EE400A89
:105F000080F00041B0EE420A10460A1A5200B2F187
:105F1000807F34D2484010F0004FDFED532A9FEDD0
:105F2000533A1DBFBEEE002A71EEE21A31EE431A5B
:105F3000B6EE002A04BF71EEA21A31EE031AF0EE9B
:105F4000402A42EE602A40EE020A82EEA02A18E0C1
:105F500011F0004F04BF9FED461AF0EE411AD4D065
:105F600010F0004F1CBFDFED431A9FED431A00E015
:105F700026E004BFDFED411A9FED411AC5E780EE30
:105F8000202A22EE020ADFED3F0ADFED3F2ABDECB8
:105F9000028B40EE202ADFED3D0A40EE220ADFEDC3
:105FA0003C2A40EE202ADFED3B0A40EE220A22EE98
:105FB000000A00EE201A31EE020A30EE210A10BD6E
:105FC0004FF07F42B2EB400F28BFB2EB410F05D23A
:105FD000BDEC028BBDE8104000F0D2BA40EA0103EC
:105FE0005B0008BF41F0FF410BD0B2EB400F08BF90
:105FF000B2EB410F08D120F0804000EE100A21F0F2
:10600000804100EE901A37E7B2EB400F12BF5FEA13
:10601000410240F0FF4001F000413FF42DAF4A0043
:1060200092EA40033FF528AF002AACBF9FED1A1A51
:106030009FED1A1A20EE010A60EE810A10EE100A96
:1060400010EE901A18E70000DB0FC9BFDB0FC93F45
:10605000DB0F4940DB0F49C00000C9BF22AAFDB9D0
:106060000000C93F22AAFD390060ED3EC30ACE37C9
:1060700000000000000049C022AA7DBA000049408B
:1060800022AA7D3A2DAD65BD8FB8D53D0FB511BEA5
:1060900061C84C3EA8AAAABE0000804F0000802F15
:1060A00010EE101A08B5444A6846B2EB410F28D9E1
:1060B0004FF0E640B0EB410F94BF00204FF0FF30AF
:1060C00000900098002861DB60EE000A10F0010FDC
:1060D00045D010F0020FDFED391A9FED391A00EEAE
:1060E000E11ADFED381A40EE811A21EEA01AF0EE27
:1060F000400A40EE010A08BFF1EE600AB0EE600A05
:1061000008BD314B21F0004293423CD911F0004FC1
:10611000DFED2E0A20EE201ADFED2D0A19BF31EE39
:10612000601A71EE200A31EE201A71EE600ABDEE9F
:10613000E01A11EE100A9FED271A00F0030000EE9E
:10614000C10A9FED251A009000EEC10A9FED231AA7
:1061500000EEC10A9FED221A00EEC10AB1E79FEDE1
:10616000211A9FED210A10F0020F00EE810A9FED27
:106170001F1A00EE801AB7EE000A00EE810A18BF5F
:10618000B1EE400A08BD00F017FA9AE710EE100AC7
:106190004000B0F17F4F3CBFB7EE000A08BD07D109
:1061A0004FF00100FAF7D3F9BDE8084000F0ECB970
:1061B000BDE8084000F0E1B9B61F927E336D4C395E
:1061C000DA82083CA0AA2ABE490E494683F9223F3A
:1061D0000000004B0000C93F00A0FD390020A233A1
:1061E0001A61342CB93AB2BACA9F2A3DDDFFFFBE0C
:1061F00070B510EE100A2DED028B20F0004510EE68
:10620000900A20F00044AC4202DD284625460446B0
:1062100008EE105A08EE904A281BB0F1686FC2BF12
:1062200038EE280ABDEC028B70BD0026B5F1BC4FDC
:1062300029DDB5F1FF4F1DDBF0EE680AB0EE480A2C
:1062400030EE200A6FF0FF4057492A188A4227BFD4
:1062500020448842BDEC028B70BD6802400A08BF32
:10626000B0EE480AB4F1FF4F08BFB0EE680ABDECCB
:10627000028B70BDA5F12055A4F1205408EE105AF0
:1062800008EE904A5026B4F1185F15DAB4F5000F05
:1062900009DA002C7ED09FED450A783E68EE808AB0
:1062A00028EE008A08E005F1205104F1205008EEA4
:1062B000101A08EE900A503E38EE681AF4EEC18AC1
:1062C000F1EE10FA18D218EE100A68EEE80A00F59E
:1062D00000606FF30B0000EE100A38EE401A78EE03
:1062E000001A41EE610A50EE000A10EE900A01F029
:1062F0008DFA00EE100A29E018EE900A38EE080A2E
:10630000F0EE002A00F500606FF30B0000EE900A3B
:1063100010EE100A38EEE02A00F500606FF30B0073
:1063200001EE900A61EEA21A30EE610A21EE822A95
:1063300000EE282A21EE410A30EE420A11EEA00AB0
:1063400010EE100A01F062FA00EE100A002E04BFEF
:10635000BDEC028B70BDF7EE000A10EE100A06EBE2
:10636000D050FF2808DB0220FAF7F1F8BDEC028BD1
:10637000BDE8704000F010B910EE900A00EBC65076
:1063800000EE900A20EE808A18EE100AFFF73DFD1D
:10639000042800E002E008BF00F006F9B0EE480A69
:1063A000BDEC028B70BD0000FFFF3F000000807B52
:1063B00000B510EE101A2DED028B81B0524A6846DE
:1063C000B2EB410F2ED94FF0E640B0EB410F94BF36
:1063D00000204FF0FF3000900098B0EE408A002877
:1063E0006ADB10F0010F4BD068EE080A9FED471AE8
:1063F0009FED470A00EE810A9FED461A10F0020F4A
:1064000000EE801AB7EE000A00EE810A02BF01B06A
:10641000BDEC028B00BD00BF01B0B1EE400ABDEC87
:10642000028B00BD3C4B21F00042934241D911F058
:10643000004FDFED3A0A20EE201ADFED390A19BFCE
:1064400031EE601A71EE200A31EE201A71EE600A08
:10645000BDEEE01A11EE100A9FED321A00F00300B3
:1064600000EEC10A9FED301A009000EEC10A9FEDC8
:106470002F1A00EEC10A9FED2E1A00EEC10AABE7FB
:1064800028EE080A9FED2B1ADFED2B0A10F0020F01
:1064900040EE410A9FED291A00EE201A61EE000A33
:1064A000B0EE480A08EE200AB6D101B0BDEC028B6E
:1064B00000BD00F081F88FE718EE100A4000B0F13F
:1064C0007F4F0DD218EE100AFFF79FFC042808BF7B
:1064D00000F06AF8B0EE480A01B0BDEC028B00BDD6
:1064E00009D10120FAF733F801B0BDEC028B5DF859
:1064F00004EB00F049B801B0B0EE480ABDEC028BE5
:106500005DF804EB00F039B8B61F927EB93AB2BA22
:10651000CA9F2A3DDDFFFFBE490E494683F9223F4F
:106520000000004B0000C93F00A0FD390020A2334D
:106530001A61342C336D4C39DA82083CA0AA2ABE89
:1065400010B52DED028BB1EEC08A18EE100A20F0C6
:106550000040C0F1FF40C00F0AD010EE100A20F03A
:106560000040C0F1FF40C00F04BF0120F9F7EFFF6A
:10657000B0EE480ABDEC028B10BD30EE000A704749
:1065800030EE200A70470000DFED020A80EEA00A1C
:1065900070470000000000009FED020A20EE000A94
:1065A00070470000000000709FED020A20EE000A14
:1065B00070470000000000102DE9F0014FF07F420D
:1065C000B2EB410F9FBF4FF0FF310160BDE8F0011A
:1065D00070474FF0004242EA0123C1F3C752783AB4
:1065E000551112F01F0C434CCCF120067C44C1F332
:1065F000C752A2F178024FEA621204EB820254F809
:10660000254008BFD2E9015612D0556804FA0CF4AF
:1066100025FA06F73C43976805FA0CF527FA06F8C1
:10662000D26807FA0CFCF24045EA08054CEA02067B
:10663000A4FB034CA5FB0352A6FB03631D449D4230
:1066400034BF012600261319334416B1934202D9F0
:1066500003E0934201D2012200E00022624402F1F1
:10666000200C9206DC0C42EA443200EE102A5B0356
:10667000DFED210AF8EEC01A00EE103A4FEA9C1C3A
:1066800011F0004FB8EE400AC0F800C020EE201A0A
:1066900000EE105ADFED190AB8EE400A20EE200A8B
:1066A00071EE810A70EE800A10EE902A02F5006207
:1066B0006FF30B0200EE902A70EEE11A31EEC11A70
:1066C000DFED101A30EE411A9FED0D0A20EE800A20
:1066D00001EE210A9FED0C1A00EE810A04BFBDE80D
:1066E000F0017047CCF180510160BDE8F001B1EEDE
:1066F000400A7047142E0000000000360000802C75
:1067000022AAFD29DB0FC92F0000C92FB0EEC01A45
:10671000B4EEE01AF1EE10FA02D29FED0A0A7047C9
:10672000B7EE001AB5EEC00A31EE601AF1EE10FABB
:1067300002DD70EE600A01E070EE200A80EE810A50
:106740007047000000000000B5EEC00AF1EE10FA3C
:1067500002DBF7EE001A01E0FFEE001AB7EE001AB6
:10676000B0EEC00A31EE601A60EE800A21EE001A27
:1067700060EE800A00EE801A21EE810A704730EE4A
:10678000600AB4EEC10AF1EE10FA02DD30EE610AE1
:106790007047F1EE410AB4EEE00AF1EE10FAF7D2DA
:1067A00030EE210A7047000010B5B0EE405A2DEDD2
:1067B000048BF0EE603AF0EE615AB0EE416A90ED73
:1067C000070AF0EE450AFFF7DAFFF0EE402A90EDF7
:1067D000120A80ED130A90ED114A80ED124AC0EDC5
:1067E000112A90ED010A20EE228A9FED4B3A90ED9E
:1067F000170AB0EEE22AF7EE004AB4EEC02A474C80
:10680000F1EE10FA46D290F86010F0EE640AC9B1C9
:10681000B0EE420A10EE101A414A914201DA9FEDA1
:10682000410A94ED031A21EE001AB0EE600AC0EEA0
:10683000010A94ED040AB4EEE00AF1EE10FA01D276
:10684000F0EE400A34EE220AB6EE001AD0ED021A3B
:1068500020EE010A20EE231A90ED0B0A21EE811A98
:1068600001EE200A80ED0B0AD0ED060AB1EE604A77
:10687000B4EEC40AF1EE10FA02D2B0EE440A06E019
:10688000B4EEE00AF1EE10FA01DDB0EE600A80ED40
:106890000B0A01E080ED0B3AD0ED0B8AD0ED140A23
:1068A000F0EE651AB0EE461AB0EE450AFFF767FF44
:1068B000C0EE230A94ED051AD0ED0F1A34EEC10A8A
:1068C00020EE210A01EE200A80ED0E0AD0ED030A27
:1068D00080ED0F0A20EEC09A90ED040AD0ED1A0A5E
:1068E00060EE209A94ED010AB4EEC02AF1EE10FA9F
:1068F00007DDB0EE620A00F073FFD4ED020A20EE6D
:10690000203A38EE280A30EE090A30EE290ABDECAA
:10691000048B30EE030A10BD00000000EC010020E3
:106920006F12833A6F12833A38B50F48002100681E
:10693000026842680092C26842F01002C2600A4CCB
:106940000A4A94F8420020280DD13223A262A3857E
:1069500061642168E06B091DFAF7B6FF20684169A0
:1069600041F04001416138BDD0030020E8500020D3
:1069700010B5B0F9003003810A8852BA02804C8801
:10698000D31A64BA44808C88B3F5805F64BA84807B
:1069900089798171016901DD491E03E013F5805F8A
:1069A00001DA491C016102EB4131828ADFED080AFC
:1069B000891A00EE101AC160B8EEC00A20EE200A53
:1069C000DFED040A20EE200A80ED070A10BD00006A
:1069D0000000B44300000039098849BA018081826F
:1069E000704700009FED061AC0EE010AB3EE030ADD
:1069F00020EE800ADFED030A20EE200A7047000037
:106A00001474C73E00007042FBF748FBFEF72CFDF4
:106A1000FDF7E2FBFDF788FBFDF740FBFDF760FBB0
:106A2000FDF7E4FCFDF7BAFDFDF7BCFCFDF74EFDFC
:106A3000FDF798FCFDF7D0FDFEF7F0F8F9F7ECFF55
:106A4000FAF720F80B48FAF77CF80B48FAF779F8D0
:106A5000FEF7B2FBFEF76CFCFDF76EF9FFF764FF83
:106A6000064800F0B1FE00F025F8FDF773FB00F0DA
:106A700033F8FEE7440200206C02002018040020D6
:106A8000DFED090A094901E030EE600A10EE100A54
:106A90008842F9DC064900BF10EE100A884202D392
:106AA00030EE200AF8E770470000B443000034439A
:106AB000000034C3EFF3058010B16FF0050070479C
:106AC0000448016811B14FF0FF30704701210160A7
:106AD000002070478000002010B5EFF3058010B152
:106AE0006FF0050010BD08480168012902D04FF081
:106AF000FF3010BD054A002182F8141D02210160FB
:106B000001F01EF9002010BD800000200BE000E025
:106B1000F8B51D466FF003026FF002064FF0000457
:106B2000EFF30583A3B1F0B1E9B1E5B9002200921A
:106B30006A4601F071FC012817D10098B0B10C49E8
:106B40004FF080500860BFF34F8FBFF36F8F0DE0A1
:106B500048B141B12A4601F0C3FB012806D025B156
:106B60006FF0010402E0144600E034462046F8BD10
:106B700004ED00E0F8B514464FF00005EFF3058290
:106B800012BB08B301B3A4B1D4E9023263B1502AF5
:106B90001AD32269C2B1676900FB01F6B74213D369
:106BA000009501F016FA07E072B9226962B96269CC
:106BB00052B9002201F0ECF9050005D00CB12168B2
:106BC00000E0002100F0FEFF2846F8BD2DE9FF415E
:106BD0004FEA01034FF00005EFF30581039549BB30
:106BE00040B38027182100244AB3166806B1344602
:106BF00096691EB13146761E382E02D21679F607F6
:106C000003D0002004B0BDE8F081566906B1B70892
:106C1000D2F808C0BCF1000F0DD0D5685C2D18D398
:106C200012693AB136B18DE806103A46214601F0B4
:106C3000A8FC03900DE0D6685EB912694AB903AAB0
:106C4000CDE90012BAB2214601F06EFC012800D055
:106C500003950398D6E710B504462DED028BB0EEF0
:106C6000608AFEF7EBF8F0EE480ABDEC028B204696
:106C7000BDE81040FEF722B910B504462DED028B99
:106C8000B0EE608AFEF7FAF8F0EE480ABDEC028B2F
:106C90002046BDE81040FEF733B900002DE9F04171
:106CA000134C0F460546E6682068001D00F08CFE78
:106CB000681C07D137B12168BDE8F0410D48091DB6
:106CC00000F0D2BE20683544B5424560216805D247
:106CD000A06BBDE8F041091D00F0AEBE606B091D60
:106CE00000F0AAFEA06A854200D2A562BDE8F0814C
:106CF00030000020F80900202DE9F041054600F0A1
:106D0000BFFE2D4CA068401CA06020682B4F10B126
:106D1000606930B32BE02560A068012827D10026E8
:106D200006EB860007EB800000F078FE761C382E1C
:106D3000F6D3234800F072FE2148143000F06EFEB6
:106D40001F48283000F06AFE1D483C3000F066FE07
:106D50001B48503000F062FE194860631430A06395
:106D600005E02068E96AC06A884200D82560606A48
:106D7000401C60626864E86A2169884200D9206129
:106D800000EB800007EB8000291D00F06DFE00F095
:106D900097FE606900280CD02068E96AC06A8842C2
:106DA00007D208494FF080500860BFF34F8FBFF300
:106DB0006F8FBDE8F0810000300000204805002002
:106DC000A809002004ED00E038B500F059FE104C91
:106DD0002068C8B90F4800F021FE0E48143000F0BA
:106DE0001DFE0C48E060143020610A4B0020F03B8F
:106DF000009003F1500210210A2001F0EAF820600F
:106E000010B105A100F0DEFEBDE8384000F058BE2C
:106E10006C000020FC0A0020546D7251000000003C
:106E200030B4026C0B46002A0BD0C1681144C1601B
:106E30008468A14201D30168C16030BC1846F9F7EB
:106E40000ABB30BC70472DE9F041856B17460446FC
:106E50000026026C82B1C7B1E068F9F7FCFAE1687C
:106E6000206C091AE1602268914202D2A168081AD6
:106E7000E060022F16D017E02068A8B9A06801F0E2
:106E800023FC06460020A0600EE06068F9F7E3FAF4
:106E9000216C606808446060A168884204D320685F
:106EA000606001E005B16D1E6D1CA5633046BDE854
:106EB000F08110B5044690F8590058B101280CD063
:106EC00002280FD0502080F31188BFF34F8FBFF3FB
:106ED0006F8FFEE7206B00F007FE2046BDE81040F4
:106EE00000F002BE10BD000010484FF47051420780
:106EF00006D0C01D0D4920F00700411AC1F57051A0
:106F00000B4A00230144C2E900030839183A21F072
:106F1000070111604B600B600B1AC0E9001393600E
:106F20004FF000405360506170470000DC110020BA
:106F30009C000020144E154CA6F29C474FF0805840
:106F4000DFF84C9012E000BF00F09AFDF068C568D1
:106F5000281D00F039FDA068401EA0606068401E3A
:106F6000606000F0ADFD2846FFF7A3FF60680028D1
:106F7000EAD138680128F9D9C9F80080BFF34F8FEA
:106F8000BFF36F8FF2E70000E4090020300000201B
:106F900004ED00E070B51D46049C51B1C4F800201A
:106FA000C4E90F010121204601F046F884F84C5055
:106FB00070BD2460F4E700002DE9F05F8846DDE94C
:106FC0000B941546834691009A460A9EA522206B93
:106FD000F9F786FA6FF00301206B01EB8501084495
:106FE00020F00707780707D0502080F31188BFF3FF
:106FF0004F8FBFF36F8FFEE70025B8F1000F0FD062
:107000005FF00000221818F8001082F8341018F809
:10701000001011B1401C1028F4D384F8435001E053
:1070200084F83450382E00D33726E662C4E913655D
:10703000201D00F0FEFC04F1180000F0FAFC2461B1
:10704000C6F138006462A061656584F85850524604
:107050005946384600F05AFA2060B9F1000F01D0C5
:10706000C9F80040BDE8F09F30B5114900E0114675
:107070000A688242FBD34B685C18844203D14068A3
:1070800018444860084643681C18944209D1084CCB
:10709000183C2468A24209D052681A4442600A6827
:1070A00012680260814200D0086030BD0460F9E7D8
:1070B0009C00002070B5002441600B4D006191429E
:1070C00006D8D11A8269914206D2011D286907E0CB
:1070D0009A4203D2994201D3012403E0011DE868DA
:1070E00000F0AAFC204670BD6C00002010B50446DC
:1070F00000F0C6FCA06B28B15FF0000400F0E0FCDB
:10710000204610BD0124F9E730B589B03C4D6EE052
:107110000498002806DADDE90601059A90470498EC
:10712000002864DB069C606910B1201D00F04CFC57
:1071300003A800F0D7F8024604980A2857D2DFE8DF
:1071400000F00505052D334A05052D3394F8280078
:1071500040F0010084F828000599A069059B0144CE
:107160002046FFF7A7FF68B3216A2046884794F8B6
:10717000280040073BD5002000900598A169002316
:1071800042181946204601F0A9FBD8B9502080F3D7
:107190001188BFF34F8FBFF36F8FFEE714F8280FEE
:1071A00020F00100207022E094F8280040F0010057
:1071B00084F828000598A06128B18118134620465C
:1071C000FFF778FF13E0502080F31188BFF34F8F53
:1071D000BFF36F8FFEE794F82800810703D42046A1
:1071E00000F082FC03E020F0010084F82800002277
:1071F00004A9286801F074F8002889D109B030BDCD
:107200006C0000202DE9FC410F46054600F0DCFD36
:1072100001A800F067F80446019818B101F0CCFA13
:10722000BDE8FC81254EAFB130690068D0B30027BE
:10723000291B3A46306800F0D9FC01F0BDFA00285D
:10724000EED11F494FF080500860BFF34F8FBFF35E
:107250006F8FE5E7A542EBD801F0AEFAF06827465C
:10726000C068C468201D00F0AFFB94F828004107F7
:1072700019D5A0692B4641193A462046FFF71AFF57
:10728000A8B100200346014600902A46204601F09E
:1072900025FB60B9502080F31188BFF34F8FBFF3F7
:1072A0006F8FFEE707E020F0010084F82800216AD4
:1072B00020468847B4E70127BAE700006C000020A9
:1072C00004ED00E00648416B096829B1416BC968CB
:1072D000C9684968816270474FF0FF31FAE70000E2
:1072E0003000002070B5054601F084F9064E0446D2
:1072F000B068844203D200F009F8012000E00020C9
:1073000028602046B46070BD6C000020F8B5194DAF
:1073100020E0C068C4680668201D00F055FB216AA3
:107320002046884794F82800400713D5A0693044C8
:10733000B04206D924616060211DE86800F07CFB42
:1073400008E000200346014600903246204601F046
:10735000C5FA38B1E86801680029DAD12969C5E9B8
:107360000310F8BD502080F31188BFF34F8FBFF397
:107370006F8FFEE76C00002008484068401C4FF00B
:10738000500080F3118804D0BFF34F8FBFF36F8F8D
:10739000FEE7BFF34F8FBFF36F8FFEE7A40000201F
:1073A000074CE068016841B1C0680021D0F80000D6
:1073B000FFF728FFFFF7A8FEF3E701210020F7E71A
:1073C0006C0000202DE9F041044600F059FB94F9CF
:1073D000455004F1240609E0606A48B1304601F0E6
:1073E000B3F908B100F072FC6D1E6DB2002DF3DC34
:1073F0004FF0FF3684F8456000F062FB00F040FB80
:1074000094F9445004F1100709E0206948B1384666
:1074100001F09AF908B100F059FC6D1E6DB2002D13
:10742000F3DC84F84460BDE8F04100F049BB0000A3
:107430002DE9F0410546002700F0C6FC324E3068C9
:1074400008B9FFF751FD706905424ED1C5B3083543
:1074500068070ED005F00700C0F108000544680772
:1074600007D0502080F31188BFF34F8FBFF36F8F89
:10747000FEE72DB37068854237D82348183001469F
:107480000C6801E020460C466168A94202D22168DE
:107490000029F7D131688C4227D007682168016044
:1074A00060680837411B10290FD96019420708D0BE
:1074B000502080F31188BFF34F8FBFF36F8FFEE72B
:1074C00013E041606560FFF7CFFD61687068401AA6
:1074D0007060B268904200D2B060706901430020D1
:1074E000C4E90001F068401CF06001F065F978071C
:1074F00007D0502080F31188BFF34F8FBFF36F8FF9
:10750000FEE73846BDE8F0818400002010B5031F77
:107510004FF080741C601B1F21F001011960191FBE
:10752000044B0B6014390A60091F6FF002024438E3
:107530000A6010BD7973000810B510EE100A01F052
:1075400063FE9FED051B53EC112B01F075FC01F060
:10755000F9F900EE100A10BD26CF030DDCA54C4052
:1075600070B50A88C2F30A05A5F5806505804A78DA
:107570008B78D20842EA4312C2F30A04A4F580646D
:1075800044808A78CB78920942EA83020B7905F528
:10759000257542EA8322C2F30A03A3F58063838040
:1075A0000A794E79520842EAC612C2F30A02A2F5DB
:1075B0008062C2800E8AC6F30A06A6F5806606813E
:1075C0004E79B60986724979C1F30111C1724FF43F
:1075D000A5618D420BD804F525748C4207D803F5BC
:1075E00025738B4203D802F525728A4203D9002104
:1075F00001604160816070BDB0EE403A00EE100A5B
:10760000F0EE601AB0EE412AF8EEC00A9FED1C1AA7
:1076100000B580EE810AF7EE002A10EE100AB0F1F4
:107620007E5F02DDB0EE620A06E010EE100A10F195
:10763000814F01D9BFEE000ADFED120AFFF766F8AD
:10764000F0EE610AFFF780F80F4872EEC20A00EB15
:1076500081000E4990ED001A60EE810A42EE000AA8
:10766000C0ED000A20EE830A10EE100A884206DC04
:1076700010EE100A0649884201D89FED060A00BDA7
:1076800000002544295C8F3DD069002017B7D13810
:1076900017B7D1B8000000002DE9F047DFF81C81D2
:1076A0000446424698F800301089D2F80C90014602
:1076B000401C00270126424D527880B2082B73D21D
:1076C000DFE803F0040A1A23313B415EA52C0ED1FA
:1076D00088F800602C7050E05A2C02D0A52C08D0FD
:1076E00062E0022288F800206C54A8F80800BDE887
:1076F000F08788F80060FAE7032288F800206C54CD
:10770000A8F8080088F80140F1E76C54A8F80800D0
:1077100088F802402844C8F80C0062B15FF0040009
:1077200088F80000E3E76C54A8F808002918A1EBDA
:1077300009009042DBDB0520F2E7062088F8000014
:10774000A8F80A40D3E798F80A004FF6FF7202EA59
:1077500000202044A8F80A00C9B21948F9F708FA2D
:10776000B8F80A10884203D1072188F80010BEE754
:10777000A52C19D12C7088F80060A8F80860B6E72D
:10778000FF2C02D0A52C12D00EE098F8020088F849
:10779000040088F8052098F8060028B949460948E9
:1077A000F8F759FE88F8036088F800709FE788F8BA
:1077B0000060A8F808602C7099E70000CC01002058
:1077C000A4670020D0680020034901220861C91D78
:1077D0000248FCF769B80000CC0100201804002022
:1077E000B5EEC00AF1EE10FA02DDB7EE000A7047FE
:1077F000B5EEC00AF1EE10FA02D2BFEE000A7047F1
:107800009FED010A704700000000000010B500EE77
:10781000100A2DED028BB1EEC08A18EE100A20F08E
:107820000040C0F1FF40C00F0AD010EE100A20F057
:107830000040C0F1FF40C00F04BF0120F8F787FEF1
:1078400018EE100ABDEC028B10BD000018B50168DF
:107850000A68D20624D5CA68D20621D5044608682B
:10786000486800900F4884421AD1E06B00680168B4
:1078700021F001010160E06B0068406880B22028BF
:1078800004D10949A1F10C00FFF76AFEE16B322037
:1078900009684860E06B0068016841F0010101601F
:1078A00018BD0000D0030020E850002010B50446A9
:1078B0002DED068BB0EE609AF0EE618AF0EE409A04
:1078C000D0ED190AFEF75BFFB0EE408A94ED1A0A7C
:1078D000D4ED1C0AF0EE001A20EE001A60EEA11A98
:1078E0009FED37AAC1EE210A20EE081AB5EEC01AA4
:1078F000F1EE10FA0BDDB0EEC81AB4EEE01AF1EEBC
:1079000010FA04D8FFF76CFFB1EE400A03E0B0EEC6
:10791000480AFFF765FFD4ED1C0A94ED1A1A20EE11
:10792000200A00EE091A84ED1A1A94ED1B0AF1EEF2
:10793000400AB4EEE01AF1EE10FA02D2B0EE601A8C
:1079400006E0B4EEC01AF1EE10FA01DDB0EE401A16
:107950001C4884ED1A1AB0EEC80AD0ED000AB4EE45
:10796000E00AF1EE10FA11D2D4ED1C0AB0EEC10A11
:1079700060EE890AB4EEE00AF1EE10FA06D2C4ED28
:10798000199A84ED1AAAB0EE690A05E094ED190A75
:1079900001EE090A84ED190AB4EEE80AF1EE10FAD4
:1079A00002DB30EE680A06E0B5EEC00AF1EE10FA2E
:1079B00003D230EE280A84ED190ABDEC068B10BD07
:1079C00000000000EC010020D0E9013201699A605A
:1079D000D0E901235A604A68824201D182684A6034
:1079E000002202610868401E0860086870470000B5
:1079F000034B036003F15C00086080201060704757
:107A0000240B0020044B036003F15C0008604FF47A
:107A10008070106070470000800D002000F10801A8
:107A20004FF0FF32C0E90112C16001610021016025
:107A3000704700210161704730B50B685A1C02D0B5
:107A400000F1080202E0026904E022465468256859
:107A50009D42FAD953684B6099608A605160086111
:107A60000168491C016030BD42684A6093688B60C0
:107A700093685960916008610168491C0160704712
:107A8000502080F31188BFF34F8FBFF36F8F0A49E7
:107A90004868401C486001280CD10848006810F074
:107AA000FF0F07D0502080F31188BFF34F8FBFF333
:107AB0006F8FFEE770470000A400002004ED00E097
:107AC0000849486828B1401E486001D180F31188F8
:107AD0007047502080F31188BFF34F8FBFF36F8F33
:107AE000FEE70000A400002070B500282AD0164D43
:107AF000A0F1080460686969084207D1502080F34A
:107B00001188BFF34F8FBFF36F8FFEE722683AB142
:107B1000502080F31188BFF34F8FBFF36F8FFEE7C4
:107B20008843606000F050F96068696808446860E4
:107B30002046FFF799FA2869401C2861BDE870408B
:107B400000F03ABE70BD0000840000204FF0E0203D
:107B500000210161816105494FF47A720968B1FB26
:107B6000F2F1491E41610721016170472C0000209C
:107B700010B5F8F7D5FB114910280ED300F1E0201D
:107B800090F8F0030A78904207D2502080F31188D1
:107B9000BFF34F8FBFF36F8FFEE709480068896816
:107BA00000F4E060884207D9502080F31188BFF3C9
:107BB0004F8FBFF36F8FFEE710BD0000A4000020C1
:107BC0000CED00E010B5084B002200BF53F8324026
:107BD0001CB1521C082AF9D310BD43F8321003EB34
:107BE000C201486010BD00000805002070B51546B0
:107BF0000E460446FFF744FF94F944100020491C48
:107C000001D184F8440094F94510491C01D184F84D
:107C10004500FFF755FFA06B28B92A46314604F10D
:107C2000240000F071F82046BDE87040FFF7CABBA1
:107C300070B50D4604000BD095B11E4A106BB8B15B
:107C4000502080F31188BFF34F8FBFF36F8FFEE793
:107C5000502080F31188BFF34F8FBFF36F8FFEE783
:107C6000502080F31188BFF34F8FBFF36F8FFEE773
:107C700000F0AAF8D26823685919934204D98B42BC
:107C80000AD9914202D807E08B42FAD9881A2160BA
:107C90000021FFF703F800E0216000F08DFD0028CF
:107CA00007D105494FF080500860BFF34F8FBFF3F5
:107CB0006F8F70BD3000002004ED00E002490A6AB9
:107CC0000260C9684160704730000020014901200E
:107CD000C86170473000002010B50C4650B109490A
:107CE00009681831FFF7A8FE2046BDE810400121C1
:107CF000FEF7D4BF502080F31188BFF34F8FBFF33E
:107D00006F8FFEE73000002070B514460D4668B155
:107D10000A4909681831FFF7A7FE0CB14FF0FF358B
:107D200021462846BDE87040FEF7B8BF502080F3DA
:107D30001188BFF34F8FBFF36F8FFEE73000002035
:107D400030B587B00024039405AA04A903A80494BD
:107D5000FFF74EFEDDE903010094CDE90110002399
:107D600015A11748059A00F00CFC164D0028E86292
:107D70001FD000F083FD012809D0401C19D15020EC
:107D800080F31188BFF34F8FBFF36F8FFEE7502052
:107D900080F31188BFF34F8FBFF36F8F4FF0FF3029
:107DA000A86201206861EC6007B0BDE8304000F0D7
:107DB0005FB807B030BD000049444C4500000000EA
:107DC000356F0008300000200248016B491C016338
:107DD0007047000030000020164810B5016B11B14B
:107DE0000121C16110BD0021C1610169124A01E098
:107DF000B9B1491E01EB810352F82330002BF7D0B3
:107E000001EB810302EB830202F1080453685B6813
:107E10005360A34201D15B685360DA68026001617C
:107E200010BD502080F31188BFF34F8FBFF36F8FC9
:107E3000FEE70000300000204805002030EE600A18
:107E40000849DFED090A10EE100A884202DD30EE23
:107E5000600A704710EE100A04498842F9D930EEE2
:107E6000200A7047000034430000B443000034C3CC
:107E70001CB537480168374A914207D1502080F33A
:107E80001188BFF34F8FBFF36F8FFEE70068314952
:107E9000491E884207D1502080F31188BFF34F8FCD
:107EA000BFF36F8FFEE72C4908780190FF20087020
:107EB00008788DF800009DF800009DF8002000F083
:107EC000F000904207D0502080F31188BFF34F8F0D
:107ED000BFF36F8FFEE79DF80000204C00F05000CC
:107EE00020700720A06005E09DF8002052008DF86A
:107EF0000020401E9DF800201206F5D4A060032843
:107F000007D0502080F31188BFF34F8FBFF36F8FDE
:107F1000FEE74FF44070A060019808700C482030D4
:107F2000016841F470010160016841F07041016035
:107F3000FFF70CFE00206060F8F7BAF90848016806
:107F400041F040410160F8F79FF900201CBD00009E
:107F500000ED00E071C20F4100E400E0A400002049
:107F600034EF00E010B5502080F31188BFF34F8F3D
:107F7000BFF36F8F00F044FB18B104494FF08050FD
:107F80000860002080F3118810BD000004ED00E0BF
:107F9000F8B517460E46050013D005FB06F0503025
:107FA000FFF746FA04000AD0002084F8460004F1E6
:107FB00050023B46314628460094FEF7EBFF204630
:107FC000F8BD502080F31188BFF34F8FBFF36F8F40
:107FD000FEE738B5049D18B153B1CAB181B120E0B4
:107FE000502080F31188BFF34F8FBFF36F8FFEE7F0
:107FF000502080F31188BFF34F8FBFF36F8FFEE7E0
:10800000502080F31188BFF34F8FBFF36F8FFEE7CF
:1080100039B1502080F31188BFF34F8FBFF36F8FBA
:10802000FEE750241C46012384F846302B4600947A
:10803000FEF7B0FF204638BD70B50D46040025D0D0
:10804000FFF71EFDD4E90F20216802FB0011A1609B
:108050000021A163216861600A46D4E90F01401E36
:1080600000FB0121E16021464FF0FF3001F8440F91
:10807000487004F110008DB1FFF7D0FC04F124002A
:10808000FFF7CCFCFFF71CFD012070BD502080F3F2
:108090001188BFF34F8FBFF36F8FFEE7216900296F
:1080A000F0D000F051FB0028ECD004494FF0805094
:1080B0000860BFF34F8FBFF36F8FE3E704ED00E07D
:1080C0002DE9FF4782B01D468A464FF000080400A4
:1080D00003D0BAF1000F08D011E0502080F31188CE
:1080E000BFF34F8FBFF36F8FFEE7206C38B1502086
:1080F00080F31188BFF34F8FBFF36F8FFEE7022D20
:108100000AD1E06B012807D0502080F31188BFF31B
:108110004F8FBFF36F8FFEE700F05EFA3F4F4FF0D7
:1081200000094FF0805648B9049838B1502080F3C8
:108130001188BFF34F8FBFF36F8FFEE7FFF7A0FCEF
:10814000A06BE16B884207D3022D05D00498D0B113
:10815000B8F1000F1AD01EE02A4651462046FEF71D
:1081600072FE616A19B104F1240000F0EDFA20B149
:108170003E60BFF34F8FBFF36F8FFFF7A1FC01206D
:1081800006B0BDE8F087FFF79BFC22E06846FFF7EA
:1081900095FD4FF00108FFF793FCFFF715FEFFF781
:1081A0006FFC94F94400401C01D184F8449094F988
:1081B0004500401C01D184F84590FFF781FC04A9DB
:1081C000684600F077F930B12046FFF7FBF800F081
:1081D000F3FA0020D4E7FFF753FCA06BE16B884271
:1081E00013D1FFF76DFC04F110000499FFF774FD43
:1081F0002046FFF7E7F800F0DFFA00289ED13E6046
:10820000BFF34F8FBFF36F8F98E7FFF759FC2046FE
:10821000FFF7D8F800F0D0FA90E7000004ED00E096
:108220002DE9F0471F4690468946040003D0B9F176
:10823000000F08D011E0502080F31188BFF34F8F5A
:10824000BFF36F8FFEE7206C38B1502080F31188A8
:10825000BFF34F8FBFF36F8FFEE7022F0AD1E06BA2
:10826000012807D0502080F31188BFF34F8FBFF350
:108270006F8FFEE7FFF77CFC5020EFF3118680F351
:108280001188BFF34F8FBFF36F8FA06BE16B8842F4
:1082900006D3022F04D0002086F31188BDE8F087B2
:1082A00094F94550A06B3A4649462046FEF7CBFD6F
:1082B000681C04D06D1C84F845500120ECE7606A0E
:1082C0000028FAD004F1240000F03EFA0028F4D08F
:1082D000B8F1000FF1D00121C8F80010EDE700005F
:1082E0002DE9F747002683B08A46040003D0BAF18F
:1082F000000F08D011E0502080F31188BFF34F8F9A
:10830000BFF36F8FFEE7206C38B1502080F31188E7
:10831000BFF34F8FBFF36F8FFEE700F05DF9DFF81B
:10832000F4804FF000094FF0805748B9059838B1F4
:10833000502080F31188BFF34F8FBFF36F8FFEE79C
:10834000FFF79EFBA56BC5B151462046FEF768FDC1
:108350006D1EA563206950B104F1100000F0F4F91E
:1083600028B1C8F80070BFF34F8FBFF36F8FFFF7CE
:10837000A7FB012006B0BDE8F087059808B11EB143
:1083800006E0FFF79DFB27E06846FFF797FC012614
:10839000FFF796FBFFF718FDFFF772FB94F9440017
:1083A000401C01D184F8449094F94500401C01D14F
:1083B00084F84590FFF784FB05A9684600F07AF839
:1083C000002820460AD0FEF7FDFF00F0F5F9204610
:1083D000FEF78CFE0028B3D00020CBE7FEF786FE28
:1083E00090B104F124000599FFF776FC2046FEF7D2
:1083F000E9FF00F0E1F90028A2D1C8F80070BFF34E
:108400004F8FBFF36F8F9BE72046FEF7DBFF00F037
:10841000D3F995E704ED00E02DE9F0479046894651
:10842000040003D0B9F1000F08D011E0502080F310
:108430001188BFF34F8FBFF36F8FFEE7206C38B109
:10844000502080F31188BFF34F8FBFF36F8FFEE78B
:10845000FFF78EFB5020EFF3118680F31188BFF3F6
:108460004F8FBFF36F8FA76BF7B194F94450494614
:108470002046FEF7D5FC7F1EA763681C04D06D1C48
:1084800084F84450012010E020690028FAD004F15B
:10849000100000F059F90028F4D0B8F1000FF1D025
:1084A0000121C8F80010EDE7002086F31188BDE82F
:1084B000F08700002DE9F0410C46050011D0C4B151
:1084C000FFF7DEFA174BDA686E682068911B471CCD
:1084D00017D02F681B6A9F4219D0964217D80124E3
:1084E00010E0502080F31188BFF34F8FBFF36F8FE0
:1084F000FEE7502080F31188BFF34F8FBFF36F8FDB
:10850000FEE70024FFF7DCFA2046BDE8F081884250
:1085100005D9401A20602846FFF7D0FBF1E700207C
:108520002060DCE7300000202DE9FF5F8346DDE9B5
:108530000E87994616468A469000FEF779FF050099
:108540001CD05C20FEF774FF040014D000202563CB
:1085500084F85900CDE90240CDE900874B46324608
:1085600051465846FEF728FD2046FEF7C5FB012080
:1085700004B0BDE8F09F2846FFF7B6FA4FF0FF3091
:10858000F6E7F0B585B0DDE90B640A9DA6B1DCB174
:108590005C2700972663022684F85960002604AF02
:1085A000CDE90246CDE90057FEF706FD2046FEF76D
:1085B000A3FB049805B0F0BD502080F31188BFF3F1
:1085C0004F8FBFF36F8FFEE7502080F31188BFF30A
:1085D0004F8FBFF36F8FFEE70548416919B1006BFC
:1085E00018B100207047012070470220704700003A
:1085F000300000200148C0687047000030000020B3
:108600002DE9F0412E4C0027206B28B1A069401CB9
:10861000A0613846BDE8F081E668761CE66013D1BB
:10862000606B006838B1502080F31188BFF34F8F22
:10863000BFF36F8FFEE7606BA16B6163A063206A7D
:10864000401C2062FEF73EFEA06ADFF8788086427A
:1086500009D3606B0068A0B1606BC068C5686868CA
:10866000864211D2A0622068C06A00EB800158F8EF
:108670002100012800D90127E0690028C9D001277D
:10868000C7E74FF0FF30EDE7281DFFF79DF9A86A17
:1086900018B105F11800FFF797F9E86A21698842D7
:1086A00000D9206100EB800108EB8100291DFFF754
:1086B000DBF9E86A2168C96A8842CAD30127C8E79A
:1086C000300000204805002070B504004FF0000184
:1086D00033D01B4D2868844207D0502080F3118886
:1086E000BFF34F8FBFF36F8FFEE7206D38B1401E91
:1086F0002065E36CE26A9A421FD040B11DE0502031
:1087000080F31188BFF34F8FBFF36F8FFEE7201DFB
:10871000FFF75AF9E06CE062C0F13800A061E06A4E
:108720002969884200D92861064900EB800001EBE5
:108730008000211DFFF798F90121084670BD000057
:10874000300000204805002070B5C068C46854B1EE
:1087500004F118000646FFF737F9144D286B50B1A5
:108760003146134815E0502080F31188BFF34F8F36
:10877000BFF36F8FFEE7201DFFF726F9E06A296936
:10878000884200D928610B4900EB800001EB800092
:10879000211DFFF769F9E06A2968C96A884202D990
:1087A0000120E86170BD002070BD00003000002095
:1087B000D0090020480500202DE9F0472C4D002469
:1087C0002746286B38B1FFF75BF9286B401E2863FA
:1087D000286B40B146E0502080F31188BFF34F8FE3
:1087E000BFF36F8FFEE7A968224E0120D1B3A6F533
:1087F000916980463068E0B1F068C46804F11800FF
:10880000FFF7E2F8201DFFF7DFF8E06A29698842E8
:1088100000D9286100EB800109EB8100211DFFF7E1
:1088200023F9E06A2968C96A8842E3D3C5F81C8045
:10883000E0E70CB1FEF746FDAC694CB14FEA080623
:10884000FFF7DEFE00B1EE61641EF9D10020A861E1
:10885000E86938B10849012738070860BFF34F8F2E
:10886000BFF36F8FFFF72CF93846BDE8F0870000A3
:1088700030000020D009002004ED00E010B586B0E3
:10888000FEF7A2FA114C2068B8B1002003900490C2
:1088900005AA04A903A8FFF7B5F8DDE90321022022
:1088A0008DE8070000230AA10B48059AFFF769FE2F
:1088B000606010B106B0012010BD502080F3118817
:1088C000BFF34F8FBFF36F8FFEE700006C000020F7
:1088D000546D722053766300A17300082DE9FF41A7
:1088E0001E46134602000A9D4FF0000016D0144C9D
:1088F0002768002F0FD0CDE900130292062917DA5E
:10890000FFF76AFE02284FF000030FD000226946ED
:108910002068FFF7D5FB04B0BDE8F081502080F35C
:108920001188BFF34F8FBFF36F8FFEE72A46EEE744
:108930000023324669463846FFF772FCEBE7000039
:108940006C00002021F00042A2F16052B2F5801FBD
:1089500001F0004328BFD2F17F6C0BD95FEA001C05
:1089600043EAC20242EB507018BF704728BF20F0A4
:1089700001007047B2F5801FBCBF184670474FEA30
:10898000410C1CF5001F02D2084600F0B3BC70B5C4
:1089900000F0FCFA00000089FFF7F6BF4FF000403E
:1089A000A0F580007047000010B591EA030F48BFA2
:1089B00083F0004300F14683841A71EB030C05D267
:1089C000121943EB0C03001B61EB0C01DFF824E1EF
:1089D0004FEA1154A4EB135C1EEA430F18BF9EEA42
:1089E000445F73D023EA0E03DCF1200E21EA045128
:1089F00043F4801332D322FA0CFE10EB0E0023FA5C
:108A00000CFE41EB0E01CCF1200E03FA0EFE10EB32
:108A10000E0051F10001B1F5801FCCF1200E32D2D1
:108A200001EB045112FA0EF2BDE8104058BF704736
:108A3000401C38BF5FEA420218BF7047002814BFCD
:108A400020F0010041F100014FEA410313F5001F3E
:108A500038BF7047A1F1C04100F0E6BA012A43EBEC
:108A60000302ACF1200CDCF11F0E32BF4FF0000E00
:108A700023FA0CF310EB030041EB0451B4EB115F4C
:108A8000D0D0A1EB045101F5801149085FEA300014
:108A900001EB04510ED350F1000038BF12FA0EFE64
:108AA00008D1BDE81040C9E7401C38BF5FEA420268
:108AB000CAD1C3E7BDE810404FEA410313F5001FD8
:108AC00038BF7047A1F1C04100F0AEBA9EEA445FE2
:108AD00008D011EA5E0FBDE8104004BF01F000416C
:108AE00000207047BDE8104070B500F04FFA00BF9D
:108AF00064FBBE3E0000E0FF491058BFC1F1404199
:108B00005B1058BFC3F140438B42EFF300807047C6
:108B10002DE9C04130B4DFF8A0C23CEA111418BFFF
:108B20003CEA131400F0EC8081EA03051CEA1114FE
:108B300044EAD57418BF1CEA131500F0C780A4EBF3
:108B400005044FF0004545EAC12145EAC32341EA47
:108B5000505143EA525304F17F74994204F50034B2
:108B60004FEAC0204FEAC22208BF904200F09C802A
:108B70004FEA13650FF24016765D4FEA134506FB88
:108B800005F7C7F1807706FB07F74FEAD737A7FB52
:108B900003687642C8F58038A7FB06CE38BFA8F137
:108BA000010807FB08E64FF0000EA6FB028CE6FB6F
:108BB00003CEDCF1000CCEF1004E38BFAEF1010E59
:108BC000A6FB0C584FF000074FF00005E6FB0E87A0
:108BD000A1FB08C6A0FB07CE16EB0E0645F100056B
:108BE000E1FB076515F1E04E7EBFA4F580345FEA36
:108BF00046066D4116F1800745F100054FEA17273B
:108C00004FEA066647EA0567A6F1DE46B6F1805FE1
:108C10004FEA15251FD9384624F0010C05EBC47125
:108C2000BCF1FE6F01EB0C1102D8F0BCBDE8008175
:108C300024425CBF01F5801E9EEAC47F02D4F0BCD2
:108C4000BDE80081244238D4F0BCA1F1C041BDE8A8
:108C5000004100F0E9B94FEAD22242EA43524FEA1A
:108C6000D323A7FB02864FEAD02040EA415007FBFE
:108C700003661EEA0E0F4FEAD12105FB026658BFBC
:108C8000A6EB0056B6EB00564FEA520E4EEAC37EF4
:108C900018EB0E0E56EB530EBDD518EB02085E41D5
:108CA0007F1C55F10005B6E74FF480154FF0000723
:108CB0004FF000064FF00008ADE7F0BC4FF00000A9
:108CC00001F1C04101F00041BDE8008111EA0C1F33
:108CD0000CEA131500D00CE013EA0C1F00F02580FD
:108CE0004FF00000F0BC81EA030101F00041BDE853
:108CF0000081F0BCBDE8004181EA030100F094B9B5
:108D0000F0BCBDE8004170B500F040F9097EFC3EC2
:108D100000F007B881EA03014FF0000001F00041C4
:108D2000704781EA030100F07FB9F0BCBDE8004163
:108D30004FF0000021497047FFFDFBF9F7F5F4F211
:108D4000F0EEEDEBE9E8E6E4E3E1E0DEDDDBDAD8E6
:108D5000D7D5D4D3D1D0CFCDCCCBCAC8C7C6C5C444
:108D6000C2C1C0BFBEBDBCBBBAB9B8B7B6B5B4B35B
:108D7000B2B1B0AFAEADACABAAA9A8A8A7A6A5A446
:108D8000A3A3A2A1A09F9F9E9D9C9C9B9A9999980A
:108D90009797969595949393929191908F8F8E8EAD
:108DA0008D8C8C8B8B8A898988888787868585843A
:108DB00084838382828181800000FF070000F87F26
:108DC00051EA030C17D41CF5801F58BFBCF5801F57
:108DD00000F10680994218BF704708BF9042704763
:108DE00007D711F5801F58BF13F5801F19D499427A
:108DF0007047894270471CF5801F08D5BCF5801F5D
:108E0000F7D58B4218BF704708BF824270474FF4B6
:108E1000001C1CEB410F38BF1CEB430F01D28B42EF
:108E2000704770B500F0B2F8922449004FF000513D
:108E30004FF08053FFF760BEDFF848C170B51CEA01
:108E4000111E1EBF1CEA13159EEA0C0F95EA0C0FAB
:108E500000F06F8081EA030423EA4C134EEAD47ECB
:108E600021EA4C1141F4801143F48013AE44A1FB7C
:108E7000024CA0FB0365AEF17F7E361955EB0C0565
:108E8000A1FB034C4CF10003A0FB021C16EB0C06EB
:108E9000654153F10003094218BF46F0010613F47F
:108EA000007F0BD14FEA03314FEA0530340341EA2A
:108EB000155140EA16506FF003020AE04FEAC32151
:108EC0004FEAC520F40241EA555140EA56506FF08E
:108ED000020202EB2E4201EB025585EACE710AD066
:108EE0005FEA440C18BF24F0004450F1000041F147
:108EF000000120EAD47040F2FE7C624500D270BDD1
:108F0000A84214BF4FF080444FF04044002E08BFE9
:108F10000024BEF1806FA8BFA1F1C041BDE8704040
:108F200080F282804FF0000001F1C04101F0004169
:108F300070479EEA0C0F0CEA131518BF95EA0C0F48
:108F400006D04FF0000081EA030E0EF0004170BD24
:108F500000F01CF88900013E00F007B800F009B8E5
:108F60004FEA430C5FEA5C5C08D081EA030100F041
:108F70005BB84FEA410C5FEA5C5CF6D14FF0000051
:108F8000014970470000FF070000F87F0EF1020E54
:108F90002EF0030E5EF8046B364205D4012A43EB33
:108FA000030515F5001F12D8012841EB010C1CF533
:108FB000001F0CD80ED14FEAD17C15F5001F0CEB29
:108FC0004C0C0CF1020C08BF4CEBD37C04E04FF0CE
:108FD000080C01E04FEAD37C0CEB4C0526FA05F6B1
:108FE00006F00706B6F1040C06D20EEB860CBDE8BF
:108FF00070404CF0010C6047DFE80CF0090B0202F6
:109000004FF000414FF00000A1F5002170BD19465E
:109010001046012851EB010418BFD4F5001484BF99
:10902000002001F0004170BD0808A0F500114FEAD2
:109030003101704710B591EA030F48BF83F0004338
:109040003FF5BAAC841A71EB030C07D212198CF0FD
:10905000004C43EB0C03001B61EB0C01DFF8A4E1B7
:109060004FEA1154A4EB135C1EEA430F18BF9EEAAB
:10907000445F00F0B08023EA6E03524221EA0451BB
:10908000C3EB6E0338BF5B1EDCF1200E25D322FA42
:109090000CFE10EB0E0043FA0CFE41EB0E01CCF17E
:1090A000200E03FA0EFE10EB0E0051F10001CCF180
:1090B000200E29D412FA0EF201EB0451BDE8104043
:1090C00058BF7047401C1CBFB2F1004F70470028CA
:1090D0000CBF491C20F00100704712EB020E43EB5D
:1090E000030218BF4FF0010E4EEA4202ACF1200C11
:1090F000DCF11E0E54D943FA0CFE10EB0E0051F1B8
:10910000FF31CCF11E0ED5D50EF1010E12FA0EFE76
:10911000404141EB010101EB445C5FEA5C5C10D92A
:1091200010EBDE7001EB045138BFBEF1004FBDE81B
:10913000104018BF704700280CBF491C20F00100E8
:10914000704730D24FEAD42C11F5001124F400649A
:109150001BD0B1FA81F20B3AA41AA41ED2F120035B
:10916000914030FA03F31943904001EBCC71002C8D
:1091700001EB0451BDE81040A8BF704701F1C041A8
:109180004FF0000001F000417047B0FA80F310FA90
:1091900003F100D110BDE41A173C4805C90AE4E701
:1091A00001EB045110BD491001EB0451BDE8104022
:1091B0004FEA300002E04FF0000170474A0008BF5C
:1091C0000042F8D0B2F5001F28BF704701F00041FF
:1091D0004FF0000070479EEA445F07D011EA5E0F2F
:1091E000BDE8104004BF002100207047BDE81040DA
:1091F00070B5FFF7CBFE00BF40DFF63E83F00041C5
:10920000104670470000E0FF43004FEAD30C4FEADE
:109210003C0C43401FBF40070CF1605113F0FE4F60
:1092200070471CF0006F03D100200CF00041704724
:109230000CF0004343EA507010B540EACC0000F057
:109240000EF800BF000000924FEA0001FFF7ECBEED
:109250004FF000414FF00000A1F5002170470EF1E2
:10926000020E2EF0030E5EF8044B244204D44FEAA3
:109270004102B2F17F4F11D84FEA4003B3F17F4F63
:109280000CD80ED14FEAD07CB2F17F4F0CEB4C0CD6
:109290000CF1020C08BF4CEBD17C04E04FF0080C41
:1092A00001E04FEAD17C0CEB4C0324FA03F404F008
:1092B0000704B4F1040C06D20EEB840CBDE8104098
:1092C0004CF0010C6047DFE80CF0070802024FF099
:1092D0000040A0F5800010BD0846420018BFD2F142
:1092E000807288BF00F0004010BD4FF04070E1EE8A
:1092F000100A7047FF2141EAD050C00570470000B6
:109300005894000800000000000000000000000069
:10931000000000000002000010000000000000003B
:10932000000000006494000800000000000000003D
:1093300000000000000000000008000028000000FD
:109340000000000000000000409400080000000041
:109350000000000000000000000000000008000005
:109360001800000000000000000000004C940008FD
:1093700000000000000000000000000000000000ED
:1093800000080000200000000000000000000000B5
:1093900074940008000000000000000000000000BD
:1093A0000000000000080000300000000000000085
:1093B00000000000309400080000000000000000E1
:1093C00000000000000000000000000024940008DD
:1093D000000000000000000000000000000000008D
:1093E0000000000000061016000610160000000025
:1093F0000000000001020304060708090000000045
:1094000001020304000000006E83F9A22915444EF6
:10941000D15727FCC0DD34F5999562DB4190433C80
:10942000AB6351FE4D6563685F436D645F5100003F
:10943000436861737369735F436D645F510000003B
:109440005461736B5F52656D6F7465005461736B2B
:109450005F4D65636800000064656661756C7454F7
:1094600061736B005461736B5F43686173736973FD
:10947000000000005461736B5F43414E5F547800FD
:10948000A09400080000002044020000C40100086D
:109490005895000844020020346E000020020008A5
:1094A000012032018210037924F41AAA01411344E5
:1094B000022420050213DC4F1320012B4B05101A48
:1094C00006103AFC102B0908101A07102B1C50101C
:1094D0003A5D201A08103A3C1049202A0140124DEA
:1094E00042206A6C108A4E102A025099102A0350AA
:1094F000196069102A0450991029909A5C102990DB
:109500005A7C1080099A99993FA69BC43B5DCDCCAB
:109510004C3E183908C53333B33F4D0AD7233C2896
:109520003ACC20214B0C42187AA318456F12833A8B
:1095300029081A0101012A2320412340401AA008CA
:10954000290C290411B980811AFF561AFFC8011984
:08955000191C29244100000050
:040000050800018965
:00000001FF
