:020000040800F2
:1000000088A80024DD03000859C7000819AC0008BF
:1000100051C70008D1130008298901080000000019
:10002000000000000000000000000000714C01080A
:10003000D13800080000000031DD0008994F0108A8
:10004000FB030008FB030008FB030008FB03000898
:10005000FB030008FB030008FB030008FB03000888
:10006000FB030008FB030008FB030008E925000868
:10007000FB030008FB030008FB030008FB03000868
:10008000FB030008FB030008FB030008193B000802
:10009000C93B0008293B0008D93B0008FB030008C6
:1000A000FB030008FB030008FB030008FB03000838
:1000B0005951010869510108FB030008FB030008BE
:1000C000FB030008FB030008FB030008FB03000818
:1000D000FB03000891670108FB030008FB0300080D
:1000E000FB030008FB03000800000000FB030008FE
:1000F000FB030008FB030008FB030008FB030008E8
:10010000FB030008FB03000879510108FB0300080A
:10011000FB030008FB030008FB030008FB030008C7
:10012000FB030008FB030008FB030008FB030008B7
:10013000FB030008FB030008FB030008FB030008A7
:1001400000000000000000000000000000000000AF
:10015000FB030008FB030008FB030008FB03000887
:10016000FB030008FB030008FB030008FB03000877
:10017000FB030008E1C70008FB03000800000000C3
:10018000FB030008FB03000891570108A157010871
:10019000FB030008FB030008FB030008FB03000847
:1001A000FB030008FB030008FB030008000000003D
:1001B000FB030008FB030008FB030008FB03000827
:1001C000FB030008FB030008000000000000000023
:1001D0000000000000000000FB0300080000000019
:1001E000000000000000000000000000000000000F
:1001F0000000000000000000FB030008FB030008F3
:10020000FB030008FB03000800000000FB030008DC
:10021000FB030008FB030008FB030008FB030008C6
:10022000FB03000800000000FB03000800000000C2
:10023000FB030008FB03000800000000FB030008AC
:10024000FB030008FB030008FB030008FB03000896
:10025000FB030008FB030008FB030008FB03000886
:10026000FB030008FB030008FB030008FB03000876
:10027000FB030008FB030008FB030008000000006C
:10028000FB030008FB030008FB030008FB03000856
:1002900000000000FB030008FB0300080000000052
:1002A00000000000FB030008FB030008B157010831
:1002B00081670108FB030008FB030008E93B000815
:1002C000F93B0008FB030008FB03000800F002F8FC
:1002D00000F074F814A696E8000CB244B344DA4572
:1002E00001D100F06BF8BAE80F000FA696E83000D5
:1002F000A5EB040504EB0607AAEB0704A7F1010729
:100300004FEA15154FEA3414A4F10104AC4201D3AD
:1003100000F054F813F0010F18BFFB1A43F001036B
:1003200000F001F8DBE7184728C6010068C60100A5
:100330000A444FF0000C10F8013B13F0070408BF0B
:1003400010F8014B1D1108BF10F8015B641E05D0A9
:1003500010F8016B641E01F8016BF9D113F0080F5E
:100360001EBF10F8014BAD1C0C1B09D16D1E58BFF0
:1003700001F801CBFAD505E014F8016B01F8016B27
:100380006D1EF9D59142D6D370470000704700002A
:100390000023002400250026103A28BF78C1FBD88E
:1003A000520728BF30C148BF0B6070471FB51BF014
:1003B000BDF900F051F91FBD10B510BD00F076F980
:1003C0001146FFF7F3FF19F08BFA00F094F903B42C
:1003D000FFF7F2FF03BC00F097F900000A488047DE
:1003E0000A4880470A480047FEE7FEE7FEE7FEE7C7
:1003F000FEE7FEE7FEE7FEE7FEE7FEE70548064903
:10040000064A074B70470000693A0008815001080E
:10041000CD02000898A6002088A8002498A80020F3
:1004200088A4002453EA020C00F069802DE9F04B07
:100430004FF00006002B1FBFB3FA83F503FA05F453
:1004400024FA05F65E4012BF1643B2FA82F502FAAC
:1004500005F4C5F120051EBF22FA05FC44EA0C0490
:10046000203556EA044C4FEA144418BF641C4FF080
:1004700000084FF00009904271EB030C39D30029BA
:1004800019BFB1FA81F701FA07F6B0FA80F700FA5E
:1004900007F6C7F120071EBF20FA07FC46EA0C0644
:1004A0002037B6FBF4FCA7EB0507103F07F01F0B46
:1004B000CBF120062CFA06F60CFA0BFB44BFB34630
:1004C0000026202FA4BF5E464FF0000B5BEA060C0F
:1004D00008BF4FF0010B19EB0B0948EB0608ABFB0B
:1004E000027C06FB02CC0BFB03CCC01B71EB0C01A6
:1004F000C1E70B46024641464846BDE8F08B13B5BE
:10050000084318BF4FF0FF300146AFF30080BDE84D
:100510001C407047032A40F2308010F0030C00F0BA
:10052000158011F8013BBCF1020F624498BF11F82D
:1005300001CB00F8013B38BF11F8013BA2F10402E6
:1005400098BF00F801CB38BF00F8013B11F003035E
:1005500000F02580083AC0F0088051F8043B083AC2
:1005600051F804CBA0E80810F5E7121D5CBF51F864
:10057000043B40F8043BAFF30080D20724BF11F8DE
:10058000013B11F801CB48BF11F8012B24BF00F843
:10059000013B00F801CB48BF00F8012B704710B5B4
:1005A000203AC0F00B80B1E81850A0E81850B1E82C
:1005B0001850A0E81850203ABFF4F5AF5FEA027C6B
:1005C00024BFB1E81850A0E8185044BF18C918C09B
:1005D000BDE810405FEA827C24BF51F8043B40F83C
:1005E000043B08BF7047D20728BF31F8023B48BF21
:1005F00011F8012B28BF20F8023B48BF00F8012B5F
:1006000070474FF0000200B51346944696462039D5
:1006100022BFA0E80C50A0E80C50B1F12001BFF4BB
:10062000F7AF090728BFA0E80C5048BF0CC05DF821
:1006300004EB890028BF40F8042B08BF704748BF6F
:1006400020F8022B11F0804F18BF00F8012B7047E3
:10065000704770477047000008487CB578440090A8
:1006600007487844009C0546019004E02046016854
:1006700008448047241DAC42F8D17CBD30C3010042
:100680002EC3010010B500F009F8006810BD10B5C8
:10069000044600F003F8046010BD000000487047F5
:1006A0002002002400487047200200247546FFF70E
:1006B000F9FFAE4605006946534620F0070085461F
:1006C00018B020B5FFF79AFEBDE820404FF00006B5
:1006D0004FF000074FF000084FF0000BAC46ACE8BD
:1006E000C009ACE8C009ACE8C009ACE8C00921F019
:1006F00007018D46704710B50446AFF300802046D1
:10070000BDE81040FFF763BE01491820ABBEFEE70D
:10071000260002007047000070B58CB045F65C0101
:1007200044F6CC44C2F2000145F2585605468842D0
:10073000C2F20004C2F200460BD045F6FC00C2F241
:10074000000085421AD00020B54208BF04F17800AD
:1007500004468CB1E0680130E060204600F0B8F853
:1007600045B1284605F064FA606301A9284605F002
:1007700063FA38B1B5420DD00CB070BD3C34002CDA
:10078000E8D1F9E70198039984F8380084F8391022
:10079000B542F1D144F690402168C2F200000160F8
:1007A00061684160A1688160E168C160216901619F
:1007B00061694161A1698161E169C161216A016287
:1007C000616A4162A16A8162E16AC162216B01636F
:1007D000616B416394F8381080F8381094F8391040
:1007E00080F839100CB070BD70B58CB045F65C0364
:1007F00044F6CC44C2F2000345F2585605469842EE
:10080000C2F20004C2F200460BD045F6FC00C2F270
:100810000000854223D00020B54208BF04F17800D3
:100820000446D4B1204631B9606800F1010060602F
:1008300022B104F10800016801310160204600F096
:1008400047F845B1284605F0F3F9606301A9284649
:1008500005F0F2F938B1B5420DD00CB070BD3C34A2
:10086000002CDFD1F9E70198039984F8380084F867
:100870003910B542F1D144F690402168C2F200002F
:10088000016061684160A1688160E168C1602169BF
:10089000016161694161A1698161E169C161216AA7
:1008A0000162616A4162A16A8162E16AC162216B8F
:1008B0000163616B416394F8381080F8381094F844
:1008C000391080F839100CB070BD00000000000035
:1008D00010B5044606F08CF8216A39B3216A411A32
:1008E000B1F57A7F38BF10BD2268636AD21A4FF41F
:1008F0007A7C02FB0CF2B2FBF1F222616268A36A1D
:10090000D21A02FB0CF2B2FBF1F26261A268E36A56
:10091000D21A02FB0CF2B2FBF1F2A261E268236B85
:10092000D21A02FB0CF2B2FBF1F1E1612062206805
:1009300060626068A062A068E062E068206310BD49
:10094000A0B141F600010068C4F20101884211D053
:1009500041F20001C4F20101884209D047F600418A
:10096000C4F20001884201D101207047FF20704786
:10097000002070470220704746F6B8010228C2F2F4
:10098000000101EB401188BF0021084670470000BC
:10099000022801D90120704746F6B80C4201C2F284
:1009A000000C00230CEB40114CF802304BF6746243
:1009B000C0F60102CB618B6152F8200020224B610E
:1009C0000B61CB608B604B6009F0D2BA0000000075
:1009D00002280BD8002918BF002A07D04BF6746CE8
:1009E000C0F6010C5CF820000AF092B801207047B4
:1009F0002DE9F04F8BB044F63D60C2F20040017823
:100A0000002900F0B280EFF3108172B644F658412D
:100A1000C2F200010024D1E908320A920A68019268
:100A20004A6802928A680392CA6804920A69059227
:100A30004A6906928A690792C96909930891047004
:100A400001A862B6015D012903D00134082CF9D157
:100A5000FF2444F2ED5B44F6824744F6FC78C2F290
:100A6000004BC2F20007C2F200489DF80D009DF84D
:100A700011108BF8000044F6814A397044F6F8777B
:100A800088F810009DF80C00C2F20047C2F2000A7C
:100A900088F81400BDF80F009DF8122088F8111096
:100AA0009DF813309DF80E10A8F81600D8F818001D
:100AB0003A70DDF814908AF80030069F88F80040FC
:100AC000079EC8F804900130C8F80870C8F80C6098
:100AD00088F8122088F8133088F81510C8F8180024
:100AE00005F086FF48F2B402C8F82000C2F20042C6
:100AF000012088F81C00002188F82C1040F2040521
:100B0000117044F2EC539BF80020C2F20005C2F2CF
:100B10000043012A2A4604BF1A462B46107019705A
:100B20002878012824D101EE106A00EE907A00EEB8
:100B3000109A45F29400E1B2C2F200000FF024F8DE
:100B400044F682409AF80030C2F20000017844F680
:100B5000F870C2F20040027845F22830C2F200403C
:100B60000BB0BDE8F04F0FF003BC0BB0BDE8F08F49
:100B700045F29400C2F2000010F03AFE45F228302F
:100B8000C2F200400BB0BDE8F04F0FF0E9BC00002E
:100B90002DE9F041B6B00446007D98460E4648B3B4
:100BA000A1794BF694434BF68060C0F60103C0F682
:100BB0000100A2F11907012908BF1846042F19D313
:100BC00082B11E2A16D00E23012908BF0F23002C44
:100BD00008BF0E23934205D300EB421010F81C0C03
:100BE000022807D026B13046154610F001FE2A46ED
:100BF000002020751E2A22704FF000002071C4F8DA
:100C000020804FF4407160822075E0752183A062DE
:100C1000E06247D8DFE812F0960246004600460040
:100C20004600460046004600460046004600460094
:100C30004600460046004600460046004600460084
:100C400046004600460046001F001B019C0169004B
:100C5000C0001F00EE0000250135E8B20CF01CFEBC
:100C6000042DF9D1002204F14C000421CCF2F01241
:100C7000013940F8042FFBD146F25410C2F20000B3
:100C8000C16F2164D0F89800606446F23420C2F24B
:100C90000000C16FA164D0F89800E06400202066D5
:100CA00060664FE24FF00E001CB1A179012908BF28
:100CB0000F20904280F0A081162A40F043821EB19E
:100CC0000121304610F054FC00224FF48070A4F84B
:100CD00003000020A07604F14C000421CCF2F012B5
:100CE000013940F8042FFBD1C6E700215020CCF297
:100CF000F01100BF215004306028FBD146F254109F
:100D0000C2F20000C16F2164D0F89800606446F21E
:100D10003420C2F20000C16FA164D0F89800E064F2
:100D20004FF000002066606616B1304610F060FD9E
:100D3000684610F0D5F99DF81A0000281CBF9DF8F0
:100D40001D00002840F09E81002E00F0F581304605
:100D500010F06EFB00213046002510F009FC9FEDDD
:100D6000E60A3046B0EE401ADFEDE40A10F094FCDB
:100D700001202075684610F0B3F99DF81A0000288C
:100D80001CBF9DF81D00002840F08481207E0028B3
:100D900040F0D881012584E100215020CCF2F011EF
:100DA000215004306028FBD146F25410002EC2F2CC
:100DB0000000C16F2164D0F89800606446F23420CE
:100DC000C2F20000C16FA164D0F89800E0644FF057
:100DD00000002066606600F08280304610F008FD5A
:100DE000304610F025FB0421304610F0C1FBDFED4A
:100DF000DA0A58E000215020CCF2F01121500430E2
:100E00006028FBD146F25410002EC2F20000C16FE0
:100E10002164D0F89800606446F23420C2F20000E9
:100E2000C16FA164D0F89800E0644FF00000206624
:100E3000606654D0304610F0DBFC304610F0F8FA13
:100E40000421304610F094FBDFEDC50A2BE00021B1
:100E50005020CCF2F01100BF215004306028FBD1AB
:100E600046F25410C2F20000C16F2164D0F898001D
:100E7000606446F23420C2F20000C16FA164D0F871
:100E80009800E0644FF00000206660663EB3304694
:100E900010F0AEFC304610F0CBFA0421304610F0D2
:100EA00067FBDFEDAB0A9FEDAB0A3046B0EE401AB0
:100EB00010F0C6FA002800F03C81607931464246C5
:100EC00040F004006071204613F0BAFF002840F0A3
:100ED000398104222046314602F076FD32E1E07885
:100EE0006179002841F0040060712BD0A07E48BBDE
:100EF000E07E38BBA079012824D1013840F20111ED
:100F0000B0FA80F061830121A4F80310A17B4009AD
:100F10002077A071E0714FF000006071C4F81100FB
:100F2000A060207321B1E072A4F80D00E07360703E
:100F300000211D2220464346FFF72AFE207817286D
:100F400040F0008100210422204602F03DFDF9E03E
:100F500000215020CCF2F011215004306028FBD148
:100F600046F25410C2F20000C16F2164D0F898001C
:100F7000606446F23420C2F20000C16FA164D0F870
:100F80009800E0644FF000002066606616B13046BD
:100F900010F02EFC684610F0A3F89DF81800002809
:100FA0001CBF9DF81B00002870D1002E00F0C480EB
:100FB000304610F03DFA00213046002510F0D8FAF6
:100FC0009FED640A3046B0EE401ADFED640A10F07F
:100FD00063FB01202075684610F082F89DF8180028
:100FE00000281CBF9DF81B0000285ED1E07D002872
:100FF00040F0A88001255EE0A0794BF694414BF6C5
:101000008063C0F60101C0F60103012808BF0B464A
:101010009FED541ABBEE0E2A03EB421717F81A0C79
:1010200010F0030508BF032517F81C1C657617EDA3
:10103000060A17ED053A80FE410A17ED044A17ED3E
:10104000035A83FE413A84FE414A022985FE411A31
:1010500080FE020A83FE023A84ED140A84FE024AEC
:1010600084ED153A81FE020A84ED164A84ED170AD2
:1010700046D0012923D0002964D117F81B0C00F0B9
:1010800033FD5FE0029841285CDC5DE60098232890
:1010900058D38AE70298B0F1FF3F7FF777AE4FF061
:1010A00000082576C4F82C804CE00098B0F1FF3F92
:1010B0009CDD4FF00008E575C4F8288042E000F0A0
:1010C000FBFC46F25410C2F20000C16F2164D0F85C
:1010D0009800606446F23420C2F20000C16FA1643F
:1010E000D0F89800E06417ED020A657684ED180ADE
:1010F00084ED190A26E000BF000000000AD7A33DD6
:10110000D6B1304610F074FB304610F091F904214E
:10111000304610F02DFA9FED0F0A57ED020AB0EE9F
:10112000401A304610F08CF918B10423204631469D
:1011300005E00120207505E00021042320464246F9
:1011400011F082FF204617F053FB36B0BDE8F08166
:101150008FC2F53C000000000AD7A33B0AD7A33D8D
:10116000CDCC4CBE00008243002B08BF7047F0B5C9
:1011700081B00F460546B02118461C461646FFF7BB
:1011800040FA0020A0714CF6BA0045F6B401C0F652
:101190000100E0610120E0724FF24910C4F2B74152
:1011A000616600212770C4F2E74020664FF07E5050
:1011B000CBF68071C4E91A01C4E91C01A167E0679C
:1011C000BEB104F19E009E2172180231A6295288F8
:1011D00020F8022FF8D10020311822180230B1F87F
:1011E000A8300228A2F8A830B1F8AC10A2F8AC10D0
:1011F000F2D0002D00F0A3802878AE79AA78607034
:10120000E978A270E1704BF69443A988A671A18099
:10121000C0F601032989012E2181A97BD5F820C0C0
:10122000A1724BF68061C0F60101C4F810C008BF7E
:1012300019461E28D5F824E0C4F814E022D84CF64C
:10124000BA07C0F60107DFE800F03A1D1D1D1D1D9D
:101250001D1D1D1D1D1D1D1D1D1D1D1D1D1D1D1DBE
:101260001012282D14191B34320057A727E054A759
:1012700025E04CF61707C0F6010720E049A71EE05D
:1012800040A71CE00E23012E08BF0F23834212D279
:101290004CF60817C0F6010711E04CF27E67C0F665
:1012A00001070CE04CF26067C0F6010707E026A7D3
:1012B00005E02DA703E001EB401151F8207C002A46
:1012C00018BF0122B0F1170118BF01216B7EE76141
:1012D0001140E17113F0030108BF032116282173A7
:1012E00018BF002801D1E87C10B1AEEB0C0000E083
:1012F0000020A061002000BF2918221804308B6E46
:10130000136210280B6D1363096BC2F88010F3D1C0
:10131000002000BF2918221804308B6F1364D1F805
:1013200080309364D1F8883013650B6CC2F890302C
:1013300004280F6E9765896CC2F89810EAD001B046
:10134000BDE8F040704700BF5245434F5645525FDD
:10135000434841535349535F4241434B57415244E1
:101360005F323030000000005245434F5645525F17
:10137000414C4C5F4C4547535F4D494E55535F338D
:1013800030000000444F574E5F5052455041524587
:101390005F434841535349535F464F52574152446C
:1013A0005F350000444F574E5F4C415345525F41FB
:1013B0005050524F4143485F485F47545F363500B5
:1013C0004552524F52000000444F4E45000000006D
:1013D000FEE7000000000000AAB041F2883018F0DB
:1013E000BFFA40F2040A0DF1180BC2F2000A9FED99
:1013F000888AE9469FED879A9FED87AA7CE000BF27
:10140000B0EE480A01200CF06FFCBDEEC00A10EEF1
:10141000100AB0EE480AADF8000002200CF064FC9F
:10142000BDEEC00A10EE100AB0EE480AADF8020098
:1014300003200CF059FCBDEEC00A10EE100AB0EE0D
:10144000480AADF8040004200CF04EFCBDEEC00AC2
:1014500010EE100AB0EE480AADF8060005200CF0B8
:101460001FFCBDEEC00A10EE100AB0EE480AADF83F
:10147000080006200CF014FCBDEEC00A00260396FE
:1014800010EE100AB0EE480AADF80A0005200CF084
:101490002BFCBDEEC00A10EE100AB0EE480AADF803
:1014A000100006200CF020FCBDEEC00A059610EEE0
:1014B000100AADF81200384649460EF079FEBDF923
:1014C00008000022BDF90A10002302F0F1FABDF96C
:1014D0000000BDF90420BDF90210BDF9063002F08C
:1014E0002BFBBDF910000022BDF91210002302F001
:1014F00037FB012018F034FA18F02AFE9AF80000A1
:10150000012817D145F2940045F22831C2F20000BB
:101510009022C2F2004190ED3FBA90ED40EA90ED8A
:1015200041CA90ED42DA5846FFF739F84FF000080B
:1015300000272AE044F2EC50C2F200400078012873
:1015400018D145F2A41045F20401C2F20000902225
:10155000C2F2000190ED3FBA90ED40EA90ED41CA31
:1015600090ED42DA5846FFF71AF801274FF00008CD
:101570000BE000BF02274FF00108B0EE48EAB0EEE2
:1015800048CAB0EE48DAB0EE48BA18F009FEB8F131
:10159000000F05D000200021002200232DE000BF15
:1015A0008EEE090A01200CF07BFB8DEE091A022059
:1015B000BDEEC00A10EE104AB0EE410A0CF070FB0E
:1015C0008CEE0A1A0320BDEEC00A10EE105AB0EEDF
:1015D000410A0CF065FB8BEE0A1A0420BDEEC00A2E
:1015E00010EE106AB0EE410A0CF05AFBBDEEC00AD4
:1015F00020462946324610EE103A02F045FAB8F17C
:10160000000F7FF4FDAE584649460EF01DFB52E731
:1016100000000000226ED6B9226ED639000000000C
:10162000024600284FF0000018BF002900D1704783
:10163000F0B545F6247346F6241C45F6287E0020B6
:10164000C2F20043C2F2000CC2F2004E1D68DCF888
:101650000060B54207D01C681EF804401F680137BF
:101660006FF31F371F60B54205D0451C1454A942C3
:101670002846EBD10846BDE8F04070470000000066
:1016800046F63C1046F6A871C2F20000C2F20041D4
:1016900000680968401A40F6FF7138BF00F58050B5
:1016A000081A7047000000000122002818BF002916
:1016B00001D11046704770B546F63C1346F6A87245
:1016C000C2F20003C2F200421E681568761B40F6A3
:1016D000FF7538BF06F58056AE1BB14201D9002216
:1016E00054E0A9B146F6AC7CC2F2004C02E000BF67
:1016F00001390DD010F8015B1C68013416686FF3D6
:101700001F34B442F4D01E680CF806501C60EFE79A
:1017100045F28050C2F20000D0F8BC02A8B346F6F1
:10172000A476C2F20046316879BBD0F8140260BBDF
:1017300018681168441A38BF04F580542CB318682F
:101740001168884201D9186801E04FF4805011688F
:1017500045F28055401A46F6AC71A042C2F20041F3
:1017600038BF04461068C2F20005B4F5007F01449A
:1017700028BF4FF400742846224615F01DFA28466B
:1017800015F092FA002808BF34600122BDE87040CD
:101790001046704700000000212806D14FF4E130C8
:1017A00008600020888008208871002070470000B1
:1017B0000020704700000000B0B545F2805444F2AC
:1017C000EE51C2F20004C2F2004100222046002580
:1017D00015F0F2F944F248412046C2F2000115F03A
:1017E000DBF946F62410C2F20000056045F62470CD
:1017F000C2F20040056046F63C10C2F200000560EF
:1018000046F6A870C2F20040056046F6A470C2F227
:101810000040056046F62010C2F200000560204638
:1018200015F096F90020B0BDF0B581B00A68002A25
:10183000024626D046F6241345F6247C46F62014AC
:1018400045F6287E0020C2F20003C2F2004CC2F22C
:101850000004C2F2004E06E0256801352560013023
:101860000D68A8420DD2155C1E680136DCF80070C8
:101870006FF31F36BE42EFD01F680EF807501E6090
:10188000EDE745F280541146C2F20004204615F0FF
:1018900083F9204615F05CF9002001B0F0BD00008E
:1018A00070B546F6A87046F6A476C2F20040C2F2C1
:1018B00000460168326811446FF31F310160002156
:1018C000316045F28051C2F20001D1F8BC1209B179
:1018D00032680AB1002070BDD1F814120029F9D184
:1018E00046F63C11C2F200010A680368D41A38BFF8
:1018F00004F58054002CEDD00A6803689A4201D99F
:10190000096801E04FF48051026845F28055891A58
:10191000C2F20005A14238BF0C46006846F6AC7121
:10192000B4F5007FC2F2004128BF4FF400740144B7
:101930002846224615F040F9284615F0B5F900284A
:1019400008BF3460002070BD002808BF704745F60E
:101950007841C2F20041D1E901230260CA680969F5
:101960004360C0E9022145F6C841C2F200414A681D
:1019700002618A684261CA6882610969C16170470F
:1019800080B545F67840C2F200400CF045F845F6C7
:10199000C840C2F20040BDE880400CF03DB80000F5
:1019A00080B52DED028B96B001A8B0EE408A09F00B
:1019B00003FCF0EE480A45F6C8409DED0E0AC2F25F
:1019C00000400BF089FF16B0BDEC028B80BD00001B
:1019D000002808BF704710B545F6784145F6C84461
:1019E000C2F20041C2F20044D0E900234A6082689A
:1019F0008B60C368C1E90323026962604269A26027
:101A00008269C06920610846E2600CF005F8204652
:101A1000BDE810400CF000B880B52DED028B96B0FB
:101A200001A8B0EE408A09F0C7FB9DED0B0A78EEE5
:101A3000400A9FED1B0AF4EE400AF1EE10FA08DDB1
:101A40009FED181A70EE810AF4EE400AF1EE10FADA
:101A5000F8DC9FED150AF4EE400AF1EE10FA08DA10
:101A60009FED121A70EE810AF4EE400AF1EE10FAC0
:101A7000F8DB45F678409FED0E0AC2F200400BF00D
:101A80002BFFF0EE400A45F6C8409DED0E0AC2F26B
:101A900000400BF021FF16B0BDEC028B80BD00BFF3
:101AA000000034430000B4C3000034C30000B4435A
:101AB000000000000000000010B510F0030408BF93
:101AC0000324E00705D005200BF0C6FE06200BF02E
:101AD000C3FE022C38BF10BD05200BF0DDFE062032
:101AE000BDE810400BF0D8BEB0B50446002502E0BA
:101AF0000135042D08D024FA05F0C007F8D0681C81
:101B0000C0B20BF0C9FEF3E7B0BD0000000000005A
:101B100040F2040244F2EC51C2F20002C2F200416F
:101B20000128104604BF0846114601220270002019
:101B30000870704700000000A0B040F6B83017F001
:101B40000FFF0AF085FD45F6647044F65441C2F279
:101B50000000C2F20001012208F086FF0AF0F4F84A
:101B60009FEDC78A45F2940A40F28805B0EE480A14
:101B7000C2F2000AC2F20045504629460FF00CFCA2
:101B8000B0EE480A45F2A410C2F2000029460FF058
:101B900003FC45F22830C2F200400EF075F945F220
:101BA0000400C2F200000EF06FF944F63460C2F295
:101BB00000000CF0B5FA45F2C8200021C2F2000086
:101BC000C0E90011C0E90211C0E90411816110F0FF
:101BD00033FB18F08DFE46F6B401C2F20001086036
:101BE00045F2F850C2F2004007F0C2FBB7EE009A8F
:101BF000F5EE009AFDEE00AA45F2B83746F2541011
:101C000045F2B82645F2B424C2F20047C2F2000001
:101C10000DF1600BC2F20006C2F20004DFED998AFA
:101C20000DF17008DFED98BA103801900AE000BF9E
:101C30004AF2F4000023C2F20040011D00F1080244
:101C4000FEF7D6FE0120012118F0D6F90146012841
:101C50004FF0010098BF01465FE000BF46F6C0129A
:101C6000DAF8FC10C2F20002DAF8F0005446116013
:101C7000DAF800115160DAF804119160DAF808110D
:101C8000D1604AF2F402C2F20042DAF8F4101060B5
:101C9000DAF8F800C2E90110002245F2040145F229
:101CA0002830C2F20001C2F20040029DBA710FF06A
:101CB00093F994ED09DA94ED08CAB0EE4D0A94ED6B
:101CC00007BA87ED19BA87ED1ACA87ED1BDA18F043
:101CD0009BFFB0EE40EAB0EE4D0A19F06FFB20EE2C
:101CE0006D1AF0EE4C0A6DEE8E1AB0EE4A2AACEE8A
:101CF0008E1AECEE801AB0EE4B0A87ED151AC7ED7E
:101D0000161A09F0D1FA45F2940A45F2B424691E74
:101D1000C2F2000AC2F200048AD0029145F22841C0
:101D2000C2F200410D683D60681C086003A809F01C
:101D300043FA9DF850909DED06CA87ED18CAB9F197
:101D4000000F87F805900CD0B0EE4C0A504610F00A
:101D500097F9B0EE4C0A45F2A410C2F2000010F060
:101D60008FF900EE105A00200199B8EE400A20EEDB
:101D700008BA00BF51F81C2F4BF800203B1835580B
:101D8000043010289A609D61F4D1207800287DD01D
:101D9000002400BF5BF804003159451A284601F0C1
:101DA00007FE08EB040039190434102C80ED000AFA
:101DB0008D6281ED0E0AEDD19DED1C0A9DED1D1A7F
:101DC00030EE012A9DED1F4A30EE410A9DED1E1AAC
:101DD00040F2880045F2940A32EE013AC2F2004025
:101DE00030EE410AC2F2000A31EE421A33EE042A02
:101DF00090ED013A30EE040A31EE041A90ED024AF9
:101E000022EE2A2A504633EE043A20EE29DA21EE59
:101E100029EA87ED12DA82EE03FA87ED13EAB0EED3
:101E20004D0A6DEE2BCAF0EE4E0A6EEE2BDAB0EED6
:101E30004F1A2FEE2BAA87ED14FA87ED17AA10F090
:101E4000E7F845F2A415B0EE4D0AF0EE4E0AB0EEFA
:101E50004F1AC2F20005284610F0DAF8B9F1000F67
:101E600009D0B0EE4C0A504610F00AF9B0EE4C0A18
:101E7000284610F005F945F2B424C2F2000416E039
:101E80006F12833A0000000000007A4401202070A5
:101E900007F128003821FEF7B4FBB0EE68AAF0EE97
:101EA00068DAF0EE68CA45F2A415C2F2000520789F
:101EB000387118983060199870601A98B0601B9843
:101EC000F06015F059FE14F06BFC45F228442846EA
:101ED000C2F20044216810F067FAB0EE4B0A504697
:101EE0000FF0BEFCB0EE4B0A28460FF0B9FC45F2ED
:101EF00028302268C2F2004051460EF089FB45F2BC
:101F000004002268C2F2000029460EF081FB44F66C
:101F100034602168C2F200000DF076FA45F2C82C58
:101F2000D4F80090C2F2000C9CF80100CCF8149098
:101F3000022813D04CF260130128C0F6010340F0D0
:101F40001B829CF8000000215A5C824218D00C31A0
:101F50005429F9D10021A9B938E000BF9CF800004C
:101F60004CF260130021C0F6010300BF5A5C8242AC
:101F700058D00C315429F9D10021002954D15FE007
:101F8000194419B3BCF804200B899A421ED249683F
:101F900002EB420201EB4205DDB908284FF00301D4
:101FA0008CF801104FF000018CF8031000F07680DF
:101FB00045F2940A45F2A4150228C2F2000AC2F2C0
:101FC000000540F0D1810220D3E100BF0025002DA3
:101FD000E3D0A8880124012898BF20462978CCF8AE
:101FE0001090ACF80A00481E8CF8031009284FF036
:101FF0000001ACF80E1000F25981DFE810F00A0081
:10200000AC007D0083005B0016011E01A4002701C7
:102010006400697845F20400C2F200000EF0BCF8DA
:10202000002443E1194459B1BCF804200B899A42B9
:1020300006D2496802EB420201EB420323B986E172
:102040000023002B00F0838118780138092800F262
:102050001D81DCF810100FF20C0202EB8005A9EBD9
:102060000102AF4600F0A2B800F0B1B800F00EB81F
:1020700000F053B800F084B800F033B800F0F4B8C2
:1020800000F007B900F087B800F000B89008002110
:102090004A284FF0000088BF012128E145F2940A48
:1020A00045F2A41500208CF80C00C2F2000AC2F21E
:1020B000000561E1697845F20400C2F200000DF00C
:1020C000D7FF0024F2E09CF80C000138012800F250
:1020D000EB8001200021654600240CF041FD2C73AB
:1020E000E4E044F634630021C2F20003D878042807
:1020F00040F0F0800220FAE0687801210CF030FD19
:102100000024D3E044F63460C2F20000C078043802
:10211000B0FA80F040098400C8E044F63460C2F2AE
:102120000000C078011FA0F1040018BF0121B0FA1F
:1021300080F0C72A4FF000024FEA501088BF0122FA
:1021400080001140D3E045F20400C2F200000DF01F
:10215000E3FE0024AAE044F63464C2F200042078CE
:1021600010B920460BF074FEB5F902004A466978B2
:1021700000EE100A2046B8EEC00A0CF0E1F86EE05E
:1021800045F20401C2F200010878172800F08980A6
:102190000879097B13E044F63461C2F20001C87883
:1021A000042840F01C8100210220A0E045F2040137
:1021B000C2F200010878172873D00879C97CB1FAF7
:1021C00081F1C0B24909002818BF01208DE044F612
:1021D00034600021C2F20000C07804284FF00200F1
:1021E00000F0858049F63F45AA4245F2A415C2F2A7
:1021F000000500F28080642AC0F02581B0EE490A13
:10220000597844F63460C2F200000CF011F800284E
:1022100000F01B8145F2C82CC2F2000CBCF80E0085
:10222000632800F21981013014E144F63460C2F2EF
:1022300000000BF00DFE002438E0697845F2040040
:10224000C2F200000DF0B8FE00242FE09CF80D1043
:1022500044F63460C2F200004A460CF081FD0028CA
:1022600018BF0120440021E045F20401C2F2000140
:102270000878172815D0887B09790028C9B218BFBB
:102280000120002918BF012101402FE00021012079
:1022900031E045F20401C2F200010878172840F04D
:1022A000B8800021032022E0052400BF45F2A415D8
:1022B00045F2C820C2F20005C2F200001CB10421A0
:1022C0004170847001E00221417045F2940AC2F22B
:1022D000000A51E093F8220091087C294FF0000198
:1022E000B0FA80F088BF012140090140002045F28A
:1022F000A415C2F2000509B3BCF80800BCF80A1026
:102300000130ACF8080082B28A42DCF8181001F102
:102310000101CCF8181007D3BCF804000130ACF868
:1023200004000020CCF80800BCF80400BCF806103B
:1023300088420AD201208CF801001DE0E0B104219E
:102340008CF801108CF8020016E09CF800000828B8
:102350004FF003018CF801104FF000018CF80310CE
:1023600006D002283FF42FAE012805D1012000E05D
:1023700000208CF80C0000BF40F20400C2F2000004
:10238000007801283FF46AAC44F2EC50C2F20040FD
:102390000078012820D146F6C012D5F8FC10C2F210
:1023A0000002D5F8F0002C461160D5F800115160FC
:1023B000D5F804119160D5F80811D1604AF2F40201
:1023C000C2F20042D5F8F4101060D5F8F800C2E966
:1023D0000110012261E400BF022254465DE491F83D
:1023E000240045F2A415C2F2000500284FF00000B9
:1023F00027D191F83C109CF80D30C72A4FF000020D
:10240000A1EB0301B1FA81F188BF01224909114012
:1024100071E745F2A41516284FF00000C2F200053E
:102420000FD1C97800294FF000017FF464AF45F265
:102430000400C2F2000001790020002918BF012128
:1024400059E7002157E7002004E045F2C82C00209E
:10245000C2F2000CACF80E00BCF80E00002163289C
:102460004FF0000088BF012145E700000000000098
:1024700010B5B6B090F800E083794BF6944C4BF66B
:102480008062C0F6010CC0F60102AEF11804012B07
:1024900008BF6246062C3CD8DFE804F070040E2327
:1024A0000487040029B108460EF06EFF022800F0F0
:1024B00091804FF0000C8FE068460EF011FE9DF801
:1024C0001B109DF81800C9B2002818BF0120002970
:1024D00018BF0121009A232A4FF0000238BF0122C1
:1024E00013E068460EF0FCFD9DF81D109DF81A00E3
:1024F000C9B2002818BF0120002918BF0121029A83
:10250000412A4FF00002C8BF0122084000EA020C35
:1025100062E00E24012B08BF0F24BEF1000F4FF024
:10252000000C59D0744557D302EB4E1212F81C3CE4
:10253000022BB7D0012B52D0002B4DD1B0EE080AA0
:1025400012F81B1C503000234FF0010C04E000BFB8
:1025500001330430042B3FD021FA03F2D207F7D025
:1025600090ED001A90ED062A32EE411AB0EEC11A33
:10257000B4EE401AF1EE10FAEADD9AE7B0EE080A7E
:10258000002100BF421892ED141A92ED1A2A32EE81
:10259000411AB0EEC11AB4EE401AF1EE10FA3FF74C
:1025A00088AF04311029EDD114E0B0EE080A002103
:1025B000421892ED141A92ED1A2A32EE411AB0EE38
:1025C000C11AB4EE401AF1EE10FA3FF772AF0431BF
:1025D0001029EDD14FF0010C604636B010BD36B079
:1025E000BDE8104001F0ACB945F2E040C2F2004055
:1025F00002F006B80000000040F20F42D0F800C020
:10260000C4F20202944510DC6F22C4F20202944527
:1026100020DC3F22C4F20202944536DC1022C4F2D0
:102620000202944554D028224EE040F26F42C4F298
:10263000020294451ADC40F23F42C4F20202944581
:102640002ADC40F21042C4F20202944540D040F22B
:10265000284239E09F22C4F20202944525DC702210
:10266000C4F20202944533D088222DE040F29F420A
:10267000C4F2020294451FDC40F27042C4F202022E
:10268000944525D040F288421EE04022C4F2020266
:1026900094451DD0582217E040F24042C4F2020295
:1026A000944515D040F258420EE0A022C4F2020236
:1026B00094450DD0B82207E040F2B842C4F20202BD
:1026C000944505D040F2A042C4F20202944517D1CD
:1026D0000CF0F8024AF6AB23103ACAF6AA23A2FB82
:1026E000033109A35F2AC1F302115B5C40F2FF31A1
:1026F0002CEA0101C36588BF043181650846704733
:102700002CF0FF01F9E700BF0006101600061016B6
:1027100070B540F26F44D0F800C0C4F20204D0F8A3
:1027200058E0A44519DC9F25C4F20205AC4531DC14
:102730005725C4F20205AC4556DC1025C4F202054B
:10274000AC4500F092802825C4F20205AC4500F0AB
:102750008C804025C4F2020584E045F22F45C5F681
:102760000205AC452BDC40F2B745C4F20205AC458E
:1027700048DC40F27045C4F20205AC4575D040F229
:102780008845C4F20205AC456FD040F2A045C4F2C2
:10279000020567E040F22745C4F20205AC4540DC83
:1027A000A025C4F20205AC455FD0B825C4F20205ED
:1027B000AC455AD040F21045C4F2020552E045F251
:1027C0006B45C5F60205AC453CDC45F23045C5F627
:1027D0000205AC4549D045F24445C5F60205AC4575
:1027E00043D045F258453BE05825C4F20205AC45BC
:1027F0003BD07025C4F20205AC4536D08825C4F222
:1028000002052FE040F2B845C4F20205AC452CD0D9
:1028100045F20845C5F60205AC4526D045F21C45F3
:102820001EE040F22845C4F20205AC451DD040F23E
:102830004045C4F20205AC4517D040F25845C4F2F9
:1028400002050FE045F26C45C5F60205AC450CD01B
:1028500045F29445C5F60205AC4506D045F28045E3
:10286000C5F60205AC4540F0CC80456EC66E002E24
:10287000866E6E601CBFD0E91C566E60A44515DCE8
:102880009F24C4F20204A4452BDC5724C4F20204A2
:10289000A4454EDC1024C4F20204A44576D02824BA
:1028A000C4F20204A44571D040246BE045F22F44E9
:1028B000C5F60204A44527DC40F2B744C4F2020482
:1028C000A44542DC40F27044C4F20204A4455DD049
:1028D00040F28844C4F20204A44557D040F2A04418
:1028E00050E040F22744C4F20204A4453CDCA0249A
:1028F000C4F20204A44549D0B824C4F20204A44599
:1029000044D040F210443DE045F26B44C5F6020469
:10291000A44553DC45F23044C5F60204A4455FD01B
:1029200045F24444C5F60204A44559D045F2584442
:1029300052E05824C4F20204A44527D07024C4F203
:102940000204A44522D088241CE040F2B844C4F21A
:102950000204A4451AD045F20844C5F60204A44571
:102960003ED045F21C4437E040F22844C4F2020451
:10297000A4450BD040F24044C4F20204A44505D063
:1029800040F25844C4F20204A4453AD18468C06DB0
:1029900000F01F003F2505FA00F0CEF80800DCF833
:1029A0000000402C20F48020CCF80000CCF804304B
:1029B00023D1CCF80820CCF80C1070BD45F26C4443
:1029C000C5F60204A4450BD045F28044C5F60204C6
:1029D000A44505D045F29444C5F60204A44510D19F
:1029E000C46D012504F01F04806805FA04F4CEF8D4
:1029F00004404028CCF80430DBD0CCF80810CCF8E8
:102A00000C2070BD00000000F0B581B02DED048BEE
:102A10008AB01446103A00230593CDE903330D46DE
:102A200002930993002918BF0121B2FA82F20646E7
:102A30005209089311EA02070793069307D0286802
:102A4000069068680790A8680890E868099017F0F1
:102A50007FFB03F0CDFF46F66811C2F2000108606B
:102A600048F2C800C2F2004001680131016048F23A
:102A7000CC0046F65511C2F20040C2F200010670C9
:102A800046F66510C2F20000047048F2E000C2F29F
:102A900000400770002003E00A540130102807D0DE
:102AA000002D4FF00002F7D0A04238BF2A5CF3E7B8
:102AB00048F2D00200209FEDBD0A06A9C2F20042F2
:102AC000B0EE401A002F1CBF0B1893ED001A13181C
:102AD0000430102883ED001AF2D117F061FB682E44
:102AE00000F2FD85DFE816F08403BE03D502FB0586
:102AF000FB0569048C04FB05FB05FB05FB05FB05D9
:102B0000FB05FB05FB05FB051E03CD03D8031205E2
:102B1000C60411023503FB05FB05FB05FB05FB05A0
:102B2000FB05FB05FB05FB059202FC0140049C0034
:102B3000D2058900DE0122020C0441037A05AE02AF
:102B4000FB05FB05FB05FB05BC0142019C00FB05E9
:102B5000FB0589001203FB05FB05FB05FB05FB05D7
:102B6000FB05FB05FB05FB05FB05FB05FB05FB0565
:102B7000FB05FB056703A20573032101FB05FB05AC
:102B8000FB05FB05FB05FB056900EF006401B004D4
:102B90002D01690015016502AC031B06D400E30199
:102BA0002C0498043606FB0563040E01FB05E800BF
:102BB0005206310608010C05000614F0EF0F40F034
:102BC0008E8517F0C5FA45F2C820C2F200000FF05A
:102BD00013FB45F20400C2F20000007D28B145F26B
:102BE000A410C2F200000EF003FE45F20400C2F28F
:102BF00000000DF0B5FC00F0C1BD14F0EF0F40F087
:102C00006E8517F0A5FA45F2C820C2F200000FF059
:102C1000F3FA44F63460C2F200000CF075FB07E2F0
:102C2000002D00F05C85102C40F0598528686968FB
:102C30000290A8680391E968CDE9040144F2EC50E0
:102C4000C2F200400078002800F0498517F080FAB1
:102C50009DED020A9DED031ABCEEC00A9DED048AAB
:102C6000BCEEC11A9DED059A10EE104A11EE105AF5
:102C700003F0BEFEB0EE480AF0EE490A034644F601
:102C80003460C2F2000021462A460BF0E9FFCFE192
:102C900014F0EF0F40F0238544F2EC50C2F20040F4
:102CA0000078002800F01B8517F052FA14F030FF6E
:102CB00045F2040000210DE114F0EF0F40F00F8504
:102CC000042000F067BD14F0EF0F40F0088544F2D7
:102CD000EC50C2F200400078002800F0008517F0A8
:102CE00037FA45F204000121C2F20000002200235D
:102CF0000DF03EFB00F042BD14F0EF0F40F0EF840A
:102D000000F04ABD14F0EF0F40F0E984022000F01B
:102D100041BD14F0EF0F40F0E2840AB0BDEC048B2B
:102D200001B0BDE8F04009F0DFBD14F0EF0F40F056
:102D3000D6840AB0BDEC048B01B0BDE8F04009F0C8
:102D4000C3BE14F0EF0F40F0CA8444F2EC50C2F25C
:102D500000400078002800F0C28417F0F9F914F060
:102D6000D7FE45F20400002100F0EABC14F0EF0F9A
:102D700040F0B584102C07D102AA2846214615F050
:102D800087FB002800F0AB8444F2EC50C2F2004014
:102D90000078002800F0A38417F0DAF9102C40F036
:102DA00022859DED020A012174E000BF00000000B1
:102DB00002AA2846214615F06BFB002800F08F84FC
:102DC00044F2EC50C2F200400078002800F0878402
:102DD0009DED040ABCEEC00A10EE105A2C46002DE0
:102DE00018BF012417F0B4F99DED020ABCEEC00A29
:102DF00010EE100A58B945F20400C2F20000007D3E
:102E000028B145F2A410C2F200000EF0F1FC9DEDD5
:102E1000020A9DED031ABCEEC00A45F20400BCEEA6
:102E2000C11AC2F20000234610EE101A11EE102A49
:102E3000002918BF0121002A18BF01220DF098FABD
:102E40009DED020ABCEEC00A10EE100A002818BF61
:102E5000002D01D014F05CFE17F0A2F900F03FBC89
:102E600014F0EF0F40F03B84102C40F09D8402AA38
:102E70002846214615F00CFB002800F0308417F09E
:102E800067F945F2C820C2F200000FF0B5F99DEDD8
:102E9000020A0021BCEEC00A10EE100A0BF060FE20
:102EA00000F0A7BC14F0EF0F40F01984C2E014F05A
:102EB000EF0F40F0148444F2EC50C2F2004000786E
:102EC000002800F00C8417F043F914F021FE45F2BD
:102ED00004000121C2F200000DF0CAF800F04EBC5F
:102EE00014F0EF0F40F0FB8344F2EC50C2F20040CC
:102EF0000078002800F0F38317F02AF944F63460D4
:102F0000C2F200000AF0A4FF92E014F0EF0F40F0CC
:102F1000E68314F0FDFD17F01BF90FF085FD45F277
:102F2000C820C2F200000FF067F95AE114F0EF0F69
:102F300040F0D583102C07D102AA2846214615F06F
:102F4000A7FA002800F0CB8344F2EC50C2F2004014
:102F50000078002800F0C3839DED030A0020B5EE41
:102F6000400ABCEEC00AF1EE10FAC8BF012010EE14
:102F7000105A002110F0010008BF0546102C18BFA0
:102F80000D4617F0E5F8102C08D19DED020ABCEEB5
:102F9000C00A10EE100A002800F0888403F028FD13
:102FA000014644F63460C2F200002A460CF088F96B
:102FB00091E302AA2846214615F06AFA002800F09B
:102FC0008E8344F2EC50C2F200400078002800F0FA
:102FD000868317F0BDF845F20400C2F20000007DC0
:102FE00028B145F2A410C2F200000EF001FC9DEDE4
:102FF000020A45F20400BCEEC00AC2F2000010EE64
:10300000101A0DF0C9F817F0CBF868E314F0EF0FC1
:1030100040F0658317F09CF845F2C820C2F200002A
:103020000FF0EAF844F63460C2F200000AF0B4FE91
:1030300017F0B6F80AB0BDEC048B01B0BDE8F04063
:1030400009F0F2BB02AA2846214615F021FA002811
:1030500000F0458344F2EC50C2F2004000780028B2
:1030600000F03D8317F074F89DED020A9DED038A90
:10307000BCEEC00A10EE104A03F0BAFCB0EE480AEB
:10308000024644F634602146C2F200000BF058F9C3
:1030900021E302AA2846214615F0FAF9002800F09B
:1030A0001E839DED020ABCEEC00A10EE100A002835
:1030B00018BF0120FEF72CFD9DED020ABCEEC00AF0
:1030C00010EE100A002840F00A8314F021FD17F0DA
:1030D0003FF80FF0A9FC45F2C820C2F200000FF043
:1030E0008BF845F2A410C2F200000EF081FB45F20D
:1030F0000400C2F200000DF033FA44F63460C2F26C
:1031000000000AF049FE17F04BF8E8E214F0EF0F68
:1031100040F0E5820AB0BDEC048B01B0BDE8F040A0
:1031200009F0A2BC14F0EF0F40F0D98214F0F0FCCB
:1031300017F00EF80FF078FC45F2C820C2F200003C
:103140000FF05AF845F2A410C2F200000EF050FB46
:1031500070E014F0EF0F40F0C2820AB0BDEC048BB7
:1031600001B0BDE8F04009F08FBB02AA2846214615
:1031700015F08EF9002800F0B28244F2EC50C2F251
:1031800000400078002800F0AA8216F0E1FF9DEDD3
:10319000020ABCEEC00A10EE104A002C18BF01242F
:1031A00003F026FC024644F63460C2F200002146D9
:1031B0000BF0B6FA8FE214F0EF0F40F090820AB0F5
:1031C000BDEC048B01B0BDE8F04009F0BDBB14F0CC
:1031D000EF0F40F0848214F09BFC16F0B9FF0FF063
:1031E00023FC45F2A410C2F200000EF001FBC5E280
:1031F00014F0EF0F40F0738214F08AFC16F0A8FF71
:103200000FF012FC45F2C820C2F200000EF0F4FFED
:1032100045F2A410C2F200000EF0EAFA45F20400F2
:10322000C2F200000DF09CF944F63460C2F20000D6
:103230000AF0B2FD16F0B4FF40F2E010002127E0E2
:1032400014F0EF0F40F04B8244F2EC50C2F2004019
:103250000078002800F0438216F07AFF45F204005F
:10326000012102E114F0EF0F40F0398216F070FFF7
:1032700044F63460C2F200000AF0EAFD16F090FF56
:1032800003E014F0EF0F40F02A8240F2E010012139
:10329000C2F20000017022E202AA2846214615F07F
:1032A000F7F8002800F01B829DED020ABCEEC00A70
:1032B00010EE100A072800F2128244F2EC50C2F21B
:1032C00000400078002800F00A8240F2E010C2F2CC
:1032D00000000078002800F0028216F039FF0FF09D
:1032E000A3FB9DED020A45F2A410BCEEC00AC2F297
:1032F000000010EE101A0EF03BF916F051FFEEE14F
:1033000002AA2846214615F0C3F8002800F0E781FC
:1033100044F2EC50C2F200400078002800F0DF8157
:1033200016F016FF9DED028A03F062FBB0EE480A2C
:10333000014644F63460C2F200000BF095F9CAE190
:1033400014F0EF0F40F0CB8144F2EC50C2F2004099
:103350000078002800F0C38116F0FAFE14F0D8FBC4
:1033600045F2040000216AE002AA2846214615F031
:103370008FF8002800F0B38144F2EC50C2F2004014
:103380000078002800F0AB8116F0E2FE9DED020A05
:10339000BCEEC00A10EE104A03F02AFB024644F6C7
:1033A0003460C2F2000021460BF0DAFC93E114F025
:1033B000EF0F40F094810120ECE114F0EF0F40F0AA
:1033C0008E8114F0A5FB16F0C3FE0FF02DFB45F225
:1033D000C820C2F200000EF00FFF45F2A410C2F2A6
:1033E00000000EF005FA45F20400C2F200000DF0F4
:1033F000B7F844F63460C2F200000BF085FFBDE17F
:1034000014F0EF0F40F06B810AB0BDEC048B01B0FB
:10341000BDE8F04009F0C8BA14F0EF0F40F05F814A
:1034200044F2EC50C2F200400078002800F05781CE
:1034300016F08EFE14F06CFB45F204000121C2F27E
:1034400000000CF0B9FD99E114F0EF0F40F0478156
:1034500044F2EC50C2F200400078002800F03F81B6
:1034600016F076FE45F204000021C2F200000CF0D6
:103470004FFE83E102AA2846214615F009F80028EC
:1034800000F02D8145F2A41446F6D012C2F20004D9
:103490009DED048AC2F200029FEDE90A20780299AC
:1034A000039BC50744F2EC5000FE080AC2F200403C
:1034B000C2E9001382ED020A0078002800F00F81B3
:1034C00040F2E010C2F200000078002800F007810E
:1034D00016F03EFE0FF0A8FA002D40F0748120781F
:1034E0009FEDD80A28EE000A023810F0FA0F00F01B
:1034F000AB8145F2A410C2F200000EF071F8A9E110
:1035000014F0EF0F40F0EB80072043E102AA2846B9
:10351000214614F0BDFF002800F0E180B0EE000A63
:103520009DED021A9DED033AB8EE002A45F2A4146F
:103530009DED048A81FE401AC2F2000483FE403AE7
:10354000207881FE020A83FE021AC5078DED020A69
:103550008DED031A09D09FEDDB2A88FE422A9FEDEC
:10356000DA3A82FE032A8DED042A46F6D010002DA9
:10357000C2F200009DED042A9FEDD03A80ED000AD2
:1035800003FE020A80ED011A80ED020A44F2EC50BB
:10359000C2F200400078002800F0A18040F2E01064
:1035A000C2F200000078002800F0998016F0D0FDEB
:1035B0000FF03AFA002D40F00E8120789FEDC00AFE
:1035C00028EE000A023810F0FA0F00F0588145F298
:1035D000A410C2F200000EF003F856E102AA284639
:1035E000214614F055FF002879D044F2EC50C2F285
:1035F00000400078002872D016F0AAFD9DED020A66
:103600009DED031ABCEEC00ABCEEC11A10EE104AC2
:1036100011EE105A03F0ECF9034644F63460C2F29E
:10362000000021462A460BF0DFFA54E014F0EF0FB9
:1036300055D1102C06D102AA2846214614F028FFA5
:1036400000284CD044F2EC50C2F200400078002830
:1036500045D040F2E010C2F20000007800283ED0D1
:103660009DED020ABCEEC00A10EE104A16F070FD85
:1036700045F2A4102146C2F200000EF0E9FD044616
:1036800016F08EFD002C40F0F78028E002AA2846B4
:10369000214614F0FDFE10B344F2EC50C2F200409B
:1036A0000078E0B10298069003980790049808907B
:1036B00016F04EFD44F63464C2F2000494F85450FF
:1036C00094F8556003F094F906AB00902046294623
:1036D00032460BF001FB16F063FD09F0A5F80AB0C5
:1036E000BDEC048B01B0F0BD02AA2846214614F0BF
:1036F000CFFE0028F3D0B7EE001A9DED020A012597
:103700000124B4EE410AF1EE10FA7BD0B0EE001ABB
:10371000B4EE410AF1EE10FA73D1022472E014F013
:10372000EF0FDCD144F2EC50C2F2004000780028E8
:10373000D5D016F00DFD14F0EBF945F2040001218F
:10374000C2F200000CF0F4FB18E014F0EF0FC6D149
:1037500006201FE014F0EF0FC1D144F2EC50C2F28A
:10376000004000780028BAD016F0F2FC14F0D0F92E
:1037700045F20400C2F200000CF0CEFB0AB0BDEC32
:10378000048B01B0BDE8F04016F00ABD14F0EF0F55
:10379000A5D1052014F0B4FF0AB0BDEC048B01B034
:1037A000BDE8F04009F030B916F0D2FC45F2C8206F
:1037B000C2F200000EF020FD44F63460C2F20000B8
:1037C0000AF0EAFA15E002A890EC030A45F2A41008
:1037D000C2F2000048E002A890EC030A45F2A410EF
:1037E000C2F200005BE044F63460C2F200000AF06E
:1037F0002FFB16F0D5FC102C7FF46FAF09F034F9D5
:103800006DE7FF2414F084F916F0A2FC0120FEF706
:103810007FF940F2E010C2F2000005700FF004F9E9
:1038200003F0E6F8034645F2C820C2F20000082182
:1038300022460EF03DFC16F0B3FC09F0E5F84EE729
:103840000000000039FA8E3C45F2A410C2F20000DC
:103850000DF09AFF45F2A4109DED020ADDED030A7A
:10386000C2F200009FED151A0DF0EAFD044616F0B5
:1038700097FC002C7FF433AF14F04AF92FE745F2A0
:10388000A410C2F200000DF07FFF45F2A4109DEDE0
:10389000020ADDED030AC2F200009FED081A0DF0E6
:1038A000FBFE16F07DFC14F04BF918E744F634608B
:1038B000C2F200000BF064FD0DE700BF0000000045
:1038C00039FA8E3C7BD9203F7BD920BF0000000015
:1038D0007047000000000000B0B5044603F088F80F
:1038E000054600BF03F084F8401BA042FAD3B0BDE8
:1038F000B0B5B6B0044668460D460DF0F1FB9DF834
:103900001A0000281CBF9DF81D0000280AD1207E47
:1039100080B1E06A291A0020B1F57A7F88BF0120C2
:1039200036B0B0BD02980028F1D400202076E062C5
:1039300036B0B0BD01202076E562002036B0B0BDC3
:1039400030B1417E11F0030C08BF4FF0030C01E0D1
:103950004FF0030CB1EE040A00224FEACC7302E0F0
:103960000432042A21D16BB1811891ED181A91ED1E
:103970001E2A32EE411AB0EEC11AB4EE401AF1EE30
:1039800010FA10DCBCF1020FEAD3811891ED181A7D
:1039900091ED202A32EE411AB0EEC11AB4EE401A6F
:1039A000F1EE10FADCDD00207047012070470000C6
:1039B00000EE100A9FED031AB8EEC00A20EE010ACD
:1039C000704700BF40074936B0B515460446B9B147
:1039D000207D90B9207894F806E04BF6944C4BF695
:1039E0008062C0F6010CC0F60102A0F11903BEF11D
:1039F000010F08BF6246042B1CD208460DF0F8FEEA
:103A0000A07E627900212175002842EA05006071DC
:103A100001D1E17E11B140F0100060710020A4F8E6
:103A20000300A4F81100E074A076C4E90200172096
:103A30002080B0BD0028E3D01E28DED00E23BEF1CA
:103A4000010F08BF0F238342DAD302EB401010F8B6
:103A50001C0C0228D1D0D3E7EFF3108072B600BF60
:103A6000FEE700000000000044F60C00C5F602006E
:103A7000016841F00201016050F8081C8904FBD57F
:103A8000704700000000000080B582B08C4686467A
:103A900045F65C004FF40071C2F20000CDE900234E
:103AA0007246634600F09CF902B080BD0000000041
:103AB00080B582B08C46864645F65C0040F2FF1128
:103AC000C2F20000CDE900237246634600F088F997
:103AD00002B080BD0000000080B588B000206946BB
:103AE000CDE90600CDE900000220029001200390FC
:103AF0004FF4007004904FF4FE60059045F65C00B2
:103B0000C2F2000002F02CF808B1FFF7A5FF08B0E0
:103B100080BD00000000000045F65C00C2F200001D
:103B200002F08EB90000000045F65C00C2F2000011
:103B300002F086B90000000080B582B08C4686464F
:103B400045F6FC004FF40071C2F20000CDE90023FD
:103B50007246634600F044F902B080BD00000000E8
:103B600080B582B08C46864645F6FC0040F2FF11D7
:103B7000C2F20000CDE900237246634600F030F93E
:103B800002B080BD0000000080B588B0002069460A
:103B9000CDE90600CDE9000002200290012003904B
:103BA0004FF4007004904FF4FE60059045F6FC0061
:103BB000C2F2000001F0D4FF08B1FFF74DFF08B0DA
:103BC00080BD00000000000045F6FC00C2F20000CD
:103BD00002F036B90000000045F6FC00C2F2000019
:103BE00002F02EB90000000045F25850C2F2004029
:103BF00002F026B90000000045F25850C2F2004021
:103C000002F01EB9000000000FF0F6BD0000000039
:103C100010B58AB000210991CDE90711CDE9051150
:103C2000CDE90311029138B304460220CDE9021117
:103C3000CDE90400CDE9061102A9204601F090FF6C
:103C400008B1FFF709FF01210222012301200090A2
:103C5000204601F0C9FF08B1FFF7FEFE204602F042
:103C6000A7FD08B1FFF7F8FE10210022204601F061
:103C7000FFFE08B1FFF7F0FE0AB010BD0000000023
:103C8000F0B5D1E900C4D1F808E00D692CB14EEAD5
:103C90000C04254345F0804C03E045EA8C4444EA9B
:103CA0000E0C856ED0F88470D1E907466B438D69A0
:103CB00044EA0660D1F814E0CC68054307EB8300C2
:103CC00045EA0E0647F823C046EA04434360CB6842
:103CD000002B08BFF0BD4BF6744C083001320023B6
:103CE000C0F6010CD71857F8017CC750CF680433D1
:103CF0001CF80770BB42F5D3F0BD000000000000C7
:103D000080B545F65C00C2F2000002F051FD08B13A
:103D1000FFF7A2FE45F65C000121C2F2000000227E
:103D200001F0A6FE08B1FFF797FE45F6FC00C2F2CF
:103D3000000002F03DFD08B1FFF78EFE45F6FC00E5
:103D40000121C2F20000002201F092FE002808BF0B
:103D500080BDBDE88040FFF77FBE0000000000008E
:103D60002DE9F0438DB089464021054601F08CFFD6
:103D700088B34CF2FC7403AE01AF43F61C08CFF6D7
:103D8000FF7406E015F068FD4021284601F07CFF35
:103D900008B34021284632463B4601F081FFD0B9A6
:103DA0002846FCF7B9FC04980028EDD10398A0F24E
:103DB000092111F1080FE7D3C0EBC00009EB800126
:103DC0000859421CA1EB0800322A0A513946D9D8B9
:103DD00015F076FDD8E70DB0BDE8F08300000000D7
:103DE000F0B58BB088B304461D4616460F4602F068
:103DF0001BF860B300200821CDE90300CDE90510D0
:103E0000CDE90700CDE90900300A8DF80000280A45
:103E10008DF8020010988DF80500010A8DF8041045
:103E200011998DF80710080A8DF8060002A96A4654
:103E3000204602978DF801608DF8035001F054FE82
:103E400048B100210022002508E0002509E00021FA
:103E50000122002502E00121002201252046FCF775
:103E6000C3FC28460BB0F0BD40F600004FF46041A3
:103E7000C5F60200012202F0B3BD00000000000000
:103E80002DE9F041044602F0B3FD14B3054694F861
:103E90003500022820D140F20F472668C4F20207FD
:103EA00040F26F48BE426FF00E00C4F2020817DC09
:103EB0006F21C4F202018E4223DC3F21C4F20201D1
:103EC0008E4239DC1021C4F202018E4258D02821E2
:103ED00051E00120BDE8F08180206065012037E2DB
:103EE00046451ADC40F23F41C4F202018E422ADC10
:103EF00040F21041C4F202018E4241D040F228410A
:103F000039E09F21C4F202018E4225DC7021C4F207
:103F100002018E4234D088212DE040F29F41C4F24C
:103F200002018E421FDC40F27041C4F202018E4257
:103F300026D040F288411EE04021C4F202018E42A8
:103F40001ED0582117E040F24041C4F202018E42D7
:103F500016D040F258410EE0A021C4F202018E4278
:103F60000ED0B82107E040F2B841C4F202018E42FF
:103F700006D040F2A041C4F202018E42314607D180
:103F80003146306820F01E0041F8140B6FF08000BD
:103F90000A68464500EA0200086019DC9F20C4F266
:103FA0000200864231DC5720C4F20200864256DC11
:103FB0001020C4F20200864200F091802820C4F252
:103FC0000200864200F08B804020C4F2020084E0B0
:103FD00045F22F40C5F6020086422BDC40F2B74086
:103FE000C4F20200864248DC40F27040C4F2020093
:103FF000864274D040F28840C4F2020086426ED0FD
:1040000040F2A040C4F2020067E040F22740C4F250
:104010000200864240DCA020C4F2020086425ED04C
:10402000B820C4F20200864259D040F21040C4F2D7
:10403000020052E045F26B40C5F6020086423CDCCD
:1040400045F23040C5F60200864248D045F2444071
:10405000C5F60200864242D045F258403BE0582067
:10406000C4F2020086423AD07020C4F202008642B6
:1040700035D08820C4F202002FE040F2B840C4F2EC
:10408000020086422BD045F20840C5F60200864267
:1040900025D045F21C401EE040F22840C4F2020048
:1040A00086421CD040F24040C4F20200864216D044
:1040B00040F25840C4F202000FE045F26C40C5F6F1
:1040C000020086420BD045F29440C5F602008642BB
:1040D00005D045F28040C5F60200864204D1206E2C
:1040E000016821F480710160306820F001003060C7
:1040F0003068C0070BD002F07BFC401B0628F7D3CA
:1041000020206065032084F83500012020E120682C
:104110000821B8424FF03F0210DC6F23C4F20203C3
:1041200098421CDC3F23C4F20203984232DC102385
:10413000C4F20203984251D028234AE040451ADCD9
:1041400040F23F43C4F2020398422ADC40F210439B
:10415000C4F20203984241D040F2284339E09F2341
:10416000C4F20203984225DC7023C4F20203984291
:1041700034D088232DE040F29F43C4F202039842DA
:104180001FDC40F27043C4F20203984226D040F292
:1041900088431EE04023C4F2020398421ED05823F5
:1041A00017E040F24043C4F20203984216D040F2B6
:1041B00058430EE0A023C4F2020398420ED0B82365
:1041C00007E040F2A043C4F20203984206D040F256
:1041D000B843C4F20203984240F0BF80D4E91637D6
:1041E00007F01F07404502FA07F25A5019DC9F21D9
:1041F000C4F20201884231DC5721C4F20201884234
:1042000056DC1021C4F20201884200F0918028217E
:10421000C4F20201884200F08B804021C4F2020106
:1042200084E045F22F41C5F6020188422BDC40F2C2
:10423000B741C4F20201884248DC40F27041C4F246
:104240000201884274D040F28841C4F202018842DF
:104250006ED040F2A041C4F2020167E040F2274173
:10426000C4F20201884240DCA021C4F2020188426B
:104270005ED0B821C4F20201884259D040F2104108
:10428000C4F2020152E045F26B41C5F602018842D8
:104290003CDC45F23041C5F60201884248D045F287
:1042A0004441C5F60201884242D045F258413BE004
:1042B0005821C4F2020188423AD07021C4F20201AE
:1042C000884235D08821C4F202012FE040F2B84183
:1042D000C4F2020188422BD045F20841C5F6020122
:1042E000884225D045F21C411EE040F22841C4F22C
:1042F000020188421CD040F24041C4F202018842CF
:1043000016D040F25841C4F202010FE045F26C4170
:10431000C5F6020188420BD045F29441C5F6020170
:10432000884205D045F28041C5F6020188420BD192
:10433000616EA26EE06E4A6030B1016821F4807156
:104340000160D4E91C014160012084F8350000209F
:10435000002184F83410BDE8F081042101223DE7FA
:10436000F0B190F83510022918D180B540F20F4213
:104370000168C4F20202914214DC6F23C4F202030A
:10438000994224DC3F23C4F2020399423ADC102311
:10439000C4F20203994258D0282352E0802141659B
:1043A0000120704740F26F43C4F2020399421ADCC5
:1043B00040F23F43C4F2020399422ADC40F2104328
:1043C000C4F20203994240D040F2284339E09F23CF
:1043D000C4F20203994225DC7023C4F2020399421D
:1043E00033D088232DE040F29F43C4F20203994268
:1043F0001FDC40F27043C4F20203994225D040F220
:1044000088431EE04023C4F2020399421DD0582382
:1044100017E040F24043C4F20203994215D040F243
:1044200058430EE0A023C4F2020399420DD0B823F2
:1044300007E040F2B843C4F20203994205D040F2CB
:10444000A043C4F2020399426ED191424FF004029C
:1044500080F8352010DC6F20C4F20200814220DC9D
:104460003F20C4F20200814236DC1020C4F2020078
:10447000814253D028204EE040F26F40C4F2020047
:1044800081421ADC40F23F40C4F2020081422ADC41
:1044900040F21040C4F2020081423FD040F2284076
:1044A00039E09F20C4F20200814225DC7020C4F272
:1044B0000200814232D088202DE040F29F40C4F2B9
:1044C000020081421FDC40F27040C4F202008142CF
:1044D00024D040F288401EE04020C4F20200814215
:1044E0001CD0582017E040F24040C4F20200814244
:1044F00014D040F258400EE0A020C4F202008142E5
:104500000CD0B82007E040F2B840C4F2020081426B
:1045100004D040F2A040C4F202008142086820F0BA
:1045200001000860002080BD0A6822F00E020A60C7
:1045300045F25742C5F6020291420A6822F0010292
:104540000A600EDC45F22F42C5F60202914217DCEA
:1045500045F20842C5F60202914226D045F21C42BD
:104560001FE045F27F42C5F60202914211DC45F29E
:104570005842C5F60202914217D045F26C4210E053
:1045800045F23042C5F6020291420ED045F2444255
:1045900007E045F29442C5F60202914205D045F289
:1045A0008042C5F6020291421AD1D0E9181CD0E926
:1045B00016E30A6822F480720A6003F01F010122E8
:1045C00002FA01F1CEF80410816ECCF80410C16E2D
:1045D00031B10A6822F480720A60D0E91C124A6084
:1045E000012180F83510016D0022002980F8342067
:1045F00098D08847002080BD406D704700000000C3
:104600002DE9F04381B00021009140F2000148F211
:10461000B513C2F20001C1F64E33856D40F26F4909
:104620000A680168C4F202092E68A2FB0328494502
:104630002B6815DC9F22C4F2020291422BDC572228
:10464000C4F2020291424FDC1022C4F202029142F3
:1046500078D02822C4F20202914273D040226CE04A
:1046600045F22F42C5F60202914227DC40F2B742E2
:10467000C4F20202914243DC40F27042C4F20202F0
:1046800091425FD040F28842C4F20202914259D076
:1046900040F2A04251E040F22742C4F202029142AD
:1046A0003DDCA022C4F2020291424BD0B822C4F2F7
:1046B0000202914246D040F210423EE045F26B4287
:1046C000C5F60202914275DC45F23042C5F602029F
:1046D000914200F0828045F24442C5F602029142C6
:1046E0007BD045F2584273E05822C4F20202914254
:1046F00028D07022C4F20202914223D088221CE00A
:1047000040F2B842C4F2020291421BD045F2084284
:10471000C5F60202914260D045F21C4258E040F2D8
:104720002842C4F2020291420CD040F24042C4F24C
:104730000202914206D040F25842C4F20202914273
:1047400040F02D84C26D082302F01F0293403342D3
:1047500000F0168140F20F44C4F20204A1424FF06F
:10476000040413DC6F27C4F20207B94200F39180FE
:104770003F27C4F20207B94200F3D2801027C4F2E7
:104780000207B94200F0F0802827E8E0494500F32D
:104790008C8040F23F47C4F20207B94200F3C78061
:1047A00040F21047C4F20207B94200F0DD8040F247
:1047B0002847D4E045F26C42C5F6020291420CD083
:1047C00045F28042C5F60202914206D045F294427B
:1047D000C5F60202914240F0E2830E68C26D02F01B
:1047E0001F02042707FA02F41C4218BF16F0040740
:1047F0002CD1022707FA02F41C4218BF16F0020758
:1048000062D1D3401B0740F1CA8316F0080300F0C1
:10481000C68340F20F43C4F2020399426FF01C03B7
:1048200000F318836F27C4F20207B94200F35483E0
:104830003F27C4F20207B94200F3B4831027C4F241
:104840000207B94200F0D3832827CAE332046C6020
:104850005ED4B20600F1A18340F20F42C4F202021C
:1048600091426FF0080200F3E3826F23C4F2020367
:10487000994200F302833F23C4F20203994200F3FA
:1048800047831023C4F20203994200F08383282354
:104890007AE39F27C4F20207B94251DC7027C4F2C1
:1048A0000207B94260D0882759E040F29F47C4F21E
:1048B0000207B9424BDC40F27047C4F20207B9422A
:1048C00052D040F288474AE032046C6000F19C828A
:1048D000B20600F1CF8340F20F42C4F202029142CD
:1048E0006FF0140200F3D6826F23C4F202039942E0
:1048F00000F315833F23C4F20203994200F38C8333
:104900001023C4F20203994200F0AB832823A2E3F0
:10491000F10300F14283816C002940F079833EE38A
:104920004027C4F20207B9421ED0582717E040F2D0
:104930004047C4F20207B94216D040F258470EE091
:10494000A027C4F20207B9420ED0B82707E040F210
:10495000A047C4F20207B94206D040F2B847C4F2F9
:104960000207B94218BF08240F68274208D00F6811
:1049700027F004070F60AB60436D43F0010343650C
:104980000123934033426FD040F20F47C4F2020735
:10499000B94210DC6F27C4F20207B9421CDC3F2782
:1049A000C4F20207B94232DC1027C4F20207B9424E
:1049B00051D028274AE049451ADC40F23F47C4F26B
:1049C0000207B9422ADC40F21047C4F20207B9429A
:1049D00041D040F2284739E09F27C4F20207B9428C
:1049E00025DC7027C4F20207B94234D088272DE0B5
:1049F00040F29F47C4F20207B9421FDC40F2704701
:104A0000C4F20207B94226D040F288471EE0402790
:104A1000C4F20207B9421ED0582717E040F24047BF
:104A2000C4F20207B94216D040F258470EE0A02760
:104A3000C4F20207B9420ED0B82707E040F2B847E7
:104A4000C4F20207B94206D040F2A047C4F20207FE
:104A5000B94240F0E1814F6907F0800424B1AB60B6
:104A6000436D43F0020343650423934033426FD008
:104A700040F20F47C4F20207B94210DC6F27C4F2BC
:104A80000207B9421CDC3F27C4F20207B94232DCFC
:104A90001027C4F20207B94251D028274AE04945FD
:104AA0001ADC40F23F47C4F20207B9422ADC40F266
:104AB0001047C4F20207B94241D040F2284739E01A
:104AC0009F27C4F20207B94225DC7027C4F202070F
:104AD000B94234D088272DE040F29F47C4F2020744
:104AE000B9421FDC40F27047C4F20207B94226D037
:104AF00040F288471EE04027C4F20207B9421ED0A8
:104B0000582717E040F24047C4F20207B94216D0D6
:104B100040F258470EE0A027C4F20207B9420ED077
:104B2000B82707E040F2B847C4F20207B94206D0FE
:104B300040F2A047C4F20207B94240F073810F6807
:104B400007F0020424B1AB60436D43F004034365F6
:104B5000102303FA02F232427ED040F20F43C4F235
:104B6000020399424FF0080310DC6F27C4F20207DA
:104B7000B9421CDC3F27C4F20207B94232DC1027DD
:104B8000C4F20207B94251D028274AE049451ADC4D
:104B900040F23F47C4F20207B9422ADC40F2104714
:104BA000C4F20207B94241D040F2284739E09F27BA
:104BB000C4F20207B94225DC7027C4F20207B942E9
:104BC00034D088272DE040F29F47C4F20207B94253
:104BD0001FDC40F27047C4F20207B94226D040F20F
:104BE00088471EE04027C4F20207B9421ED058276A
:104BF00017E040F24047C4F20207B94216D040F233
:104C000058470EE0A027C4F20207B9420ED0B827D9
:104C100007E040F2A047C4F20207B94206D040F2D2
:104C2000B847C4F20207B94218BF04230F681F42F5
:104C300012D0AA600A6852030A6806D4D20506D4C4
:104C40000A6822F008020A6001E0110352D4016CE4
:104C500011B1044688472046C16D01F01F02202192
:104C600001FA02F3334200F0A68040F20F470168D8
:104C7000C4F202071026B94210DC6F27C4F2020703
:104C8000B9421CDC3F27C4F20207B94236DC1027C8
:104C9000C4F20207B94255D028274EE049451ADC34
:104CA00040F23F47C4F20207B9422EDC40F21047FF
:104CB000C4F20207B94245D040F228473DE09F27A1
:104CC000C4F20207B94229DC7027C4F20207B942D4
:104CD00038D0882731E040F29F47C4F20207B9423A
:104CE00023DC40F27047C4F20207B9422AD040F2F6
:104CF000884722E0816C0029ABD1ADE74027C4F2A0
:104D00000207B9421ED0582717E040F24047C4F2CC
:104D10000207B94216D040F258470EE0A027C4F26D
:104D20000207B9420ED0B82707E040F2A047C4F20C
:104D30000207B94206D040F2B847C4F20207B942AE
:104D400018BF02260F68374235D0AB6090F8353077
:104D5000042B0B6816D123F016030B604B6923F06C
:104D600080034B61036C0BB9836C1BB10B6823F0A0
:104D700008030B603F219140A960012180F83510A4
:104D8000016D3FE15A030A680CD4D2050ED40A68BB
:104D900022F010020A60012180F83510002180F80D
:104DA000341003E0110301D4416C00E0C16B11B178
:104DB000044688472046416D002900F0F080416D8F
:104DC000C9071CD0042180F8351001684FEA9822E9
:104DD0000B6823F001030B60009B013300939342A7
:104DE00002D80B68DB07F7D10968C9074FF0030148
:104DF00008BF012180F83510002180F83410C16C03
:104E0000002940F00581CAE0F10300F13381416CD3
:104E1000002940F0FD80C2E000240F68002C7FF4E0
:104E20001EAE21E600240F68002C7FF48CAE8FE6C6
:104E3000494542DC40F23F43C4F2020399427CDC24
:104E400040F21043C4F20203994200F0A38040F202
:104E5000284399E049454CDC40F23F47C4F2020741
:104E6000B94200F3A68040F21047C4F20207B942EB
:104E700000F0BD8040F22847B3E09F23C4F2020354
:104E8000994263DC7023C4F20203994200F08280ED
:104E9000882379E0494560DC40F23F43C4F20203D5
:104EA000994200F3C08040F21043C4F202039942D9
:104EB00000F0D78040F22843CDE040F29F43C4F297
:104EC0000203994258DC40F27043C4F20203994253
:104ED00060D040F2884357E09F27C4F20207B942EE
:104EE00070DC7027C4F20207B94200F08080882786
:104EF00077E040F29F47C4F20207B94269DC40F212
:104F00007047C4F20207B94271D040F2884768E0A6
:104F10004023C4F2020399423CD0582334E09F233B
:104F2000C4F20203994200F387807023C4F20203A3
:104F3000994200F0968088238DE040F24043C4F20D
:104F40000203994226D040F258431DE0A023C4F248
:104F5000020399421ED0B82316E040F29F43C4F2E8
:104F6000020399426FDC40F27043C4F2020399429B
:104F700077D040F288436EE040F2A043C4F20203CF
:104F8000994207D040F2B843C4F20203994218BFD5
:104F90006FF004020B681A400A60016CC1BB01B0DB
:104FA000BDE8F0834027C4F20207B9421FD058275A
:104FB00017E040F24047C4F20207B94217D040F26E
:104FC00058470EE0A027C4F20207B9420FD0B82715
:104FD00007E040F2A047C4F20207B94207D040F20E
:104FE000B847C4F20207B94218BF6FF00E030F684A
:104FF0003B400B60012101FA02F26A60416580F8D2
:105000003510C16C00294FF0000280F83420C6D062
:1050100001B0BDE8F04308474023C4F202039942BF
:105020001FD0582317E040F24043C4F202039942D4
:1050300017D040F258430EE0A023C4F20203994275
:105040000FD0B82307E040F2A043C4F20203994214
:1050500007D040F2B843C4F20203994218BF6FF080
:105060000A020B681A400A60012180F835100021FD
:1050700080F83410C16B0029CAD190E7000000000D
:105080002DE9F041044601F0B3FCECB140F26F4869
:1050900005462068C4F20208404518DC9F21C4F28E
:1050A000020188422EDC5721C4F20201884254DCFE
:1050B0001021C4F2020188427ED02821C4F20201EC
:1050C000884279D0402172E00120BDE8F08145F2AC
:1050D0002F41C5F60201884227DC40F2B741C4F2F5
:1050E0000201884245DC40F27041C4F2020188426C
:1050F00062D040F28841C4F2020188425CD040F2A2
:10510000A04154E040F22741C4F20201884240DC51
:10511000A021C4F2020188424ED0B821C4F202019B
:10512000884249D040F2104141E045F26B41C5F65A
:105130000201884200F3B88045F23041C5F6020111
:10514000884200F0C38045F24441C5F6020188421E
:1051500000F0BC8045F25841B4E05821C4F202018D
:10516000884229D07021C4F20201884224D08821CB
:105170001DE040F2B841C4F2020188421CD045F261
:105180000841C5F60201884200F0A08045F21C41AA
:1051900098E040F22841C4F2020188420CD040F26B
:1051A0004041C4F20201884206D040F25841C4F2A4
:1051B0000201884240F0CE80022184F8351000219F
:1051C00084F83410016821F0010101602068016851
:1051D000C9070CD001F00CFC401B0628F6D3202098
:1051E0006065032084F835000120BDE8F08148F2B5
:1051F0003F0204F108070168CFF6106211406669AA
:105200008CCF1143D4F818C01943E3693943276A96
:105210000E43616A3343042943EA070343EA0C035C
:1052200003D1D4E90B7637433B436568A5F12906E2
:10523000292E00F2A1800127DFE806F015151515CB
:1052400015159E9E9E9E9E9E9E9E9E9E9E9E9E9E90
:105250009E9E151515159E9E9E9E15159E9E9E9EA4
:105260009E9E15151515002F18BF43F480130429B1
:105270000360426922F0070241EA020140F0908097
:10528000D4E90A53002B41EA050100F08980BCF5FE
:10529000005F61D0BCF1000F6AD1022D74D0012DE6
:1052A00060D0002D70D072E045F26C41C5F602016D
:1052B00088420BD045F28041C5F60201884205D0F4
:1052C00045F29441C5F60201884243D104F1080E2B
:1052D000022184F83510002184F834100168A36994
:1052E0009EE80450A2F18005E769B5FA85F5666984
:1052F0006D09402A4FEA853543EA07026FF3101122
:1053000042EA060208BF102541EADC0142EA0E0229
:105310002943236A41EAD2014AF6F832CAF2FD7201
:105320004CF6CD470244CCF6CC4741EA1311A2FB20
:10533000072301606FF0030000EA9300E065204658
:10534000FDF75AF9E16D012201F01F0102FA01F1A6
:10535000416030E0402043E7032D18D8DFE805F036
:105360000A140A02A3F1C072B2FA82F252090FE0E3
:10537000032D08D201220BE025F00302743AB2FAA1
:1053800082F257096FE702D1C3F3006200E0002206
:1053900032B140206065012084F83500BDE8F0811D
:1053A00041612046FDF728F9E16D3F2201F01F0120
:1053B00002FA01F181602068404519DC9F21C4F2A6
:1053C0000201884231DC5721C4F20201884256DCD6
:1053D0001021C4F20201884200F092802821C4F218
:1053E0000201884200F08C804021C4F2020184E076
:1053F00045F22F41C5F6020188422BDC40F2B7414D
:10540000C4F20201884248DC40F27041C4F2020159
:10541000884275D040F28841C4F2020188426FD0C0
:1054200040F2A041C4F2020167E040F22741C4F219
:105430000201884240DCA021C4F2020188425FD010
:10544000B821C4F2020188425AD040F21041C4F29D
:10545000020152E045F26B41C5F6020188423CDC94
:1054600045F23041C5F60201884249D045F2444137
:10547000C5F60201884243D045F258413BE058212D
:10548000C4F2020188423BD07021C4F2020188427A
:1054900036D08821C4F202012FE040F2B841C4F2B4
:1054A000020188422CD045F20841C5F6020188422B
:1054B00026D045F21C411EE040F22841C4F2020110
:1054C00088421DD040F24041C4F20201884217D008
:1054D00040F25841C4F202010FE045F26C41C5F6BA
:1054E000020188420CD045F29441C5F6020188427F
:1054F00006D045F28041C5F60201884240F0D080D6
:1055000045F2574C45F6FC0EC5F6020CC5F6020EE8
:1055100060450EDC45F22F43C5F60203984217DCC6
:1055200045F20843C5F60203984226D045F21C43D3
:105530001FE045F27F43C5F60203984211DC45F2B5
:105540005843C5F60203984217D045F26C4310E069
:1055500045F23043C5F6020398420ED045F244436B
:1055600007E045F29443C5F60203984205D045F2A0
:105570008043C5F60203984250D100F0FC034CF67C
:10558000CD47083BCCF6CC47A3FB0737AEF1FC0573
:10559000AEF17C063B0905EB83022266A26803F0AC
:1055A0001F030127802A666607FA03F2A26601D16B
:1055B000002262606368A56ED4E91826DFB2591E26
:1055C00007291760756015D87E1E072E62D86045C2
:1055D0000EF1440213DC45F22F41C5F60201884268
:1055E0003CDC45F20841C5F6020188424BD045F249
:1055F0001C4144E000206067C4E91B0050E045F214
:105600007F41C5F60201884231DC45F25841C5F6BA
:105610000201884237D045F26C4130E000F0F803D7
:105620004AF6AB27103BCAF6AA27A3FB073740F27E
:105630000F43C4F2020308253E09984203F1AA026F
:10564000334688BF05EB171340F600059042C4F2BD
:10565000020528BF334605F180069CE745F230413C
:10566000C5F6020188420ED045F2444107E045F2FA
:105670008041C5F60201884205D045F29441C5F645
:105680000201884213D10EEB8300E06601202267FD
:10569000B040606704F16C02002307CA03604A60EF
:1056A00000206065012184F83510BDE8F08140F6E6
:1056B0000000C4F2020000F1FC0E00F5A072E2E767
:1056C00030B110B590F83440012C03D1022010BD48
:1056D00001207047012480F8344090F83540012CB7
:1056E0002BD1022480F8354000244465D0F800C056
:1056F000DCF8004024F00104CCF800400446FDF73B
:1057000007F840F20F4C2068C4F2020C40F26F41DF
:105710006045C4F2020118DC6F23C4F20203984210
:1057200024DC3F23C4F2020398423ADC1023C4F283
:105730000203984259D0282352E04FF4006141659A
:10574000002180F83410012010BD88421ADC40F29C
:105750003F43C4F2020398422ADC40F21043C4F2F1
:105760000203984241D040F2284339E09F23C4F21B
:105770000203984225DC7023C4F20203984234D01D
:1057800088232DE040F29F43C4F2020398421FDCBD
:1057900040F27043C4F20203984226D040F288439C
:1057A0001EE04023C4F2020398421ED0582317E0A3
:1057B00040F24043C4F20203984216D040F25843EC
:1057C0000EE0A023C4F2020398420ED0B82307E0F3
:1057D00040F2B843C4F20203984206D040F2A0431C
:1057E000C4F20203984240F0238103680B2262F363
:1057F00044030360226C1AB1082302681A43026052
:10580000884219DC9F22C4F20202904231DC572206
:10581000C4F20202904256DC1022C4F2020290420C
:1058200000F091802822C4F20202904200F08B80A6
:105830004022C4F2020284E045F22F42C5F6020281
:1058400090422BDC40F2B742C4F20202904248DCA4
:1058500040F27042C4F20202904274D040F2884298
:10586000C4F2020290426ED040F2A042C4F20202A0
:1058700067E040F22742C4F20202904240DCA022DC
:10588000C4F2020290425ED0B822C4F202029042F8
:1058900059D040F21042C4F2020252E045F26B428B
:1058A000C5F6020290423CDC45F23042C5F60202E7
:1058B000904248D045F24442C5F60202904242D09E
:1058C00045F258423BE05822C4F2020290423AD0DC
:1058D0007022C4F20202904235D08822C4F2020241
:1058E0002FE040F2B842C4F2020290422BD045F2BF
:1058F0000842C5F60202904225D045F21C421EE045
:1059000040F22842C4F2020290421CD040F24042CF
:10591000C4F20202904216D040F25842C4F202028F
:105920000FE045F26C42C5F6020290420BD045F200
:105930009442C5F60202904205D045F28042C5F677
:10594000020290426ED1236E1A68D20303D51A6800
:1059500042F480721A60E36E1BB11A6842F48072DE
:105960001A60604510DC6F21C4F2020188421CDC21
:105970003F21C4F20201884232DC1021C4F202014C
:1059800088424FD028214AE088421ADC40F23F4149
:10599000C4F2020188422ADC40F21041C4F2020142
:1059A00088423FD040F2284139E09F21C4F20201F1
:1059B000884225DC7021C4F20201884232D088215D
:1059C0002DE040F29F41C4F2020188421FDC40F208
:1059D0007041C4F20201884224D040F288411EE0A6
:1059E0004021C4F2020188421CD0582117E040F245
:1059F0004041C4F20201884214D040F258410EE006
:105A0000A021C4F2020188420CD0B82107E040F284
:105A1000B841C4F20201884204D040F2A041C4F26D
:105A200002018842016841F001010160002010BDBF
:105A30000268052363F343020260226C002A3FF4EC
:105A4000DFAE0423D9E60000B0B5044600F0D0FF75
:105A500040F218110546C2F20041621C097818BFD5
:105A60000C4400BF00F0C4FF401BA042FAD3B0BDFD
:105A700090F89830013B012B0BD80068836D0B42E6
:105A80000CD0836D0B408B420CD1C36D43F00203ED
:105A900009E000F19C010120022221E0C36D43F0E6
:105AA000010300E00323C3658B0504D5D0F8E03083
:105AB0001343C0F8E0304B0504D5D0F8E4301A4366
:105AC000C0F8E4204FF6FF72436DC3F6CF720A4070
:105AD0001A4342658A0F4AF614010020C4F20001FD
:105AE0000B681A430A60704790F89830022B1BD15C
:105AF000B0B50368D3F8C05015F07C5F1CD0D3F864
:105B0000C450AD021DD4D3F8C4300546C3F30444D9
:105B10002346FEF7B5F828680121A140C0F8D0104F
:105B20000020C5F89410B0BDD0F89C1041F00801D9
:105B3000C0F89C1001207047D0F89C1041F0200163
:105B400003E0D0F89C1041F40071C0F89C100120D3
:105B5000B0BD000000000000704700000000000021
:105B600090F89820013A012A0BD880B50A68002ADB
:105B7000CA680ED00B69072A43EA427E16D18B69A8
:105B800019E0D0F89C1041F00201C0F89C100120EF
:105B90007047072A18D10A69D1E906C3120442EAFC
:105BA000032242EA0C0242F0605217E0D1F808C02A
:105BB0004B6943EA8C73006F496800EBC10240F8FF
:105BC00031E05360002080BD8B68D1E904CE9B0793
:105BD00043EAC26242EA0C4242EA0E024968C06EDF
:105BE00040F82120002080BD90F898C0BCF1010F42
:105BF0000DD19200006842EA0111DDF800C041EACF
:105C0000430141EA0C01C0F8801000207047D0F831
:105C10009C1041F00401C0F89C1001207047000066
:105C20007047000000000000704700000000000006
:105C3000D0F89C00704700000068426C02F007003A
:105C40000860C2F302204860C2F3803302F01800FB
:105C50008860C2F34010C860C2F380100861C2F3CC
:105C6000C0104861C2F3C0208861C2F30030C8612F
:105C7000C2F34030C1E90803C2F3064200208A6241
:105C80007047000000000000B422402908BFA42291
:105C90000068805800F07F0070470000000000009E
:105CA00070B590F89850022D11D1402914D1046894
:105CB000D4F8A05015F4FE0F2BD0D4F8A4506D06E4
:105CC0002CD0D4F8A450ED0130D4002531E0D0F828
:105CD0009C1041F0080125E041290FD10468D4F857
:105CE000B05015F4FE0F14D0D4F8B4506D0615D092
:105CF000D4F8B450ED0126D4002527E0056DA94263
:105D000007D200F17C04D0F854E04FF0000C0D46AF
:105D100026E0D0F89C1041F0200103E0D0F89C1060
:105D200041F48071C0F89C10012070BDD4F8A050DF
:105D3000ED0FD4F8A440C4F3052404EB050E00F1E4
:105D40007404456C0BE0D4F8B050ED0FD4F8B440B7
:105D5000C4F3052404EB050E00F17804C56CF44689
:105D600005FB0EFE256855F82E4014F08044546063
:105D700055F82E4024F0604608BFC4F38A461660EA
:105D800055F82E4004F00054946005EB8E0455F84D
:105D90002E6006F000461661A688D661E68816F0E9
:105DA0000F06D660666806F480165661666806F4CB
:105DB00000169661E67906F07F06166266684FEA7D
:105DC000D67656620ED04BF6744E04F108050024C8
:105DD000C0F6010E2E5D1E550134D6681EF8066011
:105DE000B442F7D3402904D10068C0F8A8C000200D
:105DF00070BD412904D10068C0F8B8C0002070BD52
:105E00001F2907D80068012202FA01F1C0F8981092
:105E1000002070BD006801F01F01012202FA01F1AB
:105E2000C0F89C10002070BD0068D0F8C40000F0DD
:105E30003F007047000000007047000000000000B5
:105E40002DE9F04F87B004464AF61000C4F2000076
:105E500001684AF61400C4F20000026820680A4093
:105E6000D0F850B0D0F85490056D466D036D029394
:105E7000436D0193036D0693436D0593036D049386
:105E8000436D0393D0F854A0D0F850805FEACA5312
:105E900010D518F480710DD04FF4807101654AF669
:105EA00010010020C4F20001174608602046FFF7E9
:105EB000C3FF3A460BEA090B4AF610095FEA4A505B
:105EC000C4F200094FEA82771AD518F4806017D01F
:105ED00020689146D0F8DC10D0F8E42011404FF44F
:105EE000806202654AF61002C4F2000200201060CF
:105EF000204600F091FC4A464AF61009C4F2000917
:105F000005EA06050BF4704657B1206800210165CB
:105F100002F00300C9F8000020463946FFF71CFED6
:105F2000DDE9011000EA010705F00F0546B1206820
:105F3000314606650020C9F80000204600F074FCD8
:105F400007F0F00645B12068294605650020C9F82C
:105F50000000204600F0D0FB46B1206831460665BF
:105F60000020C9F80000204600F0EEFB5FEA0A506E
:105F70000CD518F4006009D020684FF40061016569
:105F80000020C9F80000204600F052FC5FEA8A5069
:105F900011D518F400700ED02068D0F8D810D0F8C1
:105FA000E02011404FF4007202650020C9F80000A3
:105FB000204600F035FC5FEA0A300CD518F40020CA
:105FC00009D020684FF4002101650020C9F80000C5
:105FD000204600F08DFB5FEACA300CD518F4803003
:105FE00009D020684FF4803101650020C9F8000015
:105FF000204600F00DFC5FEA4A30DDE9031000EABC
:1060000001050CD518F4802009D020684FF48021B8
:1060100001650020C9F80000204600F0F5FB5FEAAA
:106020008A30DDE9051000EA010005F060710FD546
:1060300018F400320CD022684FF4003313650022AC
:10604000C9F80020D4F89C2042F08002C4F89C20BB
:1060500000F0715539B1206801650020C9F80000D1
:106060002046FFF7E1FD4DB1206805650020C9F825
:106070000000D4F89C002843C4F89C002068A9F5CF
:106080000161884209D0D4F89C00002868D02046DD
:1060900007B0BDE8F04FFFF7C3BD606881688907AE
:1060A000F1D0016A426A036A476A114003EA0702B3
:1060B00002F03005D0F82080D0F82490D0F820B03D
:1060C000466A026A069211F00F01426A0592D0F800
:1060D00024A0026A049203D00162204600F088FBEB
:1060E00008EA09072DB1606829460562204600F0DC
:1060F00087FB5FEA4A6006EA0B0607F4C0750ED517
:10610000049810F040000AD060684023C16BC26B55
:10611000090C02F03F020362204600F06DFBDDE94E
:10612000051000EA010706F4FC462DB16068294617
:106130000562204600F058FB07F4F02036B1616894
:106140000E62D4F89C103143C4F89C1000289AD0F9
:1061500061680862D4F89C100843C4F89C0092E778
:1061600007B0BDE8F08F000040B32DE9F04F83B0D9
:106170004AF200080446C4F200080068404502D113
:1061800008F58070606094F8980028B9002084F8C1
:106190009900204600F0CCF92068816921F01001B7
:1061A000816100F025FC054620688169090707D553
:1061B00000F01EFC401B0B28F6D312E001207047B4
:1061C000816941F00101816100F012FC054600BFC8
:1061D00020688169C90711D100F00AFC401B0B2817
:1061E000F6D30120D4F89C100843C4F89C00032087
:1061F00084F89800012003B0BDE8F08F816941F078
:1062000002018161217C826922F04002012918BFCC
:1062100040328261617C826922F48042012908BF98
:1062200002F580428261A17C826922F480520129B8
:1062300018BF02F580528261816921F44073D4E96C
:1062400002120B438361836923F0A4038361036912
:1062500023F0100303619AB1012A0DD0022A09D05C
:106260008369032A43F080038361036943F01002CA
:10627000026105D1202200E0042283691A43826171
:10628000D4E90572E369561E6FF0FF02256A02EB3E
:106290000323B1F5407F43EA4663A5F1010646EAD0
:1062A000030640F20003CFF6FF7303EB074746EA0D
:1062B0000701C16110D1D4E90B65D4E90917013F89
:1062C00002EB06226FF00F063A4306EB05173A433E
:1062D00003EB01411143C160236E2BB1616ED0F815
:1062E000C0201143C0F8C010E16DCDE90113D942BF
:1062F0004BF6A801C0F6010109D0D0F8C820A36E62
:1063000022F0070251F823301A43C0F8C820D4F80D
:1063100040C0BCF1000F09D0D0F8BC20636C22F063
:10632000070251F823301A43C0F8BC20D4F848B013
:10633000BBF1000F0AD0D0F8BC20E36C22F0700251
:1063400051F8233042EA0312C0F8BC20D4F850A020
:10635000BAF1000F0AD0D0F8BC20636D22F4E062DD
:1063600051F8231042EA0121C0F8BC10404504D185
:1063700061688A6822F003028A600021C4F89410E0
:10638000C4F89C10012184F8981004F13409D0F865
:1063900084104FF6FC729143656C99E80C020095ED
:1063A00041EA8201C0F88410D0F8841021F47F0102
:1063B00041EA0341C0F884109918D0F888306FF38F
:1063C0008F0343EA8103C0F88830D0F8883023F483
:1063D000FE0343EA0943C0F8883001EB4903D0F8D3
:1063E000A0606FF38F0646EA8306C0F8A060D0F87D
:1063F000A06026F4FE0646EA0C46C0F8A06005FB45
:106400000C36D0F8B0306FF38F0343EA8603C0F840
:10641000B030D0F8B03023F4FE0343EA0B43C0F8A9
:10642000B030E36CD0F8AC506FF38F0503FB0B6614
:1064300045EA8605C0F8AC50D4F8548008FB0A65DC
:10644000D0F8F0606FF38F0646EA8506C0F8F0607A
:10645000D0F8F0E0A66D2EF47C1747EA0647C0F8A6
:10646000F070F70007EB8507D0F8C0506FF38F0589
:106470002F43C0F8C070D0F8C070009DDDF804E074
:1064800027F47C1705FB0CFC4AF2000547EA0E478F
:10649000C0F8C070C4F2000503FB0BC305F54067EC
:1064A000D0F8C05007EB820207EB810125F07C5742
:1064B000029D47EA0567C0F8C07001EBC90008FB00
:1064C0000A372167A16E00EB8C0C606700EB830339
:1064D000E266C4E91EC30EFB01F300EB87006943CB
:1064E000C4F8800000EBC600C4F8840000EB830011
:1064F000C4F8880000EB81004DF2FC31C4F20001C9
:10650000C4F89000884201D920206BE6824208D26C
:10651000002000BF42F8040BD4F890108A42F9D34F
:1065200069E6002003B0BDE8F08F00000000000025
:10653000B0B5B6B0044602A8B8210025CDE934555F
:10654000CDE932553195FAF75CF84DF200412068FB
:10655000C4F20001884278D04AF20041C4F200013E
:10656000884239D04AF20001C4F20001884240F06A
:10657000BC80002003904FF4004002904FF0805008
:106580001D9002A801F088FB08B1FDF765FA40F202
:10659000DC1144F2E040C2F20001C5F602000A68D4
:1065A000002A02F101020A6008D1C16841F4807139
:1065B000C160C16801F480710191019901681524DD
:1065C00041F0080101600068132500F00800019007
:1065D0000198092103226AE0002003904FF4004053
:1065E00002904FF080501D9002A801F055FB08B1B9
:1065F000FDF732FA40F2DC1144F2E040C2F2000151
:10660000C5F602000A68002A02F101020A6008D1F8
:10661000C16841F48071C160C16801F48071019169
:1066200001990168162441F00201016000681425F7
:1066300000F00200019040F600400199C5F602000A
:106640000921A0F50060602235E04FF4004002907F
:106650004FF080501D9002A8039501F01DFB08B17A
:10666000FDF7FAF940F2DC1144F2E040C2F2000119
:10667000C5F602000A68002A02F101020A6008D188
:10668000C16841F48071C160C16801F480710191F9
:1066900001990168A02441F00801016000689F256C
:1066A00000F00800019005214FF44052019840F697
:1066B0000040C5F60200359131A931920222329292
:1066C0000022CDE9332200F0B7F805210022284648
:1066D00000F0AAFA284600F093FA0521002220468D
:1066E00000F0A2FA204600F08BFA36B0B0BD0000F0
:1066F000704700000000000045F65C0201F0010157
:10670000C2F2000290420AD149B145F65C0046F25D
:106710005411C2F20000C2F20001FDF721BB45F6A0
:10672000FC02C2F2000290420CD1002908BF70475F
:1067300045F6FC0046F23421C2F20000C2F200012C
:10674000FDF70EBB7047000045F25852C2F20042FE
:1067500090422AD111F0100008BF704770B590B078
:1067600045F258504121C2F20040FFF78DFAC8B1FE
:1067700045F2585406ADC2F200446E46412120460F
:106780002A463346FFF78CFA60B92046F9F7C4FF72
:1067900028463146FDF738FA41212046FFF774FAC2
:1067A0000028EBD110B0BDE8704070470000000039
:1067B00090F8981001290CD1022180F898100168F6
:1067C0008A6922F001028A610021C0F89C10002031
:1067D0007047D0F89C1041F00401C0F89C100120D3
:1067E000704700000000000070470000000000003B
:1067F000704700000000000070470000000000002B
:10680000704700000000000070470000000000001A
:10681000704700000000000070470000000000000A
:1068200070470000000000007047000000000000FA
:1068300070470000000000002DE9F04F83B00E68A3
:10684000002E00F0C78000F1264742F2004507F114
:10685000FF77C5F602050A22A8424FEAB72500F1E4
:10686000200308BF09220093082D38BF4FEAB72242
:10687000002400274FF0000A01920AE00AF1010A01
:106880000E6836FA0AF207F1020704F1040400F078
:10689000A180012202FA0AFB16EA0B08EED0D1F819
:1068A0000490032209F0030EAEF10106012E02FA54
:1068B00007F610D8D0F808C0CD682CEA0602BD4013
:1068C0002A438260C9F30015426822EA0B0205FAE6
:1068D0000AF52A434260BEF1030F1FD0C2688D68DB
:1068E000B243BD40BEF1020F42EA0502C26015D1BB
:1068F0006FF00302009D02EA5A0B04F01C030F2202
:1069000055F80BC002FA03FED1F810902CEA0E0CD9
:1069100009FA03F343EA0C0345F80B3002684B68AD
:10692000B24303F00306BE4013F4403F42EA0602BE
:106930000260A3D044F2F44340F2084CC5F60203CF
:10694000C5F6000C0F251A6842F002021A601A6898
:1069500002F0020202922AF00302029B04F00C03EE
:1069600052F80C609D40AE43019D05FA03F333439A
:1069700042F80C304FF0B04CDCF800204B6842EA93
:106980000806DD0258BF22EA08069D02CCF8006026
:1069900040F2040CC5F6000CDCF8002042EA0806C0
:1069A00058BF22EA08069D03CCF80060DCF880207E
:1069B00042EA080658BF22EA0806DB03CCF88060EA
:1069C000DCF87C2042EA080658BF22EA0806CCF828
:1069D0007C6053E703B0BDE8F08F000000000000CA
:1069E000002A08BF09048161704700000000000010
:1069F0004AF23020C2F200400068704700000000F8
:106A000040F218104AF23021C2F20040C2F20041B6
:106A100000780A6810440860704700000000000019
:106A200080B5032000F030F901F0C6FF44F21841B0
:106A30004BF61823C5F60201C0F601030A68C2F33B
:106A400003229A5C096801F00F0102F01F02595CF1
:106A5000D04040F22002C2F2004201F01F0120FAB1
:106A600001F1116040F20001C2F2000108600F2044
:106A700000F00AF800281CBF012080BD00F0A8F833
:106A8000002080BD000000000F2845D8B0B58AB0B6
:106A900004461C2000222146002500F0C5F81C20D9
:106AA00000F0AEF840F2D010C2F20000046044F2F0
:106AB000E840C5F60200016841F00101016000688C
:106AC00001A900F001000290029802A801F0C0FEA6
:106AD000079C002C18BF012401F00EFF4DF68361C6
:106AE000A040C4F21B314FF0FF32A0FB010145F67C
:106AF000CC60C2F200004FF08043036002EB914192
:106B0000C0E9011540F2E731C0E9031502F0B0FB1E
:106B100020B101200AB0B0BD0120704745F6CC601D
:106B2000C2F2000002F024FC0AB0B0BD0000000078
:106B300010B54EF6A05E4378CEF2000E90F800C07D
:106B40004EF8083CDEF8003023F00103CEF80030A8
:106B500043684EF8043C037BC27A817A447B120678
:106B600042EA0372837B42EAC141C27B41EA84412B
:106B7000447A41EA4341007A41EA024141EA042170
:106B800041EA400040EA0C00CEF8000010BD0000D1
:106B90004EF62450CEF20000BFF35F8F016821F45F
:106BA0008031016000210167704700000000000093
:106BB0004EF6245140F00100CEF20001086708684B
:106BC00040F480300860BFF34F8FBFF36F8F704782
:106BD00081B044F2F4400022C5F60200016841F0A1
:106BE0000201016000680F2100F0020000906FF0C8
:106BF0000100009B01B000F017B800000000000089
:106C0000002848BF704700F01F01012202FA01F17D
:106C10004EF20012C0F34A10CEF2000242F82010E9
:106C2000704700000000000070B54EF60C5C4FF09D
:106C3000FF36CEF2000C00F1604505F56445DCF846
:106C40000030C3F3022E8EF00703042B28BF042369
:106C5000BEF1030406FA03F321EA030100F00F0377
:106C600038BF0024043B0028634406FA04F048BF00
:106C700003F10C05A14022EA00000843000128703E
:106C800070BD0000000000004EF60C514FF6FF03EF
:106C9000CEF200010A681A4060F30A2242F08060D6
:106CA00040F0FD700860704701680122C0F8D824E8
:106CB000002280F8CC24886940F000608861486D2B
:106CC00040F08052002042F003024A657047000005
:106CD0007047000000000000026800205162704709
:106CE000B0B5D0F800E0DEF82400D1B1DEF82830ED
:106CF000B1F1010C00EB13430BD05FFA8CF10EF5F0
:106D00008070002450F8045F01348C4203EB15437B
:106D1000F8D30EEB8C0043EA0241C0F804110020C6
:106D2000B0BD40EA0240CEF828000020B0BD00000F
:106D3000D0F8E00410F018BA01EBC10200EB8202B7
:106D4000D0F8E004126A10F07BB9000000000000E7
:106D500001EBC10200EB8202D0F8E004D2F860221D
:106D600010F0C6B900000000D0F8E00410F000BA3E
:106D700010B54FFA81FC0A4601F00F0E4FF4157161
:106D8000BCF1000F4FEAD21248BF14210EEBCE0C1B
:106D900090F89444431803EB8C01012C03F82CE089
:106DA0004A7001D1022010BD012280F894240268AB
:106DB0000446104610F0C8FF002084F8940410BD6B
:106DC000B0B5027901F00F03934201D90120B0BDA3
:106DD0004AB24FF41574002A03EBC30E48BF1424C3
:106DE000C909021990F8944402EB8E0C012C4FF063
:106DF00000048CF801108CF8024002F82E3001D10A
:106E00000220B0BD012180F89414016805460846AF
:106E1000614611F025F9204685F89444B0BD000084
:106E200001F00F0101EBC10100EB8100D0F8680215
:106E3000704700000000000070B58C464FF41574D8
:106E400049B20CF00F0E6FF3DF22002948BF142463
:106E50000EEBCE0604445FEADC1504EB860104F871
:106E600026E04D708A600B7118BFA1F81AE0022B62
:106E700001D100224A7190F89424012A01D1022004
:106E800070BD012280F8942402680446104610F078
:106E9000EBFD002084F8940470BD000000000000A9
:106EA00080B501F00F0C0CEBCC0100EB810E002142
:106EB000CEE998238379CEF868128EF855120EF534
:106EC0001571012B8EF854C208BFCA6100681A46BA
:106ED00011F00EF9002080BDB0B5027901F00F0469
:106EE00094424FF001022AD84BB24FEAD11C002B3A
:106EF0004FF4157548BF214648BF142590F894E417
:106F000001EBC1030544BEF1010F05EB830105F858
:106F1000234081F801C08A7001D10220B0BD80F801
:106F200094240546006811F0C3F82CB9A9792868A3
:106F300005F29C4211F064F8002285F89424104672
:106F4000B0BD00000000000080B501F00F0C90F80B
:106F500006E00CEBCC01BEF1010F00EB810101F862
:106F600014CF4FF0000C0B614FF00103CA60C1F861
:106F700014C04B7008BFCA610068724611F0B8F8BF
:106F8000002080BD000000002DE9F04F87B00568AB
:106F90008246284611F078FA10B107B0BDE8F08FAC
:106FA000DAF8000011F0B4FA0028F6D0D5F8080895
:106FB000C0F30D20CAF8D404DAF8000011F0A8FAE2
:106FC000800705D5DAF80000416901F0020141614E
:106FD00005F500600590DAF8000011F099FAC00696
:106FE000069536D5DAF80000816921F0100181613B
:106FF0002C6A04F00F0000EBC001C4F343400AEB1D
:107000008101062801F5157511D002281AD147F61D
:10701000F07014EA000615D03409E9680698224693
:1070200011F07AFAE86800EB1610E86007E00AF25F
:107030009C410822069811F06FFAC4F30A1468699B
:1070400020446861DAF80000816941F01001816133
:10705000069DDAF8000011F05BFA000340F1F280BF
:10706000DAF8000011F030FA002800F0EB80064654
:107070004FF4306800244FF0000B0AF29C4004905B
:1070800009E000BF0BF1010B760808F1200804F1BC
:10709000240400F0D780F007F4D05FFA8BF9DAF817
:1070A0000000494611F02CFA0746C0075FD005EBF7
:1070B000080001218160DAF8000008EB0001036C90
:1070C0008A689AF80650012D25D1150732D4950605
:1070D00000F1B08043F20B05C4F65475AB42069D37
:1070E00002D312F400422FD10AEB0402D2F8743218
:1070F00009696FF3DF41A3EB0101C2F8681294BB89
:10710000D2F86432002B00F09B80D2F86002084471
:10711000C2F8600227E043F20B05C4F65475FF3550
:10712000AB4217D11004069D0ED490061BD520202B
:10713000886018E043F20B00069DC4F65470834249
:1071400015D312F4004012D04FF400408860380785
:107150000FD437E0069D34B9DAF8641219B900216A
:10716000049A10F04DFF50464946FFF7F1FD3807ED
:1071700028D505EB08000821816043F20B01DAF8FD
:107180000000C4F65471056C40448D42816805D3FB
:1071900011F400411CBF4FF400418160504600F0E3
:1071A000D3FB43F20B00C4F654708542069D09D30D
:1071B0009AF80600012805D1DAF800000121049AA6
:1071C00010F01EFFF80607D4B8070BD4B80624D475
:1071D000B8047FF557AF27E005EB08001021816068
:1071E000B807F3D56869000604D50599486840F4E6
:1071F000806048600AEB040090F85712012906D11C
:10720000002180F857125046494600F0A9FA05EBD4
:10721000080002218160B806DAD505EB08002021BC
:107220008160B8047FF52EAF05EB08004FF40051E4
:10723000816027E720208860069D380799D4C1E740
:1072400001218DE7DAF8000011F062F9400340F106
:10725000DC80DAF8000011F02FF9002800F0D5806A
:107260000646069800F510690AF1140B00270AF289
:107270009C400290CDE903B905E000BF760807F114
:10728000010700F0C280F007F8D0FDB2DAF8000084
:10729000294611F021F90446C0070BD1200733D449
:1072A000E00637D460063BD4A0073FD42006E5D5DE
:1072B00055E000BF059B07F00F004FF0010C09EBF4
:1072C00047120CFA00F0596B21EA00005863C2F82B
:1072D00008C09AF80600012810D107EBC7000BEB95
:1072E0008000D0E902121144C1603FB9006928B999
:1072F000DAF800000121029A10F082FE5046294679
:10730000FFF71AFD2007CBD509EB47100821816054
:10731000E006C7D509EB4710102181606006C3D590
:1073200009EB471040218160A007BFD50698394678
:1073300011F02AF807EBC7000BEB800010F8031FD1
:10734000012905D1002101705046294600F004FAB8
:1073500009EB47100221816020067FF58FAF07EB14
:10736000C7000BEB8008D8E904108142FFF486AF18
:10737000DAF80040081AD8F80810884238BF0146E9
:1073800004EB47100331D0F8182992B2B2EB910FF9
:1073900028D300F5106900BFD8E90410814221D933
:1073A000081A9AF80620D8E902B1584538BF834632
:1073B000009220461FFA8BF32A4611F0DDF9D8F827
:1073C0000C00D8F814105844C8F80C0001EB0B005E
:1073D000C8F814000BF10300D9F8181089B2B1EB0A
:1073E000900FD9D2D8E904018842DDE903B93FF60C
:1073F00045AF07F00F00012101FA00F0D4F834186E
:1074000021EA0000C4F8340838E7DAF8000011F087
:107410007FF8B0F1FF3F069C19DC0599486820F021
:10742000010048609AF8CC04012807D100208AF8AE
:10743000CC0400215046FFF74BFC02E0504600F020
:1074400067FADAF80000416901F000414161DAF8B9
:10745000000011F05DF800050CD505988068C007A4
:1074600002D0504600F098FADAF80000416901F4C1
:1074700000614161DAF8000011F04AF8000117D507
:10748000DAF80000416901F0006141619AF8CC141A
:1074900019B1504600F080FA0AE001218AF8CC14B4
:1074A000406DC0F38300CAF8D0045046FFF710FCCB
:1074B000DAF8000011F02CF8C00453D5059948689B
:1074C00020F001004860DAF80000102110F05CFFA5
:1074D0009AF80400D8B104F510614FF67F3200BF6E
:1074E0008A6001380B6823F400130B60C1F808228E
:1074F000D1F8003223F40013C1F80032D1F8003281
:1075000043F00063C1F8003201F12001E8D1059F8A
:1075100084214422F86940F00110F8619AF80F00C4
:1075200000284FF00B0008BF142104BF42F22B00CB
:1075300010227B5818437850B85840F00B00B850D0
:1075400038680AF29C4220F4FE6038609AF806100F
:10755000DAF8000010F054FDDAF80000416901F497
:1075600080514161DAF8000010F0D2FF80041CD590
:10757000DAF8000010F0BCFADAF8000010F074FF3E
:107580008AF80700DAF8004001F08EF99AF807202F
:107590000146204611F02CF8504600F0A5F9DAF823
:1075A0000000416901F400514161DAF8000010F077
:1075B000AFFF000708D5504600F0AEF9DAF800003A
:1075C000416901F008014161DAF8000010F0A0FF04
:1075D00000062AD50699886920F0800088619AF80B
:1075E0000400022821D30AF515740AF114050126B6
:1075F00040F27B2706E000BF9AF8040001362437EA
:10760000864212D21AF807000128F5D106F00F00C1
:10761000320600EBC00005EB800158BF04EB80018F
:10762000DAF8000010F060FEE6E7DAF8000010F08B
:107630006FFFC0022FD59AF80400022825D30698C0
:107640000AF1140400F512650AF13B064FF0010837
:10765000012706E09AF804000137203524368742D6
:1076600013D2286871780129F4D1B0F1FF3FF1DC21
:1076700007F00F0086F8008000EBC00004EB8001EB
:10768000DAF8000010F030FEE4E7DAF800004169B3
:1076900001F480114161DAF8000010F039FF800236
:1076A00033D59AF80410069D022928D305F53260D7
:1076B00001390AF51F72012306E000BF013900F10C
:1076C000200002F124021AD007681678012EF5D1A5
:1076D000B7F1FF3FF2DCDAF8D46486EA1747FF0718
:1076E000ECD102F8013CAF6947F08007AF616F69E8
:1076F0003F06E3D40599486840F400704860DAF822
:107700000000416901F400114161DAF8000010F055
:10771000FFFE400008D55046FFF70AFBDAF80000EC
:10772000416901F080414161DAF8000010F0F0FE9B
:1077300040077FF532ACDAF800004468600702D5F4
:107740005046FFF711FBDAF8000041682143416021
:1077500007B0BDE8F08F0000D0F8E0040FF070BD76
:10776000D0F8E0040FF084BD002862D010B582B0DC
:10777000044690F8950428B9002084F89404204623
:1077800000F06AF8032084F89504206810F030FCBB
:10779000D4E9000194F810C0D4E90223CDF800C068
:1077A00010F046FA00283ED12068002110F0D8FEE3
:1077B000C8BB207960B300EBC00000214FEA800E07
:1077C0004FF0010C00230022E01824339E4502757F
:1077D000C28502F1010280F815C00176C161016223
:1077E0004162F1D100210022002300BFA018243201
:1077F000964580F8543203F1010380F8551280F861
:107800005812C0F85C12C0F86012C0F86412EDD1D2
:10781000D4E9000194F810C0D4E90223CDF800C0E7
:1078200010F0F2FA38B1022084F89504012002B079
:1078300010BD0120704700206074012084F8950479
:10784000207B012802D12046FFF72EFA206810F095
:10785000CBFA002002B010BD10B5B0B0044602A8AB
:10786000B821F8F7CEFE00212068C4F20401884256
:1078700001D030B010BD002003904FF48021029160
:1078800010210C914FF480710D9102210E9108226C
:107890001190CDE90F214FF40071CDE912104FF492
:1078A0000010239002A800F0F7F908B1FCF7D4F813
:1078B00000F0B2F844F2D8400022C5F60200016898
:1078C00041F0007101600068052100F00070019036
:1078D00001984D20FFF7A8F94D20FFF791F930B03E
:1078E00010BD00000000000010B5C179044621B1B0
:1078F000022901D0FCF7B0F80121D4F8E0040FF020
:1079000043FDD4F8E004BDE810400FF0F1BC0000E6
:10791000D0F8E0040FF01CBDD0F8E0040FF024BD57
:1079200090F89424012A01D10220704710B5012259
:1079300080F89424417404460268104610F044FE16
:10794000002084F8940410BDD0F8E02400F29C419B
:1079500010460FF031BD000010B5044690F89404B5
:10796000012801D1022010BD2068012184F894145F
:10797000C168490606D5617B012903D1816B41F4B9
:107980008031816310F0F8FC206810F01DFA0020AF
:1079900084F8940410BD000010B50446D0F8E0044B
:1079A0000FF062FD2068D0F8001E41F00101C0F820
:1079B000001EE07A002808BF10BD4EF61050CEF22F
:1079C0000000016841F00601016010BD00000000E8
:1079D000B0B544F60C05C5F60205296849072968C3
:1079E00005D401F00701081A18BF0120B0BD21F02D
:1079F000070108432860FEF7FBFF044655F8080C12
:107A0000800407D4FEF7F4FF001BB0F57A7FF5D9A8
:107A10000120B0BD0020B0BD44F60C00C5F6020048
:107A2000016841F0807101607047000000000000B3
:107A300080B500F039FF44F220414BF61822C5F61C
:107A40000201C0F601020968C1F30211515C01F0A4
:107A50001F01C84080BD000080B544F2384EC5F615
:107A6000020E5EF8103C5EF8101C5EF80C2CC1F3A0
:107A7000053CDEF80410BCF1000F18D0C9089FEDDA
:107A80003A1AD20601EAE27103F003026FF35F31A2
:107A900000EE101AB8EE400ADFE802F0021F0E1FD7
:107AA0005EF8381C89060AD49FED311A15E00021D2
:107AB0008160C0E9001180BD9FED2C1A0DE05EF8D9
:107AC000381C49F20002C0F2D032C1F3C10122FADF
:107AD00001F101EE101AB8EE411ADEF800109FED28
:107AE000253A6FF35F2102EE101ADEF80010C1F3A1
:107AF0004621B8EE422A013100EE032A00EE10CAF8
:107B0000B7EE003AB8EE400A81EE000A32EE031AF0
:107B100020EE010A01EE101AB8EE411A80EE011AA9
:107B2000BCEEC11A80ED001ADEF80010C1F3064168
:107B3000013101EE101AB8EE411A80EE011ABCEEC6
:107B4000C11A80ED011ADEF80010C1F3066101319F
:107B500001EE101AB8EE411A80EE010ABCEEC00A1E
:107B600010EE101A816080BD0024744A001BB74BD0
:107B70000024744C0000003980B544F2404EC5F634
:107B8000020E5EF8183C5EF8181C5EF8142CC1F367
:107B9000055CDEF80410BCF1000F18D0C9089FED99
:107BA0003A1AD20501EAE27103F003026FF35F3182
:107BB00000EE101AB8EE400ADFE802F0021F0E1FB6
:107BC0005EF8401C89060AD49FED311A15E00021A9
:107BD0008160C0E9001180BD9FED2C1A0DE05EF8B8
:107BE000401C49F20002C0F2D032C1F3C10122FAB6
:107BF00001F101EE101AB8EE411ADEF800109FED07
:107C0000253A6FF35F2102EE101ADEF80010C1F37F
:107C10004621B8EE422A013100EE032A00EE10CAD6
:107C2000B7EE003AB8EE400A81EE000A32EE031ACF
:107C300020EE010A01EE101AB8EE411A80EE011A88
:107C4000BCEEC11A80ED001ADEF80010C1F3064147
:107C5000013101EE101AB8EE411A80EE011ABCEEA5
:107C6000C11A80ED011ADEF80010C1F3066101317E
:107C700001EE101AB8EE411A80EE010ABCEEC00AFD
:107C800010EE101A816080BD0024744A001BB74BAF
:107C90000024744C000000392DE9F04381B0044603
:107CA000C07844F22C490007C5F6020901D400252A
:107CB00020E0606E4FEA3050032835D80025DFE819
:107CC00000F0020A1C22D9F8000040F40030C9F884
:107CD0000000D5B906E004F1080002210AF0D4FE44
:107CE000054695B9D9F82400616E20F44010084388
:107CF000C9F824004FF0000808E004F12800022130
:107D00000AF052FF0546002DECD0A8466078C00767
:107D10001ED0A06D04283ED8DFE800F02B340A0303
:107D200003006DB1A84613E00125002DEDD1D9E780
:107D300004F1280000210AF037FF0546002DF1D19B
:107D4000D9F82400A16D20F007000843C9F82400E9
:107D50006078400747D5D4F8A4004FEA7050052852
:107D60002CD8DFE800F01C2F2503030395B3A846A9
:107D700039E0D9F8000040F40030C9F80000002DC7
:107D8000D0D1DDE704F1080000210AF07DFE0546B0
:107D9000002DC7D1D4E70125002DC3D1D0E7D9F8F4
:107DA000000040F40030C9F80000002DDFD111E0E0
:107DB00004F1280000210AF0F7FE08E00125002D5B
:107DC000D5D107E004F1080000210AF05DFE054668
:107DD000002DCCD1D9F82C00D4F8A41020F46000E8
:107DE0000843C9F82C006078000731D5D4F8A80002
:107DF0004FEA3060052816D8DFE800F006190F03B7
:107E00000303E5B1A84623E0D9F8000040F40030B0
:107E1000C9F80000002DF5D111E004F1280000217F
:107E20000AF0C2FE08E00125002DEBD107E004F1C5
:107E3000080000210AF028FE0546002DE2D1D9F8FD
:107E40002C00D4F8A81020F0E0600843C9F82C00FA
:107E5000E07880071BD5E06C4FEA301003282FD85C
:107E6000DFE800F0020525024DB1A8460FE0D9F881
:107E7000000040F40030C9F80000002DF5D1D9F819
:107E80002000E16C20F030000843C9F82000607841
:107E9000C00629D5E06D4FEA3030042849D8DFE824
:107EA00000F0363F13030300B5B1A8461CE004F10F
:107EB000080002210AF0E8FD0546002DD5D1DEE7D5
:107EC0000125002DD1D1DAE704F1280000210AF0C4
:107ED0006BFE0546002DE8D1D9F82400E16D20F4B1
:107EE000E0400843C9F824006078800639D5206E48
:107EF0004FEA3040052829D8DFE800F025031F2588
:107F0000252504F1080001210AF0BEFD1AE0D9F888
:107F1000000040F40030C9F80000002DC5D1DBE7B7
:107F200004F1080000210AF0AFFD0546002DBCD188
:107F3000D2E70125002DB8D1CEE704F128000121B8
:107F40000AF032FE054625B1A8460AE00125002DBB
:107F5000FAD1D9F82400216E20F4E0200843C9F8B2
:107F600024006078400625D5D4F8AC004FEA307084
:107F7000052813D8DFE800F00F03090F0F0F04F1F5
:107F8000080001210AF080FD04E004F1280001212D
:107F90000AF00AFE054625B1A8460BE00125002D92
:107FA000FAD1D9F82C00D4F8AC1020F0E040084306
:107FB000C9F82C006078000620D5E06ED8B1B0F189
:107FC000005F12D0B0F1805F26D1D9F8000040F4F4
:107FD0000030C9F8000085B9D9F82400E16E20F01E
:107FE00040500843C9F8240008E004F108000121CA
:107FF0000AF04AFD0546002DEED0A846E078C007FD
:108000001ED0A06C032800F28080DFE800F0020997
:1080100074026DB1A84613E00125002DEDD1DBE718
:10802000D9F8000040F40030C9F80000002DF1D16B
:10803000D9F82000A16C20F003000843C9F8200003
:10804000A078400644D5D9F8D40340F48070C9F82C
:10805000D403FEF7CDFC0646D9F8D403C00505D4F9
:10806000FEF7C6FC801B6528F6D303257DBBD9F837
:108070004410D4F8B000414011F4407F11D0D9F839
:108080004410D9F8442042F48032C9F84420D9F889
:10809000442021F4407122F48032C9F84420C9F808
:1080A0004410B0F5807F0FD1FEF7A2FC064641F2E6
:1080B000893700BFD9F84400800705D4FEF798FC43
:1080C000801BB842F6D30325002D00F07A82A84623
:1080D0002078C00732D0A06F4FEAF000052822D8E0
:1080E000DFE800F01E03181E1E1E04F10800012127
:1080F0000AF0CAFC13E004F1080002210AF0C4FCF3
:108100000546002D7FF486AF92E70125002D7FF410
:1081100081AF8DE704F1280001210AF045FD0546F5
:1081200025B1A8460AE00125002DFAD1D9F828008A
:10813000A16F20F038000843C9F828002078800794
:1081400021D5606F052813D8DFE800F00F03090F71
:108150000F0F04F1080001210AF096FC04E004F17D
:10816000280001210AF020FD054625B1A8460AE0B5
:108170000125002DFAD1D9F82800616F20F0070001
:108180000843C9F828002078400723D5D4F8900088
:10819000052813D8DFE800F00F03090F0F0F04F1D3
:1081A000080001210AF070FC04E004F1280001211C
:1081B0000AF0FAFC054625B1A8460BE00125002D82
:1081C000FAD1D9F82C00D4F8901020F00700084319
:1081D000C9F82C002078800625D5D4F88C004FEA09
:1081E0003070052813D8DFE800F00F03090F0F0FD8
:1081F00004F1080000210AF047FC04E004F1280023
:1082000002210AF0D1FC054625B1A8460BE0012564
:10821000002DFAD1D9F82800D4F88C1020F0E040D5
:108220000843C9F828002078400625D5D4F89800DE
:108230004FEAB020052813D8DFE800F00F03090F3C
:108240000F0F04F1080000210AF01EFC04E004F105
:10825000280002210AF0A8FC054625B1A8460BE03B
:108260000125002DFAD1D9F82C00D4F8981020F46B
:10827000E0500843C9F82C002078000625D5D4F832
:108280009C004FEA7030052813D8DFE800F00F0398
:10829000090F0F0F04F1080000210AF0F5FB04E0BC
:1082A00004F1280002210AF07FFC054625B1A8460A
:1082B0000BE00125002DFAD1D9F82C00D4F89C1040
:1082C00020F460400843C9F82C002078000716D538
:1082D000D4F88000B0F5805F08D104F128000221B5
:1082E0000AF062FC002818BF4FF00108D9F82800F6
:1082F000D4F8801020F440500843C9F828002078B2
:10830000C00616D5D4F89400B0F5807F08D104F1EA
:10831000280002210AF048FC002818BF4FF001088D
:10832000D9F82C00D4F8941020F440700843C9F810
:108330002C00A078000724D5D4F8A000B0F5003FA9
:108340001CD0B0F5803F13D0002840F0E58004F148
:10835000080000210AF098FB05468DB9D9F82C00D9
:10836000D4F8A01020F440300843C9F82C0008E0ED
:1083700004F1280002210AF017FC0546002DEDD07B
:10838000A846A078400725D5D4F88400B0F5401F52
:108390001DD0B0F5001F14D0B0F5801F40F0C18093
:1083A000D9F8000040F40030C9F800008DB9D9F8C0
:1083B0002800D4F8841020F440100843C9F828009D
:1083C00008E004F1280001210AF0EEFB0546002D2B
:1083D000EDD0A846A078C0071FD0206DB0F5803F33
:1083E0000BD0002840F09380D9F8000040F4003012
:1083F000C9F800004DB1A8460FE004F108000221C1
:108400000AF042FB0546002DF5D1D9F82000216D78
:1084100020F480300843C9F82000E078800608D5B1
:1084200004F1280002210AF0BFFB002818BF4FF01A
:108430000108D4E900108A0340F18280E26F6FF0F6
:10844000010303EB3223022B0AD34FEA32233BB161
:10845000012B6BD1D9F8003043F40033C9F8003058
:10846000002D66D0CA026ED48A0277D44A0000F189
:108470008080CA0F40F08D80090200F19580C0070E
:1084800007D004F1080000210AF0FEFA002818BF06
:1084900005462079800707D504F1080001210AF07C
:1084A000F3FA002818BF05462079400707D504F1E4
:1084B000080002210AF0E8FA002818BF05462079D2
:1084C000000707D504F1280000210AF06DFB002801
:1084D00018BF05462079C00607D504F12800012100
:1084E0000AF062FB002818BF05462079800607D5F0
:1084F00004F1280002210AF057FB002818BF0125CB
:10850000002D18BF0125284601B0BDE8F0830125E4
:10851000002D7FF470AF78E70125002D7FF430AF98
:108520001CE70125002D7FF454AF40E70125002D05
:1085300098D1D9F8283023F440731A43C9F8282079
:108540004546CA0290D5D9F82420236F22F0004274
:108550001A43C9F824208A027FF588AFD9F824206D
:10856000A36E22F080721A43C9F824204A007FF5D6
:1085700080AF59F81C2C22F4004249F81C2CD4F886
:10858000B42059F81C3C1A4349F81C2CCA0F3FF47C
:1085900073AFD9F82020636D22F040521A43C9F816
:1085A000202009027FF56BAFD9F82810D4F8882075
:1085B00021F440011143C9F82810C0077FF461AFCE
:1085C00067E74FF6CF73D4F8B00059F81C2CC0F20F
:1085D000FF0300F4407122F47C5203EA1013B1F55A
:1085E000407F08BF1A436FF31F3049F81C2CD9F89D
:1085F00044100843C9F844006AE500000000000088
:108600002DE9F04381B0002800F0F88042F2000824
:108610000446C5F200288946D8F8000000F00F0093
:1086200081420ED9D8F8000020F00F0040EA09007E
:10863000C8F80000D8F8000000F00F00484540F0EE
:10864000DD80206844F218474107C5F602070AD5C5
:1086500021693A6802F07002914204D93A6822F026
:1086600070021143396001070AD561697A6802F026
:108670007002914204D97A6822F070021143796045
:10868000C1060AD5A1697A6802F4E062914204D970
:108690007A6822F4E0621143796081060AD5E169C3
:1086A000BA6802F07002914204D9BA6822F07002EE
:1086B0001143B96081070AD5E1683A6802F00F02F8
:1086C000914204D93A6822F00F0211433960C00781
:1086D00040F08080206881070AD5E1683A6802F09E
:1086E0000F02914204D23A6822F00F02114339601E
:1086F000D8F8001001F00F0189450DD2D8F800100C
:1087000021F00F0141EA0901C8F80010D8F8001063
:1087100001F00F01494571D141070AD521693A6835
:1087200002F07002914204D23A6822F070021143C2
:10873000396001070AD561697A6802F070029142D6
:1087400004D27A6822F0700211437960C1060AD51A
:10875000A1697A6802F4E062914204D27A6822F454
:10876000E0621143796080060AD5E069B96801F0DA
:108770007001884204D2B96821F070010843B860E2
:1087800000F01AF939684BF61822C0F60102C1F35D
:108790000321515C3B6803F00F0301F01F01D25C21
:1087A00020FA01F102F01F0040F22002C2F2004262
:1087B00021FA00F0106040F2D01040F20002C2F244
:1087C0000000C2F200020068116001B0BDE8F04391
:1087D000FEF75AB9386820F47061D4E901021143F8
:1087E0003960012857F8181C0CD0032804D002283F
:1087F00028D1890302D507E0890105D4012001B001
:10880000BDE8F083C905F9D557F8081C21F0070128
:10881000084347F8080CFEF7EBF8064641F28835A6
:1088200057F8080C616800F03800B0EBC10F3FF456
:1088300051AFFEF7DDF8801BA842F1D9032001B04B
:10884000BDE8F0834907D9D5DEE70000000000004D
:108850003F22026044F21842C5F6020252F8083C78
:1088600003F007034360136803F4706383601368C5
:1088700003F00F03C360136803F0700303615368D0
:1088800003F070034361536803F4E063836192680B
:1088900002F07002C26142F20000C5F200200068DE
:1088A00000F00F000860704780B500F085F844F2D2
:1088B00018414BF61823C5F60201C0F601030A68F9
:1088C000C2F303229A5C096801F00F0102F01F0253
:1088D000595C20FA02F201F01F0040F22001C2F2BE
:1088E000004122FA00F0086040F20001C2F20001EB
:1088F0000A6080BD0000000080B500F05DF844F221
:10890000184C4BF61823C5F6020CC0F60103DCF830
:108910000020C2F303229A5CDCF8001001F00F0182
:1089200002F01F02595CD04040F22002C2F2004225
:1089300001F01F0120FA01F1116040F20002C2F2C1
:1089400000021060DCF80400C0F30210185C00F0B4
:108950001F0021FA00F080BD80B500F02DF844F230
:10896000184C4BF61823C5F6020CC0F60103DCF8D0
:108970000020C2F303229A5CDCF8001001F00F0122
:1089800002F01F02595CD04040F22002C2F20042C5
:1089900001F01F0120FA01F1116040F20002C2F261
:1089A00000021060DCF80400C0F30220185C00F044
:1089B0001F0021FA00F080BD44F20041C5F602011B
:1089C0000869C0F3C200032814D002280DD088BB68
:1089D0000868800649F20000C0F2D03058BF7047E6
:1089E0000968C1F3C101C840704743F20060C0F29A
:1089F0006E1070478B6A886AD1F82CC04A6BC0F33E
:108A00000510E0B1C2F3CC0203F0030300EE102A1C
:108A10009FED291AB8EE400A20EE010A9FED271AB1
:108A2000DFE803F0021F0F1F0A6892060CD49FEDC7
:108A3000251A16E040F60010C0F23D0070470020F5
:108A400070479FED1F1A0CE00A6849F20003C0F25C
:108A5000D033C2F3C10223FA02F201EE102AB8EEBB
:108A6000411A0A6B9FED183A6FF35F2202EE102A4B
:108A70005FEACC7203FE000A03EE100A086BB8EE40
:108A8000422AC0F34620B8EE433A013030EE020AE3
:108A9000B7EE002A81EE031A30EE020A21EE000A38
:108AA00001EE100AB8EE411A80EE010ABCEEC00ACF
:108AB00010EE100A704700BF000000390024744A0D
:108AC000001BB74B0024744C0000000000000000A5
:108AD0002DE9F04381B0002800F0978180460078AE
:108AE00044F20049C007C5F6020954D0D9F8100075
:108AF00000F03801D9F82800102905D018290CD128
:108B000000F00300022808D1D9F8000080033ED508
:108B1000D8F80400D8BB01272CE0D8F80450D9F8C5
:108B200000002DB1B5F5A02F0BD0B5F5803F0ED0CC
:108B300020F48030C9F80000D9F8000020F480202B
:108B400007E040F48020C9F80000D9F8000040F4A4
:108B50008030C9F80000FDF74BFF002D054612D00C
:108B6000D9F80000800312D4FDF742FF401B6428AF
:108B7000F6D90327002070B98CE100BFFDF738FF5C
:108B8000401B6428F5D8D9F800008003F6D40120F2
:108B9000002800F07F8198F8000080076AD5D9F896
:108BA000100010F03801D9F828001DD0182908BF8E
:108BB0005FEA807018D0D8F80C00D9F800100028AF
:108BC00040D021F019010843C9F80000FDF710FF5B
:108BD000054600BFD9F80000400727D4FDF708FF7D
:108BE000401B0228F6D91EE0D9F80000400704D542
:108BF000D8F80C00002800F0AC81D9F80000D8F8B3
:108C00000C1020F019000843C9F80000FDF7F0FE31
:108C1000054600BFD9F80000400707D4FDF7E8FE7D
:108C2000401B0228F6D90327002420E0D9F80400CD
:108C3000D8F8101020F0FE40012440EA0160C9F885
:108C4000040014E021F00100C9F80000FDF7D0FE97
:108C500005460126D9F8000010F0040086EA9004C9
:108C600005D0FDF7C5FE401B0228F3D90327002CD1
:108C700000F0108198F80000C00656D5D9F8100011
:108C800000F03801D9F82800082905D0182917D193
:108C900000F00300012813D1D9F80000C00503D566
:108CA000D8F81C0080283BD1D9F80C00D8F8201047
:108CB00020F07C50012440EA0160C9F80C0031E04A
:108CC000D8F81C000028D9F8000012D040F080002D
:108CD000C9F80000FDF78CFE054600BFD9F800007A
:108CE000C005E1D4FDF784FE401B0228F6D9032716
:108CF00017E020F08000C9F80000FDF779FE054676
:108D0000012600BFD9F8000010F4807086EA102414
:108D100008D0FDF76DFE401B0228F3D9032701E0C0
:108D200001270024002C00F0B58098F8000000070F
:108D30006DD498F80000800600F1818098F800005A
:108D4000400700F19480D8F82440002C5BD0D9F87B
:108D5000100000F03800182840F0D980012CD9F814
:108D60002810D9F8300050D001F00302D8F828308C
:108D70009A424AD1C1F30511D8F82C20914244D12E
:108D80000146D8F830206FF35F21013A91423CD17F
:108D9000C0F34622D8F8341001398A4235D1C0F3E5
:108DA0000642D8F8381001398A422ED1C0F3066045
:108DB000D8F83C100139884227D1D9F83400D8F8C6
:108DC0004810C0F3CC0081421DD0D9F82C0020F00F
:108DD0000100C9F82C00FDF70BFE0546FDF708FE63
:108DE000A842FBD0D9F834004FF6F871D8F84820E3
:108DF000884340EAC200C9F83400D9F82C0040F09A
:108E00000100C9F82C00002744E0012742E0D8F80F
:108E100014000028D9F8740040D040F00100C9F8CF
:108E20007400FDF7E5FD0546D9F8740080073FF5AD
:108E300080AFFDF7DDFD401B0228F5D929E0D8F809
:108E400018000028D9F800004DD040F48050C9F82F
:108E50000000FDF7CDFD0546D9F8000080043FF580
:108E60006DAFFDF7C5FD401B0228F5D911E0D9F81B
:108E7000000440F48070C9F80004FDF7B9FD054610
:108E8000D9F80004C0051CD4FDF7B2FD401B6428CE
:108E9000F6D90327F8B201B0BDE8F08320F0010055
:108EA000C9F87400FDF7A4FD05460327D9F874003E
:108EB00080077FF53EAFFDF79BFD401B0228F5D9EB
:108EC000E8E7D8F80850D9F870001DB1052D42D058
:108ED000012D46D020F00100C9F87000D9F87000CB
:108EE00020F004003FE020F48050C9F80000FDF7B6
:108EF0007FFD0546032700BFD9F8000080047FF5F9
:108F00001DAFFDF775FD401B0228F5D9C2E7D9F862
:108F1000000020F08070C9F80000FDF769FD022C08
:108F200005464FF0030709D1D9F8000080013CD570
:108F3000FDF75EFD401B0228F6D9ABE7D9F800002B
:108F400080017FF560AFFDF753FD401B0228F5D986
:108F5000A0E7012768E640F00400C9F87000D9F8DE
:108F6000700040F00100C9F87000FDF741FD002DD0
:108F7000054641F288344FF0030711D0D9F870004C
:108F800080073FF5E0AEFDF733FD401BA042F5D969
:108F900080E700BFFDF72CFD401BA0423FF67AAFF3
:108FA000D9F870008007F5D4CDE608F12807D9F884
:108FB000280040F2F33188438ECF0843591E40EA1F
:108FC00002104FF47E426FF35F21C9F8280002EBD4
:108FD00047204FF4FE0280B2D8F83C300844D8F85D
:108FE000381002EB01414FF0FE4201F4FE0102EBAA
:108FF0000362084402F0FE410844C9F83000D9F881
:109000002C004FF6F87120F00100C9F82C00D9F8B7
:109010003400D8F84820884340EAC200C9F8340038
:10902000D9F82C00D8F8401020F00C000843C9F8FB
:109030002C00D9F82C00D8F8441020F00200084386
:10904000C9F82C00D9F82C0040F48030C9F82C0065
:10905000D9F82C0040F40030C9F82C00D9F82C00C5
:1090600040F48020C9F82C00D9F82C0040F0010011
:10907000C9F82C00D9F8000040F08070C9F8000051
:10908000FDF7B6FC04460327D9F8000080013FF540
:10909000BAAEFDF7ADFC001B0228F5D9FAE60000D8
:1090A0007047000000000000704700000000000052
:1090B000704700000000000090F83C20012A01D118
:1090C00002207047B0B5D1E9022323F47C5322F487
:1090D000705242EA030548F2FF73D1E900CECEF6A2
:1090E000F0730EEA030203F5006445EA020E0CEA8F
:1090F00004050C6903F5C05245EA0E0522402A43D7
:109100004D692A4303F5605515400A6B03F5F0439A
:1091100040F2004C1340026842F48064C4F2010C37
:10912000644540F2000443EA05038D69CEF6FF74FE
:1091300004EA0545CC6943EA04034FF0010443EA1D
:10914000050380F83C4018D14FF6FF7540F2000C43
:10915000CDF60F458C6ACDF6F04C03EA050E0D6A8C
:109160000CEA04544B6A44EA0E0425F0085523F037
:1091700000532543C96A2B430B435364002180F8F5
:109180003C100020B0BD000090F83C20012A4FF0B8
:10919000020269D0B0B5012380F83C3080F83D2050
:1091A00040F2004C0268C4F2010C42F48063634553
:1091B0005368D2F808E002BF23F470034C682343DD
:1091C0004DF6FF740D68C4F2000423F07003A24250
:1091D00043EA0503536014DC40F2FF73C4F200035A
:1091E0009A4222DD40F60003C4F200039A422ED0D8
:1091F00040F60043C4F200039A4228D041F600032F
:1092000021E04FF6FF73C4F200039A4213DD0023FE
:10921000C4F201039A421AD044F20003C4F20103DB
:109220009A4214D0624512D016E0B2F1804F0ED0AF
:1092300040F2004307E04EF20003C4F200039A42FA
:1092400005D04EF20043C4F200039A4204D12EF03E
:1092500080038968194391600022012180F83D1044
:1092600080F83C20BDE8B040104670470000000088
:1092700060B310B5044690F83D0028B9002084F88A
:109280003C00204600F024F8022084F83D002068CD
:10929000211D0BF079FF012084F8480084F83E007E
:1092A00084F83F0084F8400084F8410084F84200CC
:1092B00084F8430084F8440084F8450084F84600AC
:1092C00084F8470084F83D00002010BD012070475D
:1092D00080B584B040F200410068C4F200018842C9
:1092E0002DD040F60041C4F20001884213D0002185
:1092F000C4F2010188420CD144F2E840C5F60200F4
:10930000816841F001018160806800F001000390F4
:10931000039804B080BD44F2E8400022C5F6020084
:10932000016841F0080101600068052100F00800B3
:10933000019001983220FDF777FC322012E044F2D0
:10934000E8400022C5F60200016841F00201016018
:109350000068052100F00200029002981D20FDF730
:1093600063FC1D2004B0BDE88040FDF749BC00004F
:1093700090F83D10012922D1022180F83D100168AA
:109380004DF6FF70C4F200008142C86840F0010051
:10939000C86016DC40F2FF70C4F20000814228DD94
:1093A00040F60000C4F20000814234D040F6004094
:1093B000C4F2000081422ED041F6000027E00120D7
:1093C00070474FF6FF70C4F20000814217DD0020A5
:1093D000C4F2010081421ED044F20000C4F2010038
:1093E000814218D040F20040C4F20100814212D004
:1093F0001DE0B1F1804F0ED040F2004007E04EF288
:109400000000C4F20000814205D04EF20040C4F2D8
:10941000000081420BD107228868C0F2010202409D
:109420000020062A18BFB2F5803F00D170470868B7
:1094300040F00100086000207047000000000000BC
:1094400090F83C20012A4FF0020200F0A78080B57E
:10945000012380F83C3080F83D208822D0F800C0FD
:10946000CFF6CE72DCF808301A40CCF808200B6832
:109470006F2B0CDDB3F1101F34DAB3F5005F69DA3E
:10948000702B00F0AF80B3F5805F7ED0D0E02F2B43
:1094900032DD4F2B37DC302B6BD0402B40F0C880B7
:1094A000D1F804E0C968DCF82030DCF8202022F094
:1094B0000102CCF82020DCF8182022F0F00242EA69
:1094C000011123F00A02CCF8181042EA0E01CCF880
:1094D00020104FF68872DCF80810CFF6CF721140DA
:1094E000473150E02F21C0F210018B4237DCB3F13D
:1094F000101F3ED0202138E0002B18BF102B38D091
:10950000202B36D094E0502B4AD0602B40F0908036
:10951000D1F804E0C968DCF82030DCF8202022F023
:109520001002CCF82020DCF8182022F4704242EA25
:10953000013123F0A002CCF8181042EA0E11CCF849
:1095400020104FF68872DCF80810CFF6CF72114069
:10955000673118E059D0B3F5801F0AD068E0302198
:10956000C0F210018B4204D04021C0F210018B42A6
:109570005ED14FF68872DCF80810CFF6CF7211403A
:10958000194341F00701CCF808100022012180F8AE
:109590003D10002180F83C10BDE880401046704727
:1095A000D1F804E0C968DCF82030DCF8202022F093
:1095B0000102CCF82020DCF8182022F0F00242EA68
:1095C000011123F00A02CCF8181042EA0E01CCF87F
:1095D00020104FF68872DCF80810CFF6CF721140D9
:1095E0005731D0E701F1040E9EE80C40DCF808107A
:1095F0001A4321F47F4142EA0E221143CCF80810AD
:10960000DCF8081041F07701BDE701F1040E9EE897
:109610000C40DCF808101A4321F47F4142EA0E2284
:109620001143CCF80810DCF8081041F48041AAE797
:109630000122ABE7000000007047000000000000BE
:10964000F0B581B004460068C5680669B10716D553
:1096500015F0020113D06FF00201016101212177A1
:109660008069800703D02046FFF7E6FF05E020462B
:1096700000F09AF8204600F01FFB002020777007CA
:1096800018D515F0040015D020686FF004010161B1
:1096900002212177806910F4407F03D02046FFF734
:1096A000CBFF05E0204600F07FF8204600F004FBE9
:1096B00000202077300717D515F0080014D0206857
:1096C0006FF00801016104212177C069800703D090
:1096D0002046FFF7B1FF05E0204600F065F8204680
:1096E00000F0EAFA00202077F00618D515F01000F7
:1096F00015D020686FF01001016108212177C06941
:1097000010F4407F03D02046FFF796FF05E0204687
:1097100000F04AF8204600F0CFFA00202077F0074A
:1097200018BF15F0010006D020686FF0010101613B
:10973000204600F0B1FB05F0800716F4025F18BF69
:10974000002F02D1F00509D410E020686FF4025117
:1097500001612046FFF7A8FCF00507D537B1206866
:109760006FF4807101612046FFF79AFC700609D5FD
:1097700015F0400006D020686FF0400101612046DE
:1097800000F0A2FBB0060CD515F0200009D020682F
:109790006FF020010161204601B0BDE8F040FFF705
:1097A00087BC01B0F0BD0000704700000000000061
:1097B00090F83C30012B01D1022070474FEAB203F0
:1097C0000122052B80F83C2000F23C822DE9F0417B
:1097D000DFE803F003B753912DF5036843F6FF76F6
:1097E000C4F201061C6AB3421A6A24F0020422F091
:1097F00001021A621A46D3F804C052F818EF8D68B5
:1098000044EA0504D1F8008040F3798144F200076E
:10981000C4F20107BB4200F07D8144F60007C4F2A8
:109820000107BB4200F0768144F200476EE1036815
:1098300043F6FF77C4F20107D3F820C0BB421A6A8F
:1098400022F480321A621A465C6852F8546F0D682E
:10985000D1F808E040F3D98044F20007C4F20107D0
:10986000BB4200F0DD8044F60007C4F20107BB42B2
:1098700000F0D68044F20047CEE0036840F2004E8C
:1098800043F48067C4F2010E1C6A77451A6A24F417
:10989000007422F480721A621A465D6852F81CCF76
:1098A0008E6844EA062407D1CE6840F2FF473602AC
:1098B00024F44064BE43344343F6FF76D1F800807D
:1098C000C4F20106B34240F3CB8044F20007C4F275
:1098D0000107BB4200F0CB8044F60007C4F2010749
:1098E000BB4200F0C48044F20047C4F20107BB420F
:1098F00000F0BD80C2E0036843F6FF77C4F20107C1
:10990000D3F820C0BB421A6A22F480521A621A4667
:109910005C6852F81C6F0D68D1F808E040F3C58010
:1099200044F20007C4F20107BB4200F0C98044F6CC
:109930000007C4F20107BB4200F0C28044F20047B6
:10994000BAE0036840F2004E43F48067C4F2010EAF
:109950001C6A77451A6A24F0200422F010021A6269
:109960001A465D6852F818CF8E6844EA061407D18B
:10997000CE686FF0400724F0C00407EA06163443AF
:1099800043F6FF76D1F80080C4F20106B34240F3FB
:10999000D88044F20007C4F20107BB4200F0D8802F
:1099A00044F60007C4F20107BB4200F0D18044F244
:1099B0000047C4F20107BB4200F0CA80CFE0036851
:1099C00043F6FF77C4F20107D3F820C0BB421A6AFE
:1099D00022F480121A621A465C6852F8546F0D68BD
:1099E000D1F808E040F3FC8044F20007C4F201071C
:1099F000BB4200F0008144F60007C4F20107BB42FD
:109A000000F0F98044F20047F1E00027C4F20107BA
:109A1000BB4205D040F20047C4F20107BB4204D16B
:109A20004F6924F4803444EA07244FF68C775C6055
:109A3000CFF6FE7703373E402CF4003746EA0504A4
:109A40005C654E6809699E6547EA0E471F625F6D57
:109A500047F008075F655F6D27F004075F65EBE07F
:109A60000027C4F20107BB4201D0734506D1D1E9FA
:109A70000576374325F4405646EA07154FF68C77AE
:109A80005D60CFF6FE7707EA0C0747EA0807DF615B
:109A90004F680969DF631C62DF6947F00807DF610F
:109AA000DF6927F00407DF61C6E00027C4F2010781
:109AB000BB4205D040F20047C4F20107BB4204D1CB
:109AC0004F6924F4804444EA871448F6FF475C60F9
:109AD000CFF6FF673E402CF4005746EA0524DC61D0
:109AE0004E6809691E6447EA0E371F62DF6947F452
:109AF0000067DF61DF6927F48067DF619BE0002793
:109B0000C4F20107BB4205D040F20047C4F201078E
:109B1000BB4205D1CF6824F00C0427F004073C4376
:109B2000B34233DD44F20006C4F20106B34238D03A
:109B300044F60006C4F20106B34232D044F20046B5
:109B40002BE00027C4F20107BB4201D0734506D1C8
:109B5000D1E90576374325F4406646EA870548F69D
:109B6000FF475D60CFF6FF6707EA0C0747EA082763
:109B70009F614F6809699F631C629F6947F4006792
:109B80009F619F6927F480679F6154E00026C4F2BB
:109B90000106B34205D040F20046C4F20106B342CA
:109BA00006D12CF44077D1E90565374347EA050C27
:109BB0004FF68C75C3F804C0CFF6FE750EEA0507A4
:109BC00047EA08079F614F6809695F631C629F69E4
:109BD00047F008079F619F6927F004079F612BE00A
:109BE0000027C4F20107BB4205D040F20047C4F28F
:109BF0000107BB4204D14F6924F4802444EA87243E
:109C000048F6FF475C60CFF6FF6707F540773E40B8
:109C10002CF4001746EA05245C654E680969DE6588
:109C200047EA0E571F625F6D47F400675F655F6D1F
:109C300027F480675F6509021368194311600022E9
:109C4000BDE8F041002180F83C101046704700004C
:109C500060B310B5044690F83D0028B9002084F8A0
:109C60003C00204600F024F8022084F83D002068E3
:109C7000211D0BF089FA012084F8480084F83E0089
:109C800084F83F0084F8400084F8410084F84200E2
:109C900084F8430084F8440084F8450084F84600C2
:109CA00084F8470084F83D00002010BD0120704773
:109CB0007047000000000000704700000000000036
:109CC00080B559B10B1F4FF03F0E4FEAB30C432242
:109CD000BCF1040F38BF0EEBB30200E03E22825C01
:109CE000012A0DD171B10A1F4FEAB202032A19D815
:109CF000DFE802F002140C10022280F83F2014E08A
:109D0000012080BD022280F83E200EE0022280F871
:109D100041200AE0022280F8422006E0022280F878
:109D2000402002E0022280F84320026801F01F0078
:109D3000012101FA00F0116A814311624EF2FF31F4
:109D4000C4F200018A42116A40EA0100106212DC8A
:109D500040F6FF30C4F20000824220DCB2F1804FB6
:109D600000F0858040F20040C4F2000082427ED0C4
:109D700040F6000077E043F6FF70C4F20100824233
:109D80001CDC4EF20040C4F2000082426FD0002082
:109D9000C4F20100824223D040F200401CE040F6B1
:109DA0000040C4F20000824261D041F60000C4F2DB
:109DB000000082425BD04EF2000054E044F200000A
:109DC000C4F2010082420BD044F60000C4F201004C
:109DD000824205D044F20040C4F20100824252D1D6
:109DE0004DF6FF70516CC4F20000824241F4004015
:109DF000506414DC40F2FF70C4F20000824224DDA3
:109E000040F60000C4F20000824230D040F600402C
:109E1000C4F2000082422AD041F6000023E04FF64F
:109E2000FF70C4F20000824215DD0020C4F2010080
:109E300082421CD044F20000C4F20100824216D0DB
:109E400040F20040C4F201000FE0B2F1804F0ED0AA
:109E500040F2004007E04EF20000C4F200008242EF
:109E600005D04EF20040C4F2000082420BD107211F
:109E70009068C0F2010101400020062918BFB1F529
:109E8000803F00D180BD106840F0010010600020CC
:109E900080BD00000000000010B504460068B0F16D
:109EA000804F01D1FCF7ACFD40F600412068C4F2C0
:109EB0000001884218BF10BD09F05AFFBDE81040EC
:109EC0000FF026BB000000007047000000000000FB
:109ED00090F88410012901D1022070472421C0F894
:109EE000881001680A680B6822F0005223F0010311
:109EF0000B60002343660A602021C0F8881080F8B8
:109F00008430002070470000006F704700000000A0
:109F1000D0F88C30202B06D103460120002918BF31
:109F2000002A02D170470220704710B50120D86680
:109F30000020186718461C460CF0A2FA002818BF2B
:109F400010BDE26E012A0ED1226821461023136251
:109F50000A6852E8002F0B6842F0100243E8002420
:109F6000002CF5D110BD012010BD00000000000044
:109F7000D0F88C30202B07D110B5044601200029E1
:109F800018BF002A02D110BD02207047E0660020F1
:109F9000206720460CF0C4FAE16E0120012918BFA9
:109FA00010BD206810210162206850E8000F216870
:109FB00040F0100041E80002002AF5D1002010BD59
:109FC00040F6FF730268C4F201039A420ADC47F6C6
:109FD0000003C4F200039A4213D047F60043C4F2D0
:109FE000000309E041F20003C4F201039A4206D0E3
:109FF00041F60003C4F201039A4218BF704701F012
:10A000005FBD084600F058BF704700000000000028
:10A0100090F88420012A01D102207047B0B50123B5
:10A0200080F884302422C0F888200268D0F864E0E8
:10A03000BEF1000FD2F800C0146824F001041460CF
:10A04000946824F0606441EA040191601BD0916837
:10A050004BF6844E9368C0F6010E5B0F4BF68C45B1
:10A06000C1F34261C0F601051EF80340EB5C240118
:10A07000B4FBF3F3A0F86A301EF80130695C1B01F1
:10A08000B3FBF1F301E0A0F86A30A0F868302021BA
:10A09000C2F800C0C0F88810002180F884100020A9
:10A0A000B0BD00000000000090F88420012A01D11A
:10A0B00002207047B0B5012380F884302422C0F814
:10A0C00088200268D0F864E0BEF1000FD2F800C02A
:10A0D000146824F001041460946824F0604441EA98
:10A0E000040191601BD091684BF6844E9368C0F6D2
:10A0F000010E5B0F4BF68C45C1F34261C0F60105C2
:10A100001EF80340EB5C2401B4FBF3F3A0F86A30C3
:10A110001EF80130695C1B01B3FBF1F301E0A0F80C
:10A120006A30A0F868302021C2F800C0C0F888105A
:10A13000002180F884100020B0BD00000000000065
:10A1400070470000000000007047000000000000A1
:10A1500010B50446206850E8000F216820F4907084
:10A1600041E80002002AF5D14FF6FE70CEF6FF70EE
:10A17000216851E8021F2268014042E80213002BC7
:10A18000F6D1E06E012809D1206850E8000F21685F
:10A1900020F0100041E80002002AF5D12068806814
:10A1A00040061CD5206850E8020F216820F04000CE
:10A1B00041E80202002AF5D1D4F8800078B10021EC
:10A1C0000165F9F75DFE50B1D4F88000FAF714FA92
:10A1D000202804D11020C4F89000032010BD0020D6
:10A1E000A4F85E0021680F220A628A6942F0080220
:10A1F0008A612021C4F88C10E06610BD00000000C8
:10A20000B0B504460168D0F88800D4F88C5089684D
:10A2100009062CD521282AD1206850E8020F216890
:10A2200020F0800041E80202002AF5D1E06F38B149
:10A23000F9F726FE20B1E06FFAF7DEF9202835D0D5
:10A24000206850E8000F216820F0C00041E80002BB
:10A25000002AF5D1206850E8020F216820F40000A0
:10A2600041E80202002AF5D12020C4F888002068C5
:10A27000806840064FF0000048D5222D18BFB0BDC1
:10A28000206850E8020F216820F0400041E80202F7
:10A29000002AF5D1D4F8800070B1F9F7F1FD58B17A
:10A2A000D4F88000FAF7A8F9202805D11020C4F8C6
:10A2B00090000320B0BD00BF206850E8000F216867
:10A2C00020F4907041E80002002AF5D14FF6FE70AC
:10A2D000CEF6FF70216851E8021F2268014042E873
:10A2E0000213002BF6D1E06E012809D1206850E856
:10A2F000000F216820F0100041E80002002AF5D18B
:10A300002020C4F88C000020E0666067B0BD00002B
:10A31000B0B547F600050446C4F200050068A8423F
:10A3200001D100F0A1FD206805F5244188420AD141
:10A3300045F6647044F65441C2F20000C2F20001D6
:10A34000012200F091FB47F600412068C4F20001B1
:10A3500088420CD041F60001C4F20101884206D0C7
:10A3600041F20001C4F20101884218BFB0BD20468D
:10A37000BDE8B04001F030BA70B5046840F62F0176
:10A38000E269114020292168A66805D101F0200367
:10A3900006F080555B1939D140F60F0313400DD0FC
:10A3A000012340F22015C1F20003C0F2004506EA85
:10A3B000030C01EA050313EB0C032DD1D306C36E86
:10A3C00016D5012B14D111F0100311D010212162E8
:10A3D000A168490600F1FB80B0F85C10B0F85E207F
:10A3E000B0F85E30002B18BF914240F05A8170BD2A
:10A3F000D30240F1CA8016F4800300F0C6804FF407
:10A4000080112162BDE87040FFF79EBE416F0029B8
:10A41000EDD0BDE870400847D30718BF11F4807332
:10A4200007D001232362D0F8903043F00103C0F835
:10A430009030930706F0010E0AD5BEF1000F07D049
:10A4400002232362D0F8903043F00403C0F8903028
:10A4500053070AD5BEF1000F07D004232362D0F8BA
:10A46000903043F00203C0F8903013070CD501F090
:10A47000200353EA0C0307D008232362D0F890305E
:10A4800043F00803C0F8903013050BD511F080633A
:10A4900008D04FF400632362D0F8903043F02003DB
:10A4A000C0F89030D0F89030002BA0D092060AD59A
:10A4B00001F0200106F08052891804D0416F11B1DB
:10A4C0000446884720460168D0F89020896802F049
:10A4D000280201F04001891806D10446FFF718FF51
:10A4E0000020C4F8900070BD016851E8001F0268A8
:10A4F00021F4907142E80013002BF5D14FF6FE7164
:10A50000CEF6FF71026852E8022F03680A4043E862
:10A510000226002EF6D1C16E012909D1016851E849
:10A52000001F026821F0100142E80013002BF5D152
:10A530002021C0F88C100021C16602684167916833
:10A54000490640F1A18000BF016851E8021F02687E
:10A5500021F0400142E80213002BF5D1D0F8801021
:10A56000002900F0918045F6611204460846C0F6C5
:10A5700001020A65F9F7F4FE00283FF438AFD4F879
:10A580008000016DBDE870400847130606D501F054
:10A59000800306F400069B1940F0B380530677D57C
:10A5A00011F0400374D000BF016851E8001F026839
:10A5B00021F0400142E80013002BF5D12021C0F822
:10A5C000881000218167BDE8704000F021BBD0F801
:10A5D0008020116849688BB2002B4AD0B0F85C60CB
:10A5E000B34246D2A0F85E10D169B1F5807F34D075
:10A5F000016851E8001F026821F4807142E80013ED
:10A60000002BF5D1016851E8021F026821F0010119
:10A6100042E80213002BF5D1016851E8021F0268DD
:10A6200021F0400142E80213002BF5D12021C0F8AF
:10A630008C100021C16600BF016851E8001F02684C
:10A6400021F0100142E80013002BF5D1D0F8801062
:10A6500004460846F9F714FC204602210167B0F8C9
:10A660005C10B0F85E20891A89B2BDE87040FFF72F
:10A67000A7BCB0F85C1099427FF4B9AED269B2F5CC
:10A68000807F7FF4B4AE36E0BDE87040FFF740BE97
:10A6900013023DD511F080433AD0BDE87040FFF77A
:10A6A0004FBD891A026852E8002F036822F49072A5
:10A6B00043E80026002EF5D14FF6FE72CEF6FF726B
:10A6C000036853E8023F0668134046E80235002D50
:10A6D000F6D12022C0F88C200022C266426700BF5B
:10A6E000026852E8002F036822F0100243E80026B7
:10A6F000002EF5D189B202220267BDE87040FFF753
:10A700005FBC816F00293FF472AEBDE8704008471E
:10A71000D2017FF56CAEB1F1FF3FC8BF70BDBDE89F
:10A720007040FFF771BC000010B5D8B10446D0F8F6
:10A73000880028B9002084F88400204600F028F81A
:10A740002420C4F888002068A16A0268002922F049
:10A750000101016002D020460BF032F820460BF0D8
:10A760005BFC08B1012010BD2068416821F49041D4
:10A770004160816821F02A018160016841F0010196
:10A7800001602046BDE810400BF08AB800000000D0
:10A79000F0B5B5B000210446CDE93311CDE9311152
:10A7A000309102A8B821F5F72CFF40F6FF71206820
:10A7B000C4F20101884252DD41F20001C4F20101FC
:10A7C000884200F08B8041F60001C4F2010188420A
:10A7D00000F0B98041F60041C4F20101884240F026
:10A7E00040810120029002A8002603962096FDF7E2
:10A7F00053FA08B1F9F730F944F2E04041F20004AD
:10A80000C5F60200C5F6020430AD0227016941F029
:10A8100080010161016901F08001019101990168E4
:10A8200041F0100101600068294600F0100001901D
:10A83000019804203090CDE933602046CDE931768F
:10A84000FBF7FAFF08202946CDE930070B203490AA
:10A850002046CDE93266FBF7EFFF9C24F9E047F68E
:10A860000001C4F20001884200F0A28047F60041D6
:10A87000C4F20001884240F0F48002A8002403944E
:10A88000022502951F94FDF707FA08B1F9F7E4F8DD
:10A8900044F2E040C5F60200816841F00041816069
:10A8A000816801F0004101910199016841F01001B6
:10A8B0000160006830A900F01000019001980320A9
:10A8C000CDE930050820349041F20000C5F60200C1
:10A8D000CDE93244FBF7B0FF5324BAE001200290E7
:10A8E00002A8002403942094FDF7D6F908B1F9F7E3
:10A8F000B3F844F2E040C5F60200016941F01001EE
:10A900000161016901F0100101910199016841F0B3
:10A9100001010160006841F2000100F001000190B6
:10A92000C5F6020101984FF4C060309002203394C4
:10A93000CDE9310407203490A1F5805030A9FBF710
:10A940007BFF252485E00120029002A800240394C7
:10A950002094FDF7A1F908B1F9F77EF844F2E04040
:10A96000C5F60200016941F040010161016901F091
:10A97000400101910199016841F0080101600068FE
:10A9800041F2000100F008000190C5F602010198B3
:10A990004FF44040309002203394CDE931040B2035
:10A9A0003490A1F5806030A9FBF746FF9B2450E06E
:10A9B00002A800260396022502951F96FDF76CF962
:10A9C00008B1F9F749F844F2E040C5F602008168A1
:10A9D00041F080418160816801F0804101910199DD
:10A9E000016841F010010160006830A900F010001A
:10A9F000019001984FF4C07061C10720349041F27A
:10AA0000000030A9C5F602003396FBF715FF45F2AA
:10AA1000E0451020C2F20045C4F2020028604F2039
:10AA2000C5E901064FF48060EE60C5E904064FF405
:10AA30008070C5E906604FF40030C5E90806284675
:10AA4000FAF71EFB08B1F9F707F8C4F88050AC63B9
:10AA50005224052100222046FCF7E6F82046FCF7A8
:10AA6000CFF835B0F0BD0000D0F88C30202B06D1E7
:10AA70000123002918BF002A03D11846704702207D
:10AA8000704780B50023C36640F60043D0F800C08D
:10AA9000C5F600039C450FD0DCF804301B020BD533
:10AAA000036853E800CFD0F800E04CF080634EE834
:10AAB000003CBCF1000FF3D10BF032FD0023BDE8E8
:10AAC000804018467047000041F600410068C4F21B
:10AAD0000101884218BF704710B544F65444C2F2D1
:10AAE000000420780AF0E0FD45F664700122C2F20D
:10AAF00000002146FFF7B8FFBDE8104008B1F8F7A5
:10AB0000ABBF70470000000070470000000000006D
:10AB10002DE9F04381B00446D0F88800202808D100
:10AB200088460120002918BF002A06D101B0BDE8DF
:10AB3000F083022001B0BDE8F0831D460020C4F878
:10AB400090002120C4F888001646FBF751FFA4F8B6
:10AB50005460A4F856600646A168B1F5805F02D142
:10AB60002069002851D0C1464FF00008B4F85600C3
:10AB700058B36F1C0EE0B9F1000F1DD0206819F812
:10AB8000011B8162B4F856000138A4F85600B4F8ED
:10AB90005600D0B12068C0690006ECD4002FF9D06F
:10ABA000FBF726FF01464FF0030045B3891BA9427E
:10ABB00025D820680068EDE738F8020B21684FF0CF
:10ABC00000096FF35F208862DCE72068C0694006F7
:10ABD00014D46F1C04E000BF2068C06940060DD487
:10ABE000002FF9D0FBF704FF01464FF0030035B109
:10ABF000891BA94203D820680068EDE700202021C6
:10AC0000C4F8881001B0BDE8F0834FF00009ADE74B
:10AC10007047000000000000FEE700000000000098
:10AC2000F8F75ABE0000000010B545F26C74C2F28D
:10AC300000442078002818BF10BD4BF22100C0F658
:10AC400000000DF0C5FF4AF6A140C0F600000DF06F
:10AC500093FE4AF62140C0F600000DF069FE002088
:10AC6000FF210DF071FE08B1F8F7F6FE00F0E4F9EF
:10AC700008B1F8F7F1FE0B200DF0E6FF08B1F8F788
:10AC8000EBFE0E200DF0B0FF08B1F8F7E5FE44F63C
:10AC900080510120C2F20001207081F8310010BD06
:10ACA000B0B50D460446FBF7A3FE44F68052EFF321
:10ACB000108CC2F20002EFF3108372B6342C05EB55
:10ACC000040E1369956203F101031361C2E90804DC
:10ACD0003CD8BEF1350F39D345F600659FED5F2AAC
:10ACE000C2F20045B3EE004AB5F96810B5F96A3012
:10ACF000B5F96C5000EE101A918601EE103A03EE91
:10AD0000105A46F22011D386B8EEC00AC2F20001F2
:10AD1000B8EEC11A40F20113B8EEC33A486220EE11
:10AD2000020A0B8521EE021A158723EE022A20EE75
:10AD3000040A21EE041A81ED000A22EE040A81EDD4
:10AD4000011A81ED020A516901315161372C3CD859
:10AD5000BEF1380F39D345F600619FED402AC2F2AB
:10AD600000419FED3F4AB1F96E30B1F97050B1F931
:10AD70007210538700EE103A01EE105A03EE101ACB
:10AD8000D18746F2201140F20113B8EEC00AC2F298
:10AD90000001B8EEC11A9587B8EEC33A486220EEBA
:10ADA000020A0B8521EE021A23EE022A20EE040A83
:10ADB00021EE041A81ED030A22EE040A81ED041A41
:10ADC00081ED050A9169013191613D2C3FD8BEF1B9
:10ADD0003E0F3CD345F600619FED202AC2F20041B0
:10ADE0009FED204AB1F97A30B1F97C50B1F97E106B
:10ADF000A2F8403000EE103A01EE105A03EE101A9D
:10AE0000A2F8441046F22011A2F84250B8EEC00A4F
:10AE1000C2F20001B8EEC11AB8EEC33A486220EEA1
:10AE2000020A40F2011021EE021A088523EE022ADE
:10AE3000D06920EE040A013021EE041A81ED060AE1
:10AE400022EE040A81ED071A81ED080AD061BCF1F7
:10AE5000000F18BFB0BD62B6B0BD00BF0000003823
:10AE60000000FA4400003443B0B544F6805545F67E
:10AE7000F874C2F20005C2F200040021E868013053
:10AE8000E860D4F8900085F8330046F25010C2F222
:10AE9000000001702046FFF7B3F92046FFF758F98C
:10AEA00000F0CAF8002808BFB0BD686D01306865C1
:10AEB000B0BD0000000000002DE9F047814646F2D9
:10AEC0005010C2F20000B9F5807F007862D80028E7
:10AED00060D044F6805A46F24E18C2F2000AC2F21E
:10AEE000000845F6F875DAF80400AAF82C9001304D
:10AEF000CAF80400B8F80000C2F20005AAF82E0053
:10AF00002846FFF701F8D5F88010CAF8500019B1AB
:10AF100008684068CAF84C00BFF34F8F4FF60075C1
:10AF20004EF65C71C2F201450020CEF2000100BF76
:10AF300042192030B0F5807F0A60F9D1BFF34F8FFE
:10AF4000BFF36F8FB8F80000814564D0B8F80010E7
:10AF5000B8F80000894526D9A9EB0000DAF80810F6
:10AF60000844CAF80800B8F80000484547D2A9EBE1
:10AF70000006284446F24C14451EC2F2000400BFED
:10AF800015F8010F20708AF832000DF001FD013E26
:10AF9000F6D134E044F68050C2F20000816D0131F8
:10AFA0008165BDE8F087DAF80810A9EB00000844D5
:10AFB00046F24C1600F58070CAF80800B8F8000098
:10AFC000C2F20006FF280CD84119A0F580744F1E6C
:10AFD00017F8010F30708AF832000DF0D9FC0134F7
:10AFE000F6D3B9F1000F0AD06C1E4D4614F8010FCC
:10AFF00030708AF832000DF0CBFC013DF6D1A8F894
:10B000000090B8F80000B0F5807F38BFBDE8F08749
:10B010000020A8F80000BDE8F08700000000000054
:10B020008AB245F6F87CC2F2000C14230146604651
:10B03000FFF76EBD0000000070B546F24E1044F6FA
:10B0400080564FF60074C2F20000C2F20006C2F24F
:10B05000014400250580022086F85C004FF48071D1
:10B060002046B464F5F7CDFABFF34F8F4EF67070FB
:10B07000CEF2000029192035B5F5807F0160F9D1A5
:10B08000BFF34F8F45F6F8754FF48072BFF36F8FA3
:10B09000C2F2000521462846FEF73AFF46F250115B
:10B0A000C2F2000120B100220A7086F8302070BD83
:10B0B00001220A70D5F8801086F830203268002905
:10B0C00002F10102326008BF70BD40F20F42096810
:10B0D000C4F2020291426FF0080210DC6F23C4F246
:10B0E0000203994220DC3F23C4F20203994236DC7A
:10B0F0001023C4F20203994256D028234EE040F2B6
:10B100006F43C4F2020399421ADC40F23F43C4F297
:10B11000020399422ADC40F21043C4F2020399422E
:10B1200042D040F2284339E09F23C4F202039942FF
:10B1300025DC7023C4F20203994235D088232DE028
:10B1400040F29F43C4F2020399421FDC40F2704375
:10B15000C4F20203994227D040F288431EE0402304
:10B16000C4F2020399421FD0582317E040F2404333
:10B17000C4F20203994217D040F258430EE0A023D4
:10B18000C4F2020399420FD0B82307E040F2A04373
:10B19000C4F20203994207D040F2B843C4F202035A
:10B1A000994218BF6FF004020B681A400A604968A0
:10B1B000F16470BD0000000090B110B5EFF3108491
:10B1C000EFF3108172B644F6E0515422C2F200014E
:10B1D000F5F7E5F9002CBDE8104018BF704762B6DE
:10B1E0007047000000000000002818BF002900D1AF
:10B1F000704790ED001A9FED122A30EE411AB4EE1E
:10B20000421AF1EE10FA01DA012208E09FED0D2A50
:10B21000B4EE421AF1EE10FA04DD4FF6FF720B881D
:10B220001A440A80B1F900109FED072A80ED000A48
:10B2300001EE101AB8EEC11AA1EE020A704700BF63
:10B24000000034C3000034430000B4430000000099
:10B250009FED111AB4EE410AF1EE10FA09DD9FEDEF
:10B260000F2A00BF30EE020AB4EE410AF1EE10FAE6
:10B27000F8DC9FED0B1AB4EE410AF1EE10FAA8BF0C
:10B2800070479FED082A00BF30EE020AB4EE410A73
:10B29000F1EE10FAF8DB7047000034430000B4C34D
:10B2A000000034C30000B44380B52DED0A8BB0EE2E
:10B2B000428AB0EE619AB0EE41AAB0EE60BAB0EE4A
:10B2C00040CAFBF795FB45F2FC02EFF31081C2F296
:10B2D0000042EFF3108372B682ED00CA82ED01BA2C
:10B2E00082ED02AA82ED039A82ED048A506144F64F
:10B2F000E052C2F2000282ED00CA82ED01BA82ED94
:10B3000004AA82ED059A82ED068A1065906401B95F
:10B3100062B60020BDEC0A8BBDE8804000F0B4B8F6
:10B3200082B0FFF781FC45F2480646F2201744F64A
:10B33000E05B40F2802545F26D7AC2F20046C2F22F
:10B3400000074FF00009C2F2000BC2F20045C2F242
:10B35000004A05F14000019005F1440000900DE025
:10B3600085ED108A0120A5F8449085ED028A8AF8BF
:10B37000000000F091F901200EF0F2FA706801303F
:10B380007060EFF31081EFF3108072B697F8290028
:10B3900098B1D7ED008A97ED01FA97ED02EA97EDA3
:10B3A00003DA97ED04CA97ED05BA97ED06AA97ED73
:10B3B000079A97ED088A87F8299079B388B3B0681F
:10B3C00085ED009A0130B0609AF8000085ED018AA1
:10B3D00085ED0BCA002885ED0CBAC5ED0D8A85ED0B
:10B3E0000EFA85ED0FEA85ED03AA85ED04CA85ED19
:10B3F00005BA85ED06DA85ED078A85ED08AA85EDA3
:10B40000099A85ED0ADAABD0B0EE480ADDE9001002
:10B41000FFF7EAFE85ED020AABE700BF62B600283F
:10B42000CDD1F0680130F060EFF310800028EFF329
:10B43000108072B6D7F8248000D162B6FBF7D8FA34
:10B44000A0EB0800B8F1000F18BF4FF00108652805
:10B450004FF0000038BF0120EFF31084EFF31081AC
:10B4600072B600EA080087F828008BF84400FBF762
:10B47000BFFACBF8480004B962B6002000F004F827
:10B4800079E70000000000002DE9F04F81B02DEDBC
:10B49000108B88B00290FBF7ABFA45F24801EFF34E
:10B4A0001083C2F20041EFF3108272B644F6E0540A
:10B4B000002BD1E901270592CA68CDE90672B1F8DF
:10B4C0001520C2F20004ADF81020CA7D8DF81220BC
:10B4D000B1F8B22046F220170392226D019245F294
:10B4E000FC02C2F20007C2F2004294F844C097F88E
:10B4F00028E0D4ED006A97F82930D4ED017A94ED74
:10B50000028A94ED039A94ED04AA94ED05BA94EDA1
:10B5100006CA94ED07DA94ED080A94ED091A94ED41
:10B520000A2A94ED0B3A94ED0C4A94ED0D5AD4E9A5
:10B5300012A955697E6AD4ED0E0AD4ED0F1AD4ED26
:10B54000102AD2ED003AD2ED014AD2ED025A92ED24
:10B55000036A92ED047A97ED00EA97ED01FAD7EDD0
:10B56000028AD7ED039AD7ED04AAD7ED05BAD7ED35
:10B5700006CAD7ED07DAD7ED08EA00D162B645F280
:10B580006D72002EC2F2004292F8008040F28022DA
:10B59000C2F20042146CB2F84470EFF3108BEFF378
:10B5A000108272B6059A4A60069A8A60079ACA6043
:10B5B000029ACA74BDF8102081F810C0A1F81520B5
:10B5C0009DF81220CA75A0EB060281ED0CEA81ED10
:10B5D0000DFAC1ED0E8AC1ED0F9AC1ED10AAC1EDB1
:10B5E00011BAC1ED12CAC1ED13DAC1ED14EAC1ED11
:10B5F000156AC1ED167A81ED178A81ED189A81EDF1
:10B6000019AA81ED1ABA81ED1BCA81ED1CDA81F805
:10B6100011E08B7481F814808E6108BF4FF0FF3207
:10B620000860401BC1E9072A002DC1F82490019A47
:10B630008A6208BF4FF0FF30BBF1000FC1F8AC4089
:10B64000C8620398A1F8B070A1F8B20081ED1D0A9C
:10B6500081ED1E1A81ED1F2A81ED203A81ED214AEC
:10B6600081ED225AC1ED230AC1ED241AC1ED252A2C
:10B67000C1ED263AC1ED274AC1ED285A81ED296A6C
:10B6800081ED2A7A00D162B608B0BDEC108B01B012
:10B69000BDE8F08F000000002DE9F0412DED108B8A
:10B6A00082B045F2FC01EFF31080C2F20041EFF3EB
:10B6B000108272B691ED00BA91ED01CA91ED03AA24
:10B6C00091ED04DAD1F8148091ED020A8DED010AB2
:10B6D00000B962B640F28024C2F2004494ED010A3F
:10B6E000FFF7B6FDB0EE408A94ED02EA9FED390A0D
:10B6F00046F220152EEE009AC2F2000568EE00FA1E
:10B70000D4ED008AD4ED03AA94ED04FAD4ED059AA1
:10B71000D4ED06EAD4ED0DBAD4ED0ECAD4ED0FDAAD
:10B72000EFF310800028EFF3108072B66E6A00D13C
:10B7300062B6FBF75DF9801B002E18BF0126652855
:10B740004FF0000038BF012000246F6A0640FBF76D
:10B750004FF944F6E052EFF31081C2F20002EFF32A
:10B76000108372B69DED010A02F1280382ED00BA42
:10B7700082ED01CAC2ED02FA82ED039A82ED040A5B
:10B7800082ED05AA82ED06DAC2ED07AAC2ED088AAB
:10B7900082ED098AC2ED0D9AC2ED0EBAC2ED0FCA52
:10B7A000C2ED10DA82F84740A2F8454082F84460C2
:10B7B00002F1480283EC03EA82E8810185F82860FF
:10B7C00001B962B6012002B0BDEC108BBDE8F041BA
:10B7D000FFF75ABE35FA8E3C2DE9F0410446F5F7E5
:10B7E000AFF8022888BFBDE8F0810546C0EB001025
:10B7F00045F21418C2F2004808EB8006F06A0130E6
:10B80000F062D4F89000B063FBF7F2F870610027A3
:10B8100086F83570FBF7ECF8F16921B13169401A0F
:10B82000B0F57A7F0BD9C5EB051086F8347008EBBC
:10B83000800080F833704FF0FF30C6E900002046EA
:10B84000FEF786FC2846BDE8F041F5F7A1B80000F8
:10B85000022832D889B3F0B5C0EB001345F2141EAC
:10B86000C2F2004EEFF3108C0EEB8302EFF3108068
:10B8700072B6171D5EF8233001F1080EBCF1000FFF
:10B88000F1CF8EE8F00002F1180701F1180EC1E9BE
:10B89000003089CFD2E90965D46ACC62C1E9096573
:10B8A0008EE88900D2E90C03926B8A6308634B63CC
:10B8B000BDE8F04018BF704762B670470000000056
:10B8C0002DE9F04145F62078C2F2004898F80000D2
:10B8D000002818BFBDE8F08145F21414B421C2F26B
:10B8E00000442046F4F78DFE3C3C00264FF0FF3725
:10B8F000012500BFF0B244F83C7F676084F8325005
:10B90000F5F746F80136032EF4D1012088F800003F
:10B91000BDE8F081000000002DE9F04F83B045F64E
:10B92000207845F2141AC2F20048C2F2004A98F890
:10B930000000B8B9B4215046F4F763FEAAF13C0602
:10B9400000274FF0FF350124F8B246F83C5F7560E0
:10B9500086F83240F5F71CF80137032FF4D10120A7
:10B9600088F800004FF00009FBF742F805464FF059
:10B97000FF38002709E000BFA6F833904AF8078097
:10B98000C6F804803C37B42F1BD00AEB070696F8A4
:10B9900035000028F6D0F068281AB0F5FA7FF1D902
:10B9A000306A75610130306286F83590FBF720F817
:10B9B000F1690029E0D03169401AB0F57A7FDBD80F
:10B9C000E0E74FF0000901AD4AF201074FF0000B2C
:10B9D0000DE088F833904FF0FF30C8E9000088F898
:10B9E000349000BF0BF1010BBBF1030F64D0FAF7E9
:10B9F000FFFFCBEB0B110AEB810898F835100029FB
:10BA0000F0D1D8F818C0BCF1000F05D0D8F80C2040
:10BA1000821AB2F5967FE5D398F8322003218DF88B
:10BA200004204FF6FF720023C0F20F01CDF805107D
:10BA300002218DF8091000BFEC5C6240002400BFB9
:10BA4000164687EA5202F10708BF7208072C04F174
:10BA50000104F5D30133062BEED18DF80A20110A2B
:10BA60008DF80B10012188F835100822C8F80C0059
:10BA70000CF10100C8F8180005235FFA8BF0294685
:10BA8000F4F7A6FF0028ADD0D8F82C0088F8359040
:10BA90000130C8F82C00FAF7ABFFC8F81400FAF729
:10BAA000A7FFD8F81C10002993D0D8F81010401A1E
:10BAB000B0F57A7F8DD895E703B0BDE8F08F000030
:10BAC0002DE9F0410D46F4F73BFF022888BFBDE8A1
:10BAD000F0810446F4F750FFA5F121014FF6E07222
:10BAE00089B2914245F21411C2F2004131D380B3C0
:10BAF000C4EB0412052D01EB82084FF6FF7198F894
:10BB00003220A8F8305042D2092D80F08780D8F832
:10BB100028000130C8F82800FAF76AFFC8F81400B6
:10BB2000002588F83550FAF763FFD8F81C1029B1C2
:10BB3000D8F81010401AB0F57A7F23D988F833501E
:10BB40004FF0FF30C8F80000C8F8040088F83450FF
:10BB500018E0C4EB041001EB8005A86A0130A8626C
:10BB6000FAF746FFE96921B12969401AB0F57A7FF1
:10BB700008D9002085F833004FF0FF3185F83400F4
:10BB8000C5E900112046BDE8F041F4F701BF0026E9
:10BB900005E000BFB31D01369BB2AB42B4D8B3B2CF
:10BBA000C35C9342F6D110FA86F35F78832FF1D10C
:10BBB00000204AF2010200BF1F5C0026794000BF4E
:10BBC000CF07C1F34E0118BF5140072E06F1010601
:10BBD000F6D301300328EFD1B3F8030088426DD1CA
:10BBE000D8F828000130C8F828009878C8F838003C
:10BBF000FAF7FEFEC8F81400002588F83550FAF769
:10BC0000F7FED8F81C1000295ED0D8F8101088F87C
:10BC10003350401AB0F57A7FB4D957E0002606E0D9
:10BC200006F10A0301369BB2AB423FF670AFB3B2E6
:10BC3000C35C9342F4D110FA86F35F78032FEFD1FF
:10BC40009F78042FECD100204AF201021F5C0026ED
:10BC5000794000BFCF07C1F34E0118BF5140072EF6
:10BC600006F10106F6D301300728EFD1B3F807003B
:10BC7000884223D11979D8785A799B790706B7F188
:10BC8000FF3F43EA014141EA022141EA006027DD2A
:10BC9000D8F80810411AC8E9001040F20110A8F8BD
:10BCA0003300002088F83500FAF7A2FEC8F810002B
:10BCB000D8F81C000130C8F81C0063E7D8F824004D
:10BCC0000130C8F8240027E788F833504FF0FF30E0
:10BCD000C8F80000C8F80400002088F8340051E7D4
:10BCE000D8F8281020F000400131C8F828107DE76E
:10BCF00002280CD8002908BF7047C0EB001045F29D
:10BD00001412C2F2004202EB800080F83210704739
:10BD1000022816D8C0EB001045F21412C2F20042FD
:10BD200002EB8002EFF31080EFF3108372B65368DA
:10BD30009160002B5CBF591A1160002818BF704732
:10BD400062B670470000000080B540F600004FF476
:10BD50006041C5F602000122FAF742FEF7F7BCFE89
:10BD6000F7F712FF45F25850C2F20040F7F750FFC4
:10BD7000F7F7C6FFBDE8804001F05EBE000000009E
:10BD800080B582B044F2D8400022C5F602000168B6
:10BD900041F0010101600068052100F001000190FF
:10BDA00001980B20FAF740FF0B2002B0BDE880405D
:10BDB000FAF726BF0000000080B545F65C004AF2A5
:10BDC0000001C2F20000C4F2000100F1500E142381
:10BDD00001603B21C0E9071302214FF0000CC0E9CC
:10BDE00002CC0122028280F812C0426183610A23E0
:10BDF00042620D228162C0E90B21C0F834C00422E6
:10BE0000C0E90E22C0E91032C0E912328EE80E00FD
:10BE1000C0E91733C0E919C2FAF7A6F9002808BF2C
:10BE200080BDBDE88040F7F717BE000000000000AD
:10BE300080B545F6FC004AF20041C2F20000C4F2AF
:10BE4000000100F1500E142301603B21C0E90713EB
:10BE500002214FF0000CC0E902CC0122028280F8DE
:10BE600012C0426183610A2342620D228162C0E9ED
:10BE70000B2140F2523242630422C0E90E22C0E993
:10BE80001032C0E912328EE80E00C0E91733C0E963
:10BE900019C2FAF769F9002808BF80BDBDE88040E3
:10BEA000F7F7DABD0000000080B545F258504DF2BA
:10BEB0000041C2F20040C4F2000101224FF0140C14
:10BEC00001600021C0E9021102823B2381744261BA
:10BED000C0F818C0C0E9073C4262022282620D230A
:10BEE000C0E90B324FF4C862426305220164C0E925
:10BEF0000E210822426404238266C0E91232C0E99E
:10BF00001413C0E91611C0E91821FAF72DF9002819
:10BF100008BF80BDBDE88040F7F79EBD000000006F
:10BF200080B5A4B03CA03C491D9141681E91816838
:10BF30001F91C16820910169219141692291806915
:10BF400023901DA800210DF023FD40F2E811C2F25C
:10BF50000001086037A03749169141681791816840
:10BF60001891C168199101691A9141691B91806901
:10BF70001C9016A800210DF00BFD40F2E411C2F256
:10BF80000001086032A032490F9141681091816828
:10BF90001191C168129101691391416914918069ED
:10BFA00015900FA800210DF0F3FC44F2C831C2F245
:10BFB000004108602DA02D490891416809918168D0
:10BFC0000A91C1680B9101690C9141690D918069D9
:10BFD0000E9008A800210DF0DBFC42F24021C2F2D5
:10BFE0000001086028A028490191416802918168F8
:10BFF0000391C168049101690591416906918069C5
:10C00000079001A800210DF0C3FC42F27031C2F28A
:10C010000041086024B080BD7CC50108391B0008C0
:10C02000030000000000000000080000C802002417
:10C03000C82200248CC50108D913000802000000A2
:10C040000000000000080000E48000246C6900206B
:10C05000BAC5010829CB000800000000000000005C
:10C06000000800004422002074430024AAC50108EF
:10C07000F1C70008010000000000000000080000F7
:10C0800074230024EC2100209BC5010821B3000883
:10C09000020000000000000000080000EC01002089
:10C0A0001C230024000000002DE9F04387B044F277
:10C0B000E0400027C5F602000697CDE90477CDE9F8
:10C0C0000277016840F6000941F010010160016843
:10C0D000C5F6020901F0100101910199016841F0D2
:10C0E000040101600168002201F00401019101993D
:10C0F000016841F08001016001684FF4604601F081
:10C10000800101910199016841F008010160016815
:10C1100001F0080101910199016841F001010160FC
:10C12000016801F0010101910199016841F00201EA
:10C13000016000684FF4604100F002000190019836
:10C140004846FAF74DFC09F500654FF4005100220E
:10C1500028464FF40058FAF743FC029602AE4846D0
:10C16000314601240597CDE90347FAF765FB2846D8
:10C170003146CDE90284CDE90477FAF75DFB07B0DB
:10C18000BDE8F0830000000070B5A2B0002501A852
:10C19000342100241B94C4F20105CDE91944CDE9F2
:10C1A0001744CDE91544CDE91344CDE91144CDE957
:10C1B0000F440E94F4F725FA45F68060EF21C2F2A1
:10C1C00000000560C0E9011444F61F61C0E90314D2
:10C1D000C0E90544FDF74CF808B1F7F73DFC4FF412
:10C1E0008050189045F6806018A9C2F20000FDF753
:10C1F00027F908B1F7F730FC45F68060C2F200007D
:10C20000FDF726FD08B1F7F727FC45F6806015A974
:10C21000C2F200000024CDE915441794FCF7B4FFE6
:10C2200008B1F7F719FC60200EA9CDE90E0445F618
:10C2300080600022C2F200001494CDE91044CDE9E0
:10C240001244FDF7B5FA08B1F7F706FC45F680642D
:10C250000026C2F200044FF40050CDE906064FF06C
:10C26000007001A9CDE90A064FF480400D902046E8
:10C270000596CDE90366CDE901660996FCF71CFF3A
:10C2800008B1F7F7E9FB20682196A8421E96CDE990
:10C290001F661D9601D022B070BD44F2E040C5F685
:10C2A0000200016841F01001016000681DA900F062
:10C2B00010001C901C984FF400701D9002201E90DE
:10C2C0000020CDE91F000120219041F20000C5F6B9
:10C2D0000200FAF7B1FA22B070BD000000000000C1
:10C2E00080B588B045F6187040F20042C2F20000F6
:10C2F00000210791C4F20002CDE90511CDE9031137
:10C30000CDE901110260EF22C0E9012140F2E732DC
:10C310008161C0E90321FCF7ABFF08B1F7F79CFB93
:10C320004FF48050049045F6187004A9C2F2000042
:10C33000FDF786F808B1F7F78FFB00200190039016
:10C3400045F61870C2F2000001A9FCF71DFF08B104
:10C35000F7F782FB08B080BD80B588B045F2F85091
:10C3600040F60042C2F2004000210791C4F20002F0
:10C37000CDE90511CDE90311CDE901110260EF22EC
:10C38000C0E9012140F2E7328161C0E90321FCF7F5
:10C390006FFF08B1F7F760FB4FF48050049045F24F
:10C3A000F85004A9C2F20040FDF74AF808B1F7F7C7
:10C3B00053FB00200190039045F2F850C2F2004078
:10C3C00001A9FCF7E1FE08B1F7F746FB08B080BD14
:10C3D00080B545F6F87047F60001C2F20000C4F2DD
:10C3E00000010C2201604FF4E13141600021C0E9FD
:10C3F00002110161C0E90521C0E90711C0E9091175
:10C40000FEF792F908B1F7F727FB45F6F87000211F
:10C41000C2F20000FDF748FE08B1F7F71DFB45F634
:10C42000F8700021C2F20000FDF7F2FD08B1F7F745
:10C4300013FB45F6F870C2F20000FDF749FD002835
:10C4400008BF80BDBDE88040F7F706BB00000000D4
:10C4500080B545F2D86047F60041C2F20040C4F210
:10C4600000010C2201604FF4E13141600021C0E97C
:10C4700002110161C0E90521C0E90711C0E90911F4
:10C48000FEF752F908B1F7F7E7FA45F2D860002154
:10C49000C2F20040FDF708FE08B1F7F7DDFA45F2F9
:10C4A000D8600021C2F20040FDF7B2FD08B1F7F7F5
:10C4B000D3FA45F2D860C2F20040FDF709FD00282A
:10C4C00008BF80BDBDE88040F7F7C6BA0000000095
:10C4D00080B546F28C0041F60001C2F20000C4F2C1
:10C4E00001010C2201604FF4E13141600021C0E9FB
:10C4F00002110161C0E90521C0E90711C0E9091174
:10C50000FEF712F908B1F7F7A7FA46F28C000021FE
:10C51000C2F20000FDF7C8FD08B1F7F79DFA46F238
:10C520008C000021C2F20000FDF772FD08B1F7F7A0
:10C5300093FA46F28C00C2F20000FDF7C9FC002815
:10C5400008BF80BDBDE88040F7F786BA0000000054
:10C5500080B545F6647041F60041C2F20000C4F2B5
:10C5600001010C2201604FF4E13141600021C0E97A
:10C5700002110161C0E90521C0E90711C0E90911F3
:10C58000FEF7D2F808B1F7F767FA45F664700021B4
:10C59000C2F20000FDF788FD08B1F7F75DFA45F635
:10C5A00064700021C2F20000FDF732FD08B1F7F718
:10C5B00053FA45F66470C2F20000FDF789FC0028CA
:10C5C00008BF80BDBDE88040F7F746BA0000000014
:10C5D00080B545F2446041F20001C2F20040C4F26D
:10C5E00001010C2201604FF4E13141600021C0E9FA
:10C5F00002110161C0E90521C0E90711C0E9091173
:10C60000FEF792F808B1F7F727FA45F244600021E7
:10C61000C2F20040FDF748FD08B1F7F71DFA45F2F8
:10C6200044600021C2F20040FDF7F2FC08B1F7F7C8
:10C6300013FA45F24460C2F20040FDF749FC0028BD
:10C6400008BF80BDBDE88040F7F706BA00000000D3
:10C6500080B545F2805040F20001C2F20000C2F203
:10C66000004101220AF0B0FC08B1F7F7F5F945F2F4
:10C67000805040F22401C2F20000C2F200410AF0F0
:10C6800023FF08B1F7F7E8F945F2805040F2700156
:10C69000C2F20000C2F200410AF072FA08B1F7F7E4
:10C6A000DBF945F28050C2F200000AF039FF08B110
:10C6B000F7F7D2F9BDE88040FBF7AEB90000000003
:10C6C00091ED010A91ED021A30EE010A90ED001A87
:10C6D00090ED022A90ED013A31EE035A9FED1B6A6C
:10C6E00022EE004A33EE412A35EE440A32EE041AB5
:10C6F00032EE442AB0EEC03AB0EEC27A83FE063A79
:10C70000B0EEC16A83FE066A35EE043A86FE074A39
:10C71000B0EEC35A84FE054A91ED035AB4EE454A81
:10C72000F1EE10FA09DD85EE044A20EE040A21EE4E
:10C73000041A22EE042A23EE043A82ED000A82ED66
:10C74000011A82ED022A82ED033A704700000000D0
:10C75000FEE7000000000000FEE70000000000000F
:10C760004FF00E0C20B18279012A08BF4FF00F0C58
:10C770001E2917D81822DFE801F01A15151515150E
:10C780001515151515151515151515151515151559
:10C790001515272D1012101D2000D0B270471C2235
:10C7A000D0B270478C4502D94A1CD0B270471622CD
:10C7B000D0B270471E22D0B2704780791A22012869
:10C7C00008BF1B22D0B270478279012A18BF1922F4
:10C7D000D0B270470122D0B27047000000000000C4
:10C7E00045F69C10C2F20000FAF7CEBB0000000034
:10C7F0004AF20114C2F20044661E02E001200DF06C
:10C80000AFF84FF496712046F4F70AFF0028F5D0F0
:10C810000546374617F8010F06F056FA013DF9D1E3
:10C82000ECE700000000000080B50DF091FC46F63A
:10C830002810C2F2000001780F291AD846F62C7190
:10C8400046F62A1CC2F20041C2F2000C26230A78E6
:10C850000CF802300A7801320A700A78102A01D3E3
:10C8600000220A70017801310170BDE880400DF0AE
:10C8700097BC46F62870C2F20040016801310160A1
:10C88000BDE880400DF08CBC80B50DF061FC46F633
:10C890002810C2F2000001780F291AD846F62C7130
:10C8A00046F62A1CC2F20041C2F2000C16230A7896
:10C8B0000CF802300A7801320A700A78102A01D383
:10C8C00000220A70017801310170BDE880400DF04E
:10C8D00067BC46F62870C2F2004001680131016071
:10C8E000BDE880400DF05CBC80B50DF031FC46F633
:10C8F0002810C2F2000001780F291AD846F62C71D0
:10C9000046F62A1CC2F20041C2F2000C56230A78F5
:10C910000CF802300A7801320A700A78102A01D322
:10C9200000220A70017801310170BDE880400DF0ED
:10C9300037BC46F62870C2F2004001680131016040
:10C94000BDE880400DF02CBC80B50DF001FC46F632
:10C950002810C2F2000001780F291AD846F62C716F
:10C9600046F62A1CC2F20041C2F2000C46230A78A5
:10C970000CF802300A7801320A700A78102A01D3C2
:10C9800000220A70017801310170BDE880400DF08D
:10C9900007BC46F62870C2F2004001680131016010
:10C9A000BDE880400DF0FCBB80B50DF0D1FB46F634
:10C9B0002810C2F2000001780F291AD846F62C710F
:10C9C00046F62A1CC2F20041C2F2000C06230A7885
:10C9D0000CF802300A7801320A700A78102A01D362
:10C9E00000220A70017801310170BDE880400DF02D
:10C9F000D7BB46F62870C2F20040016801310160E1
:10CA0000BDE880400DF0CCBB80B50DF0A1FB46F633
:10CA10002810C2F2000001780F291AD846F62C71AE
:10CA200046F62A1CC2F20041C2F2000C66230A78C4
:10CA30000CF802300A7801320A700A78102A01D301
:10CA400000220A70017801310170BDE880400DF0CC
:10CA5000A7BB46F62870C2F20040016801310160B0
:10CA6000BDE880400DF09CBB80B50DF071FB46F633
:10CA70002810C2F2000001780F291AD846F62C714E
:10CA800046F62A1CC2F20041C2F2000C36230A7894
:10CA90000CF802300A7801320A700A78102A01D3A1
:10CAA00000220A70017801310170BDE880400DF06C
:10CAB00077BB46F62870C2F2004001680131016080
:10CAC000BDE880400DF06CBB80B50DF041FB46F633
:10CAD0002810C2F2000001780F291AD846F62C71EE
:10CAE00046F62A1CC2F20041C2F2000C49230A7821
:10CAF0000CF802300A7801320A700A78102A01D341
:10CB000000220A70017801310170BDE880400DF00B
:10CB100047BB46F62870C2F200400168013101604F
:10CB2000BDE880400DF03CBBECB004F0F1FA0CF035
:10CB300027FF0DF1B00A07460AF1600002900AF1E2
:10CB40004C00019046F25410B0EE089AC2F2000078
:10CB5000B1EE04AA46F628160438109046F23420A6
:10CB600045F2E429C2F200064FF0000B9FED6D8AFA
:10CB7000C2F20000C2F200094FF001080438009030
:10CB800002E008F005F9A9E00CF0FAFE0546C01B2A
:10CB90000A2802D304F0E8FA2F4607F069FA0DF0EC
:10CBA000D7FA3478CCB146F6291146F62A12C2F2E9
:10CBB0000001C2F200020878105C1690087801307B
:10CBC00008700878102805D346F62910C2F2000034
:10CBD00080F800B03078013830700DF0E1FA002CA8
:10CBE00000F07C801698C0B2352840F37F8036383C
:10CBF000302800F27380DFE810F0750071007100DA
:10CC0000710071007100710071007100710071009C
:10CC10007100710071007100710097007100710066
:10CC200031007100710071007100710071007100BC
:10CC30007100710071007100710085007100710058
:10CC4000710071007100710071007100710071005C
:10CC500071007100710071007100FF0117AC40217B
:10CC60002046F3F7CEFC504605F0D6FA9DF8B0000A
:10CC70009DF8B5108DF85C00BDF8B100ADF85D0011
:10CC80002E9818902F98199030981A9031981B90E0
:10CC900032981C9033981D9035981E9037981F90AD
:10CCA000399820903A9821903B9822903C98239074
:10CCB0003D982490369825909DF8B3008DF85F102C
:10CCC0009DF8B4108DF89800BDF8B6008DF8991055
:10CCD0004022ADF89A004920214652E705200CF089
:10CCE0003FFE51E7362007F0D7FFF7E7062800F0B0
:10CCF000C181162800F0F3812628EFD1262007F005
:10CD0000CBFFEBE7452117A8F3F77BFC0DF020FAEA
:10CD100044F2EC50C2F200400078002800F0488253
:10CD200001204EE20AD7233CFD215046F3F769FC6F
:10CD300007F09EF905208DF8B00099F804008DF8F1
:10CD4000B10099F805008DF8B20099F806008DF849
:10CD5000B30099F807008DF8B40099F808008DF831
:10CD6000B50099F814008DF8B60099F815008DF803
:10CD7000B700D9F80C002E90D9F810002F90D9F8F0
:10CD800038003090D9F83C003190D9F8400032900A
:10CD900099F844008DF8CC0099F84700ADF8CEB072
:10CDA0008DF8CD00D9F890003490D9F894003590E2
:10CDB000D9F898003690D9F89C003790D9F8A0009F
:10CDC0003890D9F8A4003990D9F884003A90D9F86D
:10CDD00088003B90D9F88C003C90D9F878003D90C1
:10CDE000D9F87C003E90D9F880003F9099F85A001D
:10CDF0008DF80E0199F809008DF80F0199F81001CE
:10CE00008DF8100199F812018DF8110199F81101AE
:10CE10008DF8120199F813018DF8130199F8140196
:10CE20008DF8140199F815018DF8150199F817017D
:10CE30008DF8160199F818018DF8170199F81D0160
:10CE40008DF8180199F81E018DF8190199F81A0149
:10CE50008DF81A0199F81B0199F81C1199F81621FF
:10CE60000028A2F1010218BF0120B2FA82F20029C3
:10CE700018BF0121520940EA4100514640EA8200B0
:10CE80008DF81B01D9F820014790D9F8240148906A
:10CE900099F85801FD228DF8240199F859018DF86F
:10CEA000250199F85A018DF8260199F85B018DF852
:10CEB000270199F85C018DF82801D9F860014B90A1
:10CEC000D9F864014C90D9F868014D90D9F86C01FB
:10CED0004E9099F8C4018DF83C0199F8C9018DF87C
:10CEE0003D0199F8CB018DF83E0199F8CA018DF802
:10CEF0003F01D9F8CC015090D9F8D0015190D9F820
:10CF0000D4015290D9F8E8015390D9F860005490B8
:10CF1000D9F864005590D9F868005690D9F86C009B
:10CF20005790D9F870005890D9F87400599099F832
:10CF3000C8008DF8680199F8C9008DF8690199F861
:10CF4000CA008DF86A0199F8CB008DF86B0199F849
:10CF5000CC008DF86C0199F8CD008DF86D0199F831
:10CF6000CE008DF86E0199F8CF008DF86F01D9F8D9
:10CF7000E0005C90D9F8E4005D90D9F8E8005E909C
:10CF8000D9F8EC005F90D9F8F0006090D9F8F4007F
:10CF90006190D9F8F8006290D9F8FC006390D9F854
:10CFA000D4006490D9F8D800659099F8DC008DF829
:10CFB000980199F8DD008DF8990199F8DE008DF857
:10CFC0009A0199F8DF008DF89B0199F815018DF809
:10CFD0009E0199F80A008DF89F01D9F80001689028
:10CFE000D9F804016990D9F808016A9099F80C0100
:10CFF0008DF8AC014620C4E5CDE92CBBCDE92EBBB4
:10D00000CDE930BBCDF8C8B00DF0A2F845F2C8218B
:10D01000C2F2000108681790486818908868199053
:10D02000C8681A9008691B9048691C9088691D900F
:10D030000DF0B6F81798CDF8B1009DF868008DF89E
:10D04000B0808DF8B50017A805F022F88DF8B6006D
:10D050009DF869008DF8B70018982E9019982F90B8
:10D060001D9830901B9831901C98329066201C229D
:10D07000514686E544F2EC5044F63461C2F2004079
:10D08000C2F2000100788DF8B00040F20400C2F254
:10D090000000007809788DF8B10040F2E010C2F28B
:10D0A00000008DF8B4100421109A00788DF8B200B9
:10D0B00000208DF8B30000BF52F81C3F322B88BF10
:10D0C00001300139F8D18DF8B5000AF0A1FD8DF8D5
:10D0D000B60006208DF8B7B00822514651E51597E5
:10D0E0000DF036F845F2A410C2F20000067841684F
:10D0F00047780E9181680F91C16811910169129171
:10D1000041691391D0E908A10691D0F8C0100A91A5
:10D11000D0F8C4100B91D0F8C8100C91D0F8CC10F6
:10D120000D91D0F8E010059190F80C11D0E9065B54
:10D1300090ED3CDA90ED3DCA90ED3EBA0791D0F803
:10D14000E4100891D0F8E80009900DF029F817A82C
:10D15000FEF732F800240420109900BF51F81C2F6C
:10D16000322A88BF01340138F8D1012F149502D139
:10D1700010200821C3E1B0EECD0AB4EE480AF1EE6A
:10D1800010FA00F3BA81B0EECC0A10200021B4EE00
:10D19000480AF1EE10FA00F3B281B0EECB0A00209B
:10D1A000B4EE480AF1EE10FAC8BF01200001A6E172
:10D1B00040F20400C2F200000078B0FA80F04009AA
:10D1C000400090220128129005D145F204015046FA
:10D1D000C2F2000104E045F228315046C2F200419B
:10D1E000F3F7DDF90CF0DCFFDDE934600021019A92
:10D1F000002500BF92ED010A08FA01F392ED071A2B
:10D20000013131EE400A0432B0EEC00AB4EE490AF0
:10D21000F1EE10FAD8BF1D430429EBD19DF8C910D7
:10D22000B0EB060A4FF00000159738BF824611F0A8
:10D2300003014FF0000408BF0321029A0AE000BF77
:10D2400008FA00F70130002B02F1040218BF3C433A
:10D25000012825D1CB0703D101230229F0D310E007
:10D2600092ED000A002392ED061A31EE400AB0EE6C
:10D27000C00AB4EE4A0AF1EE10FAD8BF012302291F
:10D28000DED392ED000A92ED081A31EE400AB0EEBC
:10D29000C00AB4EE4A0AF1EE10FAC8BF0023CFE785
:10D2A00005F00F001396B0F10F07E0B218BF012789
:10D2B000B0F1030B18BF4FF0010B9DF8B0009DF8C3
:10D2C000B4109DF8B82006469DF8B930B1FA81F146
:10D2D000002818BF012616384FEA511118BF012047
:10D2E000D2B23040002A00EA010018BF0122D9B2B0
:10D2F0009DF8BB30002940EA020018BF0121DAB2D4
:10D300009DF8C1300843002AD9B29DF8C43018BF37
:10D310000122DBB2002918BF0121002B40EA0200E4
:10D3200018BF012308431843384380F001001190CF
:10D330002CA802F0E5FD9DF8C4609DF8B8209DF88A
:10D34000B9300D96002E4FEA8B0118BF0126002A36
:10D350000C9218BF0122002B0B9318BF0123002849
:10D3600041EA470118BF01209DF8C1809DF8B5E052
:10D3700008449DF8BB1040EAC600149140EA02112F
:10D380009DF8B2209DF8B3709DF8BEC09DF8B00026
:10D390008DF85D209DF8B4200E978DF85E7041EAFF
:10D3A000431B00270623009E0F908DF85C00129906
:10D3B0000A928DF85F208DF860E08DF8611000BF53
:10D3C00056F81C1F322988BF0137013BF8D16FF096
:10D3D0000202614652FA84F2BCF1000FB2FA82F204
:10D3E00018BF012152091198104046F254124FEA19
:10D3F0008116C2F2000218BF4BF0800B139900296E
:10D4000008BF8A46149951EA080118BF4026D2F88D
:10D410008810D2F8A420322988BF0137322A88BF69
:10D4200001379DF8C210BEF1000F8DF863104FEA6E
:10D430001A218DF865104FEA1A418DF866104FEAEF
:10D440001A618DF8671035991A9146991B91479981
:10D450001C9148991D9149991E9140991F9141999C
:10D46000209142992191439922914E9923914F996C
:10D47000249144992591459926919DF8B6108DF8EF
:10D4800062708DF864A08DF89C104BEA06018DF84F
:10D490009D108DF89E508DF89F4014D046F62816AA
:10D4A00004270DF1B00AC2F200064FF0000B4FF056
:10D4B00001085620452217A98DF8A07007F068FCD6
:10D4C000159FFFF70BBC0F9A46F628164346172AFE
:10D4D0000DF1B00AC2F200064FF0000B4FF0010848
:10D4E00003D0162A03D10327E3E70427E1E7BCF1C1
:10D4F000000F00F085810527DBE710200021CDE932
:10D5000003100AF085FB40F2E0110023C2F2000193
:10D510001DEE105A5FFA84FE0A780021002A18BF17
:10D520000122042E38BF0121032E88BF01238DF86C
:10D53000B0601CEE106A9B009DF8A0C043EA410158
:10D54000BB1EB3FA83F38DF8B1705B098DF8B4504C
:10D550002F0A8DF8B5702F0C8DF8B67041EA43177D
:10D560000023290E8DF8B710310A8DF8B910310C4F
:10D570008DF8BA1061461BEE105ABCF1000F18BFAF
:10D580000121BEF1030F8DF8B8604FEA16668DF8E1
:10D59000BB6088BF01232E0A8DF8BD602E0C8DF86C
:10D5A000BC5047EAC3138DF8BE602D0E8DF8BF50F6
:10D5B0004FEA1B258DF8C1504FEA1B458DF8C2502C
:10D5C000039D069E2B434FEA1B658DF8C3504FEA1F
:10D5D0001A258DF8C5504FEA1A458DF8C650049D9E
:10D5E0002B434FEA1A658DF8C750350A8DF8C9509C
:10D5F000350C8DF8CA501A43059D330E8DF8CB308B
:10D600002B0A8DF8CD302B0C42EA81128DF8CC50CC
:10D61000290E089D8DF8CE30631E8DF8CF10290A93
:10D620008DF8D110290C8DF8D21007998DF8C0B063
:10D6300000298DF8C4A00DF1B00ADBB28DF8C860E6
:10D640008DF8B2104FF0000B18BF0121099C032B7D
:10D650004FEA15638DF8D3304FEA14238DF8D53097
:10D66000BEFA8EF30A9E4FEA53138DF8D0504FEA5C
:10D6700014478DF8D6704FEA14678DF8D7704FEACB
:10D6800016278DF8D9704FEA16478DF8DA704FEAF1
:10D69000C3030B9F43EA81018DF8DC704FEA1663E8
:10D6A0008DF8DB304FEA17238DF8DD304FEA174352
:10D6B0008DF8DE304FEA17630C9F8DF8DF304FEAAC
:10D6C00017238DF8E1304FEA17438DF8E2304FF021
:10D6D00000038DF8D4408DF8D86038BF01238DF851
:10D6E000050100F0010041EA03110D9EBCFA8CF324
:10D6F00008445B090E998DF8081140EA43008DF843
:10D700000701080A8DF80901080C8DF80A01080EB6
:10D710000F998DF80B01080A8DF80D01080C8DF892
:10D720000E01080E8DF80C1111998DF80F01080AE1
:10D730008DF81101080C8DF81201080E8DF81011EA
:10D7400012998DF81301080A8DF81501080C8DF84F
:10D750001601080E8DF8141113998DF81701080A97
:10D760008DF81901080C8DF81A01080E8DF81811A2
:10D7700014998DF8E0703F0E8DF8E370370A8DF83C
:10D78000E4608DF8E570370C8DF8E670370E8DF893
:10D79000E770DDE917763A97199F3C971B9F3E97F4
:10D7A0001C9F3F971D9F8DF8062170228DF81B014D
:10D7B000080A8DF81D01080C8DF81E01080E8DF861
:10D7C0001C1151468DF81F0116203B961A9E3D965E
:10D7D0003E0A8DF801613E0C8DF802618DF804C19E
:10D7E0008DF800713F0E8DF803718DF8B3B007F01E
:10D7F000CFFA46F62816159FC2F20006FFF76EBA5A
:10D800000E990227002904BF9DF8C31000297FF458
:10D8100050AE0D99002904BF0C9900297FF449AE40
:10D820000B99002904BF9DF8BA1000297FF441AE7E
:10D830001499002908BF002B7FF43BAE9DF8BC1063
:10D8400000297FF436AE0A990746090608BF022769
:10D85000002A08BF07462CE6A0F1090111F1080FC4
:10D8600038BF704710B500EB80006FF04F0101EB3F
:10D87000001446F22030C2F20000204400F0CCF840
:10D8800045F27870C2F200402044BDE8104000F03C
:10D89000C3B8000000000000A0F1090111F1080F59
:10D8A00038BF704710B500EB80006FF04F0101EBFF
:10D8B000001446F2A050C2F20000204400F0ACF880
:10D8C00045F6F810C2F200402044BDE8104000F0D8
:10D8D000A3B8000000000000D0B380ED080A30EECD
:10D8E000C00A017890ED111A90ED122AC0ED070AD6
:10D8F000012980ED110A80ED121A80ED132A2AD039
:10D90000002975D190ED025A30EE411A90ED0C4A83
:10D9100090ED012AA5EE004A90ED036A20EE022A5E
:10D9200090ED063A21EE060A80ED0B2AD0E90E2191
:10D93000C0E90F21B4EE434A80ED0C4AF1EE10FA33
:10D9400080ED0E1A80ED0D0A30DD80ED0C3A36E0E8
:10D950009FED2F0A7047B8EE003A90ED025A30EE74
:10D96000414A20EE055AA1EE030A90ED011AD0E9D2
:10D970000E2180ED0C5AC0E90F2132EE002A24EE70
:10D98000010A90ED031A80ED0B0A22EE013A80EDB8
:10D990000E2A30EE051A90ED0A0A80ED0D3A31EEAE
:10D9A000031A30EE010A90ED051A18E0B1EE433A81
:10D9B000B4EE434AF1EE10FAB8BF80ED0C3A90EDA8
:10D9C0000C1A32EE011A90ED042A20EE822A80ED24
:10D9D000092A30EE010A90ED051A32EE000AB4EE83
:10D9E000410A80ED0A0AF1EE10FA04DD80ED0A1A10
:10D9F00090ED0A0A7047B1EE411AB4EE410AF1EE19
:10DA000010FAB8BF80ED0A1A90ED0A0A704700BFFD
:10DA10000000000000000000002808BF704780B52B
:10DA200000F128020021C161016228211046F2F7AD
:10DA3000E8FD80BD000000002DE9F04F81B02DED24
:10DA40000C8B40F2D80945F2787A40F28C1B46F2F2
:10DA5000A05540F2F80645F6F81840F2AC1700243D
:10DA6000C2F200499FED788A9FED789AC2F2004A8F
:10DA7000C2F2000B9FED76AA9FED76BAC2F20005C6
:10DA8000C2F20046C2F20048C2F200079FED72CA1D
:10DA900046F22030B0EE480AF0EE490AC2F2000029
:10DAA000204400214A4600F0E3F8B0EE4A0AF0EEC6
:10DAB0004B0A0AEB040000215A4600F0D9F8B0EEF8
:10DAC000480AF0EE490A28190021324600F0D0F841
:10DAD000B0EE4C0AF0EE4B0A08EB040000213A4687
:10DAE00000F0C6F85034B4F5A07FD1D146F2203012
:10DAF00008F5A074C2F2000040F2D80840F28C1978
:10DB000040F2AC1B05F5A0750AF5A07600F5A077EC
:10DB10004FF0040AC2F200489FED4B8A9FED4B9AEA
:10DB2000C2F200099FED4AAAC2F2000B9FED49BA6A
:10DB30009FED4ACA9FED48DA1FE000BFB0EE480AE9
:10DB4000F0EE490A40F2F8022846C2F2004200F024
:10DB50008FF8B0EE4D0A002120465A46F0EE4B0AEF
:10DB600000F086F80AF1010A50345035BAF1080F76
:10DB700006F1500607F1500742D0B0EE480AF0EE29
:10DB8000490A00213846424600F072F8B0EE4A0ACF
:10DB9000F0EE4B0A002130464A4600F069F80AF0E0
:10DBA000060000210428C9D1B0EE480AF0EE490A67
:10DBB00040F298023846C2F2004200F059F8B0EE46
:10DBC0004C0AF0EE4B0A40F24C1200213046C2F2F1
:10DBD000000200F04DF8B0EE480AF0EE490A40F2BB
:10DBE000B80200212846C2F2004200F041F840F29B
:10DBF0006C1200212046C2F20002B0EE4C0AADE7E2
:10DC000045F678404BF62822C2F20040C0F60102E9
:10DC10009FED130A0021DFED130A00F029F845F605
:10DC2000C8404BF63822C2F20040C0F601029FED18
:10DC30000E0A0021DFED0D0ABDEC0C8B01B0BDE832
:10DC4000F04F00F015B800BF00401C460080BB45F7
:10DC500000007A440000964300803B450040834525
:10DC6000000034430000A0420000B44300007042B2
:10DC7000002818BF002A00D1704780B501701168D4
:10DC80004160516881609168C160D168016180ED37
:10DC9000050A2821C0ED060A2830F2F7B2FC80BD43
:10DCA00010B5C0EBC00146F25412C2F2000200EB04
:10DCB000800002EB810146F22032C2F20002F0EE57
:10DCC000400A31F91A1C02EB0014A4F1500001EED5
:10DCD000101AB8EEC11AB0EE410AFFF7FDFD14EDBF
:10DCE0000A0A10BD0000000010B5C0EBC00146F2EA
:10DCF0003422C2F2000200EB800002EB810146F206
:10DD0000A052C2F20002F0EE400A31F91A1C02EBF6
:10DD10000014A4F1500001EE101AB8EEC11AB0EED2
:10DD2000410AFFF7D9FD14ED0A0A10BD00000000FA
:10DD3000EFF30980BFF36F8F154B1A681EF0100FB9
:10DD400008BF20ED108A20E9F04F10602DE909008E
:10DD50004FF0500080F31188BFF34F8FBFF36F8FE8
:10DD60000CF00EFC4FF0000080F31188BDE80900B4
:10DD700019680868B0E8F04F1EF0100F08BFB0EC4B
:10DD8000108A80F30988BFF36F8F704700BF00BF10
:10DD90002068002000000000002808BF704770B510
:10DDA0000446002020706080C4E90500A062206263
:10DDB000A08494F83C0084F82C00204600F054FE27
:10DDC000A07994F800E094F801C00146A3780028F7
:10DDD00018BF0121042808BF0231032808BF0431FD
:10DDE000082805D80122824012F4837F18BF083129
:10DDF0001D467646B0FA80F2002B18BF0125BEF111
:10DE0000000F4FEA521218BF0126BCF1000F02EAC0
:10DE1000050218BF0236002B18BF0436002808BFC1
:10DE20000836D207324618BF42F01002BEF1000F8A
:10DE300008BF3246052808BF1031072808BF203127
:10DE400022716171BDE87040704700000000000061
:10DE5000002808BF704770B50446007810B9204606
:10DE600000F002FE00202084C4E90500A084A06226
:10DE700094F83C0084F82C0001202070F8F7B8FDDD
:10DE8000024640F2011060840121204600F050FD5E
:10DE900000281CBF4FF480606080A07994F800E0F7
:10DEA00094F801C00146A378002818BF0121042876
:10DEB00008BF0231032808BF0431082805D8012211
:10DEC000824012F4837F18BF08311D467646B0FAAF
:10DED00080F2002B18BF0125BEF1000F4FEA52124D
:10DEE00018BF0126BCF1000F02EA050218BF023676
:10DEF000002B18BF0436002808BF0836D207324668
:10DF000018BF42F01002BEF1000F08BF32460528CC
:10DF100008BF1031072808BF203122716171BDE8A8
:10DF20007040704700000000002800F08680B0B507
:10DF3000A4B0054668460C4605F046FC9DF80C006A
:10DF40009FED3F0A9DF83C10B0EE403A9DF86C20E2
:10DF5000002818BF0120002918BF0230002A18BF6E
:10DF600004309DED132AC1079DED1F1A21D09DEDB0
:10DF7000073A9FED344AB4EE443AF1EE10FA08DD68
:10DF80009FED315A33EE053AB4EE443AF1EE10FA11
:10DF9000F8DC9FED2E4AB4EE443AF1EE10FA08DABE
:10DFA0009FED2B5A33EE053AB4EE443AF1EE10FAF7
:10DFB000F8DB85ED003AB0EE403A810727D59FEDBA
:10DFC000253A82EE032A9FED243A32EE033A9FED82
:10DFD0001D2AB4EE423AF1EE10FA08DD9FED1A4A1E
:10DFE00033EE043AB4EE423AF1EE10FAF8DC9FED6B
:10DFF000172AB4EE423AF1EE10FA08DA9FED144A0D
:10E0000033EE043AB4EE423AF1EE10FAF8DBBEEE2B
:10E01000002A9FED124A042801EE024A38BFB0EEF2
:10E02000404A85ED013A002C85ED024A18BF207068
:10E03000002818BF012024B0B0BD0020704700BFE9
:10E0400000000000DB0F4940DB0FC9C0DB0F49C0F7
:10E05000DB0FC940ABAAEA3F42150FC052352A3F39
:10E06000002818BF002900D17047B0B5A4B090E8CF
:10E070001C1081E81C1002690A61027D01F1380759
:10E080000A75427D4A75827DC37D8A75CB7582692A
:10E090008A61C269CA61D0E915CED0E91742D0E9D8
:10E0A0001935C1E90C3500F16C05C1E90A42C1E935
:10E0B00008CE00F1780E2CCD9EE810502CC701F14F
:10E0C000440201F1500382E8105000F1840C7422E4
:10E0D00018460C466146F2F762FA684605F074FB92
:10E0E0000798C4F8C4009DF80C001399C4F8C81030
:10E0F0009DF83C1000289DF86C2018BF01200029D5
:10E100001F9918BF0230002AC4F8CC1018BF043081
:10E1100084F8D00024B0BDE8B04070470000000093
:10E12000002808BF704770B504460025C0E90055B7
:10E13000C0E90255C0E9045585614FF4FA50E06129
:10E14000A56284F82C50C4E90C55A5632562A5840A
:10E1500005F072FC46F61C10C2F20000057046F68F
:10E160001810C2F20000056004F1F80005F00CF888
:10E1700040F6922043F25251CBF60670206441F2F1
:10E180004250C3F62A71CCF20F0084F83C50C4E927
:10E1900012014FF48070A4F850002046656400F02E
:10E1A00063FCA07994F800E094F801C00146A278DD
:10E1B000002818BF0121042808BF0231032808BF26
:10E1C0000431082805D80125854015F4837F18BF40
:10E1D000083113467646B0FA80F5002A18BF0123AD
:10E1E000BEF1000F18BF0126BCF1000F18BF0236A8
:10E1F000002A4FEA551218BF0436002802EA03022B
:10E2000008BF0836D207324618BF42F01002BEF1EE
:10E21000000F08BF3246052808BF1031072808BF85
:10E22000203122716171BDE870407047000000002C
:10E23000F0B581B02DED028B84B0024600284FF07E
:10E2400000008DF803005DD0B5EE400AF1EE10FA43
:10E2500058DB022901A806D116460C46B0EE408ACA
:10E26000051D012708E003294BD1B0EE408A164670
:10E270000C4600F1080502270DF10301FFF754FEDB
:10E2800000283ED09DF80300F840C00739D006EBC7
:10E29000870095ED001AB0EE480A022C90ED262A70
:10E2A00031EE421A1FD19FED1A2AB4EE421AF1EE56
:10E2B00010FA08DD9FED173A31EE031AB4EE421A58
:10E2C000F1EE10FAF8DC9FED142AB4EE421AF1EEEA
:10E2D00010FA08DA9FED113A31EE031AB4EE421A41
:10E2E000F1EE10FAF8DB9FED0E2AB0EEC11A20EE27
:10E2F000020A0020B4EE401AF1EE10FAD8BF012055
:10E3000000E0002004B0BDEC028B01B0F0BD00BF06
:10E31000DB0F4940DB0FC9C0DB0F49C0DB0FC94031
:10E3200035FA8E3C0000000040B1017831B18178AF
:10E3300021B18079B0FA80F0400970470020704721
:10E340002DE9F0472DED028BB0B04FF000038DF8B2
:10E35000BF30E0B1B0EEC01A9FEDC12AB4EE421A50
:10E36000F1EE10FA09DC022938D0032905D1B0EE0C
:10E37000408A17460725022635E0017849B14778DB
:10E380003FB190F88470B7FA87F77F0902E0012067
:10E3900094E000274678436190F83C50836100295F
:10E3A000836218BF0121C0F82230002E80F82C5063
:10E3B0004FF00303C37140F20233A0F8843018BF5A
:10E3C00002318260042267F38201C270877001719A
:10E3D00040F20921A0F8051002206FE0B0EE408A5B
:10E3E000174606250126C16C2E91816C2D9182461F
:10E3F000406C2C9029A80DF1BF01FFF795FDB0EE00
:10E40000480A394688B19DF8BF00002229AB2CAFDD
:10E4100020FA02F40132E4071CBF1C683C60032AA6
:10E4200003F1040307F10407F2D12CA89FED8D2A14
:10E4300000EB860257460AEB860092ED001AA0EE2A
:10E44000021A90ED3E0A82ED001AB4EE401AF1EE87
:10E4500010FA06DB90ED410AB4EE401AF1EE10FA24
:10E4600031DD3A7800203AB17B782BB197F88430CF
:10E47000B3FA83F35B0900E0002397F83C607C78F3
:10E48000C7E90500B862002AC7F822004FF004006F
:10E4900087F82C60FD7187F8840018BF012287F887
:10E4A0008550002CB96040F2034118BF0232F87069
:10E4B00063F38202BB703A71A7F8051030B0BDEC6F
:10E4C000028BBDE8F08717F8540F0D4679782CAA17
:10E4D0000CAB04F0A5FE48B19DF83120064650462D
:10E4E00031462B4600F0C4F93046E7E79DED0E0AB1
:10E4F0009AED451A5046B4EE410AF1EE10FA06DBE9
:10E5000090ED461AB4EE410AF1EE10FA06DD05214F
:10E510000A222B4600F0ACF90520CFE790F83C101A
:10E520004FF00008C0E90588C0F828801D9AC0F89F
:10E5300022804FF0010980F82C103868009078682C
:10E540000190B8680290F86803903869049078697F
:10E550000590D7E908010991B9690890F869CDE9F2
:10E5600006109DF8320001929DF833108DF80000DE
:10E570008DF801101E9A02921F9A03920A92109A25
:10E580000B929DF834208DF8250050468DF826100A
:10E5900069468DF811908DF812208DF8248000F0D6
:10E5A000C3FA0098386008993962099979620A9922
:10E5B000B9620B99F962019979600298B860039980
:10E5C000F960049838610599796106987422079971
:10E5D000C7E906010AF184000CA9F1F7E0FF9AF8F7
:10E5E00000108AF80190CAF808500222AAF80680A2
:10E5F00000298AF8032018BF01219AF888208AF898
:10E6000020908AF80210DAF88C108AF83C20119ACF
:10E61000CAF840101299CAE911219AF85410139AB5
:10E62000CAF84C2001298AF8216003D19AF85510C4
:10E630008AF85110504601F057FA9AF802105046E5
:10E6400051B101219830B14000F0A6F85046DAF8F7
:10E6500010100131CAF8101001F002FA00202DE765
:10E66000FFFF7F7F35FA8E3CA8B170B5B0EEC00ACF
:10E670009FED2A1A0378B4EE410AF1EE10FA0CDD90
:10E68000DBB142784FF0090C4FF0030E002A4FF037
:10E6900002020CD11CE001207047A3B142784FF078
:10E6A000210C4FF0090E002A4FF0070210D090F80D
:10E6B0008440B4FA84F464090BE04FF0090C4FF085
:10E6C000030E022204E04FF0210C4FF0090E072246
:10E6D000002400258562C0E9055590F83C60C0F82B
:10E6E0002250457880F82C608271002B80F807E07A
:10E6F00018BF012380F88420002D80F885E018BF22
:10E7000002338160042164F38203C1708470037159
:10E7100080F805C0BDE8704010467047FFFF7F7F5E
:10E72000B8B310B501784FF0000C41B1437833B164
:10E7300090F88430B3FA83F34FEA531E01E04FF0B0
:10E74000000E4378C0F814C090F83C40C0F818C0E0
:10E750000029C0F828C018BF0121C0F822C0002B32
:10E7600080F82C404FF00903C37140F60713A0F85E
:10E77000843018BF0231826004226EF38201C270BD
:10E7800080F802E0017140F22171A0F80510072025
:10E7900010BD01207047000010B52DED068BB6B0FE
:10E7A00090ED010A9FED2E2A90ED021A30EE020A3A
:10E7B0009FED2D2A90ED00AA32EE411A9FED292AF5
:10E7C000684620EE028A0C4631EE019A04F0FCFF06
:10E7D0009DF80C009DED070A00069DED131A0AFE38
:10E7E000000AE0079DF83C0000FE0A0A000608FE49
:10E7F000011AA1074FF07C5126914FF07F512C91C7
:10E800009DF86C104FF000008DF890008DED250AFA
:10E81000279058BFB0EE418A09069DED1F0A09FEF8
:10E82000000A2890299061078DF8A8004FF08041D8
:10E830008DED2B8A2D902E9058BFB0EE409A2F90E0
:10E840008DF8C000CDE93210CDE9340024A88DED5B
:10E85000319A05F005FA36B0BDEC068B10BD00BF4D
:10E8600042150F40ABAAEA3F52352A3F0000000094
:10E87000B0B590F800C00025BCF1000F08D0447876
:10E8800034B190F88440B4FA84F44FEA541E01E0A5
:10E890004FF0000E90F83C40C27180F885200422B1
:10E8A000C2700A46C0E9055585620029C0F82250A9
:10E8B00080F82C404478817180F88410836018BF00
:10E8C0000122042908BF0232032908BF04320829A3
:10E8D00080F802E005D801238B4013F4837F18BF32
:10E8E00008326346BCF1000F18BF0123002C18BF8B
:10E8F0000233B1FA81F400296EF382034FEA541413
:10E9000008BF083304EA0E05ED071D4618BF103591
:10E91000BCF1000F08BF1D46052908BF10320729AA
:10E9200008BF2032057142710846B0BD00000000EA
:10E930002DE9F0478AB00446894600208DF803008F
:10E94000606C0490A06C0590E06C069001A80DF13D
:10E9500003019046FFF7E8FA88B19DF80300002113
:10E9600001AA04AB20FA01F70131FF071CBF1768A9
:10E970001F60032902F1040203F10403F2D1B9F18B
:10E98000010F04D194F83C700498079001E000272F
:10E9900007974AF6F82004F18403CBF6106008903C
:10E9A00043F2525007AAC3F62A70099000200021B2
:10E9B0004FF0000A04F034FC94F88510E171D4E9BA
:10E9C0003212A165D4F8D010C4E91721079A84F84F
:10E9D0008870C4E91F1221464FF00102A07151F85E
:10E9E000443F01F1240C11F8085CA4F854A084F809
:10E9F000652084F86670A4F878A084F87AA081F87D
:10EA00002050D1E901568CE8680051F8043C0B63B2
:10EA100001F8432C41F83C8C38B1A4F822A04FF403
:10EA2000806161800AB0BDE8F08784F822202278F6
:10EA300084F823900223002AE37018BF012284F88F
:10EA40003C70A270D4F88C202264D4F898200A601C
:10EA5000D4F89C204A60D4F8A0208A600AB0BDE8AF
:10EA6000F08700000000000070B50546044600264F
:10EA700041F2425045F8446F43F25251CCF20F003C
:10EA8000C3F62A71C5E9010140F6922005F1400262
:10EA9000CBF6067045F8040C0020294605F8086CF2
:10EAA00004F0B6FB2E82EE634FF00101A5F82110B1
:10EAB000AE8685F8366040B1E6674FF00041A1654B
:10EAC0004FF07E51C4E9171609E0D4F8D010E16781
:10EAD000D4F8C820A265D4F8CC20C4E9172194F852
:10EAE0003C10032284F86410216C6167211F00BF71
:10EAF0008B6C013ACB6601F10401F9D194F87810DE
:10EB000031B9002184F8791094F8551084F87A10FE
:10EB1000A07194F88500E0710120A4F801000020A4
:10EB2000E07070BD00000000B9B190F83C2000F129
:10EB3000440C0A74026C0A62002200BF5CF80230C6
:10EB4000881804320C2A4361F8D191F82400002877
:10EB500018BF70470888A1F8250070470000000022
:10EB600002280A460DD0012818BF704741F2000064
:10EB70004FF40051C5F60200002A18BF0122F7F732
:10EB80002FBF10B52DED028B002A9FED130A9FEDCC
:10EB9000131A45F6806401FE002AC2F20004002127
:10EBA000204682FE011A9FED0F2A81EE000A9FED9A
:10EBB0000C1AA0EE012AB6EE000A32EE008AFBF72C
:10EBC0007FF82068BCEEC80A80ED0D0ABDEC028B10
:10EBD000BDE81040704700BF000034430000000053
:10EBE0000000FA440000FA43C0B310B501784FF0BA
:10EBF000000C41B1427832B190F88420B2FA82F22E
:10EC00004FEA521E01E04FF0000E4278C0F814C0E7
:10EC100090F83C40C0F818C00029C0F828C018BFC0
:10EC20000121C0F822C0002A80F82C404FF00902D0
:10EC3000C27140F60712A0F884204FF0040218BFFA
:10EC4000023183606EF38201C27080F802E00171CC
:10EC500040F22171A0F80510072010BD0120704777
:10EC6000C0B310B501784FF0000C41B1427832B119
:10EC700090F88420B2FA82F24FEA521E01E04FF07F
:10EC8000000E4278C0F814C090F83C40C0F818C09C
:10EC90000029C0F828C018BF0121C0F822C0002AEE
:10ECA00080F82C404FF00902C27140F60712A0F81C
:10ECB00084204FF0040218BF023183606EF382019A
:10ECC000C27080F802E0017140F22171A0F80510D5
:10ECD000072010BD012070470121002818BF002B1C
:10ECE00001D10846704710B50178DDF808C04FF033
:10ECF000000E39B142782AB190F88420B2FA82F23B
:10ED0000520900E000224378C0F814E090F83C403B
:10ED1000C0F818E00029C0F828E018BF0121C0F8A9
:10ED200022E0002B80F82C404FF00903C37140F61D
:10ED30000713A0F884304FF0040318BF0231C0F865
:10ED400008C062F38201017140F22171A0F8051040
:10ED50000721C3708270BDE810400846704700006C
:10ED600078B12DE9F04184B003290CD30178002358
:10ED7000C9B14778BFB190F88470B7FA87F77F09B7
:10ED800012E001207047037800278DF803708BB3E1
:10ED9000C678032E55D1417861B390F88410B1FA4A
:10EDA00081F1490927E000274678436190F83C50FB
:10EDB00083610029836218BF0121C0F82230002E30
:10EDC00080F82C504FF00803C37140F60803A0F8F8
:10EDD000843018BF02318260042267F38201C2705E
:10EDE0008770017140F60901A0F80510082004B0F1
:10EDF000BDE8F08100214678476190F83C5087617A
:10EE0000002B876218BF0123C0F82270002E80F803
:10EE10002C504FF00907C77140F60717A0F884700F
:10EE200018BF02338260042261F38203C2708170D2
:10EE300040F221710371A0F80510072004B0BDE86D
:10EE4000F08107461446426C064647F8302F884644
:10EE5000D7E90602C7E901020DF1030201A8114634
:10EE6000FFF762F8414680B19DF80300002201AB34
:10EE700020FA02F50132ED071CBF1D683D60032A30
:10EE800007F1040703F10403F2D100203062C6E960
:10EE90000500084686F82C1004F0A6F996ED0C1A29
:10EEA0009FED252A31EE401A3046B4EE421AF1EEBB
:10EEB00010FA0BDD9FED213A224600BF31EE031A16
:10EEC000B4EE421AF1EE10FAF8DC00E022469FEDB3
:10EED0001C2AB4EE421AF1EE10FA08DA9FED193A44
:10EEE00031EE031AB4EE421AF1EE10FAF8DBB0EE8E
:10EEF000C11A9FED152AB4EE421AF1EE10FA08DDA0
:10EF000040F201118184012100F022F804B0BDE833
:10EF1000F081042180ED0C0A00258584044600F070
:10EF200017F894F83C10A584A56284F82C1084F896
:10EF30003C8004B0BDE8F081DB0F4940DB0FC9C065
:10EF4000DB0F49C0DB0FC94035FA0E3D0000000061
:10EF50002DE9F0472DED028B90B00E460539C9B270
:10EF60009046FB2904460CD820780021002844D084
:10EF70006278002A41D094F88420B2FA82F25209D1
:10EF80003CE0D4E90D010391711E5FFA81F9029012
:10EF9000B9F1020F206B01902BD894ED460A9FED3A
:10EFA000BE1A30EE010A9FEDBD1A30EE010A9FED48
:10EFB000BC1AB4EE410AF1EE10FA08DD9FEDB92A51
:10EFC00030EE020AB4EE410AF1EE10FAF8DC9FEDE1
:10EFD000B61AB4EE410AF1EE10FA08DA9FEDB32A40
:10EFE00030EE020AB4EE410AF1EE10FAF8DB8DEDD4
:10EFF000020A022E28D100202CE0002263786161F1
:10F0000094F83C70A1610028A16218BF0120C4F8E7
:10F010002210002B84F82C704FF00301E17140F2B4
:10F020000231A4F884104FF0040118BF0230C4F874
:10F030000880022762F38200E170A270207140F222
:10F040000920A4F8050052E0F01EC0B2012805D83E
:10F0500094F82C0004F0C8F88DED010A94A1002268
:10F0600001AB9FED940A00BF981890ED001A0020A4
:10F07000B0EEC12AB4EE402AF1EE10FAD8BF01205A
:10F08000B4EE402AF1EE10FA1BDCA71897ED3E2AE9
:10F09000B4EE421AF1EE10FA0EDB97ED412AB4EE0F
:10F0A000421AF1EE10FA07DC043201310C2ADBD1EE
:10F0B0000022002740B915E00A780427002018B97B
:10F0C00010E00227032268B1254601AA15F8540F63
:10F0D00005F1300A6978534604F0A2F868B194F853
:10F0E00085200746204639464346FFF7C1FB384690
:10F0F00010B0BDEC028BBDE8F08794ED450A9FEDA2
:10F100006E1A30EE010A94ED238AB4EE408AF1EED5
:10F1100010FA0ADB94ED460A9FED681A30EE010AF8
:10F12000B4EE408AF1EE10FA2FDD2078002138B1DC
:10F1300062782AB19AF80020B2FA82F2520900E00D
:10F1400000226378616194F83C70A1610028A1629B
:10F1500018BF0120C4F82210002B84F82C704FF047
:10F160000A01E17140F60521A4F884104FF0040172
:10F1700018BF0230C4F80880052762F38200E170EE
:10F18000A270207140F211505BE728680490296951
:10F19000089168690990A9690A91E8690B90296A40
:10F1A000D4F8C820686A4FF0010ACDE90C1094F831
:10F1B0008600059294F887108DF810008DF81110D4
:10F1C000D4F8CC200692D4F8D020079200270E92D3
:10F1D000D4F894200F9294F82C208DF83500204616
:10F1E0008DF8361004A98DF821A08DF822208DF815
:10F1F0003470FFF799FC0C9828620D9868620E989D
:10F20000A8620F98E86204982860059868600698DC
:10F21000A8600798E86008982861099868610A98CA
:10F22000A8610B98E861207884F801A0C4F80880F0
:10F2300002210028E17018BF0120254684F82560CE
:10F24000A07094F8880084F83C0055F8980F60642A
:10F25000D4E92701C4E912012046E780A76284EDC2
:10F26000108A00F041FCA07888B140F202314FEAE8
:10F27000C900C0F20331B9F1040F38BF21FA00F719
:10F280002846F9B2FFF788FA20690130206120464C
:10F2900000F0E6FB00272AE7F9AA10BEDB0FC9BF82
:10F2A000DB0F4940DB0FC9C0DB0F49C0DB0FC94092
:10F2B00005060700FFFF7F7F17B7D1B817B7D13812
:10F2C000002808BF70474FF080728160C0E90521B7
:10F2D00000218162016290F83C20818401784378AA
:10F2E00080F82C200922C27100294FF4806218BFD7
:10F2F0000121002B428018BF0231017140F22171BF
:10F30000A0F8051070470000002808BF704710B52E
:10F3100082794FF440714180002113468162C0E937
:10F32000051101620478818490F801C090F83CE0F6
:10F33000002A18BF0123042A08BF0323032A08BF99
:10F340000433082A80F82CE005D80121914011F4FB
:10F35000837F18BF0833002C18BF0124BCF1000FB5
:10F3600018BF0234002A08BF0834052A08BF10332A
:10F37000072A08BF203304714371BDE8104070476D
:10F38000002808BF704780B58279002190F83C3092
:10F39000816280F82C301346C0E90511016290F8B3
:10F3A00000E0818490F801C0002A4FF4407118BF3A
:10F3B0000123042A08BF0323032A08BF0433082AB1
:10F3C000418005D80121914011F4837F18BF083393
:10F3D000BEF1000F18BF4FF0010EBCF1000F18BFB7
:10F3E0000EF1020E002A08BF0EF1080E052A08BF12
:10F3F0001033072A08BF203380F804E04371BDE8CA
:10F4000080407047000000002DE9F0472DED068B8D
:10F41000B8B0002800F0B982044690F822000DF13F
:10F42000240AE16038B1207810B1E078032815D1C2
:10F430000020608466E2207D002800F02F81207883
:10F440000022002800F006816378002B00F0028182
:10F4500094F88430B3FA83F35B09FCE0042800F0ED
:10F460005082A079002840F04C8294F82350002765
:10F4700001208846022D4FF0000608BF0527012D08
:10F4800008BF0627A070204600F02EFB94ED270A47
:10F490009FED642A94ED281A30EE020A9FED622A4D
:10F4A00002A832EE411A9FED612A20EE028A94ED05
:10F4B00026AA31EE019A04F087F99DF814008DF820
:10F4C00098609AED000A00069AED0C1A0AFE000AEE
:10F4D000F8079DF8440000FE0A0A000608FE011A1B
:10F4E000B8078AED1E0A4FF07C50289058BFB0EE46
:10F4F000418A9DF8740029969AED180A2A9600060A
:10F500004FF07F5009FE000A2E90681E2B968DF852
:10F51000B06002288AED248A4FF080402F96309602
:10F5200038BFB0EE490ACDE9340626A831968DF8E9
:10F53000C8608AED2A0ACDE9366604F091FB94F89A
:10F540002370B81E012FB0FA80F04FEA50152069E1
:10F5500008BF022501302061002D8DF8076000F002
:10F56000D5810DF198090DF107014846FEF7DCFC45
:10F57000002800F0CB819DF807002840A84240F009
:10F58000C581022F04F198061CD115F0010019D095
:10F5900002A804F019F99DF81400002800F0B681C3
:10F5A0009AED000A96ED001A30EE410A9FED201AFE
:10F5B000B0EEC00AB4EE410AF1EE10FA00F3A681F3
:10F5C00005F0020500209FED1A0A9FED1A1A9FED23
:10F5D0001A2A9FED1A3A9FED1A4A0BE0B0EEC55A6F
:10F5E000B4EE405AF1EE10FA00F390810130032896
:10F5F00000F0538125FA00F1C907F7D009EB80012B
:10F60000022806EB800291ED005A92ED006A35EE79
:10F61000465AE3D0B4EE415AF1EE10FA14DD35EE5D
:10F62000025AF7E742150F4052352A3FABAAEA3F8C
:10F6300035FA0E3DDB0F4940DB0FC9C0DB0F49C077
:10F64000DB0FC94035EE045AB4EE435AF1EE10FA1E
:10F65000F8DBC3E700236778626194F83C60A2613D
:10F660000028A26218BF0120C4F82220002F84F8CD
:10F670002C604FF00902E27140F60712A4F88420D2
:10F6800018BF0230A160042163F38200E170A3700F
:10F69000207140F22170A4F8050076E194F824006E
:10F6A00070B1207820B1607810B1E07803281ED1C5
:10F6B00094F83C100020A084A06284F82C1021E172
:10F6C00094F82010207849B128B1607818B1E0781A
:10F6D000032840F0EC8000202084F4E028B160781A
:10F6E00018B1E078032840F0E4800020EBE002AE9F
:10F6F00026AA30468846114600258DF89850FEF718
:10F7000013FC002850D094F825E040F20233C0F2F8
:10F710000333AEF10101CAB2D100032A23FA01F189
:10F7200088BF002140D8CAB29DF8983002EA030190
:10F73000914239D1C44604F1980300219FEDC30AD8
:10F740009FEDC31A9FEDC32A9FEDC33A9FEDC34AB5
:10F750000AE0B0EEC55AB4EE405AF1EE10FA23DCDE
:10F760000131032900F0168122FA01F7FF07F7D0D3
:10F7700006EB8107022903EB810097ED005A90ED1B
:10F78000006A35EE465AE4D0B4EE415AF1EE10FA72
:10F7900004DD35EE025AF7E735EE045AB4EE435A6B
:10F7A000F1EE10FAF8DBD4E7A562A079002840F06A
:10F7B000A880E078042800F0A4800120A0702046F2
:10F7C00000F092F994ED270A9FED9D2A94F82550B8
:10F7D00094ED281A30EE020A9FED9B2A32EE411A70
:10F7E00005F01F001E219FED972A21FA00F6032144
:10F7F00021FA00F702A820EE028A94ED26AA31EE43
:10F80000019A03F0E1FF9DF814004FF07C519AED4E
:10F81000000A4FF07F5200060AFE000AF8079DF822
:10F8200044000AFE001A052D38BFB0EE410A9AEDD9
:10F830000C1A000608FE011AF0074FF000008DF8C0
:10F8400098008AED1E0A01FE082A052DCDE9281030
:10F850002A9038BFB0EE421A9DF874102B909AEDA2
:10F86000180A8DF8B00000293090CDE92E2009FE4D
:10F87000000A31908DF8C8004FF08041CDE9341076
:10F88000CDE9360026A88AED241A8AED2A0A04F06A
:10F89000E7F920690130206138E094F8230001285D
:10F8A0001DD1022120464246FFF742F82EE00120FA
:10F8B00009E0A07920B994F88400002800F0958030
:10F8C00000200421E170A070204600F00DF92046D0
:10F8D00038B0BDEC068BBDE8F04700F0C1B8207829
:10F8E00094F88810002884F83C104FF00101216240
:10F8F0004FF00200E07004D0A079B0FA80F0400927
:10F9000000E00020A070204600F0EEF8A0792778F3
:10F9100094F801C0A5780146002818BF01210428E9
:10F9200008BF0231032808BF0431082805D8012682
:10F93000864016F4837F18BF08312B463A46B0FA4A
:10F9400080F6002D18BF0123002F4FEA561618BF6E
:10F950000122BCF1000F03EA060318BF0232002D9A
:10F9600018BF0432002808BF0832DB07134618BF4F
:10F9700043F01003002F08BF1346052808BF1031BD
:10F98000072808BF20312371617138B0BDEC068BA8
:10F99000BDE8F087BEF1010F1AD0BEF1030F27D0EA
:10F9A000BEF1020F26D1A06A002808BFC4F828C003
:10F9B000A06AACEB0000B0F5FA7FFFF4F6AEBEF142
:10F9C000030F15D0BEF1020F34D0BEF1010F11D1DB
:10F9D00094F83C000321022826D001282BD194F86A
:10F9E0002C20022A1ED1022125E00120022169E7F4
:10F9F000042120E02178002094F82C20A084002904
:10FA000084F83C204FF00201E17003D0A079B0FAF5
:10FA100080F04009A070204600F066F8204600F013
:10FA20001FF8B2E7022806D194F82C00012808BF7D
:10FA3000022100E0032120464246FFF789FAA4E7AD
:10FA400042150F40ABAAEA3F52352A3F35FA0E3D28
:10FA5000DB0F4940DB0FC9C0DB0F49C0DB0FC940DA
:10FA600070B5817990F800C090F801E00A4683787B
:10FA7000002918BF0122042908BF0232032908BF48
:10FA80000432082905D801248C4014F4837F18BF60
:10FA900008321D466646B1FA81F4002B18BF0125D5
:10FAA000BCF1000F18BF0126BEF1000F18BF0236CF
:10FAB000002B4FEA541318BF0436002903EA05034C
:10FAC00008BF0836DB07334618BF43F01003BCF10C
:10FAD000000F08BF3346052908BF1032072908BFA9
:10FAE00020320371427170BDB0B5A4B0017821B16C
:10FAF0008578002D18BF012500E0002546F61C146E
:10FB0000C2F2000420786DB160B90020002100220B
:10FB1000002304F059F803F09BFD01202070F6F754
:10FB200067FF29E0284001281FD1684603F04CFEFA
:10FB30009DF80C0018B1BDF80400012806D19DF80D
:10FB40003C0090B1BDF8340001280ED0F6F750FF0C
:10FB500046F61811C2F200010968411AFA2910D3B9
:10FB6000044603F075FD204606E055B9207840B103
:10FB700003F0CEFC0020207046F61811C2F20001FE
:10FB8000086024B0B0BD0000B0B52DED068B50B1BB
:10FB9000027808290AD3032A2FD9BDEC068BBDE8C9
:10FBA000B04001F025BEBDEC068BB0BD8A4211D03D
:10FBB00004460D46B0EE609AB0EE40AAB0EE418A1F
:10FBC00001F0D6FCB0EE481AB0EE4A0AF0EE490A4F
:10FBD00029462046CA0717D1B0EE408A9FED170A82
:10FBE000B0EE609A21EE000A0D460239044611F08B
:10FBF000FA0F11D001F0F4FC10E09FED110AF0EEC5
:10FC0000400AB0EE401A12E0032910D9BDEC068B71
:10FC1000BDE8B04001F014BC01F0B6FDF0EE490AB9
:10FC2000B0EE480A032D9FED061A2046EED8BDEC33
:10FC3000068BBDE8B04001F02FBD00BF39FA8E3C05
:10FC40000000000000000000002908BF70472DE9F7
:10FC5000F04381B02DED028B80468946B8F1000F4C
:10FC60004FF0000048610861C86088604860086023
:10FC700006D098F8020018B198F80000172847D16C
:10FC8000A9F1020601259FED7F8A00BFB0EE480A68
:10FC90002846FEF729F8BDEEC00A0135052D10EE05
:10FCA000100A26F8020FF1D19FED768A0520B0EEFA
:10FCB000480AFDF7F5FFBDEEC00A10EE100AB0EEDF
:10FCC000480AA9F808000620FDF7EAFFBDEEC00AC1
:10FCD00010EE100AA9F80A00B0EE480A0520FEF757
:10FCE00003F8BDEEC00A10EE100AB0EE480AA9F8FB
:10FCF00010000620FDF7F8FFBDEEC00A10EE100A56
:10FD0000A9F81200BDEC028B01B0BDE8F0437047CA
:10FD10004BF6644008F14C01C0F60100002704389E
:10FD20009FED568A08EB870290ED011A91ED012AAA
:10FD30007E1C92ED0C0A21EE021AB8EEC00A051DD7
:10FD400030460C1DA1EE080AB6EEC00A09F084FE8A
:10FD5000BDEEC00A042E214610EE100A29F8170045
:10FD600028463746DED198F80000022807D398F8D5
:10FD700006100E22012908BF0F2282420ED298F8E7
:10FD80001200A0F11101152973D8012202FA01F124
:10FD90004FF60742C0F23F0211426AD098F81900AC
:10FDA00010F0030608BF0326F00712D19FED358A35
:10FDB0000520B0EE480AFDF773FFBDEEC00A10EE55
:10FDC000100AB0EE480AA9F808000620FDF768FFFF
:10FDD00021E098ED100A9FED2A8AB8EEC00A98ED4E
:10FDE000181A0520A1EE480AB6EEC00A09F000FE76
:10FDF00098ED111AB8EEC11A98ED192AA2EE081A58
:10FE0000BDEEC02A12EE100AB6EEC10AA9F808002B
:10FE1000062009F0EDFDBDEEC00A022E10EE100A1C
:10FE2000A9F80A0002D29FED178A55E798ED120A49
:10FE30009FED138AB8EEC00A98ED181A0520A1EEBE
:10FE4000480AB6EEC00A09F007FE98ED131AB8EE9C
:10FE5000C11A98ED192AA2EE081ABDEEC02A12EEB8
:10FE6000100AB6EEC10AA9F81000062009F0F4FD48
:10FE700042E70438032891D316E700BF49F1E7446D
:10FE8000B458B74400000000002808BF704710B500
:10FE900090210446F0F7B5FB0320607646F234204B
:10FEA0000C22C2F20000A0F1100100BF51F81C3F6B
:10FEB00044F822300132102AF8D146F25411C2F22D
:10FEC0000001CA6F2264D1F898106164C16FA16407
:10FED0000021D0F89800E064012020745020CCF27A
:10FEE000F01100BF215004306028FBD10020C4E98C
:10FEF00018002046BDE8104008F07ABC0000000061
:10FF000030B1817821B10078173818BF01207047CF
:10FF10000020704700000000002808BF704781786B
:10FF200009B9012181700121C172704700000000F0
:10FF3000002808BF704782780139B1FA81F14FEA91
:10FF400051110AB901228270827940F2010CC0F28B
:10FF5000C00C8A420FD00378172B20D801229A4078
:10FF600012EA0C0F1BD0817100220280A0F803203E
:10FF7000C0F80B20C2730378172B07D801229A40D0
:10FF800012EA0C0F1EBF002242830177C1710021CB
:10FF90004170C0F80A10C181012141727047417956
:10FFA00041F0080141710021A0F80310C0E90211DD
:10FFB0001721018070470000002849D010B58278D1
:10FFC0004B1EB3FA83F34FEA53140AB9012383702B
:10FFD000837940F2010CC0F2C00CA34212D090F819
:10FFE00000E0BEF1170F34D8012303FA0EF313EA31
:10FFF0000C0F2ED0847100230380A0F80330C0F8CA
:020000040801F1
:100000000B30C3730378172B07D801229A4012EAEA
:100010000C0F1EBF002242830477C471002242707D
:10002000C0F80A20C281012242720278172ABDE874
:10003000104008BF704701294FF009014FF001023D
:10004000A0F80D2008BF0521C17300214170C172C5
:100050007047427942F0080242710022A0F8032062
:10006000C0E9022217220280DFE700000000000042
:10007000002808BF704782780139B1FA81F14FEA50
:1000800051110AB90122827080B5837940F2010CC6
:10009000C0F2C00C8B4214D090F800E0BEF1170FF4
:1000A00027D8012202FA0EF212EA0C0F21D08B425D
:1000B00007D0817100220280A0F80320C0F80B2035
:1000C000C2730278172A08D8012303FA02F212EA4F
:1000D0000C0F1EBF002242830177C1714FF48031A3
:1000E00081600021A0F80D10C1734170BDE880400F
:1000F0007047417941F0080141710021A0F80310D7
:10010000C0E9021117210180BDE88040704700005E
:10011000002808BF704782780139B1FA81F14FEAAF
:1001200051110AB901228270827940F2010CC0F2A9
:10013000C00C8A420FD00378172B20D801229A4096
:1001400012EA0C0F1BD0817100220280A0F803205C
:10015000C0F80B20C2730378172B07D801229A40EE
:1001600012EA0C0F1EBF002242830177C1710021E9
:100170004170C0F80A10C1810121017270474179B4
:1001800041F0080141710021A0F80310C0E90211FB
:100190001721018070470000002808BF704782784F
:1001A0000AB14174704701228270417470470000A7
:1001B000002908BF704780B586B0002200283CD0D7
:1001C000012876D144F6547CC2F2000C31F812308A
:1001D0000CEB42000132042AA0F8A030F6D1002234
:1001E00088180CEB020E02320389022AAEF8A830FE
:1001F000008AAEF8AC00F3D045F2C81CC2F2004C45
:100200009CF80020012A40F0AE80002231F8123024
:100210000CEB42000132042AA0F8A030F6D10022F3
:1002200088180CEB020E02320389022AAEF8A830BD
:10023000008AAEF8AC00F3D095E045F2782CC2F21B
:10024000004C00BF31F812300CEB42000132042A9E
:10025000A0F8A030F6D1002288180CEB020E023272
:100260000389022AAEF8A830008AAEF8AC00F3D0B9
:1002700045F2C81CC2F2004C9CF80020002A72D142
:10028000002200BF31F812300CEB42000132042A88
:10029000A0F8A030F6D1002288180CEB020E023232
:1002A0000389022AAEF8A830008AAEF8AC00F3D079
:1002B00059E045F2782CEE46C2F2004CCDE904221A
:1002C000CDE90222CDE900223EF812300CEB4201CA
:1002D0000132042AA1F8A030F6D100220EEB02016F
:1002E0000CEB020302320889022AA3F8A800088A4C
:1002F000A3F8AC00F2D044F6547C0022C2F2000C09
:100300003EF812000CEB42030132042AA3F8A000CD
:10031000F6D100220EEB02000CEB0203023201893F
:10032000022AA3F8A810008AA3F8AC00F2D045F284
:10033000C81C0022C2F2004C3EF812000CEB420333
:100340000132042AA3F8A000F6D100220EEB02002D
:100350000CEB020302320189022AA3F8A810008ADA
:10036000A3F8AC00F2D006B0BDE8804070470000B2
:10037000002808BF70472DE9F04184B0044689B1D8
:10038000A07800285FD0002A64D0617D002918BFC2
:100390000121002B61D0A07D002818BF0120002979
:1003A0005DD08BE02746257C9021904657F8300F92
:1003B0000090606B0190A06B0290E06B0390204670
:1003C0001E46F0F71EF90320607646F234200C2218
:1003D000C2F20000A0F1100151F81C3F44F8223095
:1003E0000132102AF8D146F25411C2F20001CA6F4C
:1003F0002264D1F898106164C16FA1640021D0F823
:100400009800E064012020745020CCF2F01100BF6D
:10041000215004306028FBD10020C4E91800204698
:1004200008F0E6F965B100983860019878600298A4
:10043000B8600398F86001202074204608F0D8F9CD
:10044000334642466AE00120A070002020706071AF
:10045000002A9AD10121002B9DD1012071BBA178E6
:1004600009B90121A170A179002940F20101C0F26E
:10047000C0010FD02778172F56D8012606FA07F7A4
:100480000F4251D00027A7712780A4F80370C4F849
:100490000B70E7732778172F07D8012606FA07F79E
:1004A0000F421EBF0021618321774FF48071A4F8B1
:1004B000071000216170C4F80A10E18170BBA078B8
:1004C00008B90120A070A07990B12078172839D8F8
:1004D000012101FA00F00121C0F2C001084231D02F
:1004E0000020A0712080A4F80300C4F80B00E07382
:1004F000207817280AD8012101FA00F00121C0F262
:10050000C00108421EBF0020608320770020E071F8
:100510006070C4F80A00E081012060726275A37502
:1005200004B0BDE8F0417047617941F008016171A4
:100530000021A4F80310C4E902111721218000282A
:10054000BDD0EBE7607940F0080060710020A4F8AE
:100550000300C4E9020017202080DFE7000000004C
:1005600070B584B0002850D004460546067C902122
:1005700055F8300F0090606B0190A06B0290E06B1B
:1005800003902046F0F73DF80320607646F23420D1
:100590000C22C2F20000A0F1100100BF51F81C3F74
:1005A00044F822300132102AF8D146F25411C2F236
:1005B0000001CA6F2264D1F898106164C16FA16410
:1005C0000021D0F89800E064012020745020CCF283
:1005D000F01100BF215004306028FBD10020C4E995
:1005E0001800204608F004F97EB1009828600198B0
:1005F00068600298A8600398E86001202074204693
:1006000004B0BDE8704008F0F3B804B070BD00005D
:10061000F0B581B0002800F00784044616460D4668
:10062000426208F0E5F8A078002800F0FD83677CBE
:1006300000206074002F00F07280204608F0D8F887
:10064000207D28B115B1284601F0D2F80020207590
:10065000A27B012000216080A181A1600AB9E18113
:1006600061702170A180791E25292662A774A4F8E3
:10067000130000F26583DFE811F0AC02BE028C02C9
:10068000260026002600C801EE01320225012501C0
:1006900025011D03EB023203DE02260026002600A0
:1006A00025012501250176021E026202DA012600DB
:1006B000260026002600260026002600260026000A
:1006C0002600260026003E1F222E26D801270125BF
:1006D000DFE816F0100110011001230023002300B1
:1006E0002300230023002300230023002300100104
:1006F0001001100123002300230023002300230006
:100700002300120112011201120112011201230031
:10071000230023002300230023000325EBE0E07CDB
:10072000002800F07080A07C0021236A2181021F34
:10073000E172D2B2F11A222A00F2AB804BF680139A
:10074000C0F6010353F82220914200F2A78001383D
:10075000252800F26983DFE810F08D038D038D03F7
:100760002600260026001E031E031E033901390140
:100770003901FF02FF02FF028D032600260026003A
:100780003901390139011E031E03FF02FF02260051
:100790002600260026002600260026002600260029
:1007A000260026002600607EB1EE040A002110F02B
:1007B000030008BF0320C20704E000BF043104297E
:1007C00040F06C8372B1631893ED181A93ED1E2AF2
:1007D00032EE411AB0EEC11AB4EE401AF1EE10FA40
:1007E00000F322830228E9D3631893ED181A93EDDE
:1007F000202A32EE411AB0EEC11AB4EE401AF1EEE0
:1008000010FADBDD10E3224612F80B3F12F8030C5E
:1008100012F8021C002B12F8017C4FF0000342F882
:10082000033C16D0A07B38B1207928B1217801F0A3
:10083000FE00162840F0D48060790027A4F80370E9
:1008400040F00800607117601720177120800021A8
:100850000020AFB120780021E17001210028217330
:1008600018BF162840F0A480A0791A2229463346E2
:100870000128204608BF1B22F0F78AF9002100203A
:10088000002900F0B282217817296AD10020E07097
:10089000ABE241F2883291427FF659AF207D617917
:1008A000002841F00100607105D015B1284600F024
:1008B0009FFF002020750020E07420711720207019
:1008C00001B0F0BD002D5AD0284600F091FF284617
:1008D00000F0AEFD0421284600F04AFEA7F10A0010
:1008E000C0B20C284DD80FF2BC6101EB8000D0EDF6
:1008F000000A48E002250027E80705D00520FCF79C
:10090000ABFF0620FCF7A8FF2FB90520FCF7C4FFBA
:100910000620FCF7C1FF46F25410C2F20000C16F7E
:10092000216446F23421D0F89800C2F200016064DC
:10093000F0B2CA6FA2642228D1F89810E16408D8F6
:100940004BF6F401C0F6010101EB800090ED000AC6
:1009500001E09FEDCD0A657684ED180A84ED190A51
:10096000F4E116294FF00100E07018BF002940F0B3
:100970003082A0791A22012808BF1B222FE204200E
:1009800012E0DFEDC10A9FEDC00A2846B0EE401A22
:1009900000F056FD08B901202075207D002840F0A8
:1009A000D581607940F0040060710020E074CBE1F3
:1009B000207900287FF458AF60790021217340F03E
:1009C0000800607121711720207058E7002D00F099
:1009D0002B82284600F0D8FC022840F025825DE2F8
:1009E00060780027C4F80B700028E77318BF014631
:1009F0000120E07020466770FBF7B2FE02462046F9
:100A000029463346F0F7C4F821E70025012602E025
:100A10000135042D09D006FA05F010F0090FF7D0C2
:100A2000681CC0B2FCF738FFF2E70020AEE00025FA
:100A3000012602E00135042D09D006FA05F010F078
:100A4000060FF7D0681CC0B2FCF726FFF2E70020C3
:100A5000CCF2F01040E10025012602E00135042D22
:100A600009D006FA05F010F0090FF7D0681CC0B2E3
:100A7000FCF712FFF2E7B2EE040ABBEE0E1A04F125
:100A80005000002101229FED972A04E0013104303B
:100A9000042900F05B8102FA01F313F0090FF5D08D
:100AA00090ED063A33EE003A83FE423A83FE013A75
:100AB00080ED003AEAE70025012602E00135042D29
:100AC00009D006FA05F010F0090FF7D0681CC0B283
:100AD000FCF7E2FEF2E70020CCF2F01056E0002531
:100AE000012602E00135042D09D006FA05F010F0C8
:100AF000090FF7D0681CC0B2FCF7CEFEF2E7BAEEE1
:100B0000040ABBEE0E1A04F15000002101229FEDF1
:100B1000752A04E001310430042900F0178102FA3B
:100B200001F313F0090FF5D090ED063A33EE003AD9
:100B300083FE423A83FE013A80ED003AEAE700255F
:100B4000012602E00135042D09D006FA05F010F067
:100B5000060FF7D0681CC0B2FCF79EFEF2E700203B
:100B6000C4F25C30B8E00025012602E00135042D16
:100B700009D006FA05F010F0090FF7D0681CC0B2D2
:100B8000FCF78AFEF2E70020C4F25C302065E065E5
:100B9000DCE000250135E8B2FCF77EFE042DF9D13A
:100BA000BAEE040ABBEE0E1A04F14C0104209FEDCC
:100BB0004D2A00BF91ED073A0A1D33EE003A013885
:100BC00083FE423A83FE013A81ED013A1146F1D1AA
:100BD000BCE000250135E8B2FCF75EFE042DF9D13A
:100BE000002204F14C000421C4F25C32013940F8C7
:100BF000042FFBD1AAE000250135E8B2FCF74CFE3A
:100C0000042DF9D1B2EE040ABBEE0E1A04F14C0128
:100C100004209FED342A00BF91ED073A0A1D33EE00
:100C2000003A013883FE423A83FE013A81ED013AEF
:100C30001146F1D18AE000250135E8B2FCF72CFE1F
:100C4000042DF9D10020C4E91400C4E916007DE0A8
:100C50000025012603E000BF0135042D09D006FA66
:100C600005F010F0060FF7D0681CC0B2FCF714FEB8
:100C7000F2E7B2EE040ABBEE0E1A04F150000021B6
:100C800001229FEDC72A05E0000000000131043079
:100C900004295BD002FA01F313F0060FF6D090EDB1
:100CA000063A33EE003A83FE423A83FE013A80ED83
:100CB000003AEBE70025012603E000BF0135042DD3
:100CC00009D006FA05F010F0060FF7D0681CC0B284
:100CD000FCF7E2FDF2E700206065A06536E0002544
:100CE000012604E0000082430135042D09D006FAF4
:100CF00005F010F0060FF7D0681CC0B2FCF7CCFD71
:100D0000F2E7BAEE040ABBEE0E1A04F1500000211D
:100D100001229FEDA32A03E001310430042915D0FC
:100D200002FA01F313F0060FF6D090ED063A33EE17
:100D3000003A83FE423A83FE013A80ED003AEBE747
:100D4000042060710020608217202070204601B0CE
:100D5000BDE8F04007F04CBDB0EE080A04F15000C9
:100D60000021012204E001310430042900F09680C2
:100D700002FA01F313F0060FF5D090ED001A90ED92
:100D8000062A32EE411AB0EEC11AB4EE401AF1EE64
:100D900010FAE8DD48E0B0EE080A04F15000002146
:100DA000012203E001310430042977D002FA01F373
:100DB00013F0090FF6D090ED001A90ED062A32EEEE
:100DC000411AB0EEC11AB4EE401AF1EE10FAE9DDA4
:100DD0002AE0207940B12046FBF7C2FC02462046BB
:100DE00029463346EFF7D4FE002098B12178A1F1CF
:100DF000160002284FF00000E0700BD309B918224A
:100E000003E02046FBF7ACFC024620462946334669
:100E1000EFF7BEFE2078172808D801210122814073
:100E2000C0F2C002114201D001B0F0BD2179002909
:100E3000FAD11A2804D12046314607F0B1FC80B916
:100E400020781B2804D120463146F2F751FD40B9E5
:100E50002178204604F05CF838B3216A711A814287
:100E600023D9012320462946324601B0BDE8F0408F
:100E700002F0EAB8B0EE080A0020211891ED141A29
:100E800091ED1A2A32EE411AB0EEC11AB4EE401AB0
:100E9000F1EE10FAC8DC04301028EED10020A4F8DE
:100EA00013000120207101B0F0BD20462946F1F762
:100EB000DFFA0028B8D02078A2794BF694434BF69D
:100EC0008061C0F60103C0F60101A0F11907012AF3
:100ED00008BF1946042F08D2207DA8B115B12846B5
:100EE00000F086FC002020750EE068B11E28F3D0CB
:100EF0000E23012A08BF0F23834205D301EB4010C4
:100F000010F81C0C0228E7D021781E2907D12046B2
:100F10002946324601B0BDE8F04002F0E5B8207B3A
:100F200018B11B2919D11C2223E0E07848B3E1B1A4
:100F3000607BD0B1A0790E22012808BF0F228A421F
:100F400013D3E07B814210D14FF48070A4F80300EA
:100F5000A4F80D00617001B0F0BD002020734FF4C3
:100F60008070A4F8030001B0F0BD2046FBF7F8FB49
:100F7000024620462946334601B0BDE8F040EFF76F
:100F800007BE2046FBF7ECFB002D3FF48AAF162886
:100F90007FF487AF0121284600F0EAFA81E700BF1D
:100FA00000008243CDCCCC3DCDCC4C3DCDCC4CBD16
:100FB0000000000000000000000000000000000031
:100FC000000000000000000000000000CDCCCCBDFF
:100FD0009A99993E9A9999BE2DE9F043ADF5057D10
:100FE00045F278280DF5B279C2F2004814460E4653
:100FF000002142464B46F0F7B7F844F654772DAD42
:10100000C2F20007012130463A462B46F0F7ACF811
:10101000B02240464946EFF7C2FAB0223846294688
:10102000EFF7BDFA012C01D034B959AD01A8B022B7
:101030002946EFF7B4FA44E001ACB0212046EFF7BF
:10104000E0FA02208DF804004CF6BA000022C0F647
:101050000100089001208DF80F004FF24910CBF6E7
:101060008072C4F2E740199045F6B4000021C4F242
:10107000B7401A904FF07E501B90CDE91C20209075
:1010800045F2C810CDE91E2204F1A002C2F20040D0
:101090008DF80A1000EB4103B3F8A03022F81130AC
:1010A00001310429F6D10021421863180231B2F847
:1010B000A8700229A3F8A870B2F8AC20A3F8AC205D
:1010C000F2D045F2C81001A9C2F20040B022EFF7F9
:1010D00066FA0DF5057DBDE8F08300000000000014
:1010E00090B110B5EFF31084EFF3108172B640F2B7
:1010F0007401D822C2F20001EFF751FA002CBDE8CA
:10110000104018BF704762B6704700000000000032
:10111000B0B545F62174C2F200442078002818BF0B
:10112000B0BDFAF7CDFB002001210125FAF7E0FD63
:1011300001200221FAF7DCFD02200321FAF7D8FD95
:1011400000200021FAF7E4FD01200021FAF7E0FD7C
:1011500002200021FAF7DCFD00F016F82570BDE84A
:10116000B04000F011B8000080B545F62170C2F221
:101170000040007808B9FFF7CBFFFAF7CDFBBDE8D8
:10118000804000F001B80000F0B5B7B001AFD82141
:101190003846EFF736FA07F124010020FAF758FB3A
:1011A00007F160010120FAF753FB07F19C010220CF
:1011B000FAF74EFB0A98019019980290289803902C
:1011C0000B9804901A980590299806909DF897001E
:1011D0009DF8D3309DF898508DF81D00C4B29DF84D
:1011E0005B209DF85C008DF81E30D9B29DF8D4606C
:1011F000EBB28DF81C208DF81F00002A18BF0122C9
:10120000002C8DF8205018BF0124F5B28DF8216014
:10121000002902EA040218BF0121002818BF01209A
:10122000002B01EA020118BF0123002D18BF012580
:1012300018408DF8221028408DF82300F5F7D8FBD0
:101240000990EFF31084EFF3108072B640F274004F
:10125000C2F20000D8223946EFF7A1F90CB137B03D
:10126000F0BD62B637B0F0BDCA0718BF704702398B
:1012700011F0FA0F53D0014611F8DC2F12B190F89B
:10128000DD2022B390ED090A9FED3B1AB4EE410A2E
:10129000F1EE10FA09DD9FED392A00BF30EE020AA7
:1012A000B4EE410AF1EE10FAF8DC9FED351AB4EE17
:1012B000410AF1EE10FA08DA9FED322A30EE020A06
:1012C000B4EE410AF1EE10FAF8DB80ED360A90ED4B
:1012D000350A9FED291AB4EE410AF1EE10FA08DD45
:1012E0009FED262A30EE020AB4EE410AF1EE10FA22
:1012F000F8DC9FED231AB4EE410AF1EE10FA08DA99
:101300009FED202A30EE020AB4EE410AF1EE10FA07
:10131000F8DB80ED350A002280F8DD2028E090ED32
:10132000340A9FED151AB4EE410AF1EE10FA08DD09
:101330009FED122A30EE020AB4EE410AF1EE10FAE5
:10134000F8DC9FED0F1AB4EE410AF1EE10FA08DA5C
:101350009FED0C2A30EE020AB4EE410AF1EE10FACB
:10136000F8DB80ED340A012180F8DD1000F1DC01AA
:1013700001200870704700BFDA0F4940DB0FC9C079
:10138000DA0F49C0DB0FC940002814BF40780020A5
:101390007047000000000000002808BF7047B0B58B
:1013A0002DED028B0D464FF48871B0EE408A044655
:1013B000EFF727F99FED1C0AB0EE481AF0EE400A4D
:1013C000012084F80C0104F12800C4F8EC5008F066
:1013D000C3FDB0EE000AB0EE481A04F13C00F0EE96
:1013E000400A08F0B9FDB1EE080AF3EE040AB0EEC7
:1013F000481A04F1500008F0AFFD00214FF0804082
:10140000C4F8E000C4F22011C4E93901002046F21A
:101410006661C4F24000C3F6E671C4E92D01BDEC7B
:10142000028BBDE8B04070479A99993F00000000D8
:1014300000281CBF002180F80C117047000000003C
:1014400080B110B52DED088B04464078012802D0FC
:101450002078042809D2FF20BDEC088BBDE810409D
:1014600040B27047FF2040B27047023894ED382AEE
:1014700000F0FA00B0EE608AB0FA80F0F0EE420AB6
:10148000B0EE419A400984F8BC0004F1640094ED88
:10149000391AD4ED3A1AB0EE40AA03F04DFB04F12C
:1014A000E001B0EE480A04F17800B0EE48BAD1ECA1
:1014B000030A03F041FB2178C80705D12046FFF756
:1014C000D3FE9FED290A04E0B0EE490A002084F81B
:1014D000DC0004F1E00104F18C00D1EC030A03F01C
:1014E0002BFB94ED1A0A94ED1F1A81FE000A94ED6D
:1014F000241A81FE000A9FED1D1AB4EE410AF1EE96
:1015000010FA0DDA022060700020C4F8A000C4E9CF
:101510003C00C4E93E00C4E94000C4F808019BE770
:10152000002084ED1A0A84ED1F0AE16984ED240A83
:1015300084ED280AC4F8A400C4F8A810216AC4F8ED
:10154000AC10616AC4F8B010012184ED04AA84EDE6
:1015500005BA84ED069AC4E93C00C4F8F80061704D
:1015600084F80C0178E700BF000000006F12833A96
:10157000002808BF70470278032903D8042A24BF33
:1015800000234370CB07017024D110B5931EA1F145
:10159000020C03F0FA030CF0FA0EB3FA83F3BEFA6E
:1015A0008EFE5C094FEA5E136340012424EA0202C6
:1015B00083F001031A4207D100221CF0FA0F80F8D1
:1015C000DC2018BFC0F8D420FFF74EFEBDE8104065
:1015D000F0F7D6B9002180F8DC10F0F7D1B900009F
:1015E000002808BF704790F8DC1011B190F8DD10AA
:1015F00019B390ED091A9FED242AB4EE421AF1EEC8
:1016000010FA08DD9FED213A31EE031AB4EE421ACA
:10161000F1EE10FAF8DC9FED1E2AB4EE421AF1EE5C
:1016200010FA08DA9FED1B3A31EE031AB4EE421AB3
:10163000F1EE10FAF8DB80ED361A9FED131AB4EED6
:10164000410AF1EE10FA08DD9FED102A30EE020A91
:10165000B4EE410AF1EE10FAF8DC9FED0D1AB4EE8B
:10166000410AF1EE10FA08DA9FED0A2A30EE020A7A
:10167000B4EE410AF1EE10FAF8DB80ED350A0121F3
:10168000A0F8DC10704700BFDA0F4940DB0FC9C07B
:10169000DA0F49C0DB0FC940002808BF704710B5FA
:1016A0002DED088B90ED388A0446B5EE408AF1EEB8
:1016B00010FA15DD20EEA03AA0EE003AB1EEC32AF2
:1016C000B4EE422AF1EE10FA43D6B4EE482AF1EE17
:1016D00010FA05DD88EE022A20EE020A60EE820A88
:1016E0009FED252A04F1280081FE421A9FED232A4E
:1016F00084ED010AB0EE609AC4ED020A81FE028A0E
:1017000084ED038A08F030FCB0EE490A04F13C0095
:1017100008F02AFC2178C80705D12046FFF7A4FD70
:101720009FED178A02E0002084F8DC00B0EE480A42
:1017300004F1500008F018FC207804284FF0000055
:1017400084F80C0128BF6070BDEC088BBDE8104028
:101750007047B0EE409AB0EE430AB0EE60AAB0EE29
:1017600041BA09F0F3FEB0EE4B1AF0EE4A0AB0EEC1
:10177000402AB0EE490AA8E77BD9203F7BD920BF99
:101780000000000000000000002808BF70479FED27
:10179000131AB4EE410AF1EE10FA08DD9FED102A9B
:1017A00030EE020AB4EE410AF1EE10FAF8DC9FEDD9
:1017B0000D1AB4EE410AF1EE10FA08DA9FED0A2A8A
:1017C00030EE020AB4EE410AF1EE10FAF8DB80EDD9
:1017D000340A40F20111A0F8DC107047DA0F4940DA
:1017E000DB0FC9C0DA0F49C0DB0FC94000000000A1
:1017F000002808BF7047B0B52DED028B9FED168A0B
:101800000121B0EE480A80F80C1100F128010024F3
:1018100044700546C0E90144C46080F8DC400846D5
:1018200008F0A2FBB0EE480A05F13C0008F09CFB72
:10183000B0EE480A05F1500008F096FBEC622C640B
:101840006C65C5E93C44C5E93E44C5E94044C5F87A
:101850000841BDEC028BB0BD00000000000000009C
:10186000F0B581B02DED108B90B1044690F80C01CD
:1018700090B10020C4F8F000C4F8F400C4F8F800F7
:10188000C4F8FC00C4F80001C4F80401C4F808015D
:10189000BDEC108B01B0F0BD2078032840F28980A8
:1018A00060780128E5D194ED291A9FEDD9BAB5EEFB
:1018B000401A9FEDD82AF1EE10FA08BF84ED290AEC
:1018C00094ED291AF7EE00AA30EE410A94ED281A99
:1018D000B4EE421A04F16407F1EE10FA80FE0B0A2E
:1018E000384680EE010A70FE2A9A89FEEAAAB0EE16
:1018F0004A0A03F0BDF8B0EE40DAB0EE4A0A04F14D
:101900007806304603F0B4F8B0EE40EAB0EE4A0A8A
:1019100004F18C05284603F0ABF8B0EE40CAB0EEF7
:101920004B8AF4EE6A9AF1EE10FA06DAB0EE4A0A41
:10193000384603F0D1F8B0EE408AB0EE4B9AF4EEA0
:101940006A9AF1EE10FA06DAB0EE4A0A304603F06F
:10195000C3F8B0EE409AF4EE6A9AF1EE10FA06DAA5
:10196000B0EE4A0A284603F0B7F8B0EE40BA94ED5C
:10197000070A94ED081A94ED09FA94ED2A2A94EDD9
:101980002B3AD4ED2C8A70EE42CA94F8BC0071EE6A
:1019900043DA7FEE68BA002800F0AF807DEE6C8AF3
:1019A00094ED2D0A3EEE6DEAA0EE288AA0EE0E9A86
:1019B000C4E004F1280008F0DBFA04F13C00B0EECA
:1019C000408A08F0D5FA04F15000B0EE409A08F0D1
:1019D000CFFA2578B0EE40AAA81E10F0FA0F15D164
:1019E00094ED09BAB0EE4B0A09F00EF9B0EE40CA18
:1019F000B0EE4B0A09F0E2FC29EE001A29EE0C9A2F
:101A0000A8EE0C1AA8EE409AB0EE418A032D71D8C8
:101A1000DFE805F009023C029FED7F0A2AEE000A8A
:101A2000EFF7BEFF0CE220462946FFF71DFC2078A9
:101A3000023810F0FA0F00F0B88194ED350A94EDF9
:101A4000361A31EE000A9FED751AB4EE410AF1EE36
:101A500010FA08DD9FED722A30EE020AB4EE410A58
:101A6000F1EE10FAF8DC9FED6F1AB4EE410AF1EED8
:101A700010FA80F2DF819FED6C2A00BF30EE020A7F
:101A8000B4EE410AF1EE10FAF8DBD3E12046294624
:101A9000FFF7EAFB2078023810F0FA0F00F0A88177
:101AA00094ED350A94ED361A31EE000A9FED5B1A7B
:101AB000B4EE410AF1EE10FA09DD9FED592A00BF9C
:101AC00030EE020AB4EE410AF1EE10FAF8DC9FEDB6
:101AD000551AB4EE410AF1EE10FA80F2AB819FED97
:101AE000522A00BF30EE020AB4EE410AF1EE10FABB
:101AF000F8DB9FE19FED460AA6E1B0EE680A09F027
:101B000083F8B0EE40FAB0EE680A09F057FC2DEE0B
:101B1000801A20782DEE8F2AC007ACEE8F1AB0EE17
:101B20006BFAACEEC02A94ED2D0A7DEE418A3EEEB2
:101B300042EAA0EE288AA0EE0E9A13D0B0EE4F0A29
:101B400009F062F8B0EE40DAB0EE4F0A09F036FC68
:101B500029EE001A29EE0D9AA8EE0D1AA8EE409A69
:101B6000B0EE418A2178C8072ED12046FFF77CFBD2
:101B70002078023810F0FA0F58D094ED350A94ED21
:101B8000361A31EE000A9FED251AB4EE410AF1EE45
:101B900010FA08DD9FED222A30EE020AB4EE410A67
:101BA000F1EE10FAF8DC9FED1F1AB4EE410AF1EEE7
:101BB00010FA5DDA9FED1C2A30EE020AB4EE410AFB
:101BC000F1EE10FAF8DB53E03CEE6BCA9FED130A1E
:101BD000B4EE40CAF1EE10FA09DD9FED111A00BF14
:101BE0003CEE01CAB4EE40CAF1EE10FAF8DC9FED0B
:101BF0000D0AB4EE40CAF1EE10FA5EDA9FED0A1A51
:101C00003CEE01CAB4EE40CAF1EE10FAF8DB54E043
:101C1000000000006F12833AE12E6542DA0F49405E
:101C2000DB0FC9C0DA0F49C0DB0FC94094ED340A9D
:101C30001FED061AB4EE410AF1EE10FA08DD1FEDB1
:101C4000082A30EE020AB4EE410AF1EE10FAF8DC8E
:101C50001FED0C1AB4EE410AF1EE10FA08DA1FED8E
:101C60000E2A30EE020AB4EE410AF1EE10FAF8DB69
:101C700094ED091A30EE41CA9FEDDF0AB4EE40CA76
:101C8000F1EE10FA09DD9FEDDD1A00BF3CEE01CA4E
:101C9000B4EE40CAF1EE10FAF8DC9FEDD90AB4EECA
:101CA00040CAF1EE10FA08DA9FEDD61A3CEE01CAEE
:101CB000B4EE40CAF1EE10FAF8DB2178081F0328D1
:101CC00070D894ED2E0AA0EE0CBADFE800F00902FD
:101CD0003A029FEDC70A2BEE000AEFF761FE0AE118
:101CE0002046FFF7C1FA2078023810F0FA0F00F012
:101CF000B78094ED350A94ED361A31EE000A9FED67
:101D0000BE1AB4EE410AF1EE10FA08DD9FEDBB2ACF
:101D100030EE020AB4EE410AF1EE10FAF8DC9FED63
:101D2000B81AB4EE410AF1EE10FA80F2DE809FEDAF
:101D3000B52A30EE020AB4EE410AF1EE10FAF8DBF1
:101D4000D3E02046FFF790FA2078023810F0FA0F1F
:101D500000F0A98094ED350A94ED361A31EE000AB0
:101D60009FEDA51AB4EE410AF1EE10FA08DD9FEDE1
:101D7000A32A30EE020AB4EE410AF1EE10FAF8DCC2
:101D80009FED9F1AB4EE410AF1EE10FA80F2AD8099
:101D90009FED9C2A30EE020AB4EE410AF1EE10FAF1
:101DA000F8DBA2E09FED91BAA9E094ED340A9FED33
:101DB000921AB4EE410AF1EE10FA08DD9FED8F2A77
:101DC00030EE020AB4EE410AF1EE10FAF8DC9FEDB3
:101DD0008C1AB4EE410AF1EE10FA2BDA9FED892A43
:101DE00030EE020AB4EE410AF1EE10FAF8DB21E01F
:101DF00094ED340A9FED801AB4EE410AF1EE10FA28
:101E000008DD9FED7E2A30EE020AB4EE410AF1EEC3
:101E100010FAF8DC9FED7A1AB4EE410AF1EE10FAEE
:101E200008DA9FED782A30EE020AB4EE410AF1EEAC
:101E300010FAF8DB9FED6E1A20EE010AEFF7ECFDC9
:101E40009FED6C1A20EE010AD4F8EC1084ED3C8A68
:101E5000002984ED3D9A84ED3E0A40F0AE8017E5FE
:101E600094ED340A9FED641AB4EE410AF1EE10FAD3
:101E700008DD9FED622A30EE020AB4EE410AF1EE6F
:101E800010FAF8DC9FED5E1AB4EE410AF1EE10FA9A
:101E90002BDA9FED5C2A30EE020AB4EE410AF1EE35
:101EA00010FAF8DB21E094ED340A9FED531AB4EEFA
:101EB000410AF1EE10FA08DD9FED502A30EE020AD9
:101EC000B4EE410AF1EE10FAF8DC9FED4D1AB4EED3
:101ED000410AF1EE10FA08DA9FED4A2A30EE020AC2
:101EE000B4EE410AF1EE10FAF8DB9FED411A20EE54
:101EF000010AEFF791FD9FED3F1A20EE01BAF4EED3
:101F00006A9A84ED30AAF1EE10FAC4ED318A84EDBC
:101F100032EA84ED33CA28DB2EEE0E1AA8EEA81A98
:101F2000B1EEC10AB4EE400AF1EE10FA54D69FEDBC
:101F3000361A0020B4EE410A0021B0EECC0A9FED23
:101F4000331AF1EE10FAA8BF0121B4EE410AF1EE06
:101F500010FAA8BF01200843C00739D0B0EE000A2C
:101F6000F4EE409AF1EE10FA32DA94ED38AAB5EEBA
:101F700040AAF1EE10FA15DD29EE091AA8EE081AAA
:101F8000B1EEC10AB4EE400AF1EE10FA29D6B4EE71
:101F90004A0AF1EE10FA05DD8AEE000A28EE008A00
:101FA00029EE009AD4F8EC1084ED3C8A84ED3D9A39
:101FB000002984ED3EBA3FF46BAC04F1F00004F16B
:101FC000FC02BDEC108B01B0BDE8F040FAF778BB25
:101FD00002206070FFF74DBCB0EE410A09F0B6FA7E
:101FE000A5E7B0EE410A09F0B1FAD0E70000000021
:101FF000E12E654239FA8E3CDA0F4940DB0FC9C049
:10200000DA0F49C0DB0FC9400AD7A33CCDCC4C3D09
:10201000002808BF704710B52DED0A8B90ED09BA66
:10202000B0EE409AB0EE4B0AB0EE418AB0EE60AA34
:10203000044608F0E9FDB0EE40CAB0EE4B0A09F0E4
:10204000BDF920EE4A1A94ED083A2AEE0C2AA9EEC0
:102050000C1AA9EE002A94ED070A30EE010A32EEBE
:10206000031A84ED070A38EE0B0A84ED081A84ED92
:10207000090ABDEC0A8BBDE8104070470000000063
:10208000002818BF80ED090A70470000000000001A
:10209000014600284FF0000008BF70474978013919
:1020A000022938BF0120704713460022AFF3008099
:1020B000002808BF704710B54CF2601E4FF0000CAE
:1020C000C0F6010E1EF80C408C4215D00CF10C0C21
:1020D000BCF1540FF6D14FF0000CBCF1000F0FD142
:1020E000047B0022C0E900228260C0E90322C0E92B
:1020F0000522047301701AE0F444BCF1000FEFD024
:10210000082922D1D41E14F1030F1ED800248460A4
:10211000C0E9004490F80CE00170C0E90344C0E954
:102120000544BCF8081080F80CE04273C1804FF4FD
:102130008271A0F801104FF0140C10221946835040
:1021400040F80C10BDE810407047082904D190F801
:102150000CE0BEF1000F3AD0A1F1040E5FFA8EF44C
:10216000022C0ED84FEACE045FFA84FE40F201241E
:10217000C0F2020424FA0EF490F80CE0E4B2A64592
:1021800019D1062906D801248C4014F0760F1CBF03
:102190000024047301700021C0F80210012444706F
:1021A000BCF8084042734FF0180C1422C4808160C0
:1021B000C1810361C3E700228261C0E90022C0E956
:1021C0000222C0E9042280F80CE001700BE0002438
:1021D0008461C0E90044C0E90244C0E9044480F8D5
:1021E0000CE001704273BCF80810C18040F2045149
:1021F0009FE7000000000000002808BF7047027B36
:102200000021C0E900118160C0E90311C0E9051196
:102210000273704700000000002808BF704780B5B7
:1022200046F630714822C2F200410431EEF7B7F9A8
:1022300080BD00000000000010B546F63074742127
:10224000C2F200442046EEF7DCF90820A07110BD70
:10225000F0B59DB050B3044668460D46F8F7ACFFA4
:102260009DF84400002842D046F254100321C2F2E7
:102270000000043850F81C2F052A03D30029A1F1CF
:102280000101F7D1042A5BD82046FFF7B1FA46F6E0
:1022900030767421C2F200463046EEF7B2F90025DE
:1022A0000320F46486F85050307132E046F6307402
:1022B0007421C2F200442046EEF7A3F903202071F6
:1022C000072060720820A07168460025E572EFF7CC
:1022D0003BFB00982063019860630298A063049818
:1022E000E063059820640698C4E9110558E020468B
:1022F000FFF77EFA46F630767421C2F20046304689
:10230000EEF77FF9F464002586F850500320307111
:10231000012070720820B07115A8F572EFF714FB58
:1023200015983063169870631798B0631998F06326
:102330001A9830641B987064D4F8B800B0642FE029
:1023400046F630762F46C2F20046032D28BF0327FB
:1023500074213046002D08BF0127EEF752F90820FE
:10236000B0710020707215A801253570F46486F8EC
:10237000505035713772F572EFF7E6FA1598306301
:10238000169870631798B0631998F0631A983064C0
:102390001B987064D4F8B800B0642046FFF728FAA0
:1023A00028461DB0F0BD00002DE9F04F81B02DEDA5
:1023B000028B9EB046F63079C2F2004999F80020AF
:1023C000002A00F0AE82044699F80400012840F08B
:1023D000A882002CD9F84C0000F09980844240F08B
:1023E000968099F8052099F8505099F806304CF2EB
:1023F0004006C0F601064FF0000802EBC2079A4201
:1024000038BF06EB8708012DC9F80C1040F0AA80F0
:102410009A4280F0CD8001A80F46F8F7CDFE9DF8D6
:102420004800002800F0CC8146F254100321C2F28B
:102430000000043850F81C2F052A03D30029A1F10D
:102440000101F7D1042A40F2AD8198F80000254639
:102450000021C9F82C10C9E90511C9E90711C9E91A
:102460000911C9E91911C9F86C109DED0B0AA9F8F9
:102470007010C10789ED170A07D0042805D398ED1D
:10248000061A9FEDD72AA1EE020A284689ED180AFE
:10249000FFF7AEF998F800102846FFF769F898F8AA
:1024A0000000C10740F00382023899ED180A10F0CD
:1024B000FA0F00F0F58199ED171A204630EE410A27
:1024C0009FEDC81AB4EE410AF1EE10FA08DD9FED57
:1024D000C62A30EE020AB4EE410AF1EE10FAF8DC38
:1024E0009FEDC21AB4EE410AF1EE10FA08DA9FED40
:1024F000C02A30EE020AB4EE410AF1EE10FAF8DB1F
:102500009FEDBC1A20EE010AFFF76AF8CFE108B18F
:10251000FFF76EF90020032189F80410022189F8E1
:10252000000089F8500089F80B0001A889F809100B
:10253000D9F84C40EFF708FADDE90101C9F830009D
:102540000398C9F834100599C9F838000698C9E904
:102550000F10002C0798C9F8440000F0DE8194EDBC
:102560002E0ADCE19A4230D201A80F462646F8F73F
:1025700023FE98F800B09DED0B0A0BF0FD0001283A
:1025800030D199ED171A30EE410A9FED961AB4EE4C
:10259000410AF1EE10FA3DDD9FED932A30463946AF
:1025A00030EE020AB4EE410AF1EE10FAF8DC33E044
:1025B00008B1FFF71DF9002089F8000089F85000E4
:1025C000032189F8041007218BE108B1FFF710F906
:1025D000002089F8000089F85000032189F80410D0
:1025E0000721A0E799ED181A30EE410A9FED7D1AF8
:1025F000B4EE410AF1EE10FA20DD9FED7B2A304661
:10260000394600BF30EE020AB4EE410AF1EE10FA8C
:10261000F8DC15E0304639469FED741AB4EE410AF5
:10262000F1EE10FA1DDA9FED722A00BF30EE020AB9
:10263000B4EE410AF1EE10FAF8DB12E0304639460A
:102640009FED6A1AB4EE410AF1EE10FA09DA9FED35
:10265000682A00BF30EE020AB4EE410AF1EE10FA29
:10266000F8DB9FED651ABBF1030FB0EE412A05D8E8
:1026700098ED032A9FEDE53A22EE032A46F2541A1A
:102680000423C2F2000A9DED0E3AAAF11A0200BF1D
:1026900032F91C5F013B04EE105AB8EEC44AB0EEAA
:1026A000C44A84FE011AF3D132EE435A99ED1A2A34
:1026B000B0EEC04A99ED196AD9F86C20A5EE052A4A
:1026C000013234EE065AC9F86C2089ED195A9FED93
:1026D000D05AB4EE450A89ED1A2AF1EE10FA02DD5D
:1026E000012301250BE09FEDCB5AB4EE450AF1EE34
:1026F00010FA02DAFF25012301E00023002563B16F
:1027000099F87040002C18BFA54206D099F8714086
:10271000FF2C1CBF013489F87140002BB0EEC38A36
:1027200018BF89F8705099ED063A89ED050AB4EEA4
:10273000434AF1EE10FAC8BF89ED064A99ED080A3E
:10274000B4EE408AF1EE10FAC8BF89ED088A99ED1F
:10275000090AB4EE401AF1EE10FAC8BF89ED091A61
:102760007AB100EE102AB8EE400A82EE001AB1EEFD
:10277000C10AB4EE400AF1EE10FA80F13E8189ED13
:10278000070A9DF84820DAB1AAF10402032300BF2A
:1027900052F81C5F052D03D3002BA3F10103F7D1E1
:1027A000042D2BD8D9F84C0008B1FFF721F80020F0
:1027B000032189F8000089F8500089F8041090E09E
:1027C000D9F84C0008B1FFF713F8002089F8000091
:1027D00089F85000032189F80410012181E000BF2D
:1027E000E12E6542000034430000B4C3000034C34E
:1027F0000000B44335FA8E3C000000009DED080A4D
:10280000B0EEC01AB3EE090AB4EE401AF1EE10FAB7
:102810000EDDD9F84C0008B1FEF7EAFF002089F878
:10282000000089F85000032189F80410052158E0C0
:102830009DED091AB0EEC11AB4EE401AF1EE10FA8D
:10284000E7DC9FED750AB4EE408AF1EE10FAE0DCA9
:102850005FEACB7271A208BF043299ED061A92EDBD
:10286000000AB4EE401AF1EE10FAD2DC99F85020CA
:10287000D9F85430CC1AC9F81040032A00F08680E9
:10288000022A40F0A08098F80020032A40F28780B6
:10289000FEF77AFD022840F0A680C9F858708DE056
:1028A0009FED601A204620EE010AFEF76DFF98F8B2
:1028B000000003283BD908F1100090EC030A2046E1
:1028C000FEF7BEFDD0B3D9F84C0008B1FEF790FF7B
:1028D000002089F8000089F85000032189F80410CD
:1028E000042189F80B0016A889F80910D9F84C4082
:1028F000EFF72AF8DDE91601C9F830001898C9F891
:1029000034101A99C9F838001B98C9E90F10002C27
:102910001C98C9F844007FF422AE9FED3B0A89ED74
:10292000120A1EB0BDEC028B01B0BDE8F08F08F1B9
:10293000040090EC030A2046FEF7AEFE00200221C0
:10294000C9E9157089F8501089F80B1098F8001033
:10295000C9F8100016A889F80A10EEF7F5FF1698C6
:10296000C9F830001798C9F834001898C9F8380029
:102970001A98C9F83C001B98C9F840001C98C9F87F
:102980004400D4F8B800C9F84800CAE7D9F858207C
:102990008A1AB2F5827F16D302F0A6FC13E0D8F8AB
:1029A0001C2094420FD39FED180A0D46F0EE400A0A
:1029B000B0EE401AFEF770FEC9F85850032089F8AF
:1029C000500089F80B00D8F820008442A9D998F863
:1029D00000000328A5D899F850000228A1D10620AC
:1029E00002F032FE9DE7D8F8200000F6C4108442C1
:1029F000E9D9062002F028FEE5E7B0EE410A08F02A
:102A0000A5FD39463046BAE600000000E12E6542D9
:102A1000CDCCCC3ECDCCCCBE0000FA430000B442BD
:102A20000000344235FA8E3CB0B588B046F63074BA
:102A3000C2F20044E06C08B1FEF7DAFE002020701C
:102A400084F850000421E07268462171E56CEEF7CD
:102A50007BFFDDE900012063029861630499A063B4
:102A60000598C4E90F100698606415B195ED2E0A1B
:102A700001E09FED030A84ED120A08B0B0BD00BF6B
:102A80000000000000000000F0B581B044F22C47C7
:102A9000C5F6020757F8042C02F00302032A02D1FC
:102AA000012001B0F0BD054657F82C0C0C4620F073
:102AB000806047F82C0CF3F79BFF064657F82C0C68
:102AC000000105D5F3F794FF801B0228F6D964E0D6
:102AD00057F8040CEE6895E80E0020F47C30012CC9
:102AE00040EA0130A2F101016FF35F214FF47E4211
:102AF00002EB432247F8040C92B24FF0FE4302EB84
:102B000001004FF4FE012A6901EB064101F4FE01C8
:102B100003EB0262084402F0FE410844F8603868A2
:102B2000696920F0C00040EA010038603868A9698E
:102B300020F0200040EA0100386038684FF6F87154
:102B400020F0100038603869EA6920EA01004FF48B
:102B5000001140EAC2003861386808BF4FF48011A4
:102B600040F01000002C386008BF4FF40021386896
:102B70000843386057F82C0C40F0806047F82C0C64
:102B8000F3F736FF044600BF57F82C0C000107D4BA
:102B9000F3F72EFF001B0328F6D3032001B0F0BD8E
:102BA000002001B0F0BD0000F0B581B044F22C4728
:102BB000C5F6020757F8042C02F00302032A02D1DB
:102BC000012001B0F0BD054657F82C0C0C4620F052
:102BD000805047F82C0CF3F70BFF064657F82C0CE7
:102BE000800005D5F3F704FF801B0228F6D964E0C6
:102BF00057F8040CEE6895E80E0020F07C70012C6C
:102C000040EA0150A2F101016FF35F214FF47E42CF
:102C100002EB432247F8040C92B24FF0FE4302EB62
:102C200001004FF4FE012A6901EB064101F4FE01A7
:102C300003EB0262084402F0FE4108447861386800
:102C4000696920F4406040EA010038603868A96989
:102C500020F4007040EA0100386038684FF6F871DF
:102C600020F480703860B869EA6920EA01004FF00A
:102C7000807140EAC200B861386808BF4FF40001B3
:102C800040F48070002C386008BF4FF48001386831
:102C90000843386057F82C0C40F0805047F82C0C53
:102CA000F3F7A6FE044600BF57F82C0C800007D4AB
:102CB000F3F79EFE001B0328F6D3032001B0F0BDFE
:102CC000002001B0F0BD00002DE9F04381B046F6D0
:102CD0004C18C2F2000898F80010DFE801F00493E5
:102CE0002C4F0AE0E871A52800F0B38001B0BDE8E0
:102CF000F08346F64611C2F200010A88B2F5967FCB
:102D0000C0F0288148F2BE030020C2F2004388F8D8
:102D100000000880187046F64413C2F200031870D1
:102D200046F64813C2F20003186048F2BC03C2F230
:102D30000043188015E146F6461248F2BE03C2F27F
:102D40000002C2F2004311881870B1F5967FC0F0FE
:102D500017810020108046F6441288F80000C2F265
:102D600000021870107046F64812C2F2000210609D
:102D700048F2BC02C2F20042108008E146F6461159
:102D8000C2F200010A88B2F5967FC0F0068148F2CF
:102D9000BE070023C2F2004788F800300B803B706A
:102DA00046F64417C2F200073B7046F64817C2F2D7
:102DB00000073B6048F2BC07C2F200473B80F3E0EB
:102DC000A52846D0FF2840F0A68046F6441448F2D5
:102DD000BE05C2F20004C2F2004546F64816C2F231
:102DE000000620782A783168EFF70EFE46F6461185
:102DF0000020C2F2000188F80000287008802070CE
:102E000030609FE0A52824D05A2840F0848046F600
:102E10004612C2F200021188B1F5967FC0F002811D
:102E20000020108048F2BE0288F80000C2F2004282
:102E3000107046F64412C2F20002107046F64812B4
:102E4000C2F20002106048F2BC02C2F200421080DE
:102E5000EFE048F2BE000021C2F2004046F6461202
:102E6000C2F20002017046F64410C2F20000017086
:102E700046F64810C2F20000016048F2BC00C2F2FF
:102E800000400180012088F8000010804AF2011003
:102E9000A521C2F20040017001B0BDE8F08348F204
:102EA000BC010002C2F2004108800620C6E046F6DE
:102EB000461C48F2BC0EC2F2000CC2F2004E4FF6A5
:102EC000FF72BCF80010BEF8003043EA0009AEF80B
:102ED0000090C9B14AF201164AF201070025C2F278
:102EE0000046CFF6FF7700BF745D6240002400BF4C
:102EF000D307C2F34E0218BF7A40072C04F1010435
:102F0000F6D301358D42EFD191B21FFA89F28A4290
:102F100067D1072092E046F646110020C2F2000178
:102F200088F80000088048F2BE01C2F20041087033
:102F300046F64411C2F20001087046F64811C2F28A
:102F40000001086048F2BC01C2F20041088001B0F3
:102F5000BDE8F083531C0B804AF20113C2F2004318
:102F6000985490084A283FF6C1AE088848F2BE013E
:102F7000C2F20041043809788842FFF4B7AE4FE04E
:102F80004B1C13804AF20112C2F2004250548808CE
:102F90004A283FF6ABAE032050E0531C0B804AF2A8
:102FA0000113C2F20043985492084A2A3FF69EAE9B
:102FB00046F6441248F2BE03C2F20002C2F20043D7
:102FC0000988107018784AF20112002846F6481055
:102FD000C2F20000C2F200421144016020D004207D
:102FE0002CE048F2BE020021C2F20042A52888F877
:102FF0000010117046F64412C2F20002ACF8001044
:10300000AEF80010117046F64812C2F200021160CC
:103010007FF46CAE012088F80000ACF8000035E7C2
:1030200005200BE04B1C13804AF20112C2F2004251
:10303000505488084A283FF659AE022088F800000C
:1030400001B0BDE8F083000070B5044640791D462C
:103050000E4618436071204601F0F2FE002818BFAA
:1030600070BDAEB1207D80B92078A2794BF6944C2A
:103070004BF68061C0F6010CC0F60101A0F1190306
:10308000012A08BF6146042B1CD23046FEF7B0FB74
:10309000A07E627900212175002842EA0500607156
:1030A00001D1E17E11B140F0100060710020A4F860
:1030B0000300A4F81100E074A076C4E90200172010
:1030C000208070BD0028E3D01E28DED00E23012A08
:1030D00008BF0F238342DBD301EB401010F81C0C18
:1030E0000228D2D0D4E70000F0B581B0057F1446A5
:1030F000D9B1027D92B9027890F806C04BF6944798
:103100004BF68063C0F60107C0F60103A2F1190671
:10311000BCF1010F08BF3B46042E22D206460846EA
:103120000F46FEF765FB304639466A1E4FF0000336
:10313000B2FA82F2C0F811304FEA52128271C271B3
:103140004FF00102A0F803204FF01A02837608BF67
:103150001B2283600373234601B0BDE8F040EDF706
:1031600017BD002AE1D01E2AD8D00E27BCF1010FCE
:1031700008BF0F279742D8D303EB421212F81C2C3A
:10318000022ACBD0D1E70000002808BF704740F6E4
:10319000DB7140F6DB72CBF6C971016040F6DB7182
:1031A00040F6DB73CCF2C901816040F6DB71CCF2F2
:1031B0004902426040F6DB72C4F24901C4F2C9031D
:1031C00001610021436146F2F363C3F6C972C26034
:1031D000CBF68071CBF65F73C0E906134FF07E51DA
:1031E000C0E908217047000005A1012808BF04318B
:1031F00002289FED051A91ED000A01FE000A7047B2
:1032000000000000DB0FC9BFDB0FC93F000000005A
:103210008C4600211346624600F002B80000000010
:103220002DE9F0412DED108B04460120002A18BF36
:10323000002B03D1BDEC108BBDE8F081022C02D92C
:10324000012102208AE0042900F286804CF25040DD
:103250006427C0F6010014FB070701EB810607EBAA
:1032600086077F7C002F77D000279FED990A00BF4B
:10327000D51995ED001AB0EEC11AB4EE401AF1EE70
:1032800010FA71DC04370C2FF2D192ED010A92EDA5
:10329000021A30EE01FA9FED8F1A30EE01CA642750
:1032A00014FB0700904692ED00BA1D46B0EE4C0AA2
:1032B00000EB86060F4607F0A7FCB0EE40EAB0EE42
:1032C0004C0A08F07BF8B0EE40DAB0EE4B0A07F09B
:1032D0009BFCB0EE409AB0EE4B0A08F06FF8B0EEEF
:1032E00040AAB0EE4F0A07F08FFCB0EE408AB0EE75
:1032F0004F0A08F063F8B0EE4B3A9FED775A2B4631
:1033000096ED004A96ED012AB4EE45BAF1EE10FAB8
:1033100096ED021AAC70EF700BDDB0EE4B3A9FEDFC
:103320006F6A00BF33EE063AB4EE453AF1EE10FA9A
:10333000F8DC9FED6B5AB4EE453AF1EE10FA16DA6E
:103340009FED686A414600BF33EE063AB4EE453A57
:10335000F1EE10FAF8DB0BE0092107201870597024
:10336000BDEC108BBDE8F08103210220F6E7414659
:10337000DFED5E2A0022DFED5C0A6EEE221ADFED41
:103380005C4A29EE205A2AEE247A002069EE083A97
:10339000002501EE895A01EECA7ADFED561A4DEE8C
:1033A000221ADFED562AB4EE623AF1EE10FAD8BFD7
:1033B0000122B1EE456A83ED04BA0AEE045AD860E0
:1033C000F1EE472A09EE047A2AEE484A03EE825AC1
:1033D00060EE493A04EE027A9FED474A3CEE044A19
:1033E00083ED024A2AEE644A0F685F614F689F616D
:1033F000896883ED084A2AEE004A002703EE815AC5
:10340000DFED3F3AB4EE633ADFED3E3A04EE017A87
:103410009FED3D4AF1EE10FAB4EE633AB8BF0125D4
:10342000F1EE10FAB4EE443AC3ED0D1AB1EE4A3A99
:10343000C3ED101AB1EE474A83ED153A40EE021A79
:1034400083ED114A28EE433AC3ED0B2AB1EE454A0B
:1034500083ED173A29EE483A83ED124A69EE600A85
:1034600083ED183AB1EE494AC3ED090A2AEE403A13
:10347000C3ED0E2AB1EE402A83ED0C6A83ED0F6A8C
:1034800048EE011A83ED144A83ED190A29EE422A07
:1034900083ED1A3AA8BF0127D20783ED1B2A07EA5A
:1034A000050783ED1C8A3A4618BF0222F1EE10FA96
:1034B000C3ED131AC3ED031AD8BF3A46D96145F6D6
:1034C0002941C4F2C421996200211A71986545E727
:1034D000FFFF7F7FDB0FC93FDB0F4940DB0FC9C018
:1034E000DB0F49C0DB0FC9405C8F2A428922DD43D4
:1034F0005C8F2AC2295CC442F9AA103EE4CB164074
:10350000DB0F49BFE4CB16C0DB0F493F00000000D2
:103510002DE9F04782B044F64C410020C2F2000190
:1035200044F64848C2F200084FF6FF77087044F6A8
:103530003C61C2F2004145F2400ACFF600474FF02D
:10354000FF39087045F22D01C2F20041C2F2004A73
:1035500045F238066C460870C2F2004698F8021030
:103560000197CDF80090013918BF01218DF80610A0
:103570000321CAF8001000BF215C31540130082833
:10358000FAD145F258500321C2F2004008232246E6
:1035900005F082FF45F24405C2F200452870287804
:1035A0000220F2F751FA98F8020007F1807101F554
:1035B0007F01019140F203110128CDF800904FF0F6
:1035C000000008BF0321CAF8001000BF225C32547B
:1035D00001300828FAD145F258506A46C2F200403C
:1035E000082305F059FF287028780220F2F72CFAFA
:1035F00098F80000012807D145F258500121C2F285
:10360000004005F0C5FF06E045F258500121C2F226
:10361000004005F0CDFF0220F2F716FA98F80100FD
:10362000012809D145F258500221C2F2004005F0AC
:10363000AFFF02B0BDE8F08745F258500221C2F258
:10364000004005F0B5FF02B0BDE8F08700000000C3
:103650002DE9F04F83B045F20C5A44F64847C2F2C8
:10366000000AC2F20007DAF804000130CAF80400C8
:10367000F87870B1B87801280BD145F620500221B6
:10368000C2F2004005F090FE0020F8700A20F2F728
:10369000DBF94FF6FF7045F25854CFF6004045F283
:1036A000380B45F244090026C2F200446D46C2F2CE
:1036B000004BC2F2004900F57F0800BF38780121B5
:1036C000012803D1204605F03FFF02E0204605F027
:1036D0004BFF8AF86E000220F2F7B6F978780221E3
:1036E000012803D1204605F02FFF02E0204605F017
:1036F0003BFF8AF86F000220F2F7A6F9B8784FF680
:10370000FF71CFF60041019101384FF0FF31009178
:103710004FF0030118BF01208DF8060045F240006C
:10372000C2F2004001600020295C0BF8001001305B
:103730000828F9D10321082320462A4605F0ACFECB
:1037400089F8000099F800008AF870000220F2F76A
:103750007BF9B87840F20311CDF8048001284FF0CE
:10376000FF30009045F2400008BF0321C2F2004044
:10377000016000202A5C0BF8002001300828F9D1F4
:10378000082320462A4605F087FE45F22D0189F8D8
:103790000000C2F2004199F800008AF8710001208F
:1037A00008700520F2F750F9022E06F10106FFF429
:1037B00085AF44F64C400121C2F20000017003B015
:1037C000BDE8F08F0000000090B110B5EFF3108459
:1037D000EFF3108172B645F22C419022C2F2004103
:1037E000ECF7DDFE002CBDE8104018BF704762B654
:1037F0007047000000000000F0B581B020B10D4618
:1038000011B10446406808B101B0F0BDE06805F0B0
:103810003BFE45F2BC470146C2F20047082828BFDC
:1038200008213A68002802F101023A6022683A83CE
:10383000B9762A7802F00F00F8760BD0002000BF8E
:103840002A5C3B18013081421A77F9D1C1B20729AD
:1038500003D90BE00021072908D8A1F10800394459
:103860001B310022013001F8012FFBD32E78E068D4
:1038700005F00AFE082827D22068022868DC012803
:1038800000F0B580022840F0AD8044F64060E26868
:10389000C2F20040294600F13806304605F09CFE91
:1038A000E06805F0F1FD0828AED344F6504102224D
:1038B000C2F200010868431C45F22C40C2F20040ED
:1038C0000B6030303146B0E006F00F00C11E11F140
:1038D000030F04D82068411E0129CDD8C0B244F698
:1038E00040660128E268C2F2004646D130462946C9
:1038F00005F072FE44F63861C2F2004108680130FA
:1039000008607968013179602168012902D07969FC
:103910000131796145F22C410122C2F200410A8055
:1039200033884B80F3888B8006F1080388600A7324
:103930000DCBD6E90775746A08614A618B61CF6166
:103940000D624C62D6E90C028862CA6201B0F0BD19
:10395000032801D0FD2845D1E06805F095FD082831
:10396000FFF452AF284605F067FC45F23000C2F282
:1039700000400068F86001B0F0BD06F1380029464B
:1039800005F02AFE44F65041C2F2000108680130F9
:103990000860B9680131B9602168022902D07969EB
:1039A0000131796145F22C410222C2F2004106F157
:1039B00040030A86328F4A86F28F8A868863012006
:1039C00081F83C000DCBD6E91575F46D08644A64A6
:1039D0008B64CF640D654C65D6E91A028865CA65AB
:1039E00001B0F0BD38690130386101B0F0BD44F676
:1039F0004060E268C2F20040294605F0EDFDE06853
:103A000005F042FD0828FFF4FFAE44F6386744F69F
:103A10004061C2F20047C2F2004101223868431CF3
:103A200045F22C40C2F200403B6001B0BDE8F040DE
:103A300005F096BA000000004BF66020C0F60100C9
:103A400000F002B8000000002DE9F04144F64846BD
:103A5000C2F20006B0B1006830604FF0FF31B278BA
:103A600051FA80F07178B0FA80F001394009B1FA6A
:103A700081F1307048097070501EB0FA80F0400932
:103A8000B07001E00020306044F640684FF4DC7113
:103A9000C2F200484046ECF7B4FD45F2BC40242198
:103AA000C2F20040ECF7ADFD45F20C507421C2F2B9
:103AB0000000ECF7A6FD44F6F0554821C2F200459F
:103AC0002846ECF79EFD44F64C410020C2F200016E
:103AD000347877782C70087044F63C61C2F200416B
:103AE000B6782F7645F2380285F83060C2F200428F
:103AF000087045F22D01C2F20041087044F6884179
:103B0000C2F20001087045F23001C2F200410860C3
:103B100044F68441C2F20001086045F23401C2F269
:103B20000041086044F68C41C2F20001086045F291
:103B30004001C2F20041086045F24401C2F2004176
:103B400008704FF0FF3100BF53180131072958703A
:103B5000FAD145F22C459021C2F200452846ECF7F7
:103B600050FD601E4FF0010118BF01202980791E11
:103B70004FEA0020688018BF012102222A86721EA7
:103B80004FEA012169864FF0030318BF0122A5F80F
:103B9000603044F63863C2F200431202A5F8622096
:103BA00000271F6044F65043C2F20003A8F800004B
:103BB000A8F838101F6068806986A5F86220BDE803
:103BC000F08100000000000070B5B2F1010CA0F11E
:103BD000010518BF4FF0010CB1F1010EA1F1010177
:103BE00018BF4FF0010EEFF31084EFF3108672B69A
:103BF00044F64846013AB5FA85F5C2F20006B1FA34
:103C000081F10138B2FA82F2F37044F6F0534FEAD0
:103C10005515C2F2004335704FEA511171704FEAE9
:103C20005212B2701D7018BF0120197644F640611F
:103C3000C2F2004183F830200002002C08804FEAD5
:103C40000E220A8745F22C41C2F2004148804FEA19
:103C50000C204A86A1F8620018BF70BD62B670BD24
:103C6000002800F082802DE9F04F93B0EFF310812F
:103C70000091EFF3108172B690F800800DAB411CFB
:103C8000B8F101094FF017020746184618BF4FF068
:103C90000109ECF73FFC3D7E07F1190107A8172247
:103CA0006C1E18BF0124ECF735FC97F830A00DF11D
:103CB000040B07F131011722BAF10106584618BF6B
:103CC0000126ECF727FC691EAAF10102B1FA81F185
:103CD000A8F10100B2FA82F24FEA511844F64841C5
:103CE000550944F64062C2F20001B0FA80F0C2F217
:103CF00000424009087081F8018023028D704FEA6C
:103D00000921118044F6F054138745F22C42C2F287
:103D10000042C2F20044518031025386A2F8621080
:103D200017222070601C0DA9ECF7F4FB04F11900B8
:103D3000172207A984F81880ECF7ECFB04F1310096
:103D40001722594684F83050ECF7E4FB44F63C6007
:103D50000099C2F2004000294FF00101017013B038
:103D6000BDE8F04F18BF704762B670470000000012
:103D70002DE9F0412DED108B82B044F64C40C2F29B
:103D800000000178012940F0628144F63C61C2F2F2
:103D900000410978002900F05A8144F6F056EFF30B
:103DA0001087C2F20046EFF3108172B63168D6ED8B
:103DB00001BAD6ED02AAD6ED03CAD6ED04DAD6EDE5
:103DC00005EAB26996ED07EA96ED08DA96ED09FA8A
:103DD000D6ED0A8AD6ED0B9A336B96ED0D9A96EDD9
:103DE0000E8A96ED0FAA96ED10BA96ED11CA07B994
:103DF00062B60078012840F02A8145F20C5644F65C
:103E00004848C2F20006C2F2000830680130306053
:103E100098F80050B160C6ED03BA98F80140284602
:103E2000C6ED04AAC6ED05CA012DC6ED06DA98F85E
:103E30000270C6ED07EA4FF48171326286ED09EA3D
:103E400086ED0ADA86ED0BFAC6ED0C8AC6ED0D9A00
:103E5000B36386ED0F9A86ED108A86ED11AA86ED82
:103E600012BA86ED13CA18BF40F20110012CA6F851
:103E7000500040F2031008BF0221012FA6F8521093
:103E800008BF0320012DA6F854002ED1FAEE092A0E
:103E9000B2EE093AFBEE044AB3EE045AB0EE6B0AF6
:103EA000F0EE6A0AB0EE6C1AF0EE6D1AB0EE6E2A01
:103EB00006F15600DFED683A9FED684A04F0A0FF76
:103EC000012C1CD01EEE100A1DEE101AC6F85E0062
:103ED000C6F86210012F2ED019EE100A18EE101A33
:103EE000C6F86600C6F86A103FE01BEE900A1AEEAC
:103EF000901AC6F85600C6F85A10012CE2D1FAEE14
:103F0000092AB2EE093AFBEE044AB3EE045AB0EEC7
:103F10004E0AF0EE4D0AB0EE4F1AF0EE681AB0EE0F
:103F2000692A06F15E00DFED4C3A9FED4C4A04F041
:103F300067FF012FD0D1F9EE084AB1EE085AB0EE72
:103F4000490AF0EE480AB0EE4A1AF0EE4B1AB0EE0B
:103F50004C2A06F16600DFED422A9FED423ADFED82
:103F6000423A9FED424A04F04BFFB0EE6B0AF0EE8E
:103F70006A0A45F258500121C2F20040012D08D1D1
:103F8000B0EE6C1AF0EE6D1AB0EE6E2A05F08CFBF6
:103F900001E005F055FC98F80100012811D1B0EEC0
:103FA0004E0AF0EE4D0AB0EE4F1AF0EE681AB0EE7F
:103FB000692A45F25850C2F20040022105F074FB14
:103FC0000AE0B0EE4E0AF0EE4D0A45F258500221DA
:103FD000C2F2004005F034FC98F80200012810D12C
:103FE000B0EE490AF0EE480AB0EE4A1AF0EE4B1A6B
:103FF000B0EE4C2A02B0BDEC108BBDE8F04105F0EC
:1040000023B845F2400045F23802C2F200408DED7F
:10401000009A8DED018A40F203110160002069468B
:10402000C2F200420B5C135401300828FAD145F269
:1040300058506A46C2F2004040F20311082305F0CE
:104040002BFA45F24401C2F200410870087802B030
:10405000BDEC108BBDE8F081000034C2000034429A
:10406000B81E49C1B81E4941000048C2000048427C
:104070002DE9F04F81B02DED108BADF56A7DF2F793
:10408000B7FC1E90DEA804F0A3F921A8F7F794F876
:1040900048A8FDF725F836A8FEF7BEF806F058F850
:1040A00044F2EC50C2F20040007810B14FF0010829
:1040B00009E040F20400C2F200000078B0FA80F09B
:1040C00040094FEA400845F2A41145F29403C2F2B8
:1040D0000001C2F2000301F124021C920A46B8F169
:1040E000010F18BF1A4601F10109B8F1010F209222
:1040F00001F1040B18BF03F1010901F1080CB8F13B
:10410000010FCDF87C9001F10C061CBF03F1040BEC
:1041100003F1080C01F11000B8F1010F01F1C4071F
:104120001D9718BF03F10C069BED000A8DED190ACF
:1041300001F1C8071B979CED000A8DED180A18BF06
:1041400003F1100001F1140E01F1180596ED000ABB
:104150008DED170AB8F1010F90ED000A8DED160AEA
:1041600001F11C041CBF03F1140E03F1180501F149
:10417000200AB8F1010F18BF03F11C049EED000ADC
:104180008DED150A95ED000A8DED140A18BF03F1A7
:10419000200A94ED000A8DED130A01F1C0029AED98
:1041A00000FADDF870A0B8F1010F1CBF03F1240A7A
:1041B00003F1C002DDF874E001F1CC0B01F1F0096C
:1041C00001F1F40601F1F80C01F1FC0501F5807430
:1041D0001C92B8F1010F01F5827718BF03F1C40EEC
:1041E0001B9801F5867218BF03F1C800B8F1010FE2
:1041F000DAED008A1CBF03F1CC0B03F1F009B8F132
:10420000010F01F5847A1CBF03F1F40603F1F80CE9
:10421000B8F1010F1CBF03F1FC0503F580741C9974
:10422000B8F1010FD1ED009A1CBF03F5827703F5B9
:10423000847AB8F1010FDEED00AA18BF03F586728B
:10424000D0ED00BA2098DBED00CA99ED009A007815
:1042500012901F9890F8009010781D9096ED00AA8B
:104260009CED00BAD5ED00DAD4ED00EAD7ED00FA06
:104270009AED008A06D045F22831C2F2004105E0ED
:104280000AD7233C45F20401C2F20001BAA89022E9
:10429000ECF785F944F6346085ADB8F10104C2F25B
:1042A0000000294618BF0124F9F7DAFE45F2C820BC
:1042B000C2F2000090E80E007E91C168819144F640
:1042C000FC71C2F200417F9202698093436991EDD3
:1042D00001CA80698490087891ED03EA0E90087C09
:1042E0000D90487C0C90887C0B90C87C0A90886963
:1042F0000890087F099091F82C00CDE9822391ED78
:1043000002DA1B90D1E90870079005F049FFDE98AA
:104310003A461E9B0028A3EB0001A3EB070318BF3E
:104320000120B1F5FA7F4FF0000198BF0121002F65
:104330004FF0000618BF0122B3F5FA7F4FF00003DB
:10434000069700EA010098BF0123059044EA0001A6
:104350004046B8F1000F18BF0120012902EA03010D
:104360004FF001020BD1084309D0A8F10200B8F1C7
:104370000206B0FA80F04FEA501218BF01265FFA29
:1043800089F40120012C2090CDF844901A91CDE9B8
:10439000036219D0B0EEC91A1FED470AB4EE401AF5
:1043A000F1EE10FA10DCB0EECA1AB4EE401AF1EEDB
:1043B00010FA09DCB0EECB1A0020B4EE401AF1EE90
:1043C00010FAC8BF01202090BAAE3046FBF798FD26
:1043D0001C9044F63460C2F20000F9F7A5FF029089
:1043E0004FF0000ADDE9C210401A109138BF504664
:1043F00004220F9046F25410C2F20000011F00BFC9
:1044000051F81C3F322B88BF0AF1010A013AF7D15B
:1044100046F234214FF00009C2F2000106220439AD
:10442000CDF87C8051F81C3F322B88BF09F101097F
:10443000013AF7D1D0F88810D0F8A400322988BF0B
:1044400009F10109322840F2E010C2F2000088BFF1
:1044500009F1010990F800B09DF8EA029DF8D870C2
:104460009DF81412BBF1000F18BF4FF0010B00288C
:1044700018BF0BF1080B5FFA89F0002918BF0BF188
:10448000100B012C0190209C7EA808BF0234FDF780
:10449000FFFD002818BF04341C98002818BF1034F2
:1044A000012F08BF44F020040298002818BF44F0F0
:1044B0004004E7B2002F18BF44F0800703F0A8FBC8
:1044C00040F008011B9A002A45F2E42818BF08466C
:1044D0009DF8C820C2F2000800F001039DF81942BF
:1044E000002A08BF01F009031D99090618BF1033FF
:1044F0000294002C18BF20330399002908BF803391
:10450000DDF814C01A9C6146002A64F3410118BF0B
:1045100004315FFA8AF2DDF820E2032A88BF08310D
:10452000BEF1000F9DF83F211E9CC8F8004018BF47
:104530001031019C072C1F9C88F8044088F805B0B6
:1045400088BF41F02001002A88F8067088F80730FB
:10455000DEAB18BF41F0400188F8081088F8090068
:10456000049888F80A00DDE9DE01C8F80C100D2176
:10457000C8F810009DF8800388F814009DF88103A6
:1045800088F815009DF8820388F81600404600F868
:1045900017CF00BF5A1801311D29527800F8012F9A
:1045A000F8D108F124001C215A1804312C29526832
:1045B00040F8042FF8D10898C8F838000698C8F8D1
:1045C0003C000798C8F84000099888F844001B98F8
:1045D00088F845001A9888F846000E9888F8470031
:1045E00088ED12CA88ED13DA88ED14EA0D9888F880
:1045F00054000C9888F855000B9888F856000A98D3
:1046000088F8570040F2E010C2F20000007888F805
:104610005800129888F85900119888F85A001D9887
:1046200088F85B00209888F85C0088F85DA09DED14
:10463000190A88ED180A9DED180A88ED190A9DEDF2
:10464000170A88ED1A0A9DED160A88ED1B0A9DEDE2
:10465000150A88ED1C0A9DED140A88ED1D0A88EDE7
:104660001E9A88ED1FAA88ED20BA9DED130A88EDE9
:10467000210A88ED22FAC8ED238A2198C8F8900013
:104680002298C8F894002498C8F898002598C8F88B
:104690009C002698C8F8A0002798C8F8A400C8ED88
:1046A0002ADAC8ED2BEAC8ED2CFA88ED2D8AC8ED80
:1046B0002E9AC8ED2FAAC8ED30BAC8ED31CA9DF8C0
:1046C000140288F8C8009DF8150288F8C9009DF802
:1046D000160288F8CA009DF8170288F8CB009DF8EA
:1046E000180288F8CC00029888F8CD009DF81A02CC
:1046F00088F8CE009DF81B0288F8CF008798C8F88C
:10470000D000C8F8D4E08998C8F8D8009DF83402E1
:1047100088F8DC009DF8350288F8DD009DF8680215
:1047200088F8DE009DF829129DF828029DF82A22BB
:1047300001F00F0100289DF82B0218BF61F07F01E6
:10474000002A18BF4031002818BF203188F8DF1038
:104750009798C8F8E0009898C8F8E400002000BFD7
:10476000291808EB000204300C284B6ED1F8C41055
:10477000C2F8E830C2F80011F2D1AAAA0DF5907E75
:1047800007CAC8F8F400C8F8F810C8F8FC209DF86B
:10479000E40288F80C011F9888F810019DF8E802DF
:1047A0009DF8EC329DF8EA129DF8EB2288F8111181
:1047B00088F8120188F8132188F814319DF8ED0269
:1047C00088F815019DF8EE0288F816019DF8F002B0
:1047D00088F817019DF8F10288F818019DF8F90290
:1047E00088F819019DF8FA0288F81A019DF8FB0271
:1047F00088F81B019DF8FC0288F81C0110991C9890
:1048000088F81D010F98002908BF084688F81E91F6
:10481000C8F82001C398C8F824010020311808EB1B
:104820000003043010280A6D896EC3F82811C3F8FC
:104830003821F3D1002000BF311808EB0003043009
:1048400004280A6ED1F88810C3F84811C3F8502123
:10485000F2D09DF838019DF839119DF83A210028D1
:1048600018BF0120002918BF0121002A18BF01220A
:1048700040EA41009DF83B3140EA820088F8580147
:104880009DF83C01002B9DF83D1118BF0123002825
:1048900018BF0120002918BF012143EA400040EA67
:1048A000810088F859019DF879019DF8B5119DF8AE
:1048B000F121002818BF0120002918BF0121002A7A
:1048C00018BF012240EA410040EA820088F85A01FC
:1048D0009DF83E0188F85B019DF83F0188F85C0176
:1048E000002088F85D0188F85E0188F85F01509922
:1048F000C8F860114899C8F864114999C8F8681156
:104900004A99C8F86C114B99C8F870114C99C8F8BD
:1049100074114D99C8F878116FF03B010EEB01024C
:1049200008EB000304303C310C28976E166FD2E977
:104930002054D2E922C2C3F87C71C3F88861C3F85D
:104940009451C3F8A041C3F8ACC1C3F8B821E5D174
:104950009DF8D8009DF8D9109DF8DA209DF8DB303D
:1049600088F8C40188F8C51188F8C62188F8C731CD
:104970009DF8DC0088F8C8019DF8DD0088F8C901C1
:104980009DF8DE0088F8CA019DF8DF0088F8CB01A9
:104990003898C8F8CC013998C8F8D0013A98C8F8C6
:1049A000D4013B98C8F8D8013C98C8F8DC013D9880
:1049B000C8F8E0013E98C8F8E4013F98C8F8E8015B
:1049C0004098C8F8EC014198C8F8F0014298C8F83E
:1049D000F4014398C8F8F8014498C8F8FC014598D8
:1049E000C8F800024698C8F804024798C8F80802B8
:1049F0009DF8F80188F80C029DF8F90188F80D027D
:104A00009DF8FA0188F80E029DF8FB0188F80F0264
:104A10009DF8040288F810027EA8FDF739FB88F89B
:104A200011029DF8050288F81202BDF8FC01A8F8F1
:104A30001402BDF8FE01A8F81602BDF80002A8F89D
:104A40001802BDF80202A8F81A028498C8F81C02DD
:104A50008298C8F820028398C8F824020DF56A7D70
:104A6000BDEC108B01B0BDE8F08F0000000000002D
:104A70009FED171A48B3B5EE400AF1EE10FA24DDA7
:104A8000B7EE001AB4EE410A90ED001AF1EE10FAFA
:104A90001BDAB1EE082ABAEE0E3AB0EEC11A20EED9
:104AA000022A20EE033A20EE011AA2EE003AB2EEFC
:104AB000042A20EE011A20EE010A33EE021A21EE3A
:104AC000000A90ED021A21EE001AB0EE410A70477A
:104AD00000000000000000009FED151A28B3B5EE9D
:104AE000400AF1EE10FA20DDB7EE002AB4EE420AD9
:104AF000F1EE10FA19DA90ED001AB3EE0E3AB0EEBC
:104B0000C11A21EE031A20EE011A20EE011A32EE2C
:104B1000400A20EE011A20EE010A90ED011A80EE03
:104B2000010A90ED021A21EE001AB0EE410A704718
:104B3000000000000000000010B52DED0C8B0028D7
:104B400072D0B0EEC0BA9FED422AB4EE42BAF1EE96
:104B500010FA08DA00210161C0E90011C0E9021170
:104B6000BDEC0C8B10BDB7EE0E2AF5EE400AF1EE4F
:104B700010FA9FED388AB5EE401A2BEE02AAB0EE7D
:104B8000489A8AEE202A32FE08CAF1EE10FA0CDDAD
:104B90009FED312A2BEE022A82EE011AB1EEC19A64
:104BA000B4EE499AF1EE10FA41D6F5EE401AF1EE64
:104BB00010FA13DD9FED291AB0EE40DA2BEE011A40
:104BC000DFED270A044681EE211AB0EE410A06F015
:104BD000C3F8B0EE408AB0EE4D0A204689FE0C1AAA
:104BE0009FED202ABFEE003AB7EE004AB5EE400A2C
:104BF00080ED000A88FE011AF1EE10FA81FE021A19
:104C00009FED152A2BEE022A80ED011A24FE033AAD
:104C100021EE010A80ED023A8AEE011A80ED031AB4
:104C200082EE000A80ED040ABDEC0C8B10BDB0EEE4
:104C300040DAB0EE410A0446B0EE619A06F086FC16
:104C4000F0EE491AB0EE409AB0EE4D0A2046ACE7BD
:104C5000BD3786350000000083C0B84000007042B8
:104C6000ABAAAA3E6F12833A0000000000000000C9
:104C7000074B19680868B0E8F04F80F30988BFF364
:104C80006F8F4FF0000080F31188704700BF00BFA6
:104C90002068002000000000B0B5CAB036AD044660
:104CA00050212846EBF7ADFC05F052FA44F634608B
:104CB00001A9C2F20000F9F7D3F905F071FADDE9B4
:104CC0000101369003983890BDF82400ADF8EC004F
:104CD0009DF818009DF81920379100289DF81A00BA
:104CE0000499399102F00F01059A18BF61F07F0114
:104CF00000289DF81B003A924FF0500218BF403137
:104D000000289DF858008DF8EE0018BF20319DED69
:104D1000130A9DED281A8DED3C0A30EE410A1498D5
:104D20003D901A983E901B983F901C984090269872
:104D300041902798429025988DF8EF10010A8DF840
:104D40001111010C8DF8121110EE101A8DF81001CE
:104D5000000E8DF813018DF81411080A8DF8150155
:104D6000080C8DF81601080E8DF81701DDE93201E7
:104D700046903498CDE947109DF8D40029468DF827
:104D8000240120468DED431A00F002F84AB0B0BD70
:104D900019B9002A1CBF00207047B0B5CCB045F649
:104DA000A523ADF804308DF806208DF807003AB140
:104DB00001A814460430EBF7ADFB04F1040E01E04A
:104DC0004FF0040E4FF6FF7100230DF1040C4AF270
:104DD000010400BF1CF8032051400022084684EA69
:104DE0005101C50708BF4108072A02F10102F5D3A6
:104DF00001337345EED10CEB0E001EF103044FEAB4
:104E000011220CF80E2041704FF0FF01817008D084
:104E1000ECF736FCA04207D301A82146ECF744FC8E
:104E200010B101204CB0B0BD48F2C000C2F2004049
:104E300001680131016000204CB0B0BD00000000ED
:104E4000C378002B4CD0837E002B49D1C37E002B2E
:104E500046D18379012B43D1F0B581B014465A1E57
:104E6000B2FA82F24FEA5215C9B1027D82B990F8C6
:104E700000C04BF694474BF68062C0F60107C0F6BF
:104E80000102ACF11906012B08BF3A46042E29D2C3
:104E9000064608460F46FCF7ABFC39463046012370
:104EA000A0F80330837B40F2011242830022057791
:104EB0008571C5714271C0F811208260027323B1FF
:104EC000C272A0F80D20C27342701D22234605460F
:104ED000EBF75EFE2878173818BF012001B0F0BD4F
:104EE00000207047BCF1000FD9D0BCF11E0FCFD00D
:104EF0000E27012B08BF0F276745D0D302EB4C12BA
:104F000012F81C2C022AC3D0C9E7000000000000E0
:104F100080B5844690F806E04BF694404BF68063EB
:104F2000C0F60100C0F60103BEF1010F08BF034641
:104F30001E2919D842F60A00DFE801F021161616DC
:104F40001616161616161616161616161616161601
:104F50001616161622101313102223004FF47A602F
:104F600080BD4FF4FA5080BD0E20BEF1010F08BF86
:104F70000F20BCF1000F08BF0E20884204D2002091
:104F800080BD43F6982080BD03EB411050F8040C1F
:104F900080BD00000000000080B54FF0500080F39D
:104FA0001188BFF36F8FBFF34F8F05F0BDFC30B199
:104FB0004EF604504FF08051CEF200000160002008
:104FC00080F3118880BD0000B0B59CB044F6180491
:104FD00009A84C21C5F60204EBF713FB02200025BB
:104FE000CDE90755CDE90555CDE90355CDE9015585
:104FF000F2F7EEFC0095206820F440402060206825
:1050000000F440400090009820688004FCD5012006
:1050100009904FF480310A9102212822CDE9152010
:1050200006201491CDE917010C20199009A800243D
:10503000CDE91211CDE91A44F3F74AFD18B1EFF3A7
:10504000108072B6FEE73F20019003204FF480618C
:10505000CDE90204082004904020CDE90500CDE907
:10506000071001A80321F3F7CBFA20B1EFF310806A
:1050700072B600BFFEE71CB0B0BD0000000000002B
:105080004EF6885042F2000CCEF20000C5F2002C21
:10509000026842F470020260DCF8000000F00F00C9
:1050A000062806D8DCF80000072262F30300CCF8DB
:1050B000000044F200404EF67F51C5F60200CEF6E5
:1050C000F621026842F001020260002202610368D8
:1050D00019400160DCF80010090706D5DCF8001063
:1050E000072363F30301CCF8001040F20021826132
:1050F000C261C0F20221026281620021C0F2FF118E
:10510000C16240F28021C0F20111016342638163F8
:10511000C26301644264016821F480210160026677
:10512000D0F8D410C90448BF7047D0F8D41043F267
:10513000D20241F48051C0F8D41044F20001C5F20B
:1051400000210A60D0F8D41021F48051C0F8D410A6
:10515000704700000000000045F6CC60C2F200007D
:10516000F4F76EBA0000000045F61870C2F20000B5
:10517000F4F766BA0000000045F2F850C2F20040B1
:10518000F4F75EBA0000000010B540F6FF32D0F828
:1051900000E0C4F2000290420FDCB0F1804F1DD05D
:1051A00040F20043C4F20003984217D040F60003D7
:1051B000C4F20003984211D015E040F60043C4F257
:1051C000000398420AD040F20043C4F2010398421F
:1051D00004D00023C4F20103984204D12EF07002DF
:1051E0004B6843EA020E4EF2FF3343F6FF7CC4F2F3
:1051F0000003C4F2010C98420FDD604522DC4EF240
:105200000043C4F20003984238D00023C4F20103E3
:10521000984233D040F2004322E040F2FF73C4F2E0
:105220000003984221DD40F60003C4F200039842D7
:1052300024D040F60043C4F2000398421ED04EF240
:10524000000317E044F20003C4F20103984215D0B2
:1052500044F60003C4F2010398420FD044F2004325
:10526000C4F20103984209D00DE0B0F1804F05D09F
:1052700040F20043C4F20003984204D12EF440727D
:10528000CB6843EA020E4B6960450A688C68C462C9
:1052900082620EDD44F20002C4F20102904213D099
:1052A00044F60002C4F2010290420DD044F20042E2
:1052B00006E00022C4F20102904205D040F2004212
:1052C000C4F20102904201D109690163016841F011
:1052D00004010160012141612EF080011943016048
:1052E00010BD0000000000002DE9F04381B02DED5D
:1052F0000C8B90B046F630764CF24005C2F2004678
:10530000C0F601050027884672798146B37902EB21
:10531000C2049A4238BF05EB840780F04C8168468E
:10532000ECF712FB96ED050A3878B0EEC00A96ED60
:10533000068AC10796ED079A10D1B0EE081AB4EEAE
:10534000418AF1EE10FA25DCB7EE081AB4EE410AF4
:10535000F1EE10FA1EDC9FEDABAA2DE003285ED91A
:10536000B0EE041AB4EE410AF1EE10FA67DD99EDE1
:105370002E0A9FEDAA1A30EE010A9DED041A9FED48
:10538000A82A89ED2E0A31EE020A9FEDA6AA8DED1C
:10539000040A56E09DED001A9FEDA03A9DED042A07
:1053A00031EE031A9FEDA13A8DED001A32EE031A89
:1053B0009FED9FAA8DED041A96F8710004281AD368
:1053C000B0EE001AB4EE418AF1EE10FA13DD9DED55
:1053D000001A9FED953A31EE031A9FED8E3A3AEEA0
:1053E00003AA9DED062A9FED8C3A8DED001A32EE50
:1053F000031A8DED061AB7EE001AB4EE410AF1EE6B
:1054000010FA63DD012861D89FED8A0A9DED051A27
:105410003AEE00AA31EE000A8DED050A56E0B2EE32
:10542000080AB4EE409AF1EE10FA26DD9DED040A6A
:105430009FED75AA30EE0A0A8DED040A1FE09FED7C
:1054400071AAB2EE000AB4EE408AF1EE10FA03DC63
:1054500096F87100032839D39FED6E2A99ED2E0A34
:105460003AEE02AA9FED701A30EE010A9DED061A7F
:105470009FED692A89ED2E0A24E09FED62AA96F835
:105480007100042812D897ED030A9FED601A20EEF0
:10549000010A9FED5F1AB0EEC00A30EE010A96EDE8
:1054A000081AB4EE401AF1EE10FA0FDD9DED040A71
:1054B0009FED582A30EE020A9DED061A9FED562AFE
:1054C0008DED040A31EE020A8DED060AB1EE040AF2
:1054D0009DED001A9FED582AB6EE00CA9FED4FDAF7
:1054E0009DED023A81FE400A9DED011A81FE4D1AA2
:1054F0009DED044A83FE4C3A9FED42BA80FE020ABB
:10550000B0EE042A8DED000A81FE0B0A83FE0B1A11
:105510009FED4A3A84FE422A8DED010A9FED484AEA
:10552000B1EE005A8DED021A684682FE030AB7EE0C
:10553000003A9DED052A8DED040A82FE442A9DED78
:10554000064A84FE433A99ED2E4A84FE451A82FEAD
:105550000B0A9FED3C2A8DED050A83FE0B0A8DEDAB
:10556000060A81FE020A89ED2E0AECF731FA96F856
:105570007100A9EE0D8A86ED0BAA00EE100A08A8AC
:10558000B8EE400AA0EE0C8A86ED0A8AECF7DCF948
:10559000DDE9080130630A9871630C99B0630D98D6
:1055A000C6E90F100E987064B9F1000F18BF99ED9D
:1055B0002EBA86ED12BA4846FCF71AF97079B1791D
:1055C00001307071C2B28A4204D3F0790021717146
:1055D0000130F071F079317A884204D2012086F8E6
:1055E0005000F07208E00020307086F85000022170
:1055F0003171F072C6F80C8010B0BDEC0C8B01B0AC
:10560000BDE8F083000000008FC2F53CE12E65424A
:105610000000F0420AD7A3BC0AD7A33CCDCC4C3D36
:105620000AD7233C8FC2753D0AD723BD8FC2753C74
:10563000B81E853D6F12833ACDCCCC3E9A99193E67
:10564000CDCCCC3D9A99193FB0B588B046F63075AF
:105650000446C2F20045E96C11B10846FCF7C8F8EF
:105660000020287085F850000321E87268462971EF
:105670006C72EC6CECF768F9DDE9000128630298C4
:1056800069630499A8630598C5E90F1006986864D2
:1056900014B194ED2E0A01E09FED020A85ED120A85
:1056A00008B0B0BD00000000B0B540F2D814C2F29E
:1056B00000042178032961D8DFE801F00245141CB9
:1056C000A52862D10120207045F22C000021C2F2F1
:1056D0000040017044F65840C2F200002821EAF769
:1056E00090FFB0BD44F68041C2F200010870032073
:1056F0002070B0BD5A2841D144F6584200204FF0E6
:10570000FF31C2F2000200BF5318013127295B7834
:105710001844F9D144F6804144F6FC75C2F2000108
:10572000C2F20045C2B209786877A9778A421DD1D2
:10573000F1F75EF944F63D612862C2F200410120B2
:10574000287708701AE045F22C01C2F200410A786D
:10575000531C0B70DDB244F65841C2F20001282DF3
:10576000885438BFB0BD02202070B0BD686A0130D7
:105770006862F1F73DF9A8620020287745F22C0114
:105780000020C2F2004120700870B0BD000000008F
:1057900045F6F870C2F20000F4F7EEBD000000001C
:1057A00045F2D860C2F20040F4F7E6BD0000000008
:1057B00046F28C00C2F20000F4F7DEBD00000000EB
:1057C000816A0A070CD4CA0715D18A071ED44A0772
:1057D00027D4CA0630D48A0639D44A0642D454E0C3
:1057E0000268D0F838C0536823F4004343EA0C033E
:1057F0005360CA07E9D00268D0F82CC0536823F47C
:10580000003343EA0C0353608A07E0D50268D0F8FE
:1058100030C0536823F4803343EA0C0353604A07D3
:10582000D7D50268D0F834C0536823F4802343EA04
:105830000C035360CA06CED50268D0F83CC093680A
:1058400023F4805343EA0C0393608A06C5D50268AB
:10585000D0F840C0936823F4005343EA0C039360EC
:105860004A0612D50268D0F844C0BCF5801F5368C0
:1058700023F4801343EA0C03536006D1536823F4E6
:10588000C00C836C43EA0C035360090658BF704791
:105890000168C06C4A6822F40022104348607047D7
:1058A000B0B582B004460020C4F89000F1F7A0F82B
:1058B000216805460968090718D54FF40011002230
:1058C0006FF07E40009020462B4600F0B9FE68B194
:1058D000206850E8000F216820F0800041E80002B5
:1058E000002AF5D103202021882230E020680068BA
:1058F000400723D54FF4800100226FF07E400090D6
:1059000020462B4600F09CFEC0B100BF206850E846
:10591000000F216820F4907041E80002002AF5D1C0
:10592000206850E8020F216820F0010041E80202DF
:10593000002AF5D1032020218C2208E02020C4F881
:105940008800C4F88C00002170220020E166A1507C
:10595000002184F8841002B0B0BD000000000000F7
:10596000806B0021A0F85E10F4F7D2BC00000000AC
:10597000806B0368D0F88820D0F88CC09B681B0629
:105980001BD5212A19D10022A0F85620026852E81E
:10599000002F036822F0C00243E800210029F5D15E
:1059A000016851E8021F026821F4000142E8021375
:1059B000002BF5D12021C0F88810016889684906BC
:1059C00032D5BCF1220F2FD10021A0F85E1000BF0C
:1059D000016851E8001F026821F4907142E8001349
:1059E000002BF5D14FF6FE7CCEF6FF7C026852E824
:1059F000022F036802EA0C0243E802210029F5D1D4
:105A0000C16E01290AD100BF016851E8001F026878
:105A100021F0100142E80013002BF5D12021C0F83D
:105A20008C100021C1664167D0F8901041F0100140
:105A3000C0F89010F4F76CBCC169806BB1F5807F41
:105A400030D00021A0F85E10016851E8001F026804
:105A500021F4807142E80013002BF5D1016851E870
:105A6000021F026821F0010142E80213002BF5D168
:105A7000016851E8021F026821F0400142E8021368
:105A8000002BF5D12021C0F88C10C16E012909D15D
:105A9000016851E8001F026821F0100142E800137C
:105AA000002BF5D100210167C16E012903D1B0F8A7
:105AB0005C10F4F785BAF5F707B8000000000000A5
:105AC000806B01210167C16E012904D1B0F85C101F
:105AD0004908F4F775BAF5F717B8000000000000A0
:105AE000B0F860200168D0F88C30222B58D1496A78
:105AF000836D114023F8021B8365B0F85E100139F5
:105B0000A0F85E10B0F85E10002918BF704700BF03
:105B1000016851E8001F026821F4907142E8001307
:105B2000002BF5D1016851E8021F026821F0010144
:105B300042E80213002BF5D12021C0F88C1000217F
:105B40004167016740F600420168C5F600029142D4
:105B50000CD04968090209D5016851E8001F0268A4
:105B600021F0806142E80013002BF5D1C16E0129BC
:105B70001BD10021C16600BF016851E8001F026807
:105B800021F0100142E80013002BF5D10168CA6929
:105B9000D20601D510220A62B0F85C10F4F710BAF0
:105BA000886940F0080088617047F4F78DBF0000F5
:105BB0002DE9F04F81B004460068B4F86050C66922
:105BC00001688268D4F88C30222B40F0A580B4F8AC
:105BD0006800002800F0AA8001F4807802F0010734
:105BE0004FF000094FF0020B4FF0010A04E000BF34
:105BF000B4F85E00002841D0B00640F197802068DC
:105C0000A16D426A2A4021F8022BA165B4F85E100A
:105C10000139A4F85E10C6697107E9D0F20718BF10
:105C2000B8F1000F02D1B2070AD412E0C0F820A0E8
:105C3000D4F8902042F00102C4F89020B20708D5B1
:105C40003FB1C0F820B0D4F8902042F00402C4F86C
:105C50009020002908D53FB104210162D4F89000BA
:105C600040F00200C4F89000D4F890000028BFD0A3
:105C70002046F4F74DFBC4F89090B9E7206850E84F
:105C8000000F216820F4807041E80002002AF5D15D
:105C90004FF6FE70CEF6FF70216851E8021F2268B1
:105CA000014042E80213002BF6D12020C4F88C00FA
:105CB00000206067206740F600412068C5F60001BB
:105CC00088420DD0406800020AD500BF206850E825
:105CD000000F216820F0806041E80002002AF5D121
:105CE000E06E01281FD10020E06600BF206850E868
:105CF000000F216820F0100041E80002002AF5D1D1
:105D00002068C169C90601D510210162B4F85C1090
:105D10002046F4F755F909E0816941F008018161F5
:105D200001B0BDE8F08F2046F4F7CEFEB4F85E0077
:105D3000F0B1B4F8681088421AD200BF206850E869
:105D4000020F216820F0805041E80202002AF5D1BC
:105D500045F6E120C0F60100606700BF206850E80A
:105D6000000F216840F0200041E80002002AF5D130
:105D700001B0BDE8F08F0000B0F860100268D0F804
:105D80008C30222B58D1526A836D11401970816D6D
:105D900001318165B0F85E100139A0F85E10B0F8ED
:105DA0005E10002918BF7047016851E8001F0268A3
:105DB00021F4907142E80013002BF5D1016851E8FD
:105DC000021F026821F0010142E80213002BF5D105
:105DD0002021C0F88C1000214167016740F6004285
:105DE0000168C5F6000291420CD04968090209D544
:105DF000016851E8001F026821F0806142E8001349
:105E0000002BF5D1C16E01291BD10021C16600BF55
:105E1000016851E8001F026821F0100142E80013F8
:105E2000002BF5D10168CA69D20601D510220A6299
:105E3000B0F85C10F4F7C4B8906940F008009061C5
:105E40007047F4F741BE00002DE9F04F81B00446E1
:105E50000068B4F86050C66901688268D4F88C3074
:105E6000222B40F0A780B4F86800002800F0AC8036
:105E700001F4807B02F001074FF000084FF0020AA6
:105E80004FF0010904E000BFB4F85E00002843D0E1
:105E9000B00640F199802068A16D406A28400870E2
:105EA000A06D0130A0652068B4F85E100139A4F837
:105EB0005E10C6697107E7D0F20718BFBBF1000F8B
:105EC00002D1B2070AD412E0C0F82090D4F8902092
:105ED00042F00102C4F89020B20708D53FB1C0F8E3
:105EE00020A0D4F8902042F00402C4F890200029A9
:105EF00008D53FB104210162D4F8900040F00200BF
:105F0000C4F89000D4F890000028BDD02046F4F7E3
:105F1000FFF9C4F89080B7E7206850E8000F2168C7
:105F200020F4807041E80002002AF5D14FF6FE709F
:105F3000CEF6FF70216851E8021F2268014042E856
:105F40000213002BF6D12020C4F88C0000206067DB
:105F5000206740F600412068C5F6000188420DD058
:105F6000406800020AD500BF206850E8000F216891
:105F700020F0806041E80002002AF5D1E06E01289F
:105F80001FD10020E06600BF206850E8000F2168A4
:105F900020F0100041E80002002AF5D12068C16914
:105FA000C90601D510210162B4F85C102046F4F74F
:105FB00007F809E0816941F00801816101B0BDE89D
:105FC000F08F2046F4F780FDB4F85E00F0B1B4F82D
:105FD000681088421AD200BF206850E8020F21687A
:105FE00020F0805041E80202002AF5D145F67950B0
:105FF000C0F60100606700BF206850E8000F21680C
:1060000040F0200041E80002002AF5D101B0BDE8CF
:10601000F08F000000000000F0B583B00446036874
:10602000806846F6F315D4E9031210436269104301
:10603000E2691E68CCF6FF75104306EA05021043BC
:10604000186058684FF2FF4620F4405240F6004076
:1060500011435960C5F60000A1698342C1F2FF16E1
:106060001CBF226A11439A6847F6FF353240C4F2DA
:10607000000511439960DA6A44F2544122F00F029C
:10608000666AC5F602013243AB42DA624FF0800223
:1060900018DD41F2FF76C4F20106B34227DC47F671
:1060A0000046C4F20006B3424DD041F20006C4F2ED
:1060B0000106B34231D041F20046C4F20106B342B8
:1060C0002BD04DE044F6FF36C4F20006B3422EDD7D
:1060D00044F60046C4F20006B34234D045F200064E
:1060E000C4F20006B3422ED047F6000627E041F680
:1060F0000006C4F20106B3420FD041F60046C4F2D6
:106100000106B34209D083422AD14A6802F007024D
:10611000062A24D20FF260331EE00A68C2F3C202DC
:10612000062A1CD24BF61223C0F6010314E044F2F7
:106130000046C4F20006B34205D044F60006C4F29D
:106140000006B3420CD10A6802F00702062A06D202
:106150004BF60C23C0F601031A44127800E08022AB
:106160002368834240F60010C0F23D0000F04F80EB
:10617000E369B3F5004F40F06480402A00F2FC80F0
:106180000027DFE812F041002101F900F9002701A2
:10619000F900F900F9002F01F900F900F900F90000
:1061A000F900F900F900FF00F900F900F900F90021
:1061B000F900F900F900F900F900F900F900F90017
:1061C000F900F900F9003401F900F900F900F900CB
:1061D000F900F900F900F900F900F900F900F900F7
:1061E000F900F900F900F900F900F900F900F900E7
:1061F000F900F900F900F900F900F900F900F900D7
:10620000F900F900F9001B01F2F776FBEFE0931EAD
:106210001E2B00F260800027DFE803F01063746338
:106220006363786363636363636366636363636326
:10623000636363636363636363637D00F1F7F8FB28
:1062400069E0402A00F29B800027DFE812F041005D
:10625000C00098009800C700980098009800ED00D2
:106260009800980098009800980098009800A9005D
:10627000980098009800980098009800980098005E
:106280009800980098009800980098009800F200F4
:10629000980098009800980098009800980098003E
:1062A000980098009800980098009800980098002E
:1062B000980098009800980098009800980098001E
:1062C0009800980098009800980098009800BA00EC
:1062D000F2F712FBADE0402A03D14FF40040002753
:1062E00019E00020012716E051F8540C800649F20D
:1062F0000000C0F2D0300ED551F8541CC1F3C101DA
:10630000C84008E06846F1F7A7FB02E06846F1F7ED
:1063100033FC00270198002800F0A280616A4BF648
:106320004822C0F60102656832F8112005EB4501EC
:10633000B0FBF2F38B424FF00101C0F094802E03CA
:10634000B34200F2908000210023EAF76BF80902C3
:10635000002341EA10612A46000210EB550041F18A
:106360000001EAF75FF84FF60052A0F54071C0F265
:106370000F02914272D375E00020012737E0002020
:10638000012756E051F8540C800649F20000C0F293
:10639000D0302CD551F8541CC1F3C101C84026E0BF
:1063A00051F8540C800649F20000C0F2D03040D5BC
:1063B00051F8541CC1F3C101C8403AE04FF4004009
:1063C00015E04FF4004034E0F2F7C6FA0FE0F2F7C0
:1063D000C3FA2EE06846F1F73FFB06E06846F1F7A6
:1063E0003BFB24E06846F1F7C7FB00270198B8B3F0
:1063F000616A4BF64822C0F6010232F81110626859
:10640000B0FBF1F0510801EB4000B0FBF2F0A0F15D
:1064100010014FF6EF72914224D84FF6F07101400F
:10642000C0F34200084419E06846F1F7A5FB0027D5
:106430000198A8B1616A4BF64822C0F6010232F811
:1064400011106268B0FBF1F000EB5200B0FBF2F00B
:10645000A0F110014FF6EF72914203D82168C86095
:10646000394600E001214FF00110A0660020C4E988
:106470001D00084603B0F0BD0204081020400000D3
:1064800010B504468C4681650021A0F85C20C0F858
:1064900090102220C4F88C00D4F88000F0B113468C
:1064A00045F6392E45F6C122C0F6010EC0F60102AE
:1064B000C0E90FE245F67112C0F60102C0E91321EE
:1064C000216862462431EFF7FBF838B11020C4F898
:1064D00090002020C4F88C00012010BD206948B134
:1064E000206850E8000F216840F4807041E8000205
:1064F000002AF5D1206850E8020F216840F0010021
:1065000041E80202002AF5D1206850E8020F216814
:1065100040F0400041E80202002AF5D1002010BD01
:1065200081650023A0F85C20A0F85E2081684367A5
:1065300071B1B1F1805F07D0B1F5805F0ED1016913
:1065400051B940F2FF110AE0016919B13F2106E09B
:10655000016909B17F2102E0FF2100E00021A0F8DC
:1065600060100021C0F890102221C0F88C1000BFEC
:10657000016851E8021FD0F800C041F001014CE869
:106580000213002BF4D1416EB1F1005F03D1B0F8DA
:1065900068108A4225D28168B1F5805F02D1016915
:1065A000002941D045F67951C0F6010102694167E1
:1065B00062B100BF016851E8001F026841F49071A8
:1065C00042E80013002BF5D12CE000BF016851E830
:1065D000001F026841F0200142E80013002BF5D1B2
:1065E00020E08168B1F5805F01D1016909B345F60A
:1065F0004961C0F60101026941674AB1016851E889
:10660000001F026841F4807142E80013002BF5D1AD
:10661000016851E8021F026841F0805142E802130C
:10662000002BF5D10020704745F6E121C0F60101AD
:10663000BCE745F6B131C0F60101DCE7000000001F
:106640002DE9F04381B004460068C0690840401A53
:10665000B0FA80F04009824257D1DDF820800D4623
:106660001646994608F1010709E000BF2068C06995
:106670002840401BB0FA80F04009864245D1002FE7
:10668000F4D0F0F7B5F9B8F1000F01464FF0030070
:106690003CD0A1EB0901414538D820680168490781
:1066A000E4D5402D18BF802DE0D0C169090730D452
:1066B000C1690905DAD54FF400610162206850E82C
:1066C000000F216820F4907041E80002002AF5D103
:1066D0004FF6FE70CEF6FF70216851E8021F226867
:1066E000014042E80213002BF6D1E06E012809D1E7
:1066F000206850E8000F216820F0100041E80002F7
:10670000002AF5D1032020212CE0002001B0BDE8B3
:10671000F0830821016200BF206850E8000F216863
:1067200020F4907041E80002002AF5D14FF6FE7087
:10673000CEF6FF70216851E8021F2268014042E84E
:106740000213002BF6D1E06E012809D1206850E831
:10675000000F216820F0100041E80002002AF5D166
:10676000012008212022C4F88C200022E266626702
:10677000C4F8901084F8842001B0BDE8F0830000D4
:1067800045F66470C2F20000F3F7F6BD00000000A9
:1067900045F24460C2F20040F3F7EEBD0000000095
:1067A00080B5F0F725F9EFF3108172B644F6FC716D
:1067B00040F20403C2F20041C2F200030A6A1B78ED
:1067C000002B18BF002A01D162B680BD48F2B40C7C
:1067D000C2F2004C9CF80030002BF5D1821AB2F5C1
:1067E000967FF1D948F2B8030122C2F200438CF837
:1067F0000020186045F29400C2F2000081F82C20BD
:1068000062B6FAF7F5FF45F22830C2F20040BDE863
:106810008040F9F7A5BE0000D0F8D42200EB820C2E
:10682000DCF8C0223AB3B0B501F00F0404EB8403E6
:1068300000EB830E5EF8183F5BB1D0F8C85204EB52
:10684000C40405EB8404E469B3FBF4F505FB1433DD
:106850009BB10020C2F81402DCF8C4321B69002B83
:1068600008BFB0BD02F5047CD2F808020A466146B2
:1068700098470020B0BD0320704700220023CEF8C7
:10688000002000F001FE0020B0BD0000000000006C
:10689000B0B5D0F8D42200EB8202D2F8C05295B144
:1068A000044600F075FCD4F8D412C5F80C02D5F8F3
:1068B000040204EB8101D1F8C42205F50371D2680A
:1068C00090470020B0BD0320B0BD000000000000D4
:1068D00070B58121044600F09FFB01212046002570
:1068E000258700F099FB82212046A4F8785100F01A
:1068F00093FBD4F8D40204F53076E56456F8201002
:1069000089B104EB8000D0F8C40240688047D4F815
:10691000D40256F8200001F09BF8D4F8D40246F8CF
:106920002050C4F8BC52002070BD000000000000E0
:1069300010B5D0F8D41200EB8100D0F8C04284B179
:10694000D0F8C41259B194F80002FF2807D094F887
:1069500001228B6821469847FF2084F8000200201E
:1069600010BD032010BD000040F24C010A22C2F20B
:106970000001028008467047F0B581B040F2080778
:106980000446C2F200078221384600F019FA054693
:106990000121384600F014FA06468121384600F0FD
:1069A0000FFA002D1CBF1021A971002E1CBF402121
:1069B000B18000281CBF4021818040F208004321A3
:1069C000C2F20000218001B0F0BD00000000000014
:1069D000F0B581B040F208070446C2F200078221F8
:1069E000384600F0EDF905460121384600F0E8F997
:1069F00006468121384600F0E3F9002D1CBF102126
:106A0000A971002E1CBF4FF40071B18000281CBF7B
:106A10004FF40071818040F208004321C2F200006F
:106A2000218001B0F0BD0000F0B581B040F2080750
:106A30000446C2F200078221384600F0C1F905463B
:106A40000121384600F0BCF906468121384600F0A5
:106A5000B7F9002D1CBF1021A971002E1CBF4021C9
:106A6000B18000281CBF4021818040F208004321F2
:106A7000C2F20000218001B0F0BD00000000000063
:106A80002DE9F04104464FF4077000F0E5FF0028BF
:106A900049D04FF407710546E9F7B3FDD4F8D402A5
:106AA000217C4027022204EB800000294FF0810165
:106AB0004FF00206C0F8C0522046C4F8BC5208BFCE
:106AC0004FF400773B4600F0EBFB01210222204609
:106AD0003B464FF00108A4F8388000F0E1FB10209D
:106AE000A4F84E008221032208232046A4F87881CE
:106AF00000F0D6FBD4F8D4020027C5F8047204EBEA
:106B00008000A4F84C80D0F8C40200688047C5F823
:106B10001472C5F81872D5F80422A2B1207C0121A4
:106B200058B140230BE0D4F8D402002104EB8000DC
:106B3000C0F8C0120220BDE8F0814FF40073204677
:106B400000F0C2FB00263046BDE8F08100000000E6
:106B5000D0F8D41200EB8101D1F8C01271B180B528
:106B6000027C4023002AD1F804224FF0010108BF23
:106B70004FF4007300F0A8FB002080BD0320704795
:106B800039B1D0F8D42200EB8200C0F8C412002042
:106B90007047032070470000D0F8D42200EB820039
:106BA000D0F8C00218B1C0F80412002070470320CA
:106BB0007047000000000000D0F8D43200EB8300E2
:106BC000D0F8C00228B1C0F80812C0F81022002086
:106BD0007047032070470000F0B581B0D0F8D42290
:106BE00000EB820300228DF80320D3F8C042ADF8F9
:106BF0000020002C54D00D7815F0600214D0202A0B
:106C00004CD1CA881AB36DB2B5F1FF3F27DD497880
:106C1000402A84F80012214628BF402284F801222D
:106C200000F096F800243CE04A780B2A36D800247D
:106C3000DFE802F006373434343434343434253069
:106C400090F89C22032A29D1694602221EE0D3F83B
:106C5000C4224878002493680022984721E0D3F8A2
:106C6000C4524B7806460F46AD6818462146A847E1
:106C7000FA8830462146072A28BF072206E090F806
:106C80009C22032A0AD10DF10301012200F07CF8B5
:106C9000002406E090F89C22032A02D000F04CF871
:106CA0000324204601B0F0BDD0F8D41200EB8101DE
:106CB000D1F8C0323BB1D3F8141200294FF00101D2
:106CC00003D0084670470320704780B5C3F81412FC
:106CD0008121D3F80822D3F81032C36200F0D4FB2C
:106CE0000021BDE880400846704700000000000019
:106CF00080B5D0F8B82252689047002818BF03200A
:106D000080BD00000000000000207047000000006F
:106D1000002070470000000080B513460A4600219D
:106D200000F0D2FA002080BD80B513460A4600214B
:106D300000F0AAFB002080BD10B58021044600F0C1
:106D40006BFB00212046BDE8104000F065BB000051
:106D500080B50323C0F894321346C0F858210A4680
:106D60000021C0F85C3100F0AFFA002080BD0000C7
:106D700080B50521C0F8941200210022002300F004
:106D8000A3FA002080BD000080B50223C0F8943231
:106D9000134682610A460021C36100F075FB0020A2
:106DA00080BD00000000000080B50421C0F89412EE
:106DB00000210022002300F067FB002080BD0000BE
:106DC000B0F802C003789C4510D980B504E000BF3C
:106DD00073449AB262450BD290F800E07044427856
:106DE000052AF5D182788A42F2D180BD0020704711
:106DF000002080BD00000000002808BF704710B5CB
:106E000090F800C0BCF1000F15D0A0F1010E734640
:106E10009C780133002CFBD1BCF1000F0BD04FF05C
:106E2000000C00BF9EF802300CF1010C0EF1010EB7
:106E3000002BF7D101E04FF0000C5FFA8CF3022435
:106E400004EB430313800B7003224A70027872B183
:106E5000013802234FF0000CDCB251FA83FE0233FA
:106E60000A558EF801C082780130002AF4D1BDE8BD
:106E7000104070470000000010B544F248240A4654
:106E8000C2F2000402A02146FFF7B6FF204610BD63
:106E900043444320436F6E666967000000000000B2
:106EA00040F25C001222C2F200400A8070470000EB
:106EB00010B544F248240A46C2F2000402A021465A
:106EC000FFF79AFF204610BD43444320496E746586
:106ED000726661636500000040F284000422C2F221
:106EE00000400A807047000010B544F248240A466A
:106EF000C2F2000402A02146FFF77EFF204610BD2B
:106F000053544D6963726F656C656374726F6E691B
:106F1000637300000000000010B544F248240A46E4
:106F2000C2F2000402A02146FFF766FF204610BD12
:106F300053544D3332205669727475616C20436F1F
:106F40006D506F727400000070B54EF60000C1F60F
:106F5000F17002688368D2184FF01A030B802ED0AC
:106F600040F2580C40686FF00101C2F2000C4FF083
:106F7000370E0023140F0CEB01050EEB1276B2F165
:106F8000204F38BF04F13006023112010E292E7154
:106F90006B71EFD10CF1100104224FF0370C00237C
:106FA000060FB0F1204F0CEB107538BF06F130051D
:106FB000013A4FEA001001F8025F4B70F0D140F245
:106FC0005800C2F2000070BD80B10023C0F8B83292
:106FD000C0F8C4320029C0F8D03218BFC0F8B412CB
:106FE000012180F89C12027000F0D6B8032070478F
:106FF00080B5D0F8C802EFF7E3FE40F20032C100DE
:10700000C0F20132032822FA01F188BF0321C8B27D
:1070100080BD00000000000080B5D0F8C802EFF786
:10702000A7FE40F20032C100C0F20132032822FA6A
:1070300001F188BF0321C8B280BD0000000000003C
:10704000B0B581B190F89C22032A4FD1D0F8B82274
:107050005269002A4AD00023C0F8D4329047002851
:1070600008BF0020B0BDD0F89412022938D1D0E971
:1070700007318B420DD95B1A11461A46C36104468B
:10708000FFF752FE002100220023204600F01CF9E9
:1070900025E00FD182698A420CD3D0F898128A4237
:1070A00008D20021002200250446FFF73DFEC4F867
:1070B0009852E7E790F89C12032909D1D0F8B8124A
:1070C000C96829B10022C0F8D42204468847204666
:1070D0008021044600F0A0F92046FFF749FE204633
:1070E00090F8A01211B1002180F8A0120020B0BDCC
:1070F00010B589B190F89C22032A08D1D0F8B822A3
:10710000002392691AB1C0F8D432904700E0002001
:10711000002808BF002010BDD0F8941203291FD109
:10712000D0E9571399420BD9C91AC0F85C1199429A
:1071300038BF0B4611461A46FFF7EEFD002010BD82
:1071400090F89C12032909D1D0F8B812096929B125
:107150000022C0F8D422044688472046FFF724FEC8
:10716000002010BD0000000000207047000000005B
:10717000012180F89C12D0F8B8223AB180B501798B
:1071800052689047002818BF032080BD0020704738
:10719000D0F8C802EFF744BE0178012933D110B509
:1071A00045F69C11C2F20001C0F8C812C1F8E00413
:1071B0000020C4F204000860092008714FF4007038
:1071C000C8800220C1F809000020C8810874084660
:1071D000F0F7CAFA08B1ECF73FFC45F69C144FF4FF
:1071E0000071C2F200042046EFF776FD00218022F4
:1071F0002046EFF775FD01214FF4BA722046EFF7F4
:107200006FFDBDE810400020704700000000000046
:1072100001F07F02D0F8C80201EBC10349B202EBD2
:10722000C202002900EB820200EB830000F256202C
:1072300048BF02F11600007870470000000000000F
:10724000D0F8D42200EB8202D2F8B8225AB190F8DA
:107250009C32032B05D1126A1AB180B590470020E9
:1072600080BD002070470320704700000000000030
:10727000D0F8D42200EB8202D2F8B8225AB190F8AA
:107280009C32032B05D1526A1AB180B59047002079
:1072900080BD002070470320704700000000000000
:1072A00080B59446D0F8C8021A466346EFF7C4FD8D
:1072B00040F20032C100C0F20132032822FA01F18B
:1072C00088BF0321C8B280BD80B5D0F8C802EFF7EF
:1072D000E7FD40F20032C100C0F20132032822FA79
:1072E00001F188BF0321C8B280BD0000000000008A
:1072F000F0B581B0012680F89C620025C0F8945258
:1073000004464560D0F8B802C4F8A45284F8A052EC
:1073100040B1426832B1002120469047054600281E
:1073200018BF032500210022402320464027FFF7F5
:10733000B7FF8021002240232046A4F86461C4F8EE
:107340006071FFF7ADFFA6842846276201B0F0BD4B
:1073500090F89C12042903D190F89D1280F89C1299
:10736000002070470000000090F89C12032908D10B
:10737000D0F8B81229B1C96919B180B58847BDE8FC
:1073800080400020704700000246002011747047C2
:1073900080B5D0F8C802F0F7C3FA40F20032C1005D
:1073A000C0F20132032822FA01F188BF0321C8B2DA
:1073B00080BD000000000000B0B500F2AA24054620
:1073C000204600F075F80121C5F8941295F8AA122C
:1073D000B5F8B03201F01F02C5F89832022A0ED07B
:1073E000012A06D08AB928462146BDE8B04000F0FF
:1073F0009BB828462146BDE8B04000F0EDBA2846CB
:107400002146BDE8B04000F043BA01F080012846B3
:10741000BDE8B040AFF3008080B5D0F8C802EFF708
:107420005BFD40F20032C100C0F20132032822FAB3
:1074300001F188BF0321C8B280BD00000000000038
:1074400080B5D0F8C802F0F787FA40F20032C100E8
:10745000C0F20132032822FA01F188BF0321C8B229
:1074600080BD000000000000014690F89C02042846
:1074700003D091F89C0281F89D020020042281F83B
:107480009C2270470000000080B5D0F8C802EFF7DA
:107490005BFD40F20032C100C0F20132032822FA43
:1074A00001F188BF0321C8B280BD000000000000C8
:1074B0000A7802704A7842704A8842808A888280BC
:1074C000C988C1807047000010B582B004464FF0F3
:1074D0000000ADF80600B1B1D4F8D40204F52E7264
:1074E000C4F8B81252F82000C16A21B10DF10600AB
:1074F0008847C4F8D002D4F8D8020130C4F8D802C2
:10750000002002B010BD032002B010BD000000003A
:10751000D0F8B8220AB11268104700207047000066
:10752000FFF78EBF000000000A78C2F34112531E1D
:10753000022B07D2D0F8D42200EB8202D2F8B82274
:1075400092681047F0B581B0002A40F0BF804A78B9
:10755000092A00F2BB80DFE802F0052CB94FB958C8
:1075600074B91A3C90F89C22013A022A00F2AE80CB
:10757000C988022940F0AA80D0F8A4120322002969
:10758000014608BF012241F80C2F022238E1C988C8
:10759000012940F09B8090F89C124A1E022A80F03C
:1075A000908001460122002441F8084FFFF7ECFBD0
:1075B00095E090F89C22013A022A00F287804988DF
:1075C0000024012940F08B80C0F8A442FFF7ECFBB7
:1075D00085E0498844F24425C2F2000511F0FE0F0F
:1075E000297049D080210446FFF716FF002120466C
:1075F000FFF712FF032472E04A88022A5AD0012AB8
:1076000064D10121C0F8A41257E08A88002A5DD114
:10761000CA88002A5AD14D887F2D57D890F89C12DD
:10762000032953D0E9B280F89E520446FFF7B0FE1A
:1076300020462646FFF7B8FB002D00F021810220EE
:107640001FE14A884FF0FF330027ADF8027003EBCB
:1076500012230E2B53D8DFE803F008604552526F17
:107660007A5252525252525254000F46D0F8B4122B
:107670000446007C0A684BE090F89C22032A00F044
:107680007580022A40F096800A0616D001F00102A9
:107690004260C9B20546FFF73BFF0446002800F0F0
:1076A000CF8080212846FFF7B7FE00212846FFF74C
:1076B000B3FE7BE0497980F8A012FFF775FB002448
:1076C0000DE0032902D1011D012299E08021054628
:1076D000FFF7A2FE002128460024FFF79DFE20466A
:1076E00001B0F0BDD2B2052A09D8DFE802F003BF2D
:1076F000B5BAB0C40F46D0F8B4124A6805E00F46D8
:1077000028E00F46D0F8B412CA691AB30446007CC8
:107710000DF102019047054664E00F46017C0446E6
:10772000D0F8B80200290CBF816AC16A0DF10200CD
:1077300088470546022054E00F46017C51B90446B3
:10774000D0F8B802416B0DF102008847E3E70F461D
:10775000017CE9B380210646FFF75EFE002130463A
:1077600000253446FFF758FE00203CE00A065AD0B8
:1077700001F00102416891429FD0C9B20446FFF76F
:10778000B7FA2978204661602546FFF7C1FE044616
:10779000002851D080212846FFF73EFE00212846D0
:1077A000FFF73AFE29792846FFF7A2FA022085F86A
:1077B0009C0294E780210446FFF72EFE002120461C
:1077C000FFF72AFE29782046FFF792FA032486E77E
:1077D0000446D0F8B802016B0DF102008847054657
:1077E00007206870012090B1FA886AB1BDF80210D4
:1077F00079B19142204638BF0A462946ADF80220A9
:10780000FFF7C2FA00246AE72046FFF7CDFA00240A
:1078100065E780212046FFF7FFFD00212046FFF7A6
:10782000FBFD00245BE7C9B2022280F89C22002401
:1078300044600546FFF75CFA2846FFF7B5FA4EE7C5
:107840002846FFF7B1FA032085F89C0247E70F4668
:10785000D0F8B4124A6958E70F46D0F8B412CA6893
:1078600053E70F46D0F8B4120A694EE70F46D0F836
:10787000B4128A6849E70F46D0F8B4128A6944E71F
:10788000012086F89C02002429E700000000000087
:1078900070B50D4609780446C1F341122979531E8B
:1078A000022B05D22046FFF72FFAD8B1002070BD79
:1078B000DABB687880B3012821D0032835D194F849
:1078C0009C0203281FD1688838B911F07F0004D0CA
:1078D000E88810B92046FFF79FFD2046FFF764FABD
:1078E000002070BDD4F8B80282680020002AC4F8D5
:1078F000D402DBD020462946BDE87040104794F8FA
:107900009C0203281BD002280FD148060DD0204628
:10791000FFF782FD80210DE094F89C0203281ED021
:10792000022808BF5FEA416040D080212046FFF76F
:1079300073FD00212046FFF76FFD002070BD6888B1
:107940000028B3D10E46480603D020463146FFF743
:107950004FFB2046FFF728FA20463146A3E701F007
:107960000F00802900EB800004EB800002D2B0F809
:10797000640100E0808C0028D7D001F07F0001EB8B
:107980008102802900EB800004EB800000F11405E7
:1079900004EB820038BF00F5AA75480612D02046D5
:1079A000FFF736FC002818BF01200CE008064FF056
:1079B000140058BF4FF4AA7000222118225002224E
:1079C000204604E000202860022220462946FFF7D6
:1079D000DBF9002070BD000070B50A7802F060028B
:1079E000602A08D090F89C22013A022A03D88A889B
:1079F00012F0FE0F0AD080210546FFF70DFD002191
:107A000028460024FFF708FD204670BD0E460546B7
:107A1000D1B2FFF77DF910B1032431460EE0D5F85D
:107A2000B8128A6842B128460021C5F8D4123146FE
:107A300090473146044601E031460324C8880028B7
:107A400008BF002CE0D12846FFF7AEF9204670BDF4
:107A5000704700000000000044F2CC30C2F2004049
:107A6000704700000000000010B50C784A78D0F88C
:107A70001CC804F00F034FEA441E012A18D101224A
:107A80009A4000EB0E0342EA0C02C0F81C28D3F81F
:107A90000009000429D403F510600A7989686FF39E
:107AA000DF21036841EA824143EA8452114317E02F
:107AB0004FF4803202FA03F300EB0E0243EA0C03A8
:107AC000C0F81C38D2F8000B00040ED40B7902F574
:107AD000306089686FF3DF21026841EA8341114316
:107AE00041F0805141F400410160002010BD0000D0
:107AF0000146D0F8000940F2FF729043C1F8000936
:107B0000D1F80428002042F48072C1F8042870479C
:107B100080B502F01DFB46F654100021C2F20000B1
:107B2000017048F2C400C2F20040017046F65010E5
:107B3000C2F200000160BDE8804002F031BB0000ED
:107B400080B502F005FBEEF753FF46F65011C2F286
:107B50000001086046F65410C2F2000001210170D5
:107B600048F2C400C2F2004000210170BDE880402C
:107B700002F016BB00000000B0B5EEF739FF044676
:107B800002F0E6FA44F2EC50C2F200400078D0B3C2
:107B900040F2E010C2F200000078A0B346F654159F
:107BA000C2F20005287870B345F2A410C2F20000BA
:107BB00090F80C1139BB0078032824D846F65010F1
:107BC000C2F200000068201A65281CD345F2A410F8
:107BD000C2F20000F9F70CFE46F6D0100021C2F206
:107BE0000000C0E9001181604AF2E400C2F20040E6
:107BF000C0E90011C0E9021148F2C4002970C2F2C4
:107C0000004001210170BDE8B04002F0C9BA000097
:107C100010B502F09DFA48F2C400C2F200400478A8
:107C2000002C18BF012402F0BBFA204610BD000052
:107C300082B002F47F42B2F5807F39D1836B4FF678
:107C4000BF7223F480338363DDF808C0C368CFF6C6
:107C5000BD721A40C2605FFA8CF2C368012A23F435
:107C60004012C26003D1C26842F48012C260002296
:107C7000009200BF009A01320092009AB2F1706F38
:107C80003AD80269B2F1FF3FF4DC002200920269A7
:107C900042F00102026100BF009A01320092009A94
:107CA000B2F1706F28D80269D207F5D1002230E016
:107CB000C26842F04002C26000220192019A013281
:107CC0000192019AB2F1706F18D80269B2F1FF3FC8
:107CD000F4DC00220192026942F00102026100BF5D
:107CE000019A01320192019AB2F1706F06D80269CD
:107CF000D207F5D1002202E003220AE0032213F4A6
:107D00007F4F836B02D023F4803301E043F4803350
:107D1000836301F47F01B1F5803F10D1C16D89B259
:107D2000C165C16D41F0007141F0F771C1658168B5
:107D300041F006018160816841F0200181601046B8
:107D400002B070470000000080B50A7847F6000CCA
:107D50004B78CEF6334C5101012B014425D1D1F89B
:107D600000394FF0010EB3F1FF3F01F5106307DC5E
:107D7000196841F000611960196841F0804119608B
:107D800002F00F01D0F83C280EFA01F18A43C0F846
:107D90003C28D0F81C2822EA0101C0F81C181968F8
:107DA000002001EA0C01196080BDD1F800EB01F55B
:107DB0003063BEF1FF3F0CF1707C4FF4803EDFDC9E
:107DC000D6E70000000000000146D0F8000E20F0C9
:107DD0000300C1F8000E0020D1F8042822F00202AE
:107DE000C1F80428704700000146D0F8000E20F0CA
:107DF0000300C1F8000E0020D1F8042842F002026E
:107E0000C1F80428704700002DE9F04F83B01B0C27
:107E10004127002640F827600137502FFAD1DBB206
:107E2000009323B100F138034FF400170FE0D0F8AE
:107E30000438802743F00203C0F80438836B23F42E
:107E400000138363036843F04003036003461E6826
:107E5000374302F47F461F60B6F5807F4FF0000382
:107E6000C0F8003E07D1B3EB116FD0F8003806D050
:107E700043F0010303E0D0F8003843F00303C0F8F7
:107E800000380023019300BF019B01330193019B44
:107E9000B3F1706F18D80369B3F1FF3FF4DC00232E
:107EA00001934FF484630361019B4FF0000E013393
:107EB0000193019BB3F1706F88BF4FF0010E05D89D
:107EC00003699B06F0D401E04FF0010E00230293FA
:107ED000029B01330293029BB3F1706F18D80369C0
:107EE000B3F1FF3FF4DC002302931023036100BFD2
:107EF000029B4FF0000A01330293029BB3F1706FB3
:107F000088BF4FF0010A05D80469E406F0D401E007
:107F10004FF0010ACCB24FF00008C0F81088C0F84A
:107F20001488C0F81C88A4B300F510664FEA441BFF
:107F30004FF67F39002400BF4FF09047002C08BF58
:107F40004FF000673359351907EAE3733351203492
:107F5000C5F81080A345C5F80890EDD100F530664E
:107F60004FF000094FF67F34002700BF4FF09043D9
:107F7000002F08BF4FF00063F55906EB070C03EA2A
:107F8000E573F3512037CCF81090BB45CCF808408E
:107F9000ECD1D0F8103811F47F0F23F48073C0F8BF
:107FA0001038C0F818806FF08041416103D18169B9
:107FB00041F01001816143F600038169C8F23C037E
:107FC00012F47F0F41EA0301816103D0816941F01E
:107FD000080181610099012905D1816941F0804141
:107FE00041F0040181614EEA0A0003B0BDE8F08F60
:107FF00001468268002022F001028A60704700007A
:1080000043F20B03D0F840C0C4F654739C4503D32D
:10801000D0F8003B002B1ED40023C0F8103BD0F852
:10802000103B012943F40023C0F8103BD0F8103B6B
:1080300043F01803C0F8103BD0F8103B43F0C041A8
:10804000C0F8101B07D1C0F8142BD0F8001B41F06A
:108050008021C0F8001B00207047000000000000D5
:108060004A780B78012A4FEA431210440DD1D0F818
:10807000002922F40012C0F80029097901F0FE015C
:10808000022913D100F510600CE0D0F8002B22F487
:108090000012C0F8002B097901F0FE01022905D178
:1080A00000F53060016841F08051016000207047A8
:1080B0000A784B785101012B084406D1D0F80019F9
:1080C000002900F5106106D50BE0D0F8001B00294F
:1080D00000F5306105D4002A1EBF086820F08040FA
:1080E00008600A68002042F400120A60704700002D
:1080F000F0B54B78002491F800C04FF6FF75012BC6
:10810000CFF6F874CEF207052AD100EB4C1E0E69AB
:10811000002E0EF51063DEF810794ED03C401C6145
:108120001C69BCF1000F04EA05041C618C6856D080
:1081300035191E69013DB5FBF4F40025C1F6F8754B
:1081400005EAC44535431D610D79012D4FD14FF02E
:10815000C0461D6906EA447425F0C0451D6143E030
:1081600000EB4C134FF6FF7EC0F2070EBCF1000F80
:10817000D3F8107B07EA0407C3F8107BD3F8104B41
:1081800004EA0504C3F8104B03F530630E691DD0F3
:10819000002E8D686FD07719013FB7FBF5F7BEB29F
:1081A0006E4300250E62C1F6F87505EAC7471D69E2
:1081B00006EA0E062F431F6164E03D401D611D6904
:1081C00045F400251D611D692C4015E0002E1CBFE3
:1081D0008F680F618F680F6207EA0E074DE0A642B5
:1081E00000D90C614FF400241D692C431C610C69FB
:1081F0001D696FF3DF442C43012A1C6115D1CA6944
:10820000002A18BFCEF814290979012952D1D0F8D3
:108210000808C0054FF0805058BF4FF00050DEF8FE
:1082200000190843CEF8000944E000F510634FEA56
:108230004C169F5947F004479F510F79012F0FD1DA
:10824000D0F80878FF054FF0805758BF4FF000571F
:10825000F558002A45EA0702F25032D00020F0BD5E
:1082600009690029FAD00CF00F01012202FA01F18C
:1082700000F6340320E005EA0E071E6937431F614C
:108280004FF400261F69012A47EA06021A6103D14A
:10829000CA68002A18BF5A61097901290AD1D0F8A1
:1082A0000808C0054FF0805058BF4FF000501968C3
:1082B000084318604FF00441186808431860002014
:1082C000F0BD0A8A002AC9D0CB68D11C890800F504
:1082D00080504FEA0C32043B013953F8047F1750A9
:1082E000FAD1BBE70000000081B0002200924A787A
:1082F0000978012A4FEA41111BD100F5106042585C
:10830000B2F1FF3F2FDC0A5842F000620A500A58CF
:1083100042F080420A5042F2107200BF009B0133CB
:108320000093009B934221D84358B3F1FF3FF5DD02
:1083300019E000F530604258B2F1FF3F13DC0A58F3
:1083400042F000620A500A5842F080420A5042F25B
:10835000107200BF009B01330093009B934205D82D
:108360004358002BF6D4002001B07047012001B023
:10837000704700000000000001468268002042F0C3
:1083800001028A607047000081B00022009200BFA5
:10839000009A01320092009AB2F1706F15D802690A
:1083A000B2F1FF3FF4DC890100220092203101612B
:1083B0000099013100910099B1F1706F05D8016900
:1083C0008906F5D4002001B07047032001B0704742
:1083D000002808BF704710B5044601F0B9FE46F604
:1083E000681046F65512C2F200000021C2F20002E7
:1083F0000068206048F2C800C2F200400068606077
:1084000048F2CC00C2F200400078207246F66510B7
:10841000C2F200000078607248F2E000C2F2004050
:108420000078A4F80B10A072204600F80D1F4FF042
:10843000FF3100BF531801310F295B7800F8013F6D
:10844000F8D148F2D0011C20C2F200410A182318CA
:1084500004302C2852F81C2C5A60F7D1BDE810408B
:1084600001F09EBE00000000D0F8081888074FF009
:10847000020001F0060158BF0F20002908BF08467E
:108480007047000000000000406900F001007047E4
:10849000102901464FF0000003D1002918BF002A1F
:1084A00000D1704708681060486850608868906024
:1084B000C868D06001207047D0F81818D0F81C08A0
:1084C000084080B270470000D0F81818D0F81C0897
:1084D0000840000C70470000D0F810C8D0F83438BD
:1084E00001F00F0200EB411023FA02F2D201D0F8A2
:1084F0000809D1B241EA0C010840704700000000B1
:1085000000EB4111D1F8081BD0F81408084070475F
:10851000416980690840704780B5930802F0030EF6
:1085200009D004394FF4805C013B50F80C2041F82D
:10853000042FF9D10431BEF1000F0ED04FF4805258
:1085400000238058AEF1010E20FA03F201F8012B4E
:108550005FEA0E4203F10803F4D1084680BD000033
:10856000B0B50446C06820F0C040E06091B1012978
:1085700026D1E068002540F00050E0600A20EDF7C9
:1085800063FA6069C00705F10A0014D1BE2D0546E3
:10859000F4D310E0E068002540F08040E06000BFC8
:1085A0000A20EDF751FA6069C00705F10A0002D010
:1085B000BE2D0546F4D3C838B0FA80F04009B0BDEE
:1085C0000120B0BD000000000246D0F8000820F4F1
:1085D000FE6001F07F01C2F800080020D2F80038E8
:1085E00043EA0111C2F800187047000000000000C3
:1085F000022A02465CD145F2403043F20053CFF6E6
:108600002770C0F20C030844984202D24FF4705114
:1086100050E041F6406044F24023CFF61B70C0F2B8
:108620000F030844984202D24FF4605142E0A1F592
:10863000740044F68073A0F51050C0F21203984203
:1086400002D24FF4505135E0A1F183704DF2206316
:10865000A0F5E740C0F21303984202D24FF4405114
:1086600028E04BF260604EF26033CFF6E560C0F276
:1086700016030844984202D24FF430511AE04DF2EA
:10868000003047F24073CFF6CE60C0F21B030844BF
:10869000984202D24FF420510CE045F6C03049F226
:1086A000C013CFF6B360C0F22103084498420AD247
:1086B0004FF41051D06820F47050D060D36800207F
:1086C0001943D1607047A1F1B77047F22053A0F56C
:1086D0005850C0F23803984202D24FF40051E9E7F3
:1086E00045F2E04049F6E043CFF65960C0F241035D
:1086F00008444FF4C051984238BF4FF4E051D9E7D5
:10870000B0B5044601F024FD46F654100021C2F233
:108710000000017048F2C400C2F20040017046F649
:108720005010C2F20000016001F03AFD01F010FDAE
:1087300001200125E9F7ECF940F2E010C2F2000057
:108740000570FAF771F945F204000121C2F2000048
:1087500000220023F7F70CFEEEF74AF9024645F235
:10876000C820C2F200002146F9F79EFCBDE8B040E7
:1087700001F016BD00000000DDF800C0BCF1000FE4
:108780000CD15BB1033300F5805C9B080439120304
:10879000013B51F8040F42F80C00F9D1002070475A
:1087A000B0B5B6B0044668460D46F8F799FC9DF89A
:1087B000180000281CBF9DF81B0000280AD1E07D8E
:1087C00080B1A06A291A0020B1F57A7F88BF012004
:1087D00036B0B0BD00980028F1D40020E075A0624A
:1087E00036B0B0BD0120E075A562002036B0B0BD46
:1087F000B0B546F2342C4BF6644EC2F2000C0023A6
:10880000ACF11002C0F6010E9FED430AC11852F8F8
:108810001C4F0D6B641B0EEB030501EE104A043375
:1088200095ED002A102BB8EEC11A22EE011A81EE46
:10883000001A81ED1A1AE9D146F25411036CC2F202
:1088400000019FED361A9FED363ACA6FD1F89810A5
:10885000A2EB030200EE102AD0E91123A1EB0201E2
:10886000C26CB8EEC00A02EE101ADCF87C10A1EB64
:108870000301DCF8983080EE010A04EE101AA3EB35
:10888000020180ED1E0A00EE101AB8EEC22AB8EE00
:10889000C44AB8EEC00A82EE032A84EE011A80EDC3
:1088A0001F2A80EE030A80ED201A80ED210A28B1EC
:1088B000417E11F0030108BF032100E00321B6EE61
:1088C000000AB7EE001A00229FED162ACB070DE032
:1088D00083EE043A8518B4EE404A0432F1EE10FA01
:1088E00033FE023A042A85ED223A13D1B0EE423A21
:1088F000B0EE424A23B18518B0EE414A95ED1E3ADA
:108900000229E5D3851834EE014A95ED205A33EE5D
:10891000053ADDE7B0BD00BF49F1E744B458B7C43C
:10892000B458B74400000000FEE70000000000005B
:1089300030B146F21431C2F20001086000207047E5
:108940006FF0050070470000062802D96FF005009F
:10895000704746F64012C2F20002106040F2CC109E
:10896000C2F20000017048F2B001C2F200410020E2
:10897000086070470000000030B146F21C31C2F2BE
:1089800000010860002070476FF00500704700008C
:108990002DE9F04F83B046F21C35C2F200052C6879
:1089A000002C00F0118148F2B00846F64013C2F2E4
:1089B0000048C2F20003014647F6AC70D8F8002028
:1089C0001B680127C2F2004007FA03F3561C13F09C
:1089D0004C0FC8F80060815440F0EB8013F0110F89
:1089E0003AD00178552940F089800B2EC0F0E48000
:1089F000431E00210A2700BF13F8016F013F3144D5
:108A0000FAD1C9B2837A994240F07880427841889D
:108A1000ADF804104168CDF80610A2F150010089AC
:108A20000F290090ADF80A0000F2C38034274FF000
:108A3000000903264FF0400B4FF0000ADFE801F079
:108A400008976A80846C787C918D66B9B9B9B970E1
:108A50004FF0000B302787E0032EC0F0AD80437845
:108A6000032B4BD190F802E00EF105039E42C0F0BB
:108A7000AB80531E9EB2C75C41EA072CDEB14BF6B9
:108A800064294BF6643A451EFF21C0F60109C0F681
:108A9000010AFF23C9B215F8017F013E87EA0107E9
:108AA00019F8071081EA03011AF80730F2D1C9B2A8
:108AB00043EA012101E04FF6FF718C451ED148F2D7
:108AC000AC025FEA5E01C2F2004214D0136845F6C0
:108AD0000067C2F20047023807EB43030F46023B30
:108AE000B0F80560013F00F1020036BA4FEA1646C1
:108AF00023F8026FF4D11068A0475AE0411CC8F86F
:108B0000002003B0BDE8F04FE7F704BD4FF0000BC5
:108B1000552729E0372718E04FF0000B412723E0C5
:108B200048F2AC004FF0000BC2F2004007681BE0B7
:108B30004FF0000B452717E04FF0000B492713E0DB
:108B40003D274FF02E0B12E03A274FF00109042683
:108B50004FF0000B4FF0010A09E04FF0000B5127D6
:108B600002E04FF0000B4D274FF001090426BAF147
:108B7000000F45F6006018BF0326C2F2004001A9AD
:108B800000EB47007200E7F7C5FC38463146A047C6
:108B9000B9F1000F08BFBAF1000F0AD145F6006124
:108BA0000098C2F200412A6821F81B0001215846B2
:108BB00090470020C8F80000D8F80000B0F5807F8A
:108BC00002D10020C8F8000003B0BDE8F08F00001B
:108BD00030B145F27471C2F2004108600020704764
:108BE0006FF005007047000046F64011C2F2000128
:108BF0000968042905D0A0F5805189B2B1F5704FFC
:108C000002D86FF00500704710B5044669204BF29A
:108C1000885100F04DF800281CBF6FF0020010BD15
:108C200046F21430C2F20000016851B114208847A6
:108C3000A1B2022000F03CF8002818BF6FF002003B
:108C400010BD6FF0040010BD46F64011C2F20001E5
:108C50000968042906D0A0F10E014FF6F37289B21B
:108C6000914202D26FF00500704710B504466920AA
:108C70004BF2885100F01CF800281CBF6FF0020076
:108C800010BD46F21430C2F20000016851B1142048
:108C90008847A1B2032000F00BF8002818BF6FF03E
:108CA000020010BD6FF0040010BD000000000000C5
:108CB000B0B582B08F2802D96FF0050293E046F676
:108CC0004012C2F2000213686FF00502DFE803F001
:108CD00073043D588B043D0045F27472C2F20042A9
:108CE000D2F800C0BCF1000F7BD040F2CC124BF6A2
:108CF0006433C2F200028DF80300080A8DF8040004
:108D000012788DF805108DF800200622ADF80120AC
:108D10004BF66422FF200021EE46C0F60102C0F6A9
:108D20000103FF24C0B21EF801500131454006295D
:108D3000505D80EA04005C5DF4D18DF80600684661
:108D400008218DF80740E04749E045F27072C2F211
:108D500000421368002B44D08DF8020040F2CC1082
:108D6000C2F200004AF6FF22ADF80020052200788A
:108D70008DF80310090A8DF80410694698472EE013
:108D800046F21832C2F20002D2F800C0BCF1000F65
:108D900027D040F2CC12ADF80010C1B2C2F20002EE
:108DA000022312785200D0B26A46E047012816D05A
:108DB0006FF0020217E045F27472C2F200421268CC
:108DC0007AB18DF80200080A8DF8031005218DF89C
:108DD000040068464AF6FF23ADF8003090470022B1
:108DE00001E06FF00402104602B0B0BD00000000C8
:108DF00045F620500321C2F20040012200F0FCBAE7
:108E0000B0B5B4EE620AF1EE10FA15DDB4EE430A25
:108E1000F1EE10FA15DA30EE620A9FED4D6A33EE8C
:108E2000623A20EE060A80EE030ABCEEC00A10EE9B
:108E300010EA4FEA1E2C08E04FF0000E4FF0000C35
:108E400003E04FF0FF0E4FF0FF0CF4EE630AF1EE7B
:108E500010FA13DDF4EE440AF1EE10FA10DA30EEF7
:108E6000E30A34EE633A9FED3B4A20EE040A80EEBB
:108E7000030ABCEEC00A10EE105A03E0002501E020
:108E800040F6FF75B5EE401AF1EE10FA11DD9FEDD8
:108E9000320AB4EE401AF1EE10FA0CDA9FED2D3AD8
:108EA00021EE031A81EE000ABCEEC00A10EE102A71
:108EB00003E0002201E040F6FF72F5EE401AF1EE09
:108EC00010FA11DDB1EE040AF4EE401AF1EE10FAD8
:108ED0000CDA9FED201A21EE811A81EE000ABCEE19
:108EE000C00A10EE101A03E0002101E040F6FF7105
:108EF000B4EE642AF1EE10FA13DDB4EE452AF1EE79
:108F000010FA10DA32EE640A9FED122A35EE641A76
:108F100020EE020A80EE010ABCEEC00A10EE104AF2
:108F200003E0002401E040F6FF742B098370130A6C
:108F300002710A094271220A80F800C080F801E03B
:108F400043EA0513C37042EA01118171C471B0BDD7
:108F500000FF7F4700F07F450000FA43000000005B
:108F6000002818BF002900D1704780B5028001F1A8
:108F7000080C0A884280CA888280012283600273BA
:108F80009CE80C10D1F81CE002614361C0F818C0E5
:108F9000C0F81CE00A6A02624A6A42620A6B826294
:108FA000496BC162BDE880407047000000000000CE
:108FB00070B594B00BAD0C46064624212846E7F761
:108FC00020FBB068B0F1804F00F14040B0FA80F073
:108FD000316908BF04364009082932680B924FEA0C
:108FE00080700C904FF000000D9028BF082145F2D2
:108FF00058562246C2F20046CDE90E10CDE91000C7
:10900000CDE9120030462946ECF76EFD44F6904457
:109010000028C2F20004204618BF04300168013164
:1090200001603046ECF704FE606369463046ECF7B9
:1090300003FE08B114B070BD0098029984F838009E
:1090400084F8391014B070BDF0B583B09FED713A5B
:109050000020B4EE430A0021F1EE10FA01900090D6
:1090600018DD9FED6B3AB4EE430AF1EE10FA0FDA19
:1090700030EE030A9FED683A20EE030A9FED673A4F
:1090800080EE030ABCEEC00A10EE100A010A01E0ED
:10909000FF20FF219FED630AF4EE400AF1EE10FA83
:1090A00019DD9FED5F0AF4EE400AF1EE10FA17DACF
:1090B00030EE800A9FED5C3A20EE030A9FED5B3AAA
:1090C00080EE030ABCEEC00A10EE102A4FEA121E10
:1090D0004FEA021C08E04FF0000C4FF0000E03E0D6
:1090E0004FF0FF0E4FF0F00CB5EE401AF1EE10FA13
:1090F00012DD9FED4F0AB4EE401AF1EE10FA0EDACF
:109100009FED493A21EE031A81EE000ABCEEC00A37
:1091100010EE102A130A04E00022002301E00F23BE
:10912000FF22F5EE401AF1EE10FA13DDB1EE040A5B
:10913000F4EE401AF1EE10FA0FDA9FED3B1A21EE31
:10914000811A81EE000ABCEEC00A10EE104A250911
:10915000240104E00024002501E0FF25F024B9EEFD
:10916000080AB4EE402AF1EE10FA16DDB1EE080A54
:10917000B4EE402AF1EE10FA12DA32EE000A9FED58
:109180002A1A20EE010AB2EE081A80EE010ABCEE9D
:10919000C00A10EE106A370A04E00026002701E03A
:1091A0000F27FF268DF8010043EA0C008DF803001D
:1091B00047EA04008DF8060045F24000C2F2004084
:1091C0008DF8042045F238028DF800108DF802E089
:1091D00003218DF80550C2F200428DF8076001604E
:1091E000002069460B5C135401300828FAD145F27F
:1091F00058506A46C2F200400321082300F04CF99F
:1092000045F24401C2F200410870087803B0F0BD95
:10921000B81E4941B81E49C100FF7F47B81EC94169
:1092200000004842000048C200F07F450000C842EC
:109230000000FA43000000000178032918BF7047BE
:109240002DE9F043B0F801100779C278457990F81C
:1092500007C007F00F0609BA45F23009090CC2F23F
:109260000049130100EE101A827943EA171344F6FD
:10927000884002EE103AC2F20000B8EE400A4FF009
:10928000010E9FED421A80F800E045EA0620D9F869
:109290000070B8EE422A20EE010A7D1CC9F8005089
:1092A00000EB40059FED3C3AAD009FED391A22EEF0
:1092B000032A03EE105A80EE010A9FED361A44F697
:1092C0008447C2F2000745F23406B8EE433AC2F2D0
:1092D000004630EE010A9FED311A82EE012A87ED39
:1092E000000A83EE011AB9EE083A9FED2D0A44F602
:1092F0008C4845F22C4532EE000AC2F20008C2F258
:10930000004586ED000A31EE030A88ED000A0324C9
:10931000A5F8604044F64844C2F200049FED211ACB
:10932000A478013C18BF01242402A5F862409409E6
:10933000A5F86440D9F80040AC66C2F3401485F843
:109340006CE085F86D40C2F3001485F86E40296723
:1093500002F00F016B67A8673868E8674CEA0120E4
:10936000316800EE100AC5F88010D8F80000C5F882
:1093700084000020C5F88800B8EE400A20EE010AFB
:1093800085ED230ABDE8F043704700BFB81EC94110
:1093900000FF7F47B81E49C10000C84200F07F456A
:1093A000000048C2CDCCCC3D80B588B04FF08043A2
:1093B0000393038A002200780792069240EA032072
:1093C0008DF81E1000F1C850029040F2012006A94D
:1093D000C0F20340069040F20560ADF81C0001A801
:1093E0000492082205928DF81F20FFF7E1FD08B0D6
:1093F00080BD00000000000047F20503A0F86430C3
:1094000047F20603A0F86C3047F20A03A0F8743064
:1094100047F20B03A0F87C3047F21003A0F8843029
:1094200047F21103A0F88C3047F21403A0F89430EF
:1094300047F21603A0F89C3047F21703A0F8A430B7
:1094400047F21803A0F8AC3047F21903A0F8B43083
:1094500047F21A03A0F8BC3047F21B03A0F8C4304F
:1094600047F21C03A0F8CC3047F21D03A0F8D4301B
:109470000170FD2101820021816180F8452080F882
:109480004610704700000000092828BF0820C0B21D
:109490007047000000000000F0B589B00F46044698
:1094A000684624211E461546E7F7ABF80120002C3C
:1094B00018BF002D01D109B0F0BD00970020019028
:1094C000082E029028BF0826CDE90500CDE90360EB
:1094D000CDE907002046ECF7A7FC40B169462046DD
:1094E0002A46ECF701FB50B10021002201E00021E7
:1094F00001222046E7F778F9012009B0F0BD0121EB
:1095000000222046E7F770F9002009B0F0BD000006
:1095100080B582B046F6B4000021C2F2000001918D
:10952000006878B101A900F073FF019850B14EF6C0
:1095300004504FF08051CEF200000160BFF34F8F16
:10954000BFF36F8F02B080BD80B582B04FF0FF32A5
:10955000CDF803200092FC228DF807206A460823EC
:10956000FFF79AFF02B080BD80B582B04FF0FF32A6
:10957000CDF803200092FC228DF8072041F4807181
:109580006A460823FFF788FF02B080BD0000000094
:1095900080B582B04FF0FF32CDF803200092FD225B
:1095A0008DF807206A460823FFF776FF02B080BDDA
:1095B00080B582B04FF0FF32CDF803200092FD223B
:1095C0008DF8072041F480716A460823FFF764FF95
:1095D00002B080BD00000000082A18BF704710B517
:1095E0000A789FED2D1A02F00F0282800A78120984
:1095F000C280B1F8012052BA8260CB7891F804C0E1
:109600001B0143EA1C1EC0F80CE091F804C01923AA
:109610005A434C790CF00F0300EE102A44EA03225F
:109620005A230EFB03F30261B8EE400A02EE103A31
:1096300002EB8203DB0003EE103A80EE010ABAEE81
:10964000091AB8EE422AB8EE433A30EE010A9FED0D
:10965000131A82EE012A80ED070A83EE011ABBEE8F
:10966000043A9FED0F0A32EE000A80ED080A31EE4F
:10967000030A80ED090A8A7900EE102AB8EE400A42
:1096800080ED0C0AC97900EE101AB8EE400A80EDA0
:109690000D0ABDE81040704700FF7F4700F07F458E
:1096A000000034C200000000BAEE094A9FED5C3AA7
:1096B000B4EE440AB0EE434AF1EE10FA0BDBB2EE20
:1096C000094AB4EE440AF1EE10FA02DDB3EE094A9B
:1096D00001E030EE044A9FED530AF4EE400AB0EE8A
:1096E000430AF1EE10FA0BDB9FED4F0AF4EE400A4D
:1096F000F1EE10FA02DD9FED4D0A01E030EE800A36
:10970000B0EE435AB5EE401AF1EE10FA0ADBB0EEB5
:10971000415A9FED476AB4EE461AF1EE10FA01DDA8
:10972000B0EE465AB0EE431AF5EE401AF1EE10FADA
:109730000ADBB1EE046AB0EE611AF4EE461AF1EEFD
:1097400010FA01DDB0EE461ABBEE046AB4EE462A0A
:10975000F1EE10FA0BDBB3EE043AB4EE432AF1EE6D
:1097600010FA02DD9FED333A01E032EE033AB0B574
:1097700082B09FED312AB1EE046A21EE021A25EE85
:10978000025A20EE020A81EE061A9FED296A85EE42
:10979000065A9FED2A6A24EE064AB3EE096A23EEC2
:1097A000022A9FED223A80EE030A84EE063A9FEDEC
:1097B000214A82EE042ABCEEC55ABCEEC00ABCEEB9
:1097C000C33ABCEEC11A15EE10EABCEEC22A10EE86
:1097D000102A13EE103A8DF804E011EE10CA12EEC2
:1097E000104A8DF801301D0A8DF8005013098DF8CC
:1097F00002304FEA1E238DF8074043EA02128DF82B
:1098000003204FEA1C128DF80520220A082342EAA1
:109810000C128DF806206A46FFF73EFE02B0B0BD7E
:1098200000000000000034C2000034420000B442D6
:109830000000FA430000204200F07F4500FF7F4710
:1098400080B582B041F480716A4608238DEC020A2B
:10985000FFF722FE02B080BD002818BF002900D10A
:10986000704780B5B0F900E0A0F808E00A8812BAA5
:109870004FEA124CA0F800C04B881BBA1B0C438067
:109880008B881BBA1B0C8380CEEB12438979B3F50E
:10989000805F8171BDE8804002DD4FF0FF3103E061
:1098A00013F5805F03DA0121026911440161016946
:1098B000828A0CEB4131891AC160704700000000B8
:1098C000002818BF002900D17047098809BA090C7F
:1098D0000180818201810021C0E9031170470000ED
:1098E00084B00024CDE90244CDE90044EDF750F9FD
:1098F0000120ADF8000048F21F70029040F2011004
:10990000039068460194EDF713F90420EDF750F940
:10991000EDF786F8FBF758FBF2F7C6FBF2F730FAE3
:10992000F2F74AFAF2F784FAF2F7BEFAF2F72CFCF1
:10993000F2F7D6FCF2F74CFDF2F70AFEF2F748FE1A
:10994000F2F786FDF2F7C4FDF2F706FDEAF78CFAAE
:10995000F2F7E6FA00F00CF8FEE700000000000065
:1099600080B5012898BF012000F0EEFC002080BDEA
:1099700080B500F0BDFD002080BD000000000000AB
:10998000EFF3058008B100F0C3BF00F0B9BF0000DD
:1099900070B584B043698E469BB184698CB10289ED
:1099A000D0E9001C15B2B2F184060269604618BF06
:1099B000EE1C0294CDE90063734600F021FF039092
:1099C00010E00689D0E90013028A30B2843E18BF45
:1099D000C61C03A8CDE900601846734600F0ACFE33
:1099E000012802D1039804B070BD002004B070BDFE
:1099F00070B5013846F25412C2F20002F0EE400A8D
:109A0000C0EBC00100EB800645F2787002EB8105E7
:109A1000C2F2004000EB061495ED031A2046B8EEA2
:109A2000C11AB0EE410AF3F757FFB5F90200D4EDC1
:109A30000A0A00EE100A46F22030C2F2000000EBE3
:109A40000614B8EEC00A2046F3F746FF94ED0A0A62
:109A500070BD00000000000070B5013846F23422ED
:109A6000C2F20002F0EE400AC0EBC00100EB80063B
:109A700045F6F81002EB8105C2F2004000EB061437
:109A800095ED031A2046B8EEC11AB0EE410AF3F77D
:109A900023FFB5F90200D4ED0A0A00EE100A46F2DF
:109AA000A050C2F2000000EB0614B8EEC00A204637
:109AB000F3F712FF94ED0A0A70BD000000000000E9
:109AC000F0B581B04AF2804246F62006C2F200426A
:109AD000C2F2000604460D4617683268101D00F0F9
:109AE000C3FA10B1601C0FD01AE030684AF2382275
:109AF000C2F200420121C06A01FA00F0116821EAB5
:109B000000001060601C0BD155B13068011D4AF295
:109B10006C40C2F2004001B0BDE8F04000F0FCBA79
:109B20003068E41944600BD345F61C50C2F2004083
:109B300000683168043101B0BDE8F04000F0CCBAF3
:109B400046F62400C2F2000000683168043100F0DB
:109B5000C3FA4AF25C60C2F2000001688C4238BF6E
:109B6000046001B0F0BD00002DE9F047044600F0AC
:109B7000EFFA4AF2E05046F62007C2F20000C2F2C5
:109B800000074AF2604A46F628060168C2F2004A17
:109B9000013101603968C2F2000651B1DAF8000003
:109BA00000283DD13868E16AC06A884298BF3C60AD
:109BB00036E03C600068012832D10025701900F0C1
:109BC0007BFA14358C2DF9D14AF23C28C2F20048B8
:109BD000404600F071FA4AF2F059C2F200094846D4
:109BE00000F06AFA4AF26860C2F2000000F064FA1B
:109BF0004AF27C60C2F2000000F05EFA4AF26C4069
:109C0000C2F2004000F058FA46F62400C2F200000A
:109C1000C0F8008045F61C50C2F20040C0F8009029
:109C20004AF2E8504AF23822C2F20000C2F2004280
:109C3000016801310160E06A01218140136800EB95
:109C4000800019431160211D06EB800000F064FACA
:109C500000F0A6FADAF8000088B13868E16AC06A54
:109C6000884228BFBDE8F0874EF604504FF080517F
:109C7000CEF200000160BFF34F8FBFF36F8FBDE8DE
:109C8000F0870000000000004AF2342546F6280A5A
:109C90004EF604584AF27C674AF2E056C2F200459A
:109CA000C2F2000ACEF200084FF08059C2F200075B
:109CB000C2F2000603E000BF204600F089FA2868DF
:109CC000C8B100F045FAF868C468201D00F0CCF96E
:109CD00030680138306028680138286000F060FA88
:109CE00094F851000228EAD00128E5D070B9206B21
:109CF00000F06EFAE0E7DAF800000228DFD3C8F8D7
:109D00000090BFF34F8FBFF36F8FD8E74FF0500035
:109D100080F31188BFF36F8FBFF34F8FFEE7000012
:109D200008480068006880F308884FF0000080F35E
:109D3000148862B661B6BFF34F8FBFF36F8F00DF39
:109D400000BF000008ED00E081B00020009040F26C
:109D50001C10C2F2004000684FF0500181F31188DE
:109D6000BFF36F8FBFF34F8F013001D0FEE700BF0D
:109D700000980028FCD001B07047000000000000EF
:109D8000F0B581B0044600F0F3FB45F618514AF2F5
:109D9000EC57C2F20041C2F20007086818B1B4F1F2
:109DA000FF3F2DDD2FE046F6DC100026C2F200005A
:109DB000430700F5705300F1070223F0070318BFB3
:109DC00022F007004AF26442A3F108050D60C2F2D6
:109DD0000042C2E9000643E902662A1A42600B68A3
:109DE00003604AF25440C2F2004002604AF204604A
:109DF000C2F20000026001203870B4F1FF3F02DCC3
:109E00003878002839D134B1600706D024F0070033
:109E100000F1100402E0002400E008344AF2046E6D
:109E2000621EC2F2000EDEF80000824225D24AF223
:109E30006443C2F200431E687068A04207D200BFAC
:109E4000326822B1334616465068A042F8D30A68F9
:109E5000964212D0001BD3F800C0112832681A6055
:109E60003FD333195A0719D04FF0500080F31188AF
:109E7000BFF36F8FBFF34F8FFEE7002400F014FE97
:109E8000600708D04FF0500080F31188BFF36F8F48
:109E9000BFF34F8FFEE7204601B0F0BD58607460FD
:109EA0004AF26444C2F20044204624689C42FBD338
:109EB000426885189D4203D15B681A44034642609C
:109EC0005A689D18A54201D0214606E009688C42D7
:109ED00003D0D4E9001422445A609842196018BF94
:109EE00003604AF254407168C2F20040DEF800207C
:109EF000511ACEF8001002680CF10804914238BFE4
:109F000001603878716800284FF0000018BF41F0F8
:109F10000041C6E900014AF26460C2F20000016833
:109F200001310160AAE7000049F6495321F001011F
:109F300040F8081C4FF0807140F8041CA0F1440167
:109F4000C0F6010340F80C3C6FF0020340E909320F
:109F5000084670470000000000F1080181EC030A88
:109F60000021C0E90011704780ED000A7047000031
:109F700090ED000A90ED011A30EE412A9FED1D4A46
:109F8000B0EEC23AB4EE443AF1EE10FA02DA80EDE5
:109F9000010A70470C21B5EE402AF1EE10FAC8BF55
:109FA000082190ED043AB5EE402A0144F1EE10FA92
:109FB00091ED004A24EE033A0DDD31EE031A80EDF7
:109FC000011AB4EE401AF1EE10FAC8BF80ED010A92
:109FD00090ED010A704731EE431A80ED011AB4EE9C
:109FE000401AF1EE10FAF3DA80ED010A90ED010A61
:109FF000704700BF6F12833A70B50D46044600F0FB
:10A00000A7F846F62006C2F200063068C06C98B980
:10A0100030684FF0010180F850106DB12846FFF70D
:10A020004FFD4EF604504FF08051CEF2000001601B
:10A03000BFF34F8FBFF36F8F00F0B2F800F088F8D6
:10A040003068C56C2DB10020002C316808BF681E37
:10A05000C8643068002180F8501000F0A1F828464C
:10A0600070BD000000000000D0E9013201699A6073
:10A07000D0F808C04A6882424FF00002CCF80430A1
:10A0800008BFC1F804C002610868013808600868A8
:10A0900070470000000000004AF20863C2F20003AB
:10A0A00003604AF25020C2F2004008608020106035
:10A0B000704700000000000002464FF0FF3142F8F8
:10A0C000081F00214260C0E90322016070470000C0
:10A0D000002101617047000080B5D1F800C01CF17B
:10A0E000010207D000F108039E465B681A686245CA
:10A0F000FAD901E0D0F810E0DEF804204A60CEF88A
:10A1000004109160C1F808E0086101680131016044
:10A1100080BD000000000000D0F800C043684B6024
:10A120009A688A609A689960086151600CF101012F
:10A130000160704700000000DFF80C00016841F486
:10A14000700101607047000088ED00E00000000031
:10A150004FF0500080F31188BFF36F8FBFF34F8F24
:10A1600040F21C10C2F200400168002901F1010117
:10A17000016000D070474EF60450CEF20000006837
:10A18000000608BF70474FF0500080F31188BFF3FE
:10A190006F8FBFF34F8F00BFFEE70000000000008D
:10A1A00040F21C10C2F20040016839B1013901606F
:10A1B00018BF7047002080F3118870474FF050009F
:10A1C00080F31188BFF36F8FBFF34F8FFEE700005E
:10A1D000B0B5002808BFB0BD4AF2EC51C2F2000190
:10A1E0000978002918BF4FF0004150F8042C1142A3
:10A1F0000DD0A0F1080423689BB14FF0500080F30C
:10A200001188BFF36F8FBFF34F8F00BFFEE74FF092
:10A21000500080F31188BFF36F8FBFF34F8F00BFE3
:10A22000FEE722EA010140F8041C054600F0A0F90F
:10A230004AF2046055F8041CC2F200002A46036882
:10A24000194401604AF26441C2F2004108460968BB
:10A25000A142FBD34368C518A54204D152F8042C8F
:10A2600004461A4442606368E2188A4201D00A46F2
:10A270000AE045F61852C2F200421268914203D039
:10A28000D1E9002119446160A042226018BF046036
:10A290004AF25840C2F20040016801310160BDE855
:10A2A000B04000F001BC00004EF210000021CEF2E0
:10A2B000000044F6D352C1F262020160816040F2B4
:10A2C0000001C2F200010968A1FB02124FF0FF3148
:10A2D00001EB92114160072101607047000000000E
:10A2E000EFF30580102814D34EF2F0314AF2001239
:10A2F000CEF20001C2F20042405C1178884208D2DE
:10A300004FF0500080F31188BFF36F8FBFF34F8F72
:10A31000FEE74EF60C504AF2DC51CEF20000C2F2DB
:10A3200000010068096800F4E060884298BF704747
:10A330004FF0500080F31188BFF36F8FBFF34F8F42
:10A34000FEE700000000000070B5002852D04AF27D
:10A35000E451C2F200010A684AB14FF0500080F3A4
:10A360001188BFF36F8FBFF34F8F00BFFEE7054625
:10A370000868013008604AF2804046F62004C2F2C4
:10A380000040C2F20004066820680430FFF76CFE4B
:10A3900060B920684AF23822C2F200420121C06A44
:10A3A00001FA00F0116821EA000010602068AD1980
:10A3B000456009D345F61C50C2F200400068216890
:10A3C0000431FFF789FE10E046F62400C2F20000D7
:10A3D000006821680431FFF77FFE4AF25C60C2F238
:10A3E000000001688D4238BF056000F05DFB002869
:10A3F00018BF70BD4EF604504FF08051CEF20000F1
:10A400000160BFF34F8FBFF36F8F70BD000000007E
:10A41000F0B581B018B304460F46FFF761FFEFF3C4
:10A4200011864FF0500080F31188BFF36F8FBFF398
:10A430004F8F022194F8500084F85010E16C0128ED
:10A4400001F10100E0644ED1A06A90B14FF05000DC
:10A4500080F31188BFF36F8FBFF34F8FFEE74FF08C
:10A46000500080F31188BFF36F8FBFF34F8F00BF91
:10A47000FEE74AF2E450C2F20000006830B14AF24E
:10A48000686004F11801C2F2000016E0251D28469C
:10A49000FFF7EAFD4AF23822E06AC2F200420121E7
:10A4A0008140136800EB8000194346F62803C2F28E
:10A4B0000003116003EB80002946FFF72DFE46F6EE
:10A4C0002000E16AC2F200000068C06A81420AD935
:10A4D000002F4FF001011CBF012038604AF290604C
:10A4E000C2F20000016086F3118801B0F0BD0000E7
:10A4F000B0B586B005A804A903AA0024CDE9044498
:10A50000FFF7CAFDDDE90320CDE9004049F68940A7
:10A5100015A1C0F601000023059D029500F070F919
:10A520004AF25040C2F200400560DDB14FF05000E9
:10A5300080F31188BFF36F8FBFF34F8F4AF25C60D7
:10A54000C2F200004FF0FF3101604AF26040C2F2F7
:10A550000040012101604AF28040C2F200400460E4
:10A5600000F052F806B0B0BD49444C450000000070
:10A570004AF2E450C2F20000016801310160704704
:10A580004AF2E450C2F20000006830B14AF2906032
:10A590000121C2F20000016070474AF29060002180
:10A5A000C2F2000001604AF23820C2F2004046F6D2
:10A5B0002801C2F200010068B0FA80F0C0B2C0F118
:10A5C0001F0000EB800051F8202092B101EB8000C9
:10A5D00000F10802416849684160914201D149682F
:10A5E000416046F620014068C2F20001C068086080
:10A5F00070474FF0500080F31188BFF36F8FBFF3A7
:10A600004F8F00BFFEE70000B0B584B04EF20040AF
:10A610004CF27021CEF20000C4F20F114B1CD0F8A6
:10A6200000299A4209D14FF0500080F31188BFF3FE
:10A630006F8FBFF34F8F00BFFEE7D0F800298A422B
:10A6400009D14FF0500080F31188BFF36F8FBFF333
:10A650004F8F00BFFEE701784AF200120291FF21FE
:10A660000170C2F2004201788DF807109DF80710C2
:10A6700001F0500111704AF2DC510722C2F20001D0
:10A680000A609DF90720B2F1FF3F0CDC062200BFF3
:10A690000A60013A9DF807305B008DF807309DF99C
:10A6A0000730002BF4D40A68032A3BD14FF44072E0
:10A6B0000A6002990170D0F8201941F47001C0F8C5
:10A6C0002019D0F8201941F07041C0F82019FFF787
:10A6D000EBFD40F21C140025C2F200442560FFF798
:10A6E0002BFD4EF63470CEF20000016841F040417F
:10A6F0000160FFF715FBFFF743FF039520684FF05C
:10A70000500181F31188BFF36F8FBFF34F8F01307A
:10A7100002D000BFFEE700BF03980028FCD0002055
:10A7200004B0B0BD4FF0500080F31188BFF36F8FBD
:10A73000BFF34F8FFEE700002DE9F0478146900000
:10A74000984614460F46FFF71BFB70B10546542090
:10A75000FFF716FB30B1064605634EB94FF0FF30E8
:10A76000BDE8F0872846FFF733FD0026002EF5D020
:10A77000306BDDF824A0089D002100EB8400A0F1DF
:10A78000040086F8511020F0070406F134005FB190
:10A790007A5C42547A5C1AB10F2901F10101F7D1B8
:10A7A000002086F8430000E00170062D06F1040049
:10A7B00028BF06250027C6E91157F562FFF788FC78
:10A7C00006F11800FFF784FC85F00700B061204611
:10A7D0004946424636617662F76486F85070FFF764
:10A7E000A3FB30603046BAF1000F18BFCAF8006012
:10A7F000FFF7BAF90120BDE8F08700000000000073
:10A800002DE9F04782B0DDF82CC0BCF1000F21D05B
:10A810000C9C44B354270197019F542F2DD1DDF890
:10A8200028A004F13406019FC4F830C04FF002079D
:10A8300084F8517059B30027CD5DF555CD5D1DB13C
:10A840000F2F07F10107F7D181469846002084F8C1
:10A85000430020E04FF0500080F31188BFF36F8F6A
:10A86000BFF34F8FFEE74FF0500080F31188BFF326
:10A870006F8FBFF34F8F00BFFEE74FF0500080F3A4
:10A880001188BFF36F8FBFF34F8F00BFFEE7814684
:10A890009846002030700CEB8200BAF1060FA0F150
:10A8A00004004FF0000528BF4FF0060A20F007070C
:10A8B000201DC4E911A5C4F82CA0FFF709FC04F180
:10A8C0001800FFF705FC8AF00700A06138464946EA
:10A8D000424624616462E56484F85050FFF724FB2B
:10A8E00020602046FFF740F9204602B0BDE8F0871F
:10A8F00046F62000C2F20000006870470000000029
:10A900004AF28040C2F20040006870470000000038
:10A9100080B5FFF7E5FC4AF28040C2F200400068D3
:10A9200080BD0000000000002DE9F04F81B04AF228
:10A93000E450C2F20000006840B14AF25C400024DA
:10A94000C2F20040016801310160A9E04AF2804092
:10A95000C2F2004001684E1C06602ED346F6240069
:10A96000C2F200000168096849B14FF0500080F35D
:10A970001188BFF36F8FBFF34F8F00BFFEE745F61F
:10A980001C520168C2F200421368036011604AF26F
:10A990006061C2F200010A6801320A600168096858
:10A9A00021B10068C068C068406801E04FF0FF3026
:10A9B0004AF25C61C2F2000108604AF25C6146F64C
:10A9C000200AC2F20001C2F2000A0868864201D2DF
:10A9D00000244FE046F6240B0024C2F2000BDBF803
:10A9E00000000068E0B34AF238290127C2F20049AA
:10A9F00020E000BFD8F82C00D9F8002007FA00F1B9
:10AA000000EB80001143C9F8001046F62801C2F29D
:10AA1000000101EB80002946FFF77EFBD8F82C00EF
:10AA2000DAF80010C96ADBF800208842106828BFF5
:10AA30003C46C0B1DBF80000C068D0F80C80454649
:10AA400055F8040F864210D32846FFF70DFBD8F8BF
:10AA500028000028CED008F11800FFF705FBC9E751
:10AA60004FF0FF3005E04FF0FF304AF25C61C2F278
:10AA700000010860DAF8000046F62801C2F2000181
:10AA8000C06A00EB800051F8200001284AF2906073
:10AA9000C2F2000088BF01240068002818BF01240A
:10AAA000204601B0BDE8F08F2DE9F04F81B04AF2A9
:10AAB000E454C2F20004206868B1FFF749FB206843
:10AAC00001382060206880B10024FFF769FB204630
:10AAD00001B0BDE8F08F4FF0500080F31188BFF354
:10AAE0006F8FBFF34F8F00BFFEE74AF2E050C2F214
:10AAF000000000680028E7D04AF268664AF29068D1
:10AB0000C2F20006C2F200083068002844D04AF2BF
:10AB1000382546F6280946F6200A4FF0010BC2F206
:10AB20000045C2F20009C2F2000A00BFF068C7681F
:10AB300007F11800FFF798FA3C1D2046FFF794FA3A
:10AB4000F86A2A680BFA00F100EB800011432960D3
:10AB5000214609EB8000FFF7DFFAF86ADAF8001007
:10AB6000C96A884228BFC8F800B030680028DDD123
:10AB700097B146F62400C2F200000168096821B1CD
:10AB80000068C068C068406801E04FF0FF304AF2DA
:10AB90005C61C2F2000108604AF25C44C2F2004407
:10ABA00025685DB1012600BFFFF7BEFE002818BF73
:10ABB000C8F80060013DF7D100202060D8F80000FF
:10ABC00000283FF481AF4EF604504FF08051CEF292
:10ABD000000001240160BFF34F8FBFF36F8F74E754
:10ABE0004100080218BF04200A0E18BF40F00100FF
:10ABF0004FF07F4232EA010108BF40F00200012815
:10AC000008BF05207047000010EE101A08B5444A2E
:10AC10006846B2EB410F28D94FF0E640B0EB410F48
:10AC200094BF00204FF0FF3000900098002861DBB7
:10AC300060EE000A10F0010F45D010F0020FDFEDBA
:10AC4000391A9FED391A00EEA11ADFED381A40EEDD
:10AC5000811A21EEA01AF0EE400A40EE010A08BF68
:10AC6000F1EE600AB0EE600A08BD314B21F00042FF
:10AC700093423CD911F0004FDFED2E0A20EE201A4E
:10AC8000DFED2D0A19BF31EE601A71EE200A31EEA8
:10AC9000201A71EE600ABDEEE01A11EE100A9FED67
:10ACA000271A00F0030000EEC10A9FED251A00905C
:10ACB00000EEC10A9FED231A00EEC10A9FED221A91
:10ACC00000EEC10AB1E79FED211A9FED210A10F0B5
:10ACD000020F00EE810A9FED1F1A00EE801AB7EEF8
:10ACE000000A00EE810A18BFB1EE400A08BD00F06C
:10ACF00073FC9AE710EE100A4000B0F17F4F3CBFA2
:10AD0000B7EE000A08BD07D14FF00100E5F7BFFC20
:10AD1000BDE8084000F048BCBDE8084000F03EBC7B
:10AD2000B61F927E336D4CB9DA82083CA0AA2ABEC7
:10AD3000490E494683F9223F0000004B0000C93FFD
:10AD400000A0FD390020A2331A61342CB93AB2BAFE
:10AD5000CA9F2A3DDDFFFFBE10B510EE100A2DED93
:10AD6000068BB7EE001A10EE901AB0EE418A002260
:10AD7000A0F5000CDFEDFE9A4FF00073BCF1FE4F22
:10AD80004FF07F4403EB410C80F0B481BCF1804F65
:10AD9000C0F02082F74901449FEDF73AB1F5005F1A
:10ADA00040F2D48200F58021CB0C03F00F0101EEBC
:10ADB000901AC3F307137F3BA0EBC350B8EEE12A10
:10ADC00000EE100A1A44DFEDED2AF0EE411A42EED1
:10ADD000221AF0EE613A70EE232A30EE632A12EE68
:10ADE000900A00F500606FF30B0001EE900A73EE1D
:10ADF000E13A33EE804AC1EE223A22EE230A10EE07
:10AE0000100A00F500606FF30B0000EE100A00EE70
:10AE1000612A00EE442A62EE232A70EE221A21EE05
:10AE2000A12ADFEDD73A02EE233A23EE023A20EED2
:10AE3000012A22EE811A03EE211A32EE010A10EEE7
:10AE4000100A00F500606FF30B0000EE100A72EEBE
:10AE5000401A31EE812A9FEDCB1A60EE011A9FED68
:10AE6000CA1A20EE011A9FEDC90A02EE001A31EE4D
:10AE7000810A10EE100A00F500606FF30B0000EE7F
:10AE8000100AC34871EEC01A31EE812A784400EBF3
:10AE9000C10090ED003AD0ED011A100101EE100A48
:10AEA000F8EEC12A32EE211A31EE001A31EE031A01
:10AEB00031EE221A11EE100A00F500606FF30B005C
:10AEC00009EE100A39EE621A31EE431A31EE400AE9
:10AED00030EE610A32EE40AA10EE900A002100F531
:10AEE00000606FF30B0008EE900A084670EEE8AAC7
:10AEF0004FF0000029EE280A00F00C01F0EEC00A25
:10AF000010EE900AB0F18B4F0DDD10EE900AB4EB0D
:10AF1000400F08D310EE100A4FF08B4262F31E0070
:10AF200008EE900A13E069EE2A0A38EEAA1A4AEEF1
:10AF3000010A30EE201A11EE100A00F500606FF3DE
:10AF40000B0008EE900A30EE680A70EE209A0C2092
:10AF50004FF0000038EEA90AB5EEC00AF1EE10FA83
:10AF600034BFFEEE000AF6EE000A30EE800ABDEEB7
:10AF7000C00A10EE100A011100EE101AF8EEC00A15
:10AF800000EE100AB8EEC00A38EEC00A30EE290A08
:10AF9000DFED801A9FED801A00EE211ADFED7F1A97
:10AFA0007F4900F00F0040EE011A21EE800A79443B
:10AFB00001EB800191ED001A7A49794401EB80019F
:10AFC000D1ED001A784901EE801A794401EB800036
:10AFD000764990ED000A31EE001AB0EEE00A10EE6C
:10AFE000100A884215DA10EE100AB4EB400F10D3A5
:10AFF0009FED6F0A30EE800ADFED6E0A20EE200A28
:10B0000068EE010ABDEC068BBCEEC00A20EE200AF9
:10B0100010BD10EE100A6849884243DA10EE100A9B
:10B02000B4EB400F3ED3BDEEE00A68EE010A10EE2D
:10B03000100A00EBD0725110C90501F17E5100EEEB
:10B04000101AA0EB6200C00560EE200A00F17E50ED
:10B0500000EE100A60EE808A18EE900AB4EB400F02
:10B060000FD10220E5F713FB00F0A6FA10EE101A3C
:10B0700018EE100ABDEC068B61F31E0000EE100AFC
:10B0800010BD18EE900A400011D018EE900AFFF79C
:10B09000A7FD042808BF00F097FAB0EE680ABDECDF
:10B0A000068B10BDF5EEC00AF1EE10FA0FD20220A9
:10B0B000E5F7EDFA00F088FA10EE101A18EE100A13
:10B0C000BDEC068B61F31E0000EE100A10BD0220DD
:10B0D000E5F7DDFA00F070FA10EE101AB0EE480A4B
:10B0E00010EE100ABDEC068B61F31E0000EE100A94
:10B0F00010BD00BFBCF1804F6CD300BF00F1FF4317
:10B10000B3F1FE4F24D200BFB0EEC00A10EE100A19
:10B11000C1F3C7537F2B0DDB972BBFF63BAEC3F1BB
:10B1200096034FF0010C0CFA03F3A3F1010C1CEA97
:10B13000010F08D00120E5F7AAFABDEC068BBDE8A7
:10B14000104000F031BA0B4218BFBFEE008A21E672
:10B1500043001CBF4FF08073B3EB400F34D96FF046
:10B160001A02DFED161A20EE210A10EE100A27E06F
:10B1700000000000001080C0ABAAAA3E0000803D85
:10B180007EE24C3E00B03842D49AB8BB3BAA38426B
:10B19000B8080000FC596337C9FF753A1872313D91
:10B1A000560800008A080000FA0700000000FC4270
:10B1B0000000FE420000004B000040430000004D34
:10B1C00010F0004FA0D1E5E5A0F50003B3F1FE4F6C
:10B1D00021D2DFE503EB4103B3F1007F11D3F5EE9C
:10B1E000C00AF1EE10FA05D1430018BFB4EB400FCE
:10B1F00076D883E701F0004141F0FC5100EE901A4F
:10B200007CE7B3F1807F06D210EE903AA3F50003FD
:10B2100000EE903A72E720F000426FF0FF4C604C75
:10B2200002EB0C03A34210D321F000439C44A4453D
:10B230000BD3B0F17E5F18BF5FEA410C50D0B2F182
:10B24000FF4F98BFB3F1FF4F05D9BDEC068BBDE8AA
:10B25000104000F0A6B9B0F1FF4F0FD0C1F3C752B4
:10B260007F2A09DB972A11DAC2F19602012303FA39
:10B2700002F2531E0B4205D0002208E011F0004FED
:10B2800055D128E00A4218BF012200D1022210F550
:10B29000000F13D028B3B0F1004F26D010F1814F2A
:10B2A0004FD04FF0FE42B2EB400F94BF0120002080
:10B2B000012202EBE171884239D10CE011F0004F1C
:10B2C00002D0012A38D032E0012A02BF9FED350AB0
:10B2D000BDEC068B10BD9FED340ABDEC068B10BD96
:10B2E0002FE011F0004F0CD121E0B1F1FF4F1ED043
:10B2F00011F5000F05D011F0004F15D00AB1012A49
:10B3000008D00220E5F7C3F9BDEC068BBDE810407C
:10B3100000F03AB90220E5F7BAF900F035F9BDECD2
:10B32000068BB1EE400A10BD0AB1012A04D0B0EE7E
:10B33000690ABDEC068B10BDBDEC068B9FED1B0AA8
:10B3400010BDBDEC068BB7EE000A10BD30EE410A11
:10B35000B5EE001A9FED172A00EE413AB6EE001A3C
:10B3600060EE001A00EE431A61EEC11A9FED101A4A
:10B3700020EE011A20EE020A9FED0F2A01EE820A4A
:10B3800071EE001A11EE900A00F500606FF30B00E9
:10B3900009EE100A31EE491A31EE00AA9CE50000D0
:10B3A000FFFF3F00000080FF0000807F0000008062
:10B3B00000B0B841D49A38BB3BAAB84100B510EEF2
:10B3C000101A2DED028B81B0524A6846B2EB410F44
:10B3D0002ED94FF0E640B0EB410F94BF00204FF064
:10B3E000FF3000900098B0EE408A00286ADB10F031
:10B3F000010F4BD068EE080A9FED471A9FED470AF0
:10B4000000EE810A9FED461A10F0020F00EE801A3E
:10B41000B7EE000A00EE810A02BF01B0BDEC028B5C
:10B4200000BD00BF01B0B1EE400ABDEC028B00BD13
:10B430003C4B21F00042934241D911F0004FDFED27
:10B440003A0A20EE201ADFED390A19BF31EE601AF0
:10B4500071EE200A31EE201A71EE600ABDEEE01A9C
:10B4600011EE100A9FED321A00F0030000EEC10A3F
:10B470009FED301A009000EEC10A9FED2F1A00EEEA
:10B48000C10A9FED2E1A00EEC10AABE728EE080AAA
:10B490009FED2B1ADFED2B0A10F0020F40EE010A90
:10B4A0009FED291A00EE201A61EE000AB0EE480A5C
:10B4B00008EE200AB6D101B0BDEC028B00BD00F051
:10B4C0008BF88FE718EE100A4000B0F17F4F0DD2D5
:10B4D00018EE100AFFF784FB042808BF00F074F888
:10B4E000B0EE480A01B0BDEC028B00BD09D10120CD
:10B4F000E5F7CDF801B0BDEC028B5DF804EB00F090
:10B5000053B801B0B0EE480ABDEC028B5DF804EB15
:10B5100000F044B8B61F927EB93AB2BACA9F2A3D2B
:10B52000DDFFFFBE490E494683F9223F0000004B74
:10B530000000C93F00A0FD390020A2331A61342C5D
:10B54000336D4CB9DA82083CA0AA2ABE10B52DEDA5
:10B55000028BB1EEC08A18EE100A20F00040C0F154
:10B56000FF40C00F0AD010EE100A20F00040C0F1DA
:10B57000FF40C00F04BF0120E5F789F8B0EE480A8C
:10B58000BDEC028B10BD0000DFED030AB7EE001A20
:10B5900081EE200A704700000000000030EE000A33
:10B5A000704730EE200A7047DFED020A80EEA00AF5
:10B5B00070470000000000009FED020A20EE000A24
:10B5C00070470000000000709FED020A20EE000AA4
:10B5D00070470000000000102DE9F0014FF07F429D
:10B5E000B2EB410F9FBF4FF0FF310160BDE8F001AA
:10B5F00070474FF0004242EA0123C1F3C752783A44
:10B60000551112F01F0C434CCCF120067C44C1F3C1
:10B61000C752A2F178024FEA621204EB820254F898
:10B62000254008BFD2E9015612D0556804FA0CF43F
:10B6300025FA06F73C43976805FA0CF527FA06F851
:10B64000D26807FA0CFCF24045EA08054CEA02060B
:10B65000A4FB034CA5FB0352A6FB03631D449D42C0
:10B6600034BF012600261319334416B1934202D980
:10B6700003E0934201D2012200E00022624402F181
:10B68000200C9206DC0C42EA443200EE102A5B03E6
:10B69000DFED210AF8EEC01A00EE103A4FEA9C1CCA
:10B6A00011F0004FB8EE400AC0F800C020EE201A9A
:10B6B00000EE105ADFED190AB8EE400A20EE200A1B
:10B6C00071EE810A70EE800A10EE902A02F5006297
:10B6D0006FF30B0200EE902A70EEE11A31EEC11A00
:10B6E000DFED101A30EE411A9FED0D0A20EE800AB0
:10B6F00001EE210A9FED0C1A00EE810A04BFBDE89D
:10B70000F0017047CCF180510160BDE8F001B1EE6D
:10B71000400A704778020000000000360000802CCC
:10B7200022AAFD29DB0FC92F0000C92FF1EE100A54
:10B730004FF6FF71C0F2C03120EA010040F04070C6
:10B74000E1EE100A70470000000000000000000059
:10B750000000B33FB2BE7D3A00002E40DFCF51382B
:10B7600000007E40BF51FABA00E0A44019DAC3BA23
:10B7700000E0C840C2ED8AB90040EB40CD1F2CBAB2
:10B78000001006412AFFFABA00C01541DFCFD137B9
:10B7900000D024419A97703A0050334189478E3641
:10B7A00000404141E75B9D3800B04E41C00A98B966
:10B7B00000A05B41558F943A00306841DA92C0BADC
:10B7C0000040744162B3C63A0000803F00A0853F4C
:10B7D00000908B3F00C0913F0030983F00F09E3FAB
:10B7E00000F0A53F0050AD3F0000B53F0000BD3F59
:10B7F0000060C53F0020CE3F0040D73F00C0E03F83
:10B8000000C0EA3F0020F53F000000007D36AC3963
:10B810007D3C3839EBDCF438320A7E39124C26395B
:10B820009B6AED39A4EE83397F661E39F6398A3971
:10B830002B426539A48211395B991F39C3EECD398A
:10B84000DDE7C637A5A22F390000803FC3AA853F98
:10B85000C2958B3FD3C3913FF037983F32F59E3F5F
:10B86000D7FEA53F3F58AD3FF304B53FA408BD3F09
:10B870002A67C53F8C24CE3FFD44D73FDFCCE03F55
:10B88000C7C0EA3F7D25F53F000000006E83F9A2A6
:10B890002915444ED15727FCC0DD34F5999562DB5C
:10B8A0004190433CAB6351FE0000000000000000EB
:10B8B0000000000000000000000000000100000087
:10B8C000020000000300000004000000000000006F
:10B8D0000500000000000000000000000000000063
:10B8E0000600000000000000000000000000000052
:10B8F000070000000000F04100002041000020C1CE
:10B900000000000000000000000000000000000037
:10B910000000000000000000000000000000000027
:10B9200000000000000000000000F0C10000FA4329
:10B930000000FAC30000000000000000000000004A
:10B9400000000000000000000000000000000000F7
:10B950000000F04100002041000020C10000F0C1C3
:10B960000000FA430000FAC30000F041000020414B
:10B97000000020C10000F0C10000FA430000FAC33B
:10B98000A00F0000A00F0000A00F0000881300000F
:10B99000881300008813000088130000881300003B
:10B9A000881300008813000088130000881300002B
:10B9B00088130000A00F0000461E0000461E000075
:10B9C0008813000010270000102700001C2500002D
:10B9D0001C2500001C2500001C250000A00F0000F5
:10B9E000A00F0000A00F0000A00F0000461E0000E6
:10B9F000461E0000A00F0000A00F0000A00F0000D6
:10BA0000A00F0000461E0000461E000000040810A3
:10BA1000204001040810204000000000010203043F
:10BA2000010203040607080985EB0140000000003D
:10BA3000CDCC4C3D00000000CDCC4C3F00000000C0
:10BA400000000000000000000100020004000600E9
:10BA500008000A000C0010002000400080000001D7
:10BA60000000000000C1814001C0804101C0804150
:10BA700000C1814001C0804100C1814000C18140BE
:10BA800001C0804101C0804100C1814000C18140AE
:10BA900001C0804100C1814001C0804101C080419E
:10BAA00000C1814001C0804100C1814000C181408E
:10BAB00001C0804100C1814001C0804101C080417E
:10BAC00000C1814000C1814001C0804101C080416E
:10BAD00000C1814001C0804100C1814000C181405E
:10BAE00001C0804101C0804100C1814000C181404E
:10BAF00001C0804100C1814001C0804101C080413E
:10BB000000C1814000C1814001C0804101C080412D
:10BB100000C1814001C0804100C1814000C181401D
:10BB200001C0804100C1814001C0804101C080410D
:10BB300000C1814001C0804100C1814000C18140FD
:10BB400001C0804101C0804100C1814000C18140ED
:10BB500001C0804100C1814001C0804101C08041DD
:10BB600000C1814000C0C101C30302C2C60607C7AD
:10BB700005C5C404CC0C0DCD0FCFCE0E0ACACB0B1D
:10BB8000C90908C8D81819D91BDBDA1A1EDEDF1F4D
:10BB9000DD1D1CDC14D4D515D71716D6D21213D33D
:10BBA00011D1D010F03031F133F3F23236F6F737ED
:10BBB000F53534F43CFCFD3DFF3F3EFEFA3A3BFBDD
:10BBC00039F9F83828E8E929EB2B2AEAEE2E2FEF8D
:10BBD0002DEDEC2CE42425E527E7E62622E2E323FD
:10BBE000E12120E0A06061A163A3A26266A6A7672D
:10BBF000A56564A46CACAD6DAF6F6EAEAA6A6BAB9D
:10BC000069A9A86878B8B979BB7B7ABABE7E7FBFCC
:10BC10007DBDBC7CB47475B577B7B67672B2B373BC
:10BC2000B17170B05090915193535292965657976C
:10BC3000559594549C5C5D9D5F9F9E5E5A9A9B5B5C
:10BC400099595898884849894B8B8A4A4E8E8F4F0C
:10BC50008D4D4C8C4484854587474686824243837C
:10BC6000418180400000803F000080BF0000803F95
:10BC7000000080BF0001020304050607080C101431
:10BC800018203040010101030701000008040204EC
:10BC90000801010142C701080009030000004843F0
:10BCA0000000F0C10000F0C10000484300000000A7
:10BCB0002E22000010C901080006030000004843BE
:10BCC00000000000000000000000484300000000E9
:10BCD000A60E000021C6010800060300000048432C
:10BCE0000000204100002041000048430000000007
:10BCF000B20C000034C60108000F030000005243DC
:10BD00000000A0410000A0410000524300000000DC
:10BD1000B20C0000E6C50108010003000000524318
:10BD20000000A0410000A041000052430000FA437F
:10BD3000461E0000AFC60108010003000000524388
:10BD40000000A0410000A041000052430000A543B4
:10BD5000F9150000EFC6010801000300000052437E
:10BD60000000A0410000A041000052430000A0419B
:10BD7000D60600004DC80108000F0300000016435E
:10BD80000000F0C10000F0C10000164300000000F8
:10BD900094110000B6C7010801000300000016431B
:10BDA0000000F0C10000F0C1000016430000B442E2
:10BDB000410A000004C60108010003000000164308
:10BDC0000000F0C10000F0C1000016430000204157
:10BDD0005906000083C8010800060300000016434E
:10BDE0000000204300002043000016430000000034
:10BDF000461E0000D6C701080100030000001643DC
:10BE00000000204300002043000016430000F042E1
:10BE1000B80B000038C90108000F03000000000043
:10BE20000000000000000000000000000000000012
:10BE30001C2500007AC70108000F03000000F0C1B4
:10BE40000000F0C10000F0C10000F0C100000000DF
:10BE5000A60E0000CAC50108020003000000F0C1E0
:10BE60000000F0C10000F0C10000F0C1CDCCCC3D1D
:10BE70008813000044560024D85600248C6000200B
:10BE80004BC60108000F030000005C4300005C4348
:10BE900000005C4300005C43000000001C25000023
:10BEA00096C701080100030000005C4300005C43EA
:10BEB00000005C4300005C430000B442410A000003
:10BEC0005AC701080100030000005C4300005C4306
:10BED00000005C4300005C430000F0415307000099
:10BEE00031C80108000F030000002A4300002A4364
:10BEF00000002A4300002A43000000009A100000BE
:10BF000098C60108000903000000F0C100002A43A0
:10BF100000002A430000F0C100000000401F0000A4
:10BF2000F6C70108010002000000F0C100002A432A
:10BF300000002A430000F0C10000F042B80B0000EE
:10BF40002BC7010800090200000020C100002A439D
:10BF500000002A43000020C100000000AC0D0000DA
:10BF600069C80108000F0200000048420000664353
:10BF700000006643000048420000000094110000E9
:10BF8000E4C80108010003000000484200006643C5
:10BF9000000066430000484200004843A00F000034
:10BFA000BFC80108010003000000484200006643CA
:10BFB00000006643000048420000964382140000DF
:10BFC0009AC80108010003000000484200006643CF
:10BFD0000000664300004842000087430B13000046
:10BFE00022C90108000F030000000000000000004B
:10BFF0000000000000000000000000001C25000000
:10C000000FC70108000F03000000A0C10000A0C17D
:10C010000000A0C10000A0C100000000AC0D0000A5
:10C02000D0C60108020003000000A0C10000A0C1AA
:10C030000000A0C10000A0C1CDCC4C3E401F0000BC
:10C0400000000000000000003333B33E0000000099
:10C0500000000000000000000000000008070000D1
:10C06000E40C0000020000003333B33E0000000087
:10C0700000000000000000000000000000000000C0
:10C0800008070000E40C00000100000000000000B0
:10C09000000000006666E63E0000000000000000B0
:10C0A0000000000078050000B80B0000030000004D
:10C0B000000080BE0000803E6666E6BE0000000014
:10C0C000000000000000000078050000B80B000030
:10C0D000040000000000000000000000000000005C
:10C0E000295C8FBE0000000000000000000000007E
:10C0F00064190000060000000000000000000000BD
:10C1000000000000000000007B142EBF00000000B3
:10C11000000000006419000005000000000000009D
:10C1200000000000000000009A99993E9A9999BE7B
:10C13000960A063F00000000581B000007000000A0
:10C140000000000000000000000000009A9999BE65
:10C1500000000000960A06BF00000000581B000007
:10C1600001000000BEC301080C0000000200000036
:10C17000DAC201080D0000000400000028C3010815
:10C18000190000000500000068C20108130000004B
:10C1900006000000B4C101081E00000007000000F6
:10C1A00012C401080A0000000800000006C40108CB
:10C1B000020000000402000001000501000001006F
:10C1C000010800001700010E000004000108000033
:10C1D0000100010200000300010300000200010849
:10C1E000000002000203E2FF01000202E2FF02007F
:10C1F0000203E2FF0100012100000D000203ECFF39
:10C2000001000103000002000202F6FF0100020229
:10C21000FBFF01000203050001000202FBFF020018
:10C2200002030500030002021E0003000203FBFFDD
:10C2300002000102000001000121000011000103C1
:10C24000000004000121000001000122000005009F
:10C25000010E000014000125000001000110000083
:10C2600001000103000003000402000001000500BA
:10C270000000010001010000010001210000020096
:10C280000122000002000103000003000118000069
:10C29000010001210000020001080000040001214A
:10C2A0000000020001020000050001210000090059
:10C2B0000203E2FF01000202E2FF02000202FBFFB2
:10C2C000020002021E0003000203E2FF010001213E
:10C2D0000000130001100000010006000000010032
:10C2E0000701000001000203A6FF01000203F6FFA0
:10C2F00001000103000001000202A6FF0100020389
:10C30000F6FF01000203FBFF01000202FBFF010038
:10C3100003010000010002025A00010001020000B6
:10C3200001000800000001000401000001000501F7
:10C3300000000100010800001600010E00000400CA
:10C34000010200000100012100000B000203E2FFD6
:10C3500002000202C4FF01000121000005000202E8
:10C36000F6FF01000203FBFF01000202F6FF0100DD
:10C3700003010000010002023C0001000203C4FFAF
:10C380000100012100000E00012200000100010F48
:10C3900000000100010300000500012200000C0064
:10C3A000010800000100010E00001400012100003E
:10C3B000030001100000010001030000030006005B
:10C3C000000001000700000001000203C4FF01009B
:10C3D0000203F6FF01000203FBFF01000202ECFF73
:10C3E00001000202FFFF04000202C4FF010003017A
:10C3F0000000010002023C0001000203E2FF010014
:10C400000800000001000900000001000A0000000F
:10C41000010002031E0001000202FBFF01000202F4
:10C42000E2FF01000202FFFF03000203050001001A
:10C430000202FFFF01000202FBFF01000202FFFFF8
:10C4400001000203010001000203010001000000DD
:10C4500000000000F6283BC2000036420000000049
:10C460000001000000000000F6283BC20000364238
:10C47000000000000001000000000000F6283BC2A0
:10C480000000364200000000000100000000000033
:10C49000F6283BC200003642000000000000000009
:10C4A00000000000F6283BC20000364200000000F9
:10C4B00000000000000000003333B942000000001B
:10C4C000920A863E00010000000000003333B942AA
:10C4D000000000000000000000010000000000005B
:10C4E0003333B942000000000000000001010000E9
:10C4F000000000003333B94200000000DB0FC93FE9
:10C5000000010000000000003333B94200000000C9
:10C5100000000000000000000000CE420000B8C291
:10C52000CDCC2441DB0FC93F000100000000CE420A
:10C530000000B8C2CDCC2441DB0FC9BF0001000010
:10C540000000CE420000B8C2CDCC24410000000063
:10C55000000100000000CE420000B8C2CDCC244152
:10C5600000000000000000000000CE420000B8C241
:10C57000CDCC244100000000000000005374617223
:10C58000745F436F6E74726F6C5F540053746172AA
:10C59000745F43414E5F5461736B005374617274F6
:10C5A0005F494E535F5461736B0053746172745FE3
:10C5B000504352585F5461736B0053746172745FDF
:10C5C000504354585F5461736B00444F574E5F3172
:10C5D000355F434841535349535F464F5257415289
:10C5E000445F31303000444F574E5F30355F414C2F
:10C5F0004C5F44524956455F464F52574152445F43
:10C6000035303000444F574E5F31305F414C4C5F06
:10C6100044524956455F464F52574152445F31306C
:10C6200000444F574E5F30335F524541525F555083
:10C630005F313000444F574E5F30345F414C4C5FA8
:10C640004C4547535F55505F313000535445505F60
:10C6500030315F414C4C5F4C4547535F32323000C4
:10C6600055505F505245504152455F4348415353E6
:10C6700049535F464F52574152445F333000505246
:10C6800045504152455F414C4C5F4C4547535F4DCF
:10C69000494E55535F333000535445505F30355F3A
:10C6A00046524F4E545F4D494E55535F3330004410
:10C6B0004F574E5F30365F414C4C5F4452495645B0
:10C6C0005F464F52574152445F33305F583131001B
:10C6D000535445505F31345F434841535349535F8E
:10C6E000464F52574152445F3130305F5832004418
:10C6F0004F574E5F30375F414C4C5F44524956456F
:10C700005F464F52574152445F31305F58320053B9
:10C710005445505F31335F414C4C5F4C4547535F4C
:10C72000444F574E5F31305F583200535445505F8D
:10C7300030375F46524F4E545F55505F31305F582F
:10C740003200444F574E5F30315F46524F4E545F78
:10C7500055505F31305F58323300535445505F308D
:10C76000335F414C4C5F44524956455F464F5257E8
:10C770004152445F31305F583300444F574E5F3170
:10C78000345F414C4C5F4C4547535F444F574E5FBD
:10C7900031305F583300535445505F30325F414C65
:10C7A0004C5F44524956455F464F52574152445F91
:10C7B00033305F583300444F574E5F30395F414C40
:10C7C0004C5F44524956455F464F52574152445F71
:10C7D00033305F583300444F574E5F31325F414C26
:10C7E0004C5F44524956455F464F52574152445F51
:10C7F00033305F583400535445505F30365F5245F4
:10C8000041525F44524956455F464F525741524448
:10C810005F33305F58340055505F4C415345525F91
:10C82000415050524F4143485F585F4C545F33353D
:10C8300000535445505F30345F414C4C5F4C45478A
:10C84000535F444F574E5F31305F583500444F5768
:10C850004E5F30385F414C4C5F4C4547535F444F0F
:10C86000574E5F31305F583600535445505F303873
:10C870005F414C4C5F4C4547535F55505F31305FD3
:10C88000583600444F574E5F31315F524541525F39
:10C8900055505F31305F58313900535445505F3146
:10C8A000315F414C4C5F44524956455F464F5257A9
:10C8B0004152445F33305F58390049444C4500537E
:10C8C0005445505F31305F414C4C5F4452495645AE
:10C8D0005F464F52574152445F3330305F524553A9
:10C8E000554D4500535445505F30395F414C4C5FC6
:10C8F00044524956455F464F52574152445F323089
:10C90000305F504155534500554E4B4E4F574E00EA
:10C91000444F574E5F30325F524541525F5A455245
:10C920004F00535445505F31325F414C4C5F4C4592
:10C9300047535F5A45524F00444F574E5F31335F64
:10C94000414C4C5F4C4547535F5A45524F000000E5
:10C9500098C9010800000020D80100003003000839
:10C9600010CA010800000024200200003003000863
:10C9700000CA0108D8010020C0A6000090030008EA
:10C98000B0CA01082002002468A600009003000835
:10C9900061C4FFFF00000000113590D003011409AD
:10C9A000024313020125C03209041B01020B1305C7
:10C9B0002416100105240110090104240202052493
:10C9C0000617010705820308151009040133020A3E
:10C9D0002E0705010240072A810711130A063202B9
:10C9E0002A4050031A1A030A15FF0101C00D44CD55
:10C9F000CC4C3E200B32803F2032FF7210000000F2
:10CA00000000000000000000000000000000000026
:10CA10001EA16E0108D9041AE9041E196F01084904
:10CA2000041A790C1AB10451180A90D003816A01D2
:10CA300008D168284A6B141B31692C19101A91040B
:10CA4000C11AD1181A79041A29301A690813120167
:10CA50001402020216408304405726020102030119
:10CA600013B9171B08B1041A99041329181B08A13C
:10CA700004200D04030904E3A59B3D560EAD3E1AA8
:10CA8000C004112240471041CDCCCC3D2C9A99993D
:10CA900014F1091E202FA0400AD7A33C240C2FCD4F
:10CAA000CC4C2019AB111AAA0101FF1100000000A3
:04000005080002CD20
:00000001FF
