:020000040800F2
:1000000020AA0024D9030008B1480108E91B01080F
:100010004948010871350008E9490208000000005C
:10002000000000000000000000000000E1A1010845
:100030002160000800000000715A0108E9BB0108B6
:10004000F7030008F7030008F7030008F7030008A8
:10005000F7030008F7030008F7030008F703000898
:10006000F7030008F7030008F7030008214700081A
:10007000F7030008F7030008F7030008F703000878
:10008000F7030008F7030008F7030008A963000856
:1000900061640008B963000871640008F703000890
:1000A000F7030008F7030008F7030008F703000848
:1000B00061BE010871BE0108F7030008F7030008DC
:1000C000F7030008F7030008F7030008F703000828
:1000D000F703000891000208F7030008F70300087F
:1000E000F7030008F703000800000000F70300080A
:1000F000F7030008F7030008F7030008F7030008F8
:10010000F7030008F7030008F7030008F7030008E7
:10011000F7030008F7030008F7030008F7030008D7
:10012000F7030008F7030008F7030008F7030008C7
:10013000F7030008F7030008F7030008F7030008B7
:1001400000000000000000000000000000000000AF
:10015000F7030008F7030008F7030008F703000897
:10016000F7030008F7030008F7030008F703000887
:10017000F7030008294A0108F703000800000000FF
:10018000F7030008F703000891DF0108A1DF010869
:10019000F7030008F7030008F7030008F703000857
:1001A000F7030008F7030008F70300080000000049
:1001B000F7030008F7030008F7030008F703000837
:1001C000F7030008F703000800000000000000002B
:1001D0000000000000000000F7030008000000001D
:1001E000000000000000000000000000000000000F
:1001F0000000000000000000F7030008F7030008FB
:10020000F7030008F703000800000000F7030008E8
:10021000F7030008F7030008F7030008F7030008D6
:10022000F703000800000000F703000800000000CA
:10023000F7030008F703000800000000F7030008B8
:10024000F7030008F7030008F7030008F7030008A6
:10025000F7030008F7030008F7030008F703000896
:10026000F7030008F7030008F7030008F703000886
:10027000F7030008F7030008F70300080000000078
:10028000F7030008F7030008F7030008F703000866
:1002900000000000F7030008F7030008000000005A
:1002A00000000000F7030008F7030008B1DF0108B1
:1002B00081000208F7030008F7030008D96400086A
:1002C000E9640008F7030008F703000800F002F8EB
:1002D00000F072F814A696E8000CB244B344DA4574
:1002E00001D100F069F8BAE80F000FA696E83000D7
:1002F000A5EB040504EB0607AAEB0704A7F1010729
:100300004FEA15154FEA3414A4F10104AC4201D3AD
:1003100000F052F813F0010F18BFFB1A43F001036D
:1003200000F001F8DBE71847948D0200D48D02003D
:100330000A444FF0000C10F8013B13F0070408BF0B
:1003400010F8014B1D1108BF10F8015B641E05D0A9
:1003500010F8016B641E01F8016BF9D113F0080F5E
:100360001EBF10F8014BAD1C0C1B09D16D1E58BFF0
:1003700001F801CBFAD505E014F8016B01F8016B27
:100380006D1EF9D59142D6D370470000704700002A
:100390000023002400250026103A28BF78C1FBD88E
:1003A000520728BF30C148BF0B6070471FB527F008
:1003B00083FF1FBD10B510BD00F080F91146FFF797
:1003C000F5FF25F0C1F900F09EF903B4FFF7F2FF45
:1003D00003BC00F0A1F900000A4880470A488047A2
:1003E0000A480047FEE7FEE7FEE7FEE7FEE7FEE716
:1003F000FEE7FEE7FEE7FEE705480649064A074B2B
:1004000070470000E9620008F9BC0108CD0200084D
:1004100018A8002020AA002418AA002020A6002442
:1004200053EA020C00F069802DE9F04B4FF0000612
:10043000002B1FBFB3FA83F503FA05F424FA05F67F
:100440005E4012BF1643B2FA82F502FA05F4C5F116
:1004500020051EBF22FA05FC44EA0C04203556EAAA
:10046000044C4FEA144418BF641C4FF000084FF0CE
:100470000009904271EB030C39D3002919BFB1FA7E
:1004800081F701FA07F6B0FA80F700FA07F6C7F12C
:1004900020071EBF20FA07FC46EA0C062037B6FBF1
:1004A000F4FCA7EB0507103F07F01F0BCBF120066C
:1004B0002CFA06F60CFA0BFB44BFB3460026202F9D
:1004C000A4BF5E464FF0000B5BEA060C08BF4FF07E
:1004D000010B19EB0B0948EB0608ABFB027C06FB92
:1004E00002CC0BFB03CCC01B71EB0C01C1E70B462C
:1004F000024641464846BDE8F08B13B5084318BF95
:100500004FF0FF300146AFF30080BDE81C4070475C
:10051000032A40F2308010F0030C00F0158011F82F
:10052000013BBCF1020F624498BF11F801CB00F807
:10053000013B38BF11F8013BA2F1040298BF00F85B
:1005400001CB38BF00F8013B11F0030300F0258018
:10055000083AC0F0088051F8043B083A51F804CB3F
:10056000A0E80810F5E7121D5CBF51F8043B40F805
:10057000043BAFF30080D20724BF11F8013B11F810
:1005800001CB48BF11F8012B24BF00F8013B00F854
:1005900001CB48BF00F8012B704710B5203AC0F0DE
:1005A0000B80B1E81850A0E81850B1E81850A0E846
:1005B0001850203ABFF4F5AF5FEA027C24BFB1E8DF
:1005C0001850A0E8185044BF18C918C0BDE8104022
:1005D0005FEA827C24BF51F8043B40F8043B08BF2B
:1005E0007047D20728BF31F8023B48BF11F8012BF2
:1005F00028BF20F8023B48BF00F8012B70474FF09E
:1006000000020429C0F0128010F0030C00F01B80DF
:10061000CCF1040CBCF1020F18BF00F8012BA8BFED
:1006200020F8022BA1EB0C0100F00DB85FEAC17CB1
:1006300024BF00F8012B00F8012B48BF00F8012B64
:1006400070474FF0000200B5134694469646203995
:1006500022BFA0E80C50A0E80C50B1F12001BFF47B
:10066000F7AF090728BFA0E80C5048BF0CC05DF8E1
:1006700004EB890028BF40F8042B08BF704748BF2F
:1006800020F8022B11F0804F18BF00F8012B7047A3
:1006900070477047704710B500F008F8006810BD4B
:1006A00010B5044600F002F8046010BD0048704721
:1006B0006002002400487047600200247546FFF77E
:1006C000F9FFAE4605006946534620F0070085460F
:1006D00018B020B5FFF790FEBDE820404FF00006AF
:1006E0004FF000074FF000084FF0000BAC46ACE8AD
:1006F000C009ACE8C009ACE8C009ACE8C00921F009
:1007000007018D46704710B50446AFF300802046C0
:10071000BDE81040FFF759BE01491820ABBEFEE707
:10072000260002007047000082B08DED010A9DEDA9
:10073000010AB5EE400AF1EE10FA07DAFFE79DED87
:10074000010AB1EE400A8DED000A04E09DED010AB8
:100750008DED000AFFE79DED000A02B07047000032
:1007600082B08DED010A9DED010AB5EE400AF1EE71
:1007700010FA07DAFFE79DED010AB1EE400A8DEDB0
:10078000000A04E09DED010A8DED000AFFE79DEDF2
:10079000000A02B07047000080B582B00090009857
:1007A00020B9FFE703208DF8070006E00098407E9F
:1007B00014F016F98DF80700FFE79DF8070002B066
:1007C00080BD00000000000080B586B003AA019241
:1007D0000246019805928DF8131080ED000A002062
:1007E0008DF80B00FFE79DF80B00032825D8FFE7E5
:1007F0009DF813009DF80B10C840C00708B9FFE72B
:1008000015E0019805999DF80B2001EB820191ED0F
:10081000190A90ED001A30EE010A03F029FC059840
:100820009DF80B1000EB810080ED130AFFE79DF8A7
:100830000B0001308DF80B00D5E706B080BD00003D
:1008400082B08DED000A9DED000A9FED111AB4EE05
:10085000410AF1EE10FA05DDFFE70020C4F2343062
:10086000019011E09DED000A9FED0A1AB4EE410AD5
:10087000F1EE10FA05DAFFE70020CCF234300190F7
:1008800002E000980190FFE79DED010A02B0704779
:1008900000003443000034C380B586B08DED040AF7
:1008A000CDED030A0290029820B1FFE702990020E3
:1008B0000870FFE79DED040A01A8694600F06CF995
:1008C00058B9FFE7029820B1FFE7029901200870AC
:1008D000FFE700208DF817002AE09DED030A9DED4B
:1008E000011A9FED152A31EE021AB4EE410AF1EE1B
:1008F00010FA0EDBFFE79DED030A9DED001A9FED58
:100900000F2A31EE021AB4EE410AF1EE10FA0BDDB5
:10091000FFE7029820B1FFE7029902200870FFE785
:1009200000208DF8170003E001208DF81700FFE785
:100930009DF8170006B080BDBD3786B5BD3786353A
:1009400080B58CB004A9029181ED060AC1ED050ABB
:1009500081ED041AC1ED031A0690069820B1FFE755
:10096000069900200870FFE7029890ED040A9FEDB9
:10097000551AB4EE410AF1EE10FA08DCFFE70298CE
:1009800090ED060AB0EEC00A80ED010A0EE0029872
:1009900090ED061A90ED050A20EE000AA1EE010A7C
:1009A00027F09AFB029880ED010AFFE7029890ED8C
:1009B000030A00F041FA029880ED000A90ED000A67
:1009C000B5EE400AF1EE10FA12DDFFE7029890ED65
:1009D000010AD0ED040A9FED3C1ADFED3C1A9FEDB1
:1009E0003C2ADFED3C2A24F0A7FC8DF80F0051E0F3
:1009F000029890ED000AB5EE400AF1EE10FA12DA14
:100A0000FFE7029890ED010AD0ED040A9FED321A3B
:100A1000DFED321A9FED322ADFED322A24F08CFC12
:100A20008DF80F0035E0029890ED010AD0ED040A30
:100A30009FED251ADFED251A9FED252ADFED252AEA
:100A400024F07AFC014602988DF80E1090ED010A10
:100A5000D0ED040A9FED201ADFED201A9FED202A29
:100A6000DFED202A24F068FC8DF80D009DF80E10B3
:100A70000020019039B1FFE79DF80D00002818BF54
:100A800001200190FFE7019800F001008DF80F00B0
:100A9000FFE7FFE79DF80F0058B9FFE7069820B180
:100AA000FFE7069903200870FFE700208DF82F006C
:100AB00003E001208DF82F00FFE79DF82F000CB018
:100AC00080BD00BF00007A43000048422364864393
:100AD0000F750543F1F805445E7C5A43C4220A446D
:100AE000A2A48FC23A69B04381B08DED000A9DED9A
:100AF000000A9FED051A20EE010A9FED041A80EE10
:100B0000010A01B0704700BFDB0F494000003443C9
:100B100083B0029001910092029830B1FFE70198F2
:100B200018B1FFE7009808B9FFE731E0019890F9A4
:100B3000100000EE100AB8EEC00A029890ED001AFC
:100B400020EE010A009880ED000A019890F9180043
:100B500000EE100AB8EEC00A029890ED011A20EEDD
:100B6000010A009880ED010A019890F9200000EE3A
:100B7000100AB8EEC00A029890ED021A20EE010A9F
:100B8000009880ED020A0298007B00990873FFE745
:100B900003B070470000000080B586B08DED040AF8
:100BA00003900291039818B1FFE7029820B9FFE77C
:100BB00000208DF817005FE09DED040A00F03CF97D
:100BC0008DED010A9DED010A9FED2D1AB4EE410A4B
:100BD000F1EE10FA0ADBFFE79DED010A9FED291AFD
:100BE000B4EE410AF1EE10FA04DDFFE700208DF8C3
:100BF000170041E09DED010AB5EE400AF1EE10FA52
:100C00000FDDFFE79FED220AFFF76EFF039880EDEF
:100C1000000A9FED1E0AFFF767FF029880ED000AA9
:100C200026E09DED010AB5EE400AF1EE10FA0FDA6A
:100C3000FFE79FED150AFFF757FF039880ED000AC5
:100C4000B2EE040AFFF750FF029880ED000A0EE0B2
:100C50009FED0D0AFFF748FF039880ED000A9FED16
:100C60000B0AFFF741FF029880ED000AFFE7FFE75C
:100C700001208DF81700FFE79DF8170006B080BD32
:100C8000000078C20000A04202EB7CC274C44C4257
:100C9000000000000000000082B00090009818B929
:100CA000FFE70020019003E0009824300190FFE767
:100CB000019802B070470000B0B584B00390029173
:100CC000039818B1FFE7029808B9FFE726E00398F8
:100CD0005C21FFF7B6FC03990091029B0193186811
:100CE0005A68D3F808C0D3F80CE01C695D694D61FF
:100CF0000C61C1F80CE0C1F808C04A60086098694E
:100D0000DA691B6A0B62CA6188610398243000F0BB
:100D1000A7F80399012081F85800FFE704B0B0BD9F
:100D200080B588B0DDF82CC0DDF828C08DED070A4D
:100D3000CDED060A8DED051A049003910292019300
:100D4000049878B1FFE7039860B1FFE7029848B1D3
:100D5000FFE7019830B1FFE70A9818B1FFE70B9859
:100D600008B9FFE72DE09DED070A049890ED001A01
:100D700030EE410A00F028F8019880ED000A9DED60
:100D8000060A039890ED001A30EE410A00F01CF8B4
:100D90000A9880ED000A9DED060A9DED051A30EED9
:100DA000010A039890ED001A029890ED002A31EEA6
:100DB000021A30EE410A00F007F80B9880ED000AA5
:100DC000FFE708B080BD000081B08DED000AFFE7AD
:100DD0009DED000A9FED141AB4EE410AF1EE10FAEF
:100DE00009DBFFE79DED000A9FED121A30EE010AC4
:100DF0008DED000AECE7FFE79DED000A9FED0B1A71
:100E0000B4EE410AF1EE10FA09DAFFE79DED000AAF
:100E10009FED071A30EE010A8DED000AECE79DED1B
:100E2000000A01B0704700BFDB0F4940DB0F49C02B
:100E3000DB0FC940DB0FC9C081B08DED000A9DED0D
:100E4000000A9FED051A20EE010A9FED041A80EEBC
:100E5000010A01B0704700BF00003443DB0F494076
:100E600080B582B00190019808B9FFE70AE00198C7
:100E70003421FFF7E6FB0199FE200870019900205C
:100E80004870FFE702B080BD10B59CB01A908DEDA0
:100E9000190ACDED180A8DED171ACDED161A1A980C
:100EA00020B9FFE7FF208DF86F00F3E11A9890F862
:100EB000580058B9FFE71A982430FFF7D1FF1A9964
:100EC000FB2081F824008DF86F00E3E11A982430AC
:100ED000FFF7C6FF19981A99C86218981A990863FB
:100EE00017981A9948631A9890ED010A9FEDEB1A2A
:100EF000B4EE410AF1EE10FA0BDDFFE71A9890ED1F
:100F0000020A9FEDE61AB4EE410AF1EE10FA07DC90
:100F1000FFE71A99FE2081F824008DF86F00B9E1EF
:100F20009DED170A9FEDDE1AB4EE410AF1EE10FABC
:100F300041DCFFE700201590189812909DED120AF1
:100F4000B0EEC00AB1EE041AB4EE410AF1EE10FAA6
:100F500013DDFFE71A99FC2081F824001A9A012179
:100F600082F826101A9A002182F827101A9A042172
:100F700082F825108DF86F008CE19DED190AB0EE16
:100F8000C00A9FEDC61AB4EE410AF1EE10FA11DA6A
:100F9000FFE79DED180AB0EEC00A9FEDC01AB4EE4F
:100FA000410AF1EE10FA05DAFFE71A99012081F8FB
:100FB0002800FFE728E09DED190AB0EEC00A9FED7A
:100FC000B71AB4EE410AF1EE10FA13DAFFE79DED1D
:100FD000180AB0EEC00A9FEDB11AB4EE410AF1EE64
:100FE00010FA07DAFFE7169815901A99012081F890
:100FF000280008E09DED180ADDED190A26F074FAC4
:101000008DED150AFFE7FFE79DED150AFFF7DCFE02
:101010008DED150A9DED150A26F0BCFB8DED0A0A33
:101020009DED190A8DED090A9DED150A26F08CFF3C
:101030009DED092A9DED0A1A9DED183A20EE030A4E
:10104000A1EE020A8DED110A9DED110AB1EE400AE2
:101050008DED100A9DED170A1A9890ED001A30EEEA
:10106000410A8DED0F0A9DED101A9DED0F0A20EE3D
:10107000000AA1EE010A1A9890ED011A90ED022AD9
:10108000A1EE410AA2EE420A31EE011A21EE021A45
:1010900080EE010A8DED0E0A9DED0E0A9FED811A7C
:1010A000B4EE410AF1EE10FA0ADBFFE79DED0E0AFD
:1010B0009FED7D1AB4EE410AF1EE10FA0BDDFFE769
:1010C0001A99FD2081F824001A9A002182F826102E
:1010D0008DF86F00DEE09DED0E0AFFEE000ACDED0B
:1010E000030AB7EE001A24F0CBF8B0EE401A9DEDDB
:1010F000030A8DED0E1A9DED0E1A91EE410A9FED39
:101100006B1A80FE010A26F0E7FF8DED0D0A9DEDBA
:101110000D0AB1EE400ADDED0E0A26F0E5F98DED7F
:10112000130A1A9890ED010A8DED050A90ED020A56
:101130008DED040A9DED130A26F02CFB9DED041A9B
:10114000B0EE402A9DED050AA1EE020A8DED0C0AD3
:101150001A9890ED020A8DED060A9DED130A26F00D
:10116000F3FEB0EE401A9DED060A20EE010A8DED69
:101170000B0A9DED100ADDED0F0A26F0B5F98DED95
:10118000070A9DED0B0ADDED0C0A26F0ADF9B0EE75
:10119000401A9DED070A30EE410A8DED140A9DEDCF
:1011A000150AFFF711FE8DED150A9DED140AFFF7E4
:1011B0000BFE8DED140A9DED130AFFF705FE8DED74
:1011C000130A1A990120089081F8260015991A9A95
:1011D000916314991A9AD16313991A9A11641A99FE
:1011E00081F844009DED150ADDED140A9DED131AFA
:1011F000DDF868E00EF10C000EF114010EF11C0296
:101200000EF148030EF14C0C0EF15004EE46CEF8F0
:101210000440CEF800C0FFF783FD08981A9981F8C2
:1012200054009DED140A1A98D0ED140A2530FFF7EA
:1012300033FB58B9FFE71A99FC2081F824001A9A69
:10124000002182F827108DF86F0023E09DED190A28
:10125000DDED180A9DED171ADDED141A1A982530E8
:10126000FFF76EFB58B9FFE71A99FC2081F82400BC
:101270001A9A002182F827108DF86F000AE01A9957
:10128000002081F824001A9A012182F827108DF895
:101290006F00FFE79DF96F001CB010BDBD378635AC
:1012A00000007A43540080BF5400803F00000000DB
:1012B00080B5AEB02A90ADF8A6102A9828B1FFE705
:1012C000BDF8A600382804D8FFE70020ADF8AE002E
:1012D0003BE1EFF310802C902C980390EFF31080FB
:1012E00072B62D9000F050FD014609A87C22FFF750
:1012F00054F944F68053C2F20003986BD96B1A6C10
:101300005B6C089307920691059046F2E000C2F2EA
:10131000004081788DF812100088ADF81000039815
:1013200010B9FFE762B6FFE79DED050AFFF784FD00
:101330008DED020A9DED060AFFF77EFD8DED010A97
:101340009DED070AFFF778FD8DED000A0020ADF84E
:10135000A4002A99BDF8A420501CADF8A400A52033
:101360008854BDF8A400ADF8A2002A99BDF8A420C5
:10137000501CADF8A400E12088549DF810002A9973
:10138000BDF8A420531CADF8A43088549DF811007A
:101390002A99BDF8A420531CADF8A43088549DF8B8
:1013A00012002A99BDF8A420531CADF8A43088542B
:1013B0009DF89C002A99BDF8A420531CADF8A430D8
:1013C00088549DF898002A99BDF8A420531CADF8C4
:1013D000A43088542A98BDF8A41008449DED090A49
:1013E00000F0FAF8BDF8A4000430ADF8A4002A9883
:1013F000BDF8A41008449DED0A0A00F0EDF8BDF810
:10140000A4000430ADF8A4002A98BDF8A410084444
:101410009DED0B0A00F0E0F8BDF8A4000430ADF833
:10142000A4002A98BDF8A41008449DED0C0A00F011
:10143000D3F8BDF8A4000430ADF8A4002A98BDF894
:10144000A41008449DED0D0A00F0C6F8BDF8A400F4
:101450000430ADF8A4002A98BDF8A41008449DED0E
:101460000E0A00F0B9F8BDF8A4000430ADF8A400ED
:101470002A98BDF8A41008449DED230A00F0ACF8AA
:10148000BDF8A4000430ADF8A4002A98BDF8A4105B
:1014900008449DED240A00F09FF8BDF8A400043034
:1014A000ADF8A4002A98BDF8A41008449DED250AC3
:1014B00000F092F8BDF8A4000430ADF8A4002A981A
:1014C000BDF8A41008449DED020A00F085F8BDF8AF
:1014D000A4000430ADF8A4002A98BDF8A410084474
:1014E0009DED010A00F078F8BDF8A4000430ADF8D5
:1014F000A4002A98BDF8A41008449DED000A00F04D
:101500006BF8BDF8A4000430ADF8A4002A98BDF82B
:10151000A2100844362100F01FF88DF8A1009DF8B4
:10152000A1002A99BDF8A420531CADF8A43088541A
:101530002A99BDF8A420501CADF8A4005A20885464
:10154000BDF8A400ADF8AE00FFE7BDF8AE002EB0C8
:1015500080BD00000000000085B00390ADF80A10C7
:1015600000200190039820B9FFE700208DF81300B8
:101570001CE00020ADF80200FFE7BDF80200BDF856
:101580000A1088420EDAFFE70398BDF80210415CAA
:10159000019808440190FFE7BDF802000130ADF862
:1015A0000200EAE701988DF81300FFE79DF81300A9
:1015B00005B070470000000046F6DD11C2F20001E0
:1015C000002008707047000046F6DD10C2F20000EF
:1015D000007870470000000082B001908DED000A95
:1015E000019808B9FFE703E0019900980860FFE758
:1015F00002B070470000000080B582B046F6DD10F2
:10160000C2F20000007820B1FFE700208DF807004B
:1016100035E046F6A410C2F200003921FFF748FE7B
:10162000ADF80400BDF8040020B9FFE700208DF8F4
:10163000070024E046F6DD11C2F200010120087027
:10164000BDF8042045F27050C2F2004046F6A411E5
:10165000C2F2000110F01CFA8DF803009DF803009F
:1016600048B1FFE746F6DD11C2F200010020087024
:101670008DF8070003E001208DF80700FFE79DF8D3
:10168000070002B080BD000046F6DD11C2F2000185
:10169000002008707047000080B584B00390039864
:1016A00008B9FFE755E044F63860C2F2004090F810
:1016B000780048B1FFE744F63860C2F2004090ED90
:1016C0001A0A8DED010A04E09FED230A8DED010A4F
:1016D000FFE79DED010A8DED020A039890ED000AE7
:1016E0009FED1E1AB4EE410AF1EE10FA0EDBFFE791
:1016F0009DED020AB5EE400AF1EE10FA06DAFFE7B8
:1017000003990020CCF23430086022E0039890ED79
:10171000000A9FED131AB4EE410AF1EE10FA0EDC46
:10172000FFE79DED020AB5EE400AF1EE10FA06DD84
:10173000FFE703990020C4F23430086008E0039802
:1017400090ED000A00F094F9039880ED000AFFE79D
:10175000FFE704B080BD00BF00000000BEFF3343C0
:10176000BEFF33C300000000B0B588B007900798F3
:1017700008B9FFE779E107984FF4B271FEF761FF0E
:1017800044F68050C2F20000039000F1240106915B
:10179000079A049201684368D0F808C0D0F80CE0BA
:1017A0000469456955611461C2F80CE0C2F808C0CB
:1017B000536011608169C369D0F820C0C2F820C0AD
:1017C000D361916190F85800079981F8240044F69C
:1017D0003863C2F20043059393F87800079981F8C3
:1017E000250006988078079981F826000698C07829
:1017F000079981F8270006980079079981F8280051
:1018000093F87900079981F8290093F87A000799ED
:1018100081F82A0046F69410C2F20000007B079976
:1018200081F82B0006980078079981F82C0006981B
:101830004078079981F82D00079918685A68D3F8FD
:1018400008C0C1F838C04A6308630799DDF818C0BA
:10185000DCF80800DCF80C20DCF810C0C1F844C04B
:101860000A64C8630799D8681A695B690B65CA641A
:1018700088640799DDF818C0DCF81400DCF818203B
:10188000DCF81C30DCF820C0C1F860C0CB658A658C
:101890004865079901F15400643100F0B5FA0799E1
:1018A000DDF818C0DCF82400DCF82820DCF82C3047
:1018B000DCF830C0C1F880C0CB678A6748670799F9
:1018C00001F17400843100F0CBFADDF814C00799FF
:1018D000DCF82800DCF82C20DCF83030DCF834C0F0
:1018E000C1F8A0C0C1F89C30C1F89820C1F894009C
:1018F000079901F19400A43100F086FA059890F858
:10190000780048B3FFE7079944F6386CC2F2004C00
:10191000CDF808C0DCF83800DCF83C20DCF84030BA
:10192000DCF844E0C1F8C0E0C1F8BC30C1F8B82030
:10193000C1F8B4000799DCF84800DCF84C20DCF86A
:101940005030DCF854C0C1F8E0C0C1F8DC30C1F858
:10195000D820C1F8D400FFE7079901F1B400C431E1
:1019600000F07EFA079944F6386CC2F2004CCDF8CC
:1019700004C0DCF86800DCF86C20DCF87030DCF8BF
:1019800074E0C1F8F0E0C1F8EC30C1F8E820C1F82B
:10199000E4000799DCF81800DCF81C20DCF82030A3
:1019A000DCF824C0C1F800C1C1F8FC30C1F8F8204F
:1019B000C1F8F400079901F1F40001F5827100F01B
:1019C00023FADDF804C00799DCF83800DCF83C2085
:1019D000DCF84030DCF844C0C1F820C1C1F81C314B
:1019E000C1F81821C1F81401079901F58A7001F5B1
:1019F000927100F035FADDF804C00799DCF8480070
:101A0000DCF84C20DCF85030DCF854E0C1F840E160
:101A1000C1F83C31C1F83821C1F834010799DCF82C
:101A20005800DCF85C20DCF86030DCF864C0C1F8F9
:101A300050C1C1F84C31C1F84821C1F8440107999F
:101A400046F6941CC2F2000CDCF80000DCF804201E
:101A5000DCF80830DCF80CC0C1F860C1C1F85C31BA
:101A6000C1F85821C1F85401FFE708B0B0BD00002B
:101A700082B08DED000A9DED000A9FED111AB4EEC3
:101A8000410AF1EE10FA05DDFFE70020C4F2343020
:101A9000019011E09DED000A9FED0A1AB4EE410A93
:101AA000F1EE10FA05DAFFE70020CCF234300190B5
:101AB00002E000980190FFE79DED010A02B0704737
:101AC00000003443000034C380B58AB00020019088
:101AD0000020C4F2A030029003909FED120AFFF79D
:101AE00003F88DED040A9FED100AFEF7FDFF8DED62
:101AF000060A9FED0E0AFEF7F7FF8DED080A01209A
:101B00008DF81400FF218DF81C108DF8240044F688
:101B10008050C2F2000001A9FFF7CEF800F0CCF926
:101B20000AB080BD000000000000A042000025C3F4
:101B300080B598B00BA8099080ED0C0AC0ED0B0A97
:101B400080ED0A1A179844F63861C2F20041086025
:101B50001698486015988860002028B9FFE7179804
:101B600023F0A2FA58B930E0099890ED0C0AB7EECC
:101B7000C00A51EC100B23F087FA30B3FFE70020C6
:101B800028B9FFE7169823F08FFA58B91DE0099895
:101B900090ED0B0AB7EEC00A51EC100B23F074FA6B
:101BA00098B1FFE7002028B9FFE7159823F07CFAE9
:101BB00028BB0AE0099890ED0A0AB7EEC00A51EC7A
:101BC000100B23F061FAD0B9FFE700F0EDF88DF8C3
:101BD0002B0044F63861C2F200410320089081F8DE
:101BE00079009DF82B0081F87A0000F011FB08982D
:101BF0009DF82B200023194600F0F2F9BDE009986A
:101C000090ED0C0AD0ED0B0A90ED0A1A44F68050C4
:101C1000C2F200000790DFED5A1AFFF735F90146CE
:101C200007988DF85310FFF737F813909DF953007C
:101C3000E8BBFFE71398243044F68051C2F200015C
:101C40000FAA0492FEF764FF04980BA9059100F017
:101C500007F90598FFF720FD099890ED000AFEF7B7
:101C600043FF09980499059A80ED040A90ED0C0A47
:101C7000D0ED0B0A90ED0A1A139800F031F900200C
:101C800006908DF82B0044F63861C2F2004181F8CD
:101C900079009DF82B0081F87A0000F0B9FA0699D6
:101CA0009DF82B20139B084600F09AF965E09DF9FA
:101CB00053000330D0B9FFE700F076F88DF82B0021
:101CC00044F63861C2F200410120039081F87900A6
:101CD0009DF82B0081F87A0000F09AFA03989DF89D
:101CE0002B20139B002100F07BF945E09DF9530068
:101CF000043030BBFFE700208DF82A00139828B18C
:101D0000FFE7139840788DF82A00FFE700F04CF8C1
:101D10008DF82B0044F63861C2F200410220029097
:101D200081F879009DF82B0081F87A0000F070FAB4
:101D300002989DF82A109DF82B20139B00F050F973
:101D400019E000F031F88DF82B0044F63861C2F24A
:101D500000410320019081F879009DF82B0081F863
:101D60007A0000F055FA01989DF82B20139B002172
:101D700000F036F9FFE7FFE7FFE718B080BD00BFCE
:101D8000000000000000000044F63860C2F200408D
:101D9000704700000000000080B500F039FA44F6FA
:101DA000B460C2F2004080BD82B044F63860C2F236
:101DB000004090F87800E8B1FFE744F63861C2F2DD
:101DC000004100918869CA690B6AD1F824C0C1F842
:101DD00034C00B63CA628862886DCA6D0B6ED1F81D
:101DE00064C0C1F874C00B67CA66886601208DF8AC
:101DF000070003E002208DF80700FFE79DF80700C9
:101E000002B070470000000080B582B001900091E0
:101E1000019818B1FFE7009808B9FFE71CE00198A6
:101E200090ED000AFFF708F8009880ED000A01988D
:101E300090ED010AFFF700F8009880ED010A019883
:101E400090ED020AFEF7F8FF009880ED020A019873
:101E5000007B00990873FFE702B080BD000000001E
:101E600080B582B001900091019818B1FFE7009809
:101E700008B9FFE71CE0019890ED000AFEF7DCFFCF
:101E8000009880ED000A019890ED010AFEF7D4FF5A
:101E9000009880ED010A019890ED020AFEF7CCFF50
:101EA000009880ED020A0198007B00990873FFE713
:101EB00002B080BD0000000080B544F63860C2F278
:101EC00000407C21FEF7BDFB46F69411C2F20001F2
:101ED0000020C86088604860086000F099F980BD03
:101EE00087B08DED060ACDED050A8DED041A03903D
:101EF00002910192039830B1FFE7029818B1FFE711
:101F0000019808B9FFE768E0069844F63861C2F224
:101F100000410091C8600598086104984861DDF8A7
:101F20000CC0DCF81400DCF81820DCF81C30DCF8FD
:101F300020C0C1F824C00B62CA618861DDF80CC002
:101F4000DCF82400DCF82820DCF82C30DCF830C089
:101F5000C1F844C00B64CA638863DDF808C0DCF8CC
:101F60000000DCF80420DCF80830DCF80CC0C1F814
:101F700054C00B65CA648864DDF804C0DCF8000056
:101F8000DCF80420DCF80830DCF80CC0C1F864C0D0
:101F90000B66CA658865DDF80CC0DCF81400DCF857
:101FA0001820DCF81C30DCF820C0C1F834C00B630A
:101FB000CA628862DDF804C0DCF80000DCF80420A6
:101FC000DCF80830DCF80CC0C1F874C00B67CA66D6
:101FD0008866012081F87800FFE707B070470000AD
:101FE00080B588B08DF81F008DF81E108DF81D206B
:101FF00006939DF81F008DF812009DF81E008DF8C5
:1020000013009DF81D008DF81400069848B1FFE7F5
:10201000069880788DF815000698C0788DF816001F
:1020200005E000208DF815008DF81600FFE744F656
:102030003860C2F2004090F878008DF817009020C8
:1020400001900DF1120102910622039200F010F8A6
:1020500001980299039A00F003F808B080BD0000CF
:1020600083B08DF80B000191ADF8022003B07047EA
:1020700080B584B08DF80F000291ADF806209DF870
:102080000F0002999DF8062019F0C6FA04B080BD31
:1020900080B584B001A981ED020AC1ED010A81ED8C
:1020A000001A8DF80300039846F69411C2F200015D
:1020B000086002984860019888609DF80300002835
:1020C00018BF0120087300F0A3F804B080BD000021
:1020D00080B5A0B01CAA019282ED020AC2ED010AED
:1020E00082ED001A1B901A911B9820B1FFE71B99F3
:1020F000FE200870FFE71A9820B1FFE71A99002028
:102100000870FFE7002028B9FFE71E9822F0CCFFF7
:1021100058B930E0019890ED020AB7EEC00A51ECD0
:10212000100B22F0B1FF30B3FFE7002028B9FFE722
:102130001D9822F0B9FF58B91DE0019890ED010AF1
:10214000B7EEC00A51EC100B22F09EFF98B1FFE7EA
:10215000002028B9FFE71C9822F0A6FF78B90AE012
:10216000019890ED000AB7EEC00A51EC100B22F076
:102170008BFF20B9FFE700208DF87F0041E044F697
:102180008050C2F2000090F8580058B9FFE71B9841
:1021900020B1FFE71B99FB200870FFE700208DF8B6
:1021A0007F002EE044F68051C2F2000103A80090A7
:1021B0005C22FEF7F2F90199009891ED020AD1ED47
:1021C000010A91ED001ADFED111AFEF75DFE8DF8A0
:1021D0000B001B9828B1FFE79DF80B001B990870B6
:1021E000FFE71A9828B1FFE79DF831001A990870A7
:1021F000FFE79DF90B00B0FA80F040098DF87F00F1
:10220000FFE79DF87F0020B080BD00BF0000000008
:1022100080B544F6B460C2F20040FFF7A5FA80BD75
:1022200080B586B08DF8170045F62000C2F2004058
:1022300090ED030AB8EEC00A9FED291A20EE010ABC
:102240008DED040A90ED0A0AB8EEC00A9FED251A3A
:1022500020EE010A8DED030A90ED110AB8EEC00AD6
:1022600020EE010A8DED020A9DED040A9FED1E1A73
:10227000B4EE410AF1EE10FA05DDFFE70020C4F2EA
:10228000343004900FE09DED040A9FED181AB4EE6F
:10229000410AF1EE10FA05DAFFE70020CCF2343003
:1022A0000490FFE7FFE79DF8172044F66C51C2F257
:1022B000000144F62860C2F20040012A08BF084627
:1022C000019024F0A5FA04980199086003980199F7
:1022D000486002980199886024F0C6FA06B080BD73
:1022E000402F81B974F7EF3900003443000034C344
:1022F00080B582B044F69050C2F2004090F90000E0
:10230000012818D0FFE746F65830C2F200000078E6
:1023100050B9FFE70020FFF783FF46F65831C2F2BD
:10232000000101200870FFE744F63C51C2F20001B1
:102330000020087094E044F63C50C2F2000000789F
:1023400008B9FFE78CE04AF21420C2F2004090ED99
:10235000000A44F63450C2F2000090ED001AB4EEC8
:10236000410AF1EE10FA36D1FFE746F68C30C2F2A0
:10237000000090ED000A44F68C50C2F2004090ED4F
:10238000001AB4EE410AF1EE10FA24D1FFE74AF246
:102390001C20C2F2004090ED000A44F63850C2F210
:1023A000000090ED001AB4EE410AF1EE10FA12D1DD
:1023B000FFE746F65830C2F20000007850B9FFE758
:1023C0000020FFF72DFF46F65831C2F20001012030
:1023D0000870FFE744E046F65831C2F200010020E1
:1023E000087044F63450C2F2000090ED000A44F642
:1023F0008C50C2F20040D0ED000A44F63850C2F2D0
:10240000000090ED001AFFF793FBFFF7BDFC019071
:10241000019890F8780010B3FFE70198806A45F2C0
:102420003071C2F2004108600198C06A48600198AA
:10243000006B88600198806E44F62861C2F200410A
:1024400008600198C06E48600198006F8860FFF7CF
:10245000BBF818B9FFE7FFF7CFF8FFE7FFE7FFE7A3
:1024600002B080BD0000000080B584B08DED030A8D
:10247000CDED020A8DED011A46F68830C2F2000059
:1024800090ED000A9DED031AB4EE410AF1EE10FA48
:1024900020D1FFE74AF21820C2F2004090ED000A76
:1024A0009DED021AB4EE410AF1EE10FA12D1FFE7E7
:1024B00046F69030C2F2000090ED000A9DED011A40
:1024C000B4EE410AF1EE10FA04D1FFE70120FFF764
:1024D000A7FE2FE09DED030ADDED020A9DED011A36
:1024E000FFF726FBFFF750FC0090009890F878006B
:1024F000F8B1FFE724F08CF90098806A45F6147172
:10250000C2F2000108600098C06A48600098006B41
:1025100088600098806E44F66C51C2F20001086039
:102520000098C06E48600098006F886024F09CF9A5
:10253000FFE7FFE704B080BD82B00090009820B9AB
:10254000FFE7FF208DF807002AE00098006841F2BD
:102550000001C4F20101884204D1FFE700208DF898
:1025600007001DE00098006847F60041C4F2000132
:10257000884204D1FFE701208DF8070010E00098A1
:10258000006841F60001C4F20101884204D1FFE76E
:1025900002208DF8070003E0FF208DF80700FFE719
:1025A0009DF8070002B0704780B582B08DF8030037
:1025B0009DF8030000F014F818B9FFE7002001901F
:1025C00009E09DF8031046F6E410C2F2000000EBAB
:1025D00041100190FFE7019802B080BD00000000AB
:1025E00081B08DF803009DF803100020032938BF47
:1025F000012001B07047000080B584B08DF80E0056
:102600009DF80E00FFF7ECFF20B9FFE701208DF8E1
:102610000F0026E09DF80E1048F66410C0F6020088
:1026200050F8210002909DF80E0046F6E411C2F227
:10263000000101EB4012430100200190C850D0611D
:10264000906150611061D0609060506002989DF878
:102650000E2001EB421120220EF0AEF88DF80F0093
:10266000FFE79DF80F0004B080BD000000000000EF
:1026700080B584B08DF80E000291ADF8062000936D
:102680009DF80E00FFF7ACFF38B1FFE7029820B1CC
:10269000FFE7BDF8060020B9FFE701208DF80F0025
:1026A00010E09DF80E1048F66410C0F6020050F8D5
:1026B00021000299BDF80620009B0FF04DF98DF81E
:1026C0000F00FFE79DF80F0004B080BD0000000080
:1026D000F0B5A1B00DF12C0CCDF824C01F901E91C7
:1026E0001D921C9344F63D50C2F20000007808B9D8
:1026F000FFE7A0E1EFF3108072B6209044F692510C
:10270000C2F2004112A82822FDF702FF44F63D5113
:10271000C2F200010020087062B6FF218DF8471058
:102720008DF82B00FFE79DF82B00072813D8FFE753
:102730009DF82B1012A8405C012805D1FFE79DF8F9
:102740002B008DF8470006E0FFE79DF82B000130D5
:102750008DF82B00E7E79DF8500044F69056C2F242
:102760000046089630709DF8510044F23155C2F28F
:10277000000528709DF852004AF22224C2F200445B
:1027800020709DF8530044F66851C2F20001069192
:1027900008709DF8540044F6D051C2F200410291F5
:1027A00008709DF8550044F66A51C2F20001039189
:1027B00008709DF8560044F6E851C2F200410491B9
:1027C00008709DF8570044F66951C2F20001059166
:1027D000087012A80190103023F06EFD019809993D
:1027E00081ED050A143023F067FD0198099981ED08
:1027F000040A183023F060FD0198099981ED030A5D
:102800001C3023F059FD0198099981ED020A20300E
:1028100023F052FD0198099981ED010A243023F03B
:102820004BFD0999DDF808C0039B049A0598DDF873
:1028300018E081ED000A9DF8477044F6EC51C2F2B1
:10284000004107910F70109F4F600F9F8F600E9F88
:10285000CF600D9F0F610C9F4F610B9F8F6136788A
:102860000E772D784D7724788C779EF800E081F8EC
:102870001FE09CF800C081F820C01B7881F821304F
:10288000127881F82220007881F82300486A01300C
:10289000486208F099FF079A01460898D162012121
:1028A00082F82810002182F8381048F28C12C2F207
:1028B0000042117044F63C52C2F20002117090F9CD
:1028C000000001283BD1FFE744F23150C2F2000082
:1028D0000078A0BBFFE7099890ED020AD0ED010A4D
:1028E00090ED001A00210846FFF7F2FBC8B1FFE7A0
:1028F0000D9844F63451C2F2000108600C9844F679
:102900008C51C2F2004108600B9844F63851C2F273
:102910000001086044F63C51C2F200010120087039
:102920000CE0099890ED020AD0ED010A90ED001A32
:10293000FFF7FEF80020FFF773FCFFE70AE044F61C
:102940009050C2F2004090F90000012801D0FFE74A
:10295000FFE7FFE744F23150C2F20000007801388F
:10296000B0FA80F0400901F0BFFC40F20800C2F26A
:1029700000400078012825D1FFE709989DF847100D
:1029800090ED050AD0ED040A90ED031A45F26C3083
:10299000C2F2004013F0A0F844F66A50C2F2000000
:1029A000017844F6E850C2F20040027844F66950DB
:1029B000C2F20000037844F65870C2F2000013F02F
:1029C00063FC0CE045F26C30C2F2004015F0ECF80C
:1029D00044F65870C2F2000013F0C2FCFFE740F268
:1029E0000800C2F200400078012824D1FFE74AF233
:1029F0002220C2F200400178002000901AF0B8FABC
:102A000000981AF0E5F844F66851C2F2000109781E
:102A1000002918BF01211AF05BFA00981AF0C4F8D7
:102A200044F6D051C2F200410978002918BF0121B3
:102A30001AF00AFAFFE721B0F0BD00000000000024
:102A400080B584B003908DF80B109DF80B0019F041
:102A5000A3FF8DF80A009DF80A0001F049FB0398D6
:102A600001F0CEF9039801909DF80B0019F0C8FF12
:102A700001989DF80A1018F0A7FE04B080BD000070
:102A800080B588B0079006918DF8172004930798B9
:102A900008B9FFE72AE20798007D90B1FFE70798A1
:102AA0009DF8171019F00CF858B9FFE7069820B1F7
:102AB000FFE7069815F078F8FFE7079900200875FA
:102AC000FFE79DF81700079908700799002002900A
:102AD00008710499079AD1610799C8740799887495
:102AE000079908750799C875079948620799087684
:102AF000079988620798032118F046FE9DF8170091
:102B0000182814D1FFE70F2001F01AFB0798BBEE3D
:102B10000E0A18F015FE079801F072F907989FED5C
:102B2000D30A18F045FE079821F046FEDEE19DF835
:102B300017001A2844D1FFE70798BBEE0E0A18F0D9
:102B4000FFFD079801F05CF907989FEDC80A18F09F
:102B50002FFE069820B1FFE7069815F025F8FFE74D
:102B600021F0A6FD40BBFFE7069860B9FFE7079993
:102B7000487940F00400487107990020C87007990F
:102B80001720087017E0069814F0DEFD0698002163
:102B900014F0EEFE0698DFEDB60A9FEDD51AB0EE02
:102BA000410A14F081FF07990120087507980499DC
:102BB00021F09EFDFFE7FFE7079821F0FDFD95E17D
:102BC0009DF817001B2844D1FFE70798BBEE0E0ABB
:102BD00018F0B6FD079801F013F907989FEDC40AA5
:102BE00018F0E6FD069820B1FFE7069814F0DCFF28
:102BF000FFE703F091FA40BBFFE7069860B9FFE7F3
:102C00000799487940F00400487107990020C8707E
:102C100007991720087017E0069814F095FD06989C
:102C2000002114F0A5FE0698DFEDB40A9FEDB01A5E
:102C3000B0EE410A14F038FF079901200875079893
:102C4000049903F005FAFFE7FFE7079821F0B4FDC8
:102C50004CE19DF817001C2846D1FFE70798BBEE12
:102C60000E0A18F06DFD079801F0CAF807989FED5D
:102C7000A00A18F09DFD069860B9FFE7079948790A
:102C800040F00400487107990020C8700799172088
:102C9000087025E0069814F087FF069814F054FD9C
:102CA0000698042114F064FE0698DFED930A9FED68
:102CB000901AB0EE410A14F057FD20B9FFE70799CA
:102CC000012008750BE00799487940F0040048712D
:102CD00007990020C870079917200870FFE7FFE7E1
:102CE000079821F069FD01E19DF81700192846D1E8
:102CF000FFE70798BBEE0E0A18F022FD079801F0D7
:102D00007FF807989FED7A0A18F052FD069860B98F
:102D1000FFE70799487940F00400487107990020BF
:102D2000C87007991720087025E0069814F03CFF3A
:102D3000069814F009FD0698042114F019FE06986F
:102D4000DFED6C0A9FED6A1AB0EE410A14F00CFD3B
:102D500020B9FFE70799012008750BE0079948792A
:102D600040F00400487107990020C87007991720A7
:102D70000870FFE7FFE7079821F01EFDB6E09DF819
:102D80001700002800F08A80FFE79DF817000190E7
:102D9000079801F0EDFB0146019888427ED8FFE7D5
:102DA000079801F0F9FB9DF8171000EB411020384F
:102DB000039007980399897918F0E6FC079803991E
:102DC00091ED020AD1ED030A91ED041AD1ED051A35
:102DD00018F026FD0398007928B9FFE70398407999
:102DE00001F0AEF956E00398007901280FD1FFE712
:102DF0000398807901F07CF9079801F001F80798B1
:102E0000039991ED060A897918F0DEFC41E00398F8
:102E1000007902283CD1FFE7069860B9FFE70799DF
:102E2000487940F00400487107990020C87007995C
:102E3000172008702BE0069814F0B6FE069814F0E0
:102E400083FC0698042114F093FD06980399D1EDB4
:102E5000060A9FED271AB0EE410A14F085FC48B926
:102E6000FFE707990120087510E000BF000000008F
:102E70000AD7A33D0799487940F0040048710799A3
:102E80000020C870079917200870FFE7FFE7FFE7E9
:102E9000FFE7FFE7079821F08FFC27E09DF8170078
:102EA00016281FD1FFE7069828B1FFE706980121F1
:102EB00014F05EFDFFE707990020C8700799012014
:102EC00008710798BBEE0E0A18F03AFC079800F05C
:102ED00097FF07989FED060A18F06AFC079821F003
:102EE0006BFC03E0079821F067FCFFE708B080BDAA
:102EF000000000008FC2F53C0AD7A33B0AD7A33DD0
:102F000080B58CB00B900A918DF8272008930B9810
:102F100008B9FFE795E10B9821F04EFC0B98007D76
:102F200058B1FFE70A9820B1FFE70A9814F03CFE79
:102F3000FFE70B9900200875FFE70B9901208870C7
:102F40000B990020C8700B9908730B9908720B99A4
:102F500048720B9988720B98807B30B1FFE70B9910
:102F60000020C8720B99487303E00B9801F0ACF88D
:102F7000FFE70B99002008700B99087108990B9ACC
:102F8000D1619DF827100B9A91740B9A0121D1748D
:102F90000B9908750B9948719DF827000138014677
:102FA0000691252800F23B810699DFE811F0260002
:102FB0002F003A004500450045004B0066007100B7
:102FC0007C007C007C00FE00190124012F014500DB
:102FD000450045007C007C007C0054005D0007013A
:102FE00010014500450045004500450045004500ED
:102FF000450045004500450045000F2001F0A0F8C0
:103000000B989FED920A18F09BFB16E10F2005909C
:1030100001F096F805990B98B2EE040AFDF7D4FB7F
:103020000BE10F20049001F08BF804990B98BAEE95
:10303000040AFDF7C9FB00E10B989DF82710FFF784
:10304000FFFCFAE0092001F07BF80B989FED7E0A67
:1030500018F0D2FBF1E0092001F072F80B989FED17
:103060007B0A18F0C9FBE8E0092001F069F80B9829
:10307000BBEE0E0A18F0C0FBDFE00920039001F060
:103080005FF803990B98B2EE040AFDF79DFBD4E0BC
:103090000920029001F054F802990B98BAEE040A44
:1030A000FDF792FBC9E0002007900A9860B9FFE79E
:1030B0000B99487940F0040048710B990020C874BE
:1030C0000B9917200870B8E00A9814F06DFD0A9863
:1030D00014F03AFB0A98042114F04AFC9DF82700EA
:1030E0000A2806D1FFE74CF6CD40C3F6CC50079036
:1030F0003BE09DF827000B2806D1FFE74CF6CD40BA
:10310000C3F64C5007902FE09DF827000C2806D1FD
:10311000FFE74CF6CD40CBF64C50079023E09DF8EE
:103120002700142806D1FFE74CF6CD40CBF6CC5053
:10313000079017E09DF82700152806D1FFE749F60C
:103140009A10C3F6996007900BE09DF827001628A7
:1031500006D1FFE749F69A10CBF699600790FFE792
:10316000FFE7FFE7FFE7FFE7FFE70A98DDED070A64
:103170009FED351AB0EE410A14F0F6FA20B9FFE7D8
:103180000B9901200875FFE70B98007D60B9FFE7F8
:103190000B99487940F0040048710B990020C874DD
:1031A0000B9917200870FFE747E0062000F0C8FFE2
:1031B0000B989FED250A18F05FFB3EE0062000F01B
:1031C000BFFF0B989FED210A18F056FB35E0062053
:1031D00000F0B6FF0B98BBEE0E0A18F04DFB2CE08A
:1031E0000620019000F0ACFF01990B98B2EE040AA2
:1031F000FDF7EAFA21E00620009000F0A1FF009917
:103200000B98BAEE040AFDF7DFFA16E00F2000F083
:1032100097FF0B989FED0C0A18F092FA0DE00B99AE
:10322000487940F0040048710B990020C8740B994C
:1032300088740B9917200870FFE70B9821F0BCFAEF
:10324000FFE70CB080BD00BF0000000000005C4341
:1032500080B586B005908DF8131003920293029802
:1032600008B9FFE77FE10298B021FDF7EAF99DF880
:10327000130002990870029800210091817108469C
:1032800018F046FB0299C86112F0EEFB0146009867
:10329000029AD172029A4FF24911C4F2E7411166C3
:1032A000029A45F6B401C4F2B74151668DF80700A1
:1032B000FFE79DF80700032813D8FFE79DF80720D4
:1032C00048F67010C0F6020050F82200029901EB97
:1032D00082018866FFE79DF8070001308DF807003E
:1032E000E7E700208DF80700FFE79DF807000128B9
:1032F00013D8FFE79DF8072048F65C10C0F60200DF
:1033000050F82200029901EB82018867FFE79DF8DF
:10331000070001308DF80700E7E7039800284BD03D
:10332000FFE700208DF80700FFE79DF8070003285E
:1033300015D8FFE703989DF8071000EB4100B0F89F
:10334000A00002999DF8072001EB4201A1F8A0001E
:10335000FFE79DF8070001308DF80700E5E7002042
:103360008DF80700FFE79DF80700012823D8FFE745
:1033700003989DF8071000EB4100B0F8A8000299EF
:103380009DF8072001EB4201A1F8A80003989DF8E1
:10339000071000EB4100B0F8AC0002999DF807203F
:1033A00001EB4201A1F8AC00FFE79DF807000130F6
:1033B0008DF80700D7E7FFE7059808B9FFE7D2E0E7
:1033C000059800780299487005988078029988706D
:1033D0000598C0780299C87005980079029908711B
:1033E0000598407902994871059880790299887109
:1033F0000598007A029908720598407A02994872F5
:103400000598807B029988720598C06902990861C5
:103410000598006A0299486105980178807918F04A
:1034200077FA0299C861059812F0B2FD0299C87145
:103430000598FDF7B1F9029908730598007828B14D
:10344000FFE705980078162808D1FFE70598C07CAB
:1034500020B9FFE702990020886106E00598C1695C
:10346000006A401A02998861FFE700208DF8070082
:10347000FFE79DF80700032826D8FFE705989DF889
:10348000072000EB8200406E029901EB8201086286
:1034900005989DF8072000EB8200C06C029901EBB3
:1034A0008201086305989DF8072000EB8200C06A3E
:1034B000029901EB8201C1F88000FFE79DF8070047
:1034C00001308DF80700D4E700208DF80700FFE7F2
:1034D0009DF80700012846D8FFE705989DF80720CA
:1034E00000EB8200406F029901EB820108640598AD
:1034F0009DF8072000EB8200C06F029901EB82016A
:10350000886405989DF8072000EB8200D0F88400BD
:10351000029901EB8201086505989DF8072000EBF0
:103520008200C06D029901EB8201886505989DF8C3
:10353000072000EB8200C06B029901EB8201C1F809
:10354000900005989DF8072000EB8200406C0299DE
:1035500001EB8201C1F89800FFE79DF807000130F8
:103560008DF80700B4E706B080BD00000000000041
:10357000FFE7FEE70000000080B5C4B038A90D9158
:10358000439041F2883022F03FF94FF2BB50C3F62E
:10359000EF10429045F69940C3F68110419046F6EF
:1035A0002260C3F6D6104090FFE700200C903F90B9
:1035B0003E903D903C903B903A90399038908DF8F9
:1035C0003B008DF83A0002208DF8390023F020F9F5
:1035D00040F20800C2F20040007801282BD1FFE73A
:1035E00045F26C33C2F20043D3F8FC00D3F800116B
:1035F000D3F80421D3F808313F933E923D913C909B
:1036000044F65871C2F2000115A88C22FCF7C5FFE0
:1036100044F62860C2F200400168399141683A914D
:1036200080683B9001208DF83B008DF83A00002027
:103630008DF8390032E044F23050C2F200000078D8
:1036400001282AD1FFE744F6E473C2F20003D3F85D
:10365000FC00D3F80011D3F80421D3F808313F93CC
:103660003E923D913C9045F2E021C2F2004115A806
:103670008C22FCF792FF44F66C50C2F20000016805
:10368000399141683A9180683B9001208DF83B0068
:103690008DF83A008DF83900FFE7FFE719F06CFA72
:1036A0000D9880ED000A23F0DFF89DF83B0000281C
:1036B00045D0FFE70D9890ED050AB1EE400A90ED78
:1036C000081A80EE010A012012F0EEF80D98BDEE06
:1036D000C00A10EE101A099190ED070AB1EE400AE7
:1036E00090ED081A80EE010A022012F0DDF80D9824
:1036F000BDEEC00A10EE101A0A9190ED060A90ED88
:10370000081A80EE010A032012F0CEF80D98BDEEE3
:10371000C00A10EE101A0B9190ED040A90ED081AF1
:1037200080EE010A042012F0BFF809980A990B9A5A
:10373000BDEEC00A10EE103A02F0EAFD06E00023EA
:10374000184619461A4602F0E3FDFFE79DF83A00D5
:1037500028B1FFE715A80FA912F05EFA75E09FEDFA
:103760006E0A8DED070A012012F0CAF8B0EE401A79
:103770009DED070ABDEEC11A11EE100AADF83C002E
:10378000022012F0BDF8B0EE401A9DED070ABDEE22
:10379000C11A11EE100AADF83E00032012F0B0F885
:1037A000B0EE401A9DED070ABDEEC11A11EE100AE7
:1037B000ADF84000042012F0A3F8B0EE401A9DEDE1
:1037C000070ABDEEC11A11EE100AADF8420005203D
:1037D000059012F069F8B0EE401A9DED070ABDEEB3
:1037E000C11A11EE100AADF844000620069012F03E
:1037F0005BF80598B0EE401A9DED070ABDEEC11AC0
:1038000011EE101AADF8461000210891ADF84810DD
:10381000ADF84A1012F074F80698B0EE401A9DED1B
:10382000070ABDEEC11A11EE101AADF84C1012F0D5
:1038300067F80898BDEEC00A10EE101AADF84E10E9
:10384000ADF85000ADF85200FFE79DF839000FA920
:1038500012F0B6FCBDF94400BDF9461000230093F8
:103860001A4602F075FDBDF93C00BDF93E10BDF9E8
:103870004020BDF9423002F0A7FD009BBDF94C008D
:10388000BDF94E101A4602F0BFFD0D9890ED010AE9
:10389000FCF7D6FF0D98B1EE400A90ED091A80EEC4
:1038A000010A0120049022F057F80D98BDEEC00ADD
:1038B00010EE101A019190ED020A90ED0A1A80EEB6
:1038C000010A022022F048F80D98BDEEC00A10EE61
:1038D000101A029190ED030A90ED0A1A80EE010A87
:1038E000032022F039F80D98BDEEC00A10EE101A30
:1038F000039190ED000A042022F02EF8019802991D
:10390000039ABDEEC00A10EE103A02F0B9FD049819
:1039100021F07AFF49E600BF00000000000000002F
:1039200080B586B00490039100200290049818B1ED
:10393000FFE7039818B9FFE70020059027E0FFE7AD
:103940000298039988421FD2FFE769460DF10700EC
:10395000086046F64820C2F2000046F2E801C2F2D2
:10396000004146F2EC02C2F200424FF4805314F0E0
:10397000CFFE08B9FFE707E09DF807000499029A17
:10398000531C02938854DBE702980590FFE70598E3
:1039900006B080BD0000000080B546F65020C2F29F
:1039A0000000006847F28011C2F2004109684FF43C
:1039B000805214F09DFE80BD80B584B045F2A830E1
:1039C000C2F20000D0F8BC0208B9FFE77AE045F285
:1039D000A830C2F20000D0F8BC02039047F27C107D
:1039E000C2F20040006808B1FFE76BE00398D0F82E
:1039F000140208B1FFE765E046F65020C2F200006D
:103A0000006847F28011C2F2004109684FF4805209
:103A100014F0EEFE0290029808B9FFE752E046F675
:103A20005020C2F20000006847F28011C2F200414B
:103A3000096888420DD9FFE746F65020C2F200001F
:103A4000006847F28011C2F200410968401A0190F3
:103A500008E047F28010C2F200400068C0F58050D4
:103A60000190FFE701980299884203D9FFE7029885
:103A70000190FFE70198B0F5007F04D9FFE74FF40C
:103A800000700190FFE747F28010C2F20040016829
:103A900047F28410C2F200400144BDF8042045F210
:103AA000A830C2F2000000901CF0FEFE00981DF04D
:103AB00007F838B9FFE7019847F27C11C2F20041DC
:103AC0000860FFE704B080BD80B586B00490039124
:103AD000049818B1FFE7039820B9FFE701208DF89B
:103AE00017003FE046F65020C2F20000006847F29F
:103AF0008011C2F2004109684FF4805214F0F8FDC1
:103B0000019003980199884204D9FFE700208DF8BD
:103B1000170027E000200290FFE7029803998842EF
:103B20001AD2FFE704980299405C6946086046F69D
:103B30005020C2F2000047F28011C2F2004147F269
:103B40008412C2F200424FF4805314F021FEFFE7CA
:103B5000029801300290E0E7FFF72EFF01208DF878
:103B60001700FFE79DF8170006B080BD00000000B9
:103B700084B08DF80F000291ADF80620FFE7012018
:103B800008B9FFE7FBE79DF80F00014600912328E5
:103B90002FD80099DFE801F012131415162D2D2DE2
:103BA0002D2D2D2D2D2D2D2D2D2D2D2D2D2D2D2D45
:103BB0002D2D2D2D2D2D2D2D17182B2C1AE019E024
:103BC00018E017E016E015E0029900200870029A4C
:103BD000C2215170029A012191700299C870029914
:103BE00008710299487102990820887102E001E089
:103BF00000E0FFE7002004B0704700000000000074
:103C0000002070470000000080B582B045F2A83067
:103C1000C2F20000009044F28C51C2F20041002236
:103C200001921CF041FE009844F23251C2F20001B0
:103C30001CF01AFE0199009846F64822C2F20002D2
:103C4000116046F2E802C2F20042116046F65022CC
:103C5000C2F20002116047F28012C2F2004211600B
:103C600047F27C12C2F20042116046F64422C2F2D0
:103C7000000211601CF09CFD019802B080BD0000A4
:103C800080B586B00590049100200390FFE703986B
:103C900004990968884224D2FFE705980399405C9B
:103CA0006946086046F64820C2F2000046F2E80184
:103CB000C2F2004146F2EC02C2F200424FF48053DD
:103CC00014F066FD40B9FFE746F64421C2F2000158
:103CD000086801300860FFE7FFE7039801300390B0
:103CE000D5E7059945F2A830C2F2000002901CF019
:103CF000BBFD02981CF05CFD002006B080BD0000FA
:103D000080B584B0039002918DF8072000208DF8D3
:103D1000060047F28013C2F200431A6847F27C1192
:103D2000C2F20041D1F800C062446FF31F321A6042
:103D30000860FFF741FE9DF9060004B080BD000059
:103D400084B00290ADF806104FF6FF70ADF8040095
:103D5000029820B1FFE7BDF8060028B9FFE7BDF8DB
:103D60000400ADF80E0047E00020ADF80200FFE7C8
:103D7000BDF80200BDF80610884238DAFFE7029865
:103D8000BDF80210415CBDF804004840ADF80400E5
:103D900000208DF80100FFE79DF8010007281FD8DB
:103DA000FFE7BDF80400C00768B1FFE7BDF80400F5
:103DB0004008ADF80400BDF804004AF20101484093
:103DC000ADF8040005E0BDF804004008ADF80400BB
:103DD000FFE7FFE79DF8010001308DF80100DBE708
:103DE000FFE7BDF802000130ADF80200C0E7BDF802
:103DF0000400ADF80E00FFE7BDF80E0004B07047F8
:103E000081B0009045F24070C2F20040C16F009A4C
:103E1000D163D0F898000099086445F62470C2F286
:103E20000000C16F009A5164D0F89800009988642E
:103E300001B070470000000082B0019000208DF8B2
:103E40000300FFE79DF80300032816D8FFE79DF85D
:103E50000320C2EBC20145F62470C2F2000000EB61
:103E60008100C068019901EB8201C862FFE79DF8FB
:103E7000030001308DF80300E4E702B07047000052
:103E800081B00090009808B9FFE720E046F29070FA
:103E9000C2F200004168009A11608168009A516086
:103EA000C168009A916000690099C86046F2880074
:103EB000C2F200404168009A11618168009A516124
:103EC000C168009A916100690099C861FFE701B07B
:103ED000704700000000000080B546F29070C2F20A
:103EE000000011F015FA46F28800C2F2004011F00D
:103EF0000FFA80BD0000000080B596B08DED150A68
:103F000068460EF0D1FC9DED0D0ADDED150A46F276
:103F10008800C2F2004011F0C7F816B080BD000062
:103F200080B582B00190019808B9FFE722E00198BE
:103F3000006846F29071C2F2000148600198406842
:103F4000886001988068C8600198C068086101981D
:103F5000006946F28801C2F2004148600198406958
:103F6000886001988069C8600198C0690861FFF79E
:103F7000B3FFFFE702B080BD80B598B08DED170AA2
:103F800002A80EF091FC9DED170A9DED0C1A30EE83
:103F9000410A8DED010A9DED010A02F011FE8DED41
:103FA000010ADDED010A46F29070C2F200009FEDB9
:103FB000090A11F079F88DED000A9DED0F0ADDED8B
:103FC000000A46F28800C2F2004011F06DF818B005
:103FD00080BD00BF0000000082B0ADF80400ADF865
:103FE0000210ADF80020BDF90400BDF902108842AE
:103FF0000BDBFFE7BDF90400BDF90010884204DCCB
:10400000FFE701208DF8070003E000208DF807008E
:10401000FFE79DF8070002B07047000000000000B5
:1040200084B08DED020ACDED010A8DED001A9DEDF3
:10403000020A9DED011AB4EE410AF1EE10FA03DA1C
:10404000FFE7019803900FE09DED020A9DED001A35
:10405000B4EE410AF1EE10FA03DDFFE70098039099
:1040600002E002980390FFE79DED030A04B0704759
:1040700082B08DED000A9DED000ABBEE0E1AB4EE83
:10408000410AF1EE10FA05DAFFE70020CCF2F01059
:10409000019011E09DED000A9FED091AB4EE410A6E
:1040A000F1EE10FA05DDFFE70020C4F28230019046
:1040B00002E000980190FFE79DED010A02B0704711
:1040C000000082430000000081B00090009808B911
:1040D000FFE70BE000990020C8720099487300992F
:1040E00088730099C87300994870FFE701B0704762
:1040F00080B582B08DF807009DF8070010F070FCC5
:104100008DF807009DF80700C00738B1FFE70520CC
:1041100010F072FF062010F06FFFFFE79DF8070018
:104120008007002807D5FFE7052010F091FF062043
:1041300010F08EFFFFE702B080BD0000000000001D
:1041400080B582B08DF8070000208DF80600FFE7EB
:104150009DF80600032816D8FFE79DF807009DF894
:104160000610C840C00738B1FFE79DF806000130CF
:10417000C0B210F06DFFFFE7FFE79DF806000130C9
:104180008DF80600E4E702B080BD000000000000EA
:1041900080B584B0029000208DF80600029820B906
:1041A000FFE700208DF80F002EE000208DF80700BB
:1041B000FFE79DF80700012821D8FFE702989DF846
:1041C000071000EB8100D0ED170A90ED210AB1EE47
:1041D000041A00F05DF858B1FFE79DF807100120C0
:1041E00000FA01F19DF8060008438DF80600FFE78C
:1041F000FFE79DF8070001308DF80700D9E79DF82B
:1042000006008DF80F00FFE79DF80F0004B080BD99
:1042100080B584B0029000208DF80600029820B985
:10422000FFE700208DF80F002EE000208DF807003A
:10423000FFE79DF80700032821D8FFE702989DF8C3
:10424000071000EB8100D0ED130A90ED190AB0EED3
:10425000081A00F01DF858B1FFE79DF8071001207B
:1042600000FA01F19DF8060008438DF80600FFE70B
:10427000FFE79DF8070001308DF80700D9E79DF8AA
:1042800006008DF80F00FFE79DF80F0004B080BD19
:1042900084B08DED030ACDED020A8DED011A9DED7E
:1042A000030A9DED021A30EE410A8DED000A9DEDE4
:1042B000000AB5EE400AF1EE10FA07DAFFE79DEDCD
:1042C000000AB1EE400A8DED000AFFE79DED000AFD
:1042D0009DED011A0020B4EE410AF1EE10FAD8BFAC
:1042E000012004B07047000080B582B08DF807004F
:1042F0009DF8070001280FD1FFE744F23051C2F2C8
:1043000000010120087040F20802C2F200420021C0
:10431000117018F03DFD0EE040F20801C2F20041BC
:104320000120087044F23051C2F2000100200870F0
:1043300018F02EFDFFE702B080BD00000000000075
:1043400080B584B0039041F2883021F05DFA10F01E
:104350006BF945F27050C2F2004044F69151C2F23E
:10436000004101220DF080FA0FF0D2FC45F26C30D2
:10437000C2F2004040F28C01C2F2004100919FED78
:104380002E0A8DED010A13F007F800999DED010A40
:1043900044F6E470C2F2000012F0FEFF44F65870DA
:1043A000C2F2000011F0C0FD45F2E020C2F2004070
:1043B00011F0BAFD14F020F8FDF786FB18F094FC1C
:1043C00022F0BEFE46F6E011C2F20001086045F29E
:1043D0002450C2F200400BF0C7FBFFE70121084662
:1043E00022F0CEF80290029818B9FFE7012002905F
:1043F000FFE7FFE7029830B1FFE712F04DFB0298AC
:1044000001380290F6E74AF23420C2F20040011D62
:1044100000F108020023FEF75BF918F0A5FC40F25A
:104420000800C2F200400078012803D1FFE7FDF741
:104430005FFFFFE7D2E700BF6F12833A0000000082
:1044400080B58AB08DF82700089107920020069069
:104450000590049003900898029008980630019007
:10446000042004909DF827005038014600910F2841
:1044700042D80099DFE801F01A081D1122272A2DE1
:1044800030333640404040393420069003200490B9
:1044900040200590012003902FE03D20069003204E
:1044A00004902E2005900120039026E030200690F5
:1044B00023E037200690032007901EE03A20069064
:1044C0000320079019E04120069016E04520069051
:1044D00013E04920069010E04D2006900DE0512099
:1044E00006900AE05520069007E048F28410C2F2D8
:1044F00000400068069000E038E00798032805D1E6
:10450000FFE70320049000200390FFE70498A8B180
:10451000FFE7069946F67400C2F2000000EB410086
:104520000299049A5200FBF7F3FF46F20C00C2F224
:1045300000000268069804999047FFE70398A8B125
:10454000FFE7059946F67400C2F2000000EB410057
:104550000199039A5200FBF7DBFF46F20C00C2F20E
:1045600000000268059803999047FFE70AB080BDF4
:1045700080B582B00190019820B1FFE70198807961
:10458000009002E000200090FFE70098C0B202F027
:10459000E7FA02B080BD000080B582B001900198BA
:1045A00020B1FFE701988079009002E000200090A0
:1045B000FFE70098C0B202F0E7FA02B080BD000049
:1045C00080B588B00690059106980078049006980A
:1045D000FFF7E2FF02900698FFF7CAFF01900698E6
:1045E0000078182807D1FFE706980F210FF050FB3D
:1045F0008DF81F0082E0069800781A2805D1FFE7A1
:1046000020F056F88DF81F0078E0069800781B28F7
:1046100005D1FFE701F080FD8DF81F006EE00698E0
:1046200000781C2811D1FFE7059850B1FFE70598E5
:1046300012F09EFE022804D1FFE701208DF81F0032
:104640005CE000208DF81F0058E0069800781928DB
:1046500011D1FFE7059850B1FFE7059812F088FEE9
:10466000022804D1FFE701208DF81F0046E000205A
:104670008DF81F0042E0049828B1FFE704980199E3
:10468000884204D9FFE700208DF81F0036E0029829
:10469000049900EB4110203803900398007940B949
:1046A000FFE70698039949790FF0F2FA8DF81F0099
:1046B00024E003980079012806D1FFE7069801F06D
:1046C0009BFD8DF81F0019E003980079022811D195
:1046D000FFE7059850B1FFE7059812F049FE022860
:1046E00004D1FFE701208DF81F0007E000208DF8BE
:1046F0001F0003E000208DF81F00FFE79DF81F005A
:1047000008B080BD0000000080B501F041FE01F05E
:104710009BFE01F0D5FE02F0D7F880BD000000003E
:1047200080B545F28460C2F2000003F009FB80BD51
:1047300083B002900298016801201022C4F20202A4
:104740009142009000F0A380FFE7029801680120E9
:104750002822C4F202029142009000F09880FFE704
:104760000298016801204022C4F2020291420090A6
:1047700000F08D80FFE70298016801205822C4F202
:1047800002029142009000F08280FFE702980168E7
:1047900001207022C4F202029142009077D0FFE71C
:1047A0000298016801208822C4F20202914200901E
:1047B0006DD0FFE7029801680120A022C4F2020236
:1047C0009142009063D0FFE7029801680120B8226F
:1047D000C4F202029142009059D0FFE702980168AA
:1047E000012040F21042C4F20202914200904ED0E9
:1047F000FFE702980168012040F22842C4F2020259
:104800009142009043D0FFE702980168012040F2F6
:104810004042C4F202029142009038D0FFE7029871
:104820000168012040F25842C4F202029142009015
:104830002DD0FFE702980168012040F27042C4F2D7
:1048400002029142009022D0FFE702980168012005
:1048500040F28842C4F202029142009017D0FFE772
:1048600002980168012040F2A042C4F20202914283
:1048700000900CD0FFE7029800684FF64831CBF665
:10488000FD710844B0FA80F040090090FFE70098FD
:10489000C00740B3FFE70298007810384AF6AB2112
:1048A000CAF6AA21A0FB011000090190019800F0AE
:1048B000070148F22C50C0F60200405C0299C8651E
:1048C0000198042807D3FFE702990868042262F3DD
:1048D0000900886506E00299086840F2FF329043BB
:1048E0008865FFE705E00299086820F0FF00886509
:1048F000FFE70298806D03B07047000000000000E1
:1049000084B0039003980068019003980168012027
:1049100045F20842C5F60202914200904ED0FFE7F0
:1049200003980168012045F21C42C5F6020291423B
:10493000009043D0FFE703980168012045F2304220
:10494000C5F602029142009038D0FFE70398016853
:10495000012045F24442C5F60202914200902DD05A
:10496000FFE703980168012045F25842C5F60202AC
:104970009142009022D0FFE703980168012045F2A0
:104980006C42C5F602029142009017D0FFE70398EF
:104990000168012045F28042C5F602029142009072
:1049A0000CD0FFE7039800684AF66C31CAF2FD713B
:1049B0000844B0FA80F040090090FFE70098C00773
:1049C00010B3FFE70398007808384CF6CD41CCF6D9
:1049D000CC41A0FB011000090290029945F60000AD
:1049E000C5F6020000EB810003990866039945F6BD
:1049F0008000C5F602004866029800F01F01012001
:104A000088400399886635E00398007810384AF6A4
:104A1000AB21CAF6AA21A0FB01100009029001985F
:104A200040F2B841C4F2020188420CD8FFE7019875
:104A300040F21041C4F20201884204D3FFE7029819
:104A400008300290FFE7029940F60000C4F202002D
:104A500000EB810003990866039940F68000C4F2D8
:104A600002004866029800F01F0101208840039967
:104A70008866FFE704B0704783B00290029800791F
:104A800001900198002800F08A80FFE7019808282B
:104A900000F28580FFE702980168012045F2084294
:104AA000C5F60202914200904ED0FFE702980168DD
:104AB000012045F21C42C5F602029142009043D00B
:104AC000FFE702980168012045F23042C5F6020274
:104AD0009142009038D0FFE702980168012045F22A
:104AE0004442C5F60202914200902DD0FFE70298A1
:104AF0000168012045F25842C5F602029142009039
:104B000022D0FFE702980168012045F26C42C5F609
:104B100002029142009017D0FFE70298016801203D
:104B200045F28042C5F60202914200900CD0FFE7A8
:104B3000029800684AF66C31CAF2FD710844B0FA76
:104B400080F040090090FFE70098C00780B1FFE7C0
:104B5000019945F6FC00C5F6020000EB81000299C0
:104B6000C866029945F64010C5F6020008670FE0D6
:104B7000019940F6FC00C4F2020000EB81000299AA
:104B8000C866029940F64010C4F202000867FFE7C9
:104B90000198411E0120884002994867FFE703B051
:104BA000704700000000000085B0049000208DF8E0
:104BB0000F000498806918BBFFE70498806A029090
:104BC00003281BD80299DFE801F0020D02180498AF
:104BD00090F82F00C00720B1FFE701208DF80F00EB
:104BE000FFE70CE00498C06AB0F1C07F04D1FFE792
:104BF00001208DF80F00FFE701E000E0FFE747E04C
:104C000004988069B0F5005F26D1FFE70498806AB8
:104C1000019003281ED80199DFE801F00206021175
:104C200001208DF80F0016E0049890F82F00C007BF
:104C300020B1FFE701208DF80F00FFE70BE004989B
:104C4000C06AB0F1C07F04D1FFE701208DF80F00EA
:104C5000FFE700E0FFE71AE00498806A009003286D
:104C600004D3FFE70098032804D00EE001208DF85C
:104C70000F000BE0049890F82F00C00720B1FFE769
:104C800001208DF80F00FFE700E0FFE7FFE7FFE7F7
:104C90009DF80F0005B0704789B008900791069203
:104CA00005930898806D04900898806D039008988B
:104CB000016801201022C4F202029142029000F029
:104CC0000381FFE70898016801202822C4F202024C
:104CD0009142029000F0F880FFE7089801680120F7
:104CE0004022C4F202029142029000F0ED80FFE700
:104CF0000898016801205822C4F2020291420290F1
:104D000000F0E280FFE70898016801207022C4F2F9
:104D100002029142029000F0D780FFE708980168F4
:104D200001208822C4F202029142029000F0CC805D
:104D3000FFE7089801680120A022C4F20202914214
:104D4000029000F0C180FFE7089801680120B822B6
:104D5000C4F202029142029000F0B680FFE7089888
:104D60000168012040F21042C4F202029142029016
:104D700000F0AA80FFE708980168012040F228426D
:104D8000C4F202029142029000F09E80FFE7089870
:104D90000168012040F24042C4F2020291420290B6
:104DA00000F09280FFE708980168012040F2584225
:104DB000C4F202029142029000F08680FFE7089858
:104DC0000168012040F27042C4F202029142029056
:104DD0007AD0FFE708980168012040F28842C4F2C7
:104DE0000202914202906FD0FFE70898016801200B
:104DF00040F2A042C4F202029142029064D0FFE766
:104E000008980168012040F2B842C4F202029142BF
:104E1000029059D0FFE708980168012045F2084246
:104E2000C5F60202914202904ED0FFE70898016851
:104E3000012045F21C42C5F602029142029043D085
:104E4000FFE708980168012045F23042C5F60202EA
:104E50009142029038D0FFE708980168012045F29E
:104E60004442C5F60202914202902DD0FFE7089815
:104E70000168012045F25842C5F6020291420290B3
:104E800022D0FFE708980168012045F26C42C5F680
:104E900002029142029017D0FFE7089801680120B2
:104EA00045F28042C5F60202914202900CD0FFE723
:104EB000089800684AF66C31CAF2FD710844B0FAED
:104EC00080F040090290FFE70298C00770B1FFE749
:104ED0000898416E806E48600898C06E28B1FFE760
:104EE0000898016F406F4860FFE7FFE70898016886
:104EF00001201022C4F202029142019000F0A3802E
:104F0000FFE70898016801202822C4F202029142BA
:104F1000019000F09880FFE7089801680120402286
:104F2000C4F202029142019000F08D80FFE70898E0
:104F3000016801205822C4F202029142019000F05F
:104F40008280FFE70898016801207022C4F2020203
:104F50009142019077D0FFE70898016801208822EC
:104F6000C4F20202914201906DD0FFE708980168F7
:104F70000120A022C4F202029142019063D0FFE717
:104F8000089801680120B822C4F2020291420190FF
:104F900059D0FFE708980168012040F21042C4F29E
:104FA0000202914201904ED0FFE70898016801206B
:104FB00040F22842C4F202029142019043D0FFE73E
:104FC00008980168012040F24042C4F20202914276
:104FD000019038D0FFE708980168012040F258425C
:104FE000C4F20202914201902DD0FFE708980168B7
:104FF000012040F27042C4F202029142019022D09C
:10500000FFE708980168012040F28842C4F20202DA
:105010009142019017D0FFE708980168012040F203
:10502000A042C4F20202914201900CD0FFE708981E
:1050300000684FF64831CBF6FD710844B0FA80F0B5
:1050400040090190FFE70198C00750B3FFE70898B7
:10505000C06D00F01F013F208840049988600898C7
:105060000168086820F4802008600598089909689C
:10507000486008988068402809D1FFE70698089999
:1050800009688860079808990968C86008E0079867
:10509000089909688860069808990968C860FFE758
:1050A00082E008980168012045F20842C5F6020234
:1050B000914200904ED0FFE708980168012045F228
:1050C0001C42C5F602029142009043D0FFE70898C7
:1050D0000168012045F23042C5F60202914200907B
:1050E00038D0FFE708980168012045F24442C5F630
:1050F0000202914200902DD0FFE70898016801203C
:1051000045F25842C5F602029142009022D0FFE7D4
:1051100008980168012045F26C42C5F602029142EE
:10512000009017D0FFE708980168012045F28042FF
:10513000C5F60202914200900CD0FFE70898006883
:105140004AF66C31CAF2FD710844B0FA80F04009A9
:105150000090FFE70098C00720B3FFE70898C06DF4
:1051600000F01F01012088400399486005980899C4
:105170000968486008988068402809D1FFE70698C8
:10518000089909688860079808990968C86008E064
:105190000798089909688860069808990968C8609E
:1051A000FFE700E0FFE7FFE709B0704700000000FD
:1051B00080B598B00DAB09938DF85F0016918DF80E
:1051C0005720002014901390129011908DF84300F6
:1051D00001208DF842009DF85F0016999DF8572038
:1051E0001DF042FD9DF85F0001460A915E2800F225
:1051F00014870A99DFE811F05F009C00B6001107E0
:105200001107FF00F300110711071107110711071C
:1052100011071107110711072801460156018D01D9
:105220004E02EB02030311071107110711071107C3
:1052300011071107110711070F032203110730038C
:1052400011077F038C0311071107110711071107BD
:1052500011071107110711079603AD03BB03ED03F7
:105260001C045204630411071107110711071107E9
:10527000110711071107110711071107110711076E
:10528000110711076D047704BB04D104110711073E
:105290001107110711071107DB04FB041805B605F8
:1052A000D105B6060707D606EE050906260643060B
:1052B00060067D069A069DF857001DF0E1FA10B9C8
:1052C000FFE700F0ABBE1DF09BFC1DF001FC1FF0E2
:1052D00077F921F09DFA13F0EBF944F6E470C2F28D
:1052E000000012F061FC45F2E020C2F2004011F033
:1052F00037F821F0B9FA01200890FCF791FF21F06E
:1053000087FA089817F0C4FC21F0AEFA40F2242185
:10531000C2F200010020087040F2C021C2F2004138
:10532000087044F22C31C2F20001087000F076BE21
:105330009DF857001DF0A4FA10B9FFE700F06EBE0B
:1053400040F22421C2F200010120087040F2C02185
:10535000C2F20041087044F22C31C2F20001087020
:1053600000F05CBE16989DF8571011AA1EF0E0FDE3
:1053700010B9FFE700F052BE099890ED040ABCEEA8
:10538000C00A10EE100A002818BF0120FEF7ACFF7B
:10539000099890ED040ABCEEC00A10EE100AE0B9BC
:1053A000FFE71DF02DFC1DF093FB1FF009F921F024
:1053B0002FFA13F07DF944F6E470C2F2000012F007
:1053C000F3FB45F2E020C2F2004010F0C9FF21F0EB
:1053D0004BFA0120FCF724FFFFE700F01FBE9DF809
:1053E00057001DF04DFA10B9FFE700F017BE0FF09F
:1053F0008FFD00F013BE9DF857001DF041FA10B963
:10540000FFE700F00BBE1DF0FBFB1DF061FB1FF082
:10541000D7F821F0FDF913F04BF944F6E470C2F22D
:10542000000012F0C1FB45F2E020C2F2004010F093
:1054300097FF0120079017F04BFE21F015FA07980F
:10544000FCF7EEFE00F0EABD9DF857001DF018FADB
:1054500010B9FFE700F0E2BD1DF0D2FB21F0D8F952
:1054600013F026F944F6E470C2F2000012F09CFB3F
:1054700021F0FAF940F22421C2F200010020087064
:1054800000F0CCBD9DF857001DF0FAF910B9FFE708
:1054900000F0C4BD40F22421C2F2000101200870D6
:1054A00000F0BCBD16989DF8571011AA1EF040FDE3
:1054B00010B9FFE700F0B2BD099890ED040ABCEE08
:1054C000C00A10EE100A8DF841009DF8410007282F
:1054D0001DD8FFE744F23050C2F200000078B0B1AE
:1054E000FFE740F22420C2F20000007878B1FFE725
:1054F00021F08EF913F0DCF89DF8411044F6E470C9
:10550000C2F2000012F034FA21F0AEF9FFE700F029
:1055100085BD16989DF8571011AA1EF009FD10B907
:10552000FFE700F07BBD44F6E470C2F200000078B3
:1055300011F0B2FF014609988DF8401013990F91B0
:1055400090ED040AF8EE000ACDED050AB0EE001A5F
:105550008DED061AFEF764FDDDED050A9DED061AD8
:10556000099880ED040A90ED050AFEF759FD0998A7
:1055700080ED050A9DF8400068B9FFE7099890EDB5
:10558000060ADFEDD50A9FEDD51AFEF749FD099809
:1055900080ED060AFFE7119846F6A831C2F2000135
:1055A0000860129848609DF8400028B1FFE79FED21
:1055B000CC0A8DED040A05E0099890ED060A8DED00
:1055C000040AFFE79DED040A46F6A830C2F2000087
:1055D00080ED020A44F23050C2F200000078002848
:1055E00056D0FFE740F22420C2F2000000780028E5
:1055F0004ED0FFE721F00CF913F05AF89DF8400067
:1056000098B3FFE744F6E470C2F20000007812F0AD
:1056100027F870B1FFE7099890ED020A9FEDB11AE3
:1056200020EE010A44F6E470C2F2000012F0A0FA83
:105630000DE0099890ED020A9FEDAA1A20EE010AEA
:1056400044F6E470C2F2000012F0FEF9FFE7099898
:1056500090ED040AD0ED050A44F6E470C2F20000B1
:105660009FED9F1A12F020FA0DE0099890ED040AC0
:10567000D0ED050A90ED061A44F6E470C2F200007F
:1056800012F012FAFFE721F0EFF81DF0D1FAFFE770
:1056900000F0C4BC16989DF8571011AA1EF048FCE3
:1056A00010B9FFE700F0BABC44F6E470C2F20000A3
:1056B000007811F0F1FE8DF83B0013980D901198D1
:1056C00046F6A831C2F200010860129848609DF8C1
:1056D0003B0028B1FFE79FED820A8DED030A05E04C
:1056E000099890ED060A8DED030AFFE79DED030A88
:1056F00046F6A830C2F2000080ED020A44F23050B3
:10570000C2F20000007800285FD0FFE740F22420BA
:10571000C2F200000078002857D0FFE721F078F8A7
:1057200012F0C6FF9DF83B00A8B3FFE744F6E47013
:10573000C2F20000007811F093FF70B1FFE7099802
:1057400090ED000A9FED671A20EE010A44F6E4701E
:10575000C2F2000012F00CFA0DE0099890ED000A78
:105760009FED601A20EE010A44F6E470C2F20000D8
:1057700012F06AF9FFE7099890ED040AD0ED050AE6
:1057800044F6E470C2F200009FED551A11F0ECFFF0
:105790008DF833000FE0099890ED040AD0ED050A6A
:1057A00090ED061A44F6E470C2F2000011F0DCFF3E
:1057B0008DF83300FFE721F057F89DF9330018B951
:1057C000FFE71DF01DFAFFE7FFE700F027BC9DF89B
:1057D00057001DF055F810B9FFE700F01FBC1DF091
:1057E0000FFA21F015F812F063FF44F6E470C2F2EC
:1057F000000012F0D9F921F037F800F00FBC9DF845
:1058000057001DF03DF810B9FFE700F007BC0FF09E
:1058100067FB00F003BC9DF857001DF031F808B994
:10582000FFE7FBE31DF054F90120FCF7F9FC40F21F
:10583000C021C2F2004100200870EFE39DF857003C
:105840001DF01EF808B9FFE7E8E340F2C021C2F2FC
:10585000004101200870E1E316989DF8571011AA45
:105860001EF066FB08B9FFE7D8E344F23050C2F2FD
:1058700000000078C0B3FFE740F2C020C2F2004051
:10588000007888B3FFE7099890ED040AD0ED050A87
:1058900090ED061A00210846FCF71AFC60B1FFE7FC
:1058A000099890ED040AD0ED050A90ED061AFCF770
:1058B000DBFD1DF025F90EE0099890ED040AD0ED0E
:1058C000050A90ED061AFCF733F90120FCF7A8FC55
:1058D0001DF0FEF8FFE70DE07BD920BF7BD9203F0C
:1058E0000000000039FA8E3C1DF0F2F80120FCF7B0
:1058F00097FCFFE792E39DF857001CF0C1FF08B941
:10590000FFE78BE31DF0E4F80120FCF789FC85E359
:105910009DF857001CF0B4FF08B9FFE77EE30FF0D5
:10592000D7FA7BE39DF857001CF0AAFF08B9FFE700
:1059300074E31EF045FE20F06BFF012017F0A8F97C
:1059400020F092FF44F22C31C2F2000100200870D6
:1059500064E39DF857001CF093FF08B9FFE75DE38F
:1059600044F22C31C2F200010120087056E316986F
:105970009DF8571011AA1EF0DBFA08B9FFE74DE3B6
:1059800044F23050C2F20000007838B1FFE744F230
:105990002C30C2F20000007808B9FFE73EE320F0A7
:1059A00037FF099890ED040ABCEEC00A10EE101AF9
:1059B0000120029017F0DCFA029817F01DF94AF264
:1059C0002021C2F20041087020F04EFF1EF0F8FDC9
:1059D00024E316989DF8571011AA1EF0A9FA08B9E9
:1059E000FFE71BE3099890ED040ABCEEC00A10EE35
:1059F000100A8DF8320044F23050C2F200000078F4
:105A000038B1FFE744F22C30C2F20000007808B948
:105A1000FFE703E320F0FCFE012017F0EDF89DF80E
:105A200032101EF0FDFC20F01FFF1EF0E1FDF5E23C
:105A300016989DF8571011AA1EF07AFA08B9FFE7D8
:105A4000ECE2099890ED040ABCEEC00A10EE101AC0
:105A50008DF8311090ED050ABCEEC00A10EE100A68
:105A60008DF8300044F23050C2F20000007838B1B6
:105A7000FFE744F22C30C2F20000007808B9FFE7DB
:105A8000CCE220F0C5FE9DF831009DF830101EF0EC
:105A9000C7FC20F0E9FE1EF0ABFDBFE29DF8570009
:105AA0001CF0EEFE08B9FFE7B8E21EF089FD20F019
:105AB000AFFE012017F00CFB20F0D6FEAEE29DF801
:105AC00057001CF0DDFE08B9FFE7A7E20FF028FA47
:105AD000A4E29DF857001CF0D3FE08B9FFE79DE251
:105AE0000FF00EFA9AE29DF857001CF0C9FE08B9B3
:105AF000FFE793E29DF8570010280AD1FFE71698B8
:105B00009DF8571011AA1EF013FA08B9FFE785E2B5
:105B1000FFE744F23050C2F20000007830B3FFE7F4
:105B200040F22420C2F200000078F8B1FFE70998A3
:105B300090ED040ABCEEC00A10EE100A8DF82F009A
:105B400020F066FE9DF82F1044F6E470C2F20000CB
:105B500012F066FC8DF82E0020F086FE9DF82E00D7
:105B600018B1FFE71DF04CF8FFE7FFE756E29DF89C
:105B700057001CF085FE08B9FFE74FE21DF040F822
:105B800020F046FE12F094FD44F6E470C2F20000EC
:105B900012F00AF820F068FE40E29DF857001CF071
:105BA0006FFE08B9FFE739E20FF0C2F936E29DF85F
:105BB00057001CF065FE08B9FFE72FE220F028FE31
:105BC00045F2E020C2F20040007D38B1FFE744F624
:105BD000E470C2F2000011F0E7FFFFE745F2E020B9
:105BE000C2F2004010F0BCFB20F03EFE16E29DF831
:105BF00057001CF045FE08B9FFE70FE244F23050B1
:105C0000C2F20000007870B1FFE720F001FE45F21B
:105C1000E020C2F20040012100231A4610F034FBBC
:105C200020F022FEFFE7F9E116989DF8571011AA1F
:105C30001EF07EF908B9FFE7F0E144F23050C2F2FD
:105C400000000078002800F08C80FFE7099890EDB4
:105C5000060ABCEEC00A10EE100A002818BF012088
:105C60008DF8430001208DF8420020F0D1FD099805
:105C700090ED040ABCEEC00A10EE100A70B9FFE7FE
:105C800045F2E020C2F20040007D38B1FFE744F663
:105C9000E470C2F2000011F087FFFFE7099890ED71
:105CA000040ABCEEC00A10EE100A38B3FFE79DF8F4
:105CB000430018B3FFE745F2E020C2F20040807DC8
:105CC000E0B9FFE79DF84200C0B9FFE7099890ED01
:105CD000050ABCEEC00A10EE102A002A18BF0122E5
:105CE00045F2E020C2F20040009001210191002322
:105CF00010F0CAFA0099019888752FE0099890ED84
:105D0000041A90ED050ABCEEC11A11EE101A002912
:105D100018BF0121BCEEC00A10EE102A002A18BFDD
:105D200001229DF8433045F2E020C2F2004010F01D
:105D3000ABFA099890ED040ABCEEC00A10EE100A06
:105D400058B1FFE79DF8430038B1FFE79DF84200E6
:105D500018B1FFE71CF054FFFFE7FFE720F084FDD8
:105D6000FFE75BE19DF857001CF08AFD08B9FFE7EB
:105D700054E144F23050C2F20000007860B1FFE715
:105D800020F046FD45F2E020C2F20040002110F074
:105D9000E3F920F069FDFFE740E19DF857001CF0B2
:105DA0006FFD08B9FFE739E144F23050C2F200005C
:105DB000007870B1FFE720F02BFD1CF021FF45F2C9
:105DC000E020C2F20040002110F022F920F04CFD4A
:105DD000FFE723E19DF857001CF052FD08B9FFE7EB
:105DE0001CE144F23050C2F20000007860B1FFE7DD
:105DF00020F00EFD45F2E020C2F20040012110F03B
:105E0000ABF920F031FDFFE708E19DF857001CF0E9
:105E100037FD08B9FFE701E144F23050C2F200005B
:105E2000007870B1FFE720F0F3FC1CF0E9FE45F2CA
:105E3000E020C2F20040012110F0EAF820F014FD49
:105E4000FFE7EBE09DF857001CF01AFD08B9FFE7EB
:105E5000E4E044F23050C2F20000007870B1FFE795
:105E600020F0D6FC1CF0CCFE45F2E020C2F200404F
:105E7000002110F00DF920F0F7FCFFE7CEE09DF8CF
:105E800057001CF0FDFC08B9FFE7C7E044F23050B2
:105E9000C2F20000007870B1FFE720F0B9FC1CF0FE
:105EA000AFFE45F2E020C2F20040012110F0F0F810
:105EB00020F0DAFCFFE7B1E09DF857001CF0E0FCB1
:105EC00008B9FFE7AAE044F23050C2F200000078BF
:105ED00070B1FFE720F09CFC1CF092FE45F2E02040
:105EE000C2F20040002110F0A3F820F0BDFCFFE753
:105EF00094E09DF857001CF0C3FC08B9FFE78DE063
:105F000044F23050C2F20000007870B1FFE720F098
:105F10007FFC1CF075FE45F2E020C2F2004001213A
:105F200010F086F820F0A0FCFFE777E09DF857001E
:105F30001CF0A6FC08B9FFE770E044F23050C2F252
:105F40000000007868B1FFE720F062FC1CF058FE0A
:105F500045F2E020C2F2004010F046F820F084FC48
:105F6000FFE75BE09DF857001CF08AFC08B9FFE7EB
:105F700054E020F04DFC45F2E020C2F20040007DEC
:105F800038B1FFE744F6E470C2F2000011F00CFEF5
:105F9000FFE745F2E020C2F2004010F0E1F920F006
:105FA00063FC3BE016989DF8571011AA1DF0C0FF46
:105FB00008B9FFE732E044F23050C2F20000007846
:105FC00000B3FFE720F024FC45F2E020C2F20040DD
:105FD000007D38B1FFE744F6E470C2F2000011F032
:105FE000E3FDFFE7099890ED040ABCEEC00A10EE4D
:105FF000101A45F2E020C2F2004010F0C9F820F07B
:1060000033FCFFE70AE09DF857001CF039FC08B9A3
:10601000FFE703E00EF06CFF00E0FFE718B080BD83
:10602000704700000000000080B582B0019005F0CC
:10603000CBFB0090FFE705F0C7FB0099401A0199E0
:10604000884201D2FFE7F6E702B080BD0000000001
:1060500080B5BAB038903791389820B9FFE7012061
:106060008DF8E7002AE001A8009010F0D1FF009819
:1060700000F02AF840B1FFE73899002008763899F7
:1060800088628DF8E70019E03898007E50B9FFE784
:1060900038990120087637983899886200208DF861
:1060A000E7000BE037983899896A411A0020B1F56A
:1060B0007A7F88BF01208DF8E700FFE79DF8E700B1
:1060C0003AB080BD0000000082B00090009820B976
:1060D000FFE700208DF8070019E00098807E20B1CE
:1060E000FFE70098407F20B9FFE700208DF8070008
:1060F0000DE000988068B0F1FF3F04DCFFE700206E
:106100008DF8070003E001208DF80700FFE79DF8F8
:10611000070002B07047000080B5B8B001A8009039
:1061200010F076FF0098FFF7CFFF20B9FFE70020BF
:106130008DF8DF0007E0039900204129C8BF012046
:106140008DF8DF00FFE79DF8DF0038B080BD00006C
:1061500080B586B004908DF80F109DF80F00029066
:10616000029802280ED3FFE7029801900498FEF7E8
:10617000FFF901460198884204D8FFE701208DF815
:10618000170003E000208DF81700FFE79DF81700C7
:1061900006B080BD0000000080B584B003908DF88B
:1061A0000B109FED140A14F04BF88DED010A0398C3
:1061B0009DF80B1000EB810090ED110A90ED172A6D
:1061C000B8EEC00A48F65C10C0F6020000EB810091
:1061D00090ED001A21EE021A9DED012AA1EE020AAD
:1061E0008DED000A9DED000ABDEEC00A10EE100A0A
:1061F00004B080BDB458B74480B584B00290029812
:10620000FAF7CAFA8DF8060000208DF80700FFE7BC
:106210009DF80700012844D8FFE79DF80600C00755
:10622000C8B1FFE702989DF8071000EB810090EDE0
:10623000171A90ED1D0A30EE410AFAF791FAB1EE05
:10624000041AB4EE410AF1EE10FA04DDFFE7002073
:106250008DF80F0029E09DF806008007002819D569
:10626000FFE702989DF8071000EB810090ED171AE8
:1062700090ED1F0A30EE410AFAF772FAB1EE041AF5
:10628000B4EE410AF1EE10FA04DDFFE700208DF8CC
:106290000F000AE0FFE79DF8070001308DF80700C6
:1062A000B6E701208DF80F00FFE79DF80F0004B05E
:1062B00080BD00000000000081B000909DED000A4C
:1062C000B8EEC00A9FED021A20EE010A01B0704735
:1062D000400749360000000081B0EFF3108072B62D
:1062E0000090FFE7FEE7000044F60C01C5F602014E
:1062F000086840F002000860FFE744F60400C5F6B5
:10630000020000688004002801D4FFE7F5E7704729
:1063100080B584B0ADF80E00ADF80C10ADF80A20D1
:10632000ADF80830BDF90E20BDF90C30BDF90A00FA
:10633000BDF908C06946C1F804C0086045F2FC60B8
:10634000C2F200004FF4007100F026FB04B080BDE3
:1063500080B584B0ADF80E00ADF80C10ADF80A2091
:10636000ADF80830BDF90E20BDF90C30BDF90A00BA
:10637000BDF908C06946C1F804C0086045F2FC6078
:10638000C2F2000040F2FF1100F006FB04B080BD35
:1063900080B545F2FC60C2F20000012100F06CFA09
:1063A00080BD00000000000080B545F2FC60C2F234
:1063B000000004F02DF980BD80B545F2FC60C2F20A
:1063C000000004F025F980BD80B584B0ADF80E0062
:1063D000ADF80C10ADF80A20ADF80830BDF90E206C
:1063E000BDF90C30BDF90A00BDF908C06946C1F815
:1063F00004C0086045F28440C2F200404FF40071CE
:1064000000F0CAFA04B080BD80B584B0ADF80E00CB
:10641000ADF80C10ADF80A20ADF80830BDF90E202B
:10642000BDF90C30BDF90A00BDF908C06946C1F8D4
:1064300004C0086045F28440C2F2004040F2FF11FF
:1064400000F0AAFA04B080BD80B545F28440C2F2E3
:106450000040012100F010FA80BD000000000000A3
:1064600080B545F28440C2F2004004F0D1F880BD0E
:1064700080B545F28440C2F2004004F0C9F880BD06
:1064800080B584B0ADF80E00ADF80C10ADF80A2060
:10649000ADF80830BDF90E20BDF90C30BDF90A0089
:1064A000BDF908C06946C1F804C0086045F29C7097
:1064B000C2F200004FF4007100F06EFA04B080BD2B
:1064C00080B545F29C70C2F20000022100F0D4F9C0
:1064D00080BD00000000000080B545F29C70C2F253
:1064E000000004F095F880BD80B545F29C70C2F2C2
:1064F000000004F08DF880BD84B002900298406BDB
:10650000009002980068D0F884004FF6FC71884330
:10651000009940EA810002990968C1F88400029854
:106520000068D0F8840020F47F00029A1168926B12
:1065300040EA0240C1F884000298816B0098084448
:10654000009002980068D0F888006FF38F000099DF
:1065500040EA810002990968C1F888000298006841
:10656000D0F8880020F4FE00029A1168D26B40EA4D
:106570000240C1F888000298C16B009800EB41000E
:10658000009002980068D0F8A0006FF38F00009987
:1065900040EA810002990968C1F8A00002980068E9
:1065A000D0F8A00020F4FE00029A1168126C40EAB4
:1065B0000240C1F8A0000299086C496C009A00FBE7
:1065C0000120009002980068D0F8B0006FF38F00AF
:1065D000009940EA810002990968C1F8B000029868
:1065E0000068D0F8B00020F4FE00029A1168926CA6
:1065F00040EA0240C1F8B0000299886CC96C009A68
:1066000000FB0120009002980068D0F8AC006FF306
:106610008F00009940EA810002990968C1F8AC0036
:106620000299086D496D009A00FB012000900298C4
:106630000068D0F8F0006FF38F00009940EA810005
:1066400002990968C1F8F00002980068D0F8F000DB
:1066500020F47C10029A1168926D40EA0240C1F861
:10666000F0000298816D009800EB410000900298C4
:106670000068D0F8C0006FF38F00009940EA8100F5
:1066800002990968C1F8C00002980068D0F8C000FB
:1066900020F47C10029A1168D26D40EA0240C1F8E1
:1066A000C00002980068D0F8C00020F07C50029A28
:1066B0001168126E40EA0260C1F8C00002994A6B8C
:1066C0004AF60040C4F2000000EB8200C86602995E
:1066D0008A6BC86E00EB820008670299CA6B086F6C
:1066E00000EBC200486702990A6C4B6C486F5A4332
:1066F00000EB8200886702998A6CCB6C886F5A43E2
:1067000000EB8200C86702990A6D4B6DC86F5A434F
:1067100000EB8200C1F8800002998A6DD1F88000F8
:1067200000EBC200C1F884000299CA6D8B6ED1F8EB
:1067300084005A4300EB8200C1F8880002990A6E77
:106740008B6ED1F888005A4300EB8200C1F89000AC
:106750000298D0F890004DF2FD31C4F20001884259
:106760000FD3FFE70299D1F89C0040F02000C1F858
:106770009C000299032081F8980001208DF80F00F9
:1067800017E00298C06E0190FFE701980299D1F8D6
:106790009010884208D2FFE7019900200860FFE7C7
:1067A000019804300190F0E7FFE700208DF80F001A
:1067B000FFE79DF80F0004B07047000000000000E4
:1067C00088B007900691059204930698406848B9EE
:1067D000FFE70698016882680069104340EA81403B
:1067E000039009E006980168826800691043084335
:1067F00040F080400390FFE70698D0F820C0C168C1
:1068000042698369C06940EA0C601843104340EA5A
:10681000014002900798826ED0F884000499514399
:1068200000EB810001900398019908600198043001
:1068300001900298019908600198043001900020AD
:106840000090FFE700980699CA6848F21C51C0F60C
:106850000201895C88420DD2FFE7059800994058F3
:1068600001990860019804300190FFE70098043016
:106870000090E7E708B0704780B58CB00B900A91A4
:1068800000200190099008900790069005900490D0
:106890000390029002900390022004900A980590C1
:1068A0004FF4007006904FF4FE6007900B9802A919
:1068B00003F06EFC18B1FFE7FFF70EFDFFE70CB029
:1068C00080BD00000000000080B545F2FC60C2F20F
:1068D000000000F0D5F845F28440C2F2004000F01C
:1068E000CFF845F29C70C2F2000000F0C9F880BDFC
:1068F00080B590B00F900E910D92FFE70F980E9912
:1069000003F0DEFC002843D0FFE70F980E9903AA9E
:1069100001AB03F0F1FC08B1FFE739E0049850B98E
:10692000FFE70398B0F5007F05D9FFE70398B0F5BE
:10693000027F01D9FFE7E1E70398A0F20120009070
:106940000D980099C1EBC10100EB8101886901300C
:1069500088610D980099C1EBC10100EB810080694D
:1069600032280AD8FFE70D980099C1EBC10100EB6E
:10697000810001A91EF0BCFE09E00D980099C1EB51
:10698000C10100EB810001A91EF066FEFFE7B5E73B
:1069900010B080BD0000000010B592B08C46864655
:1069A00015981499CDF840E0ADF83EC0ADF83C2004
:1069B000ADF83A30ADF83810ADF83600109820B97F
:1069C000FFE700208DF8470054E0109803F010FE18
:1069D00020B9FFE700208DF847004BE0BDF83E00EE
:1069E00004900020059006900821079108900990D6
:1069F0000A900B900C90BDF83C00ADF80600BDF875
:106A00003A00ADF80400BDF83800ADF80200BDF85A
:106A10003600ADF800009DF807008DF80800BDF8BD
:106A200006008DF809009DF805008DF80A00BDF8F4
:106A300004008DF80B009DF803008DF80C00BDF8E4
:106A400002008DF80D009DF801008DF80E00BDF8D4
:106A500000008DF80F00109804A902AA03F028FB8B
:106A600020B1FFE700208DF8470003E001208DF8FA
:106A70004700FFE79DF8470012B010BD000000007E
:106A800080B582B0019000200090019808B9FFE71E
:106A900031E0019804F040FC18B1FFE7FFF71CFC5F
:106AA000FFE7019845F2FC61C2F20001884208D07C
:106AB000FFE7019845F28441C2F20041884203D1C8
:106AC000FFE7012000900CE0019845F29C71C2F2B2
:106AD0000001884203D1FFE71020009000E00AE0A7
:106AE000FFE701980099002203F062FA18B1FFE76E
:106AF000FFF7F2FBFFE702B080BD000000000000DE
:106B000083B001908DF80310019820B9FFE70020B1
:106B10008DF80B0020E0019880799DF803108842E1
:106B200004D1FFE701208DF80B0015E001980078F3
:106B300050B1FFE701980078162805D0FFE70198CB
:106B40000078172804D1FFE701208DF80B0003E03F
:106B500000208DF80B00FFE79DF80B0003B0704795
:106B600080B582B08DF803009DF803000DF050FF52
:106B7000012803D1FFE70F20019002E00E200190D1
:106B8000FFE7019802B080BD80B582B08DF80300A8
:106B90009DF803000DF03CFF012806D1FFE748F205
:106BA0007C70C0F60200019005E048F68010C0F647
:106BB00002000190FFE7019802B080BD00000000D4
:106BC00081B08DED000AFFE79DED000A9FED141ADC
:106BD000B4EE410AF1EE10FA09DDFFE79DED000A7F
:106BE0009FED121A30EE010A8DED000AECE7FFE787
:106BF0009DED000A9FED0B1AB4EE410AF1EE10FA7A
:106C000009DAFFE79DED000A9FED071A30EE010A51
:106C10008DED000AECE79DED000A01B0704700BF62
:106C200000003443000034C30000B4430000B4C388
:106C300080B584B003908DF80B109FED140A13F00B
:106C4000FFFA8DED010A03989DF80B1000EB81000F
:106C500090ED0F0A90ED172AB8EEC00A48F65C10C6
:106C6000C0F6020000EB810090ED001A21EE021A3E
:106C70009DED012AA1EE020A8DED000A9DED000AAC
:106C8000BDEEC00A10EE100A04B080BDB458B7447F
:106C900080B584B04EF60000C1F6F1700068039034
:106CA0004EF60400C1F6F170006802904EF608003E
:106CB000C1F6F170006801900199039808440390AF
:106CC000039888B1FFE7039840F27001C2F20041D7
:106CD0000091023108220CF09BF9009902981231C0
:106CE00004220CF095F9FFE704B080BD000000001D
:106CF00080B540F60000C5F602004FF46041012265
:106D000004F04AFD80BD000080B58AB0089004F010
:106D10005BFD0490089828B9FFE701208DF8270053
:106D200000F0AABC089890F8350002280ED0FFE7C2
:106D3000089980204865FFE70899002081F8340011
:106D4000FFE701208DF8270000F096BC0898016845
:106D500001201022C4F202029142039000F0A380AD
:106D6000FFE70898016801202822C4F2020291423C
:106D7000039000F09880FFE7089801680120402206
:106D8000C4F202029142039000F08D80FFE7089860
:106D9000016801205822C4F202029142039000F0DF
:106DA0008280FFE70898016801207022C4F2020285
:106DB0009142039077D0FFE708980168012088226C
:106DC000C4F20202914203906DD0FFE70898016877
:106DD0000120A022C4F202029142039063D0FFE797
:106DE000089801680120B822C4F20202914203907F
:106DF00059D0FFE708980168012040F21042C4F220
:106E00000202914203904ED0FFE7089801680120EA
:106E100040F22842C4F202029142039043D0FFE7BD
:106E200008980168012040F24042C4F202029142F7
:106E3000039038D0FFE708980168012040F25842DB
:106E4000C4F20202914203902DD0FFE70898016836
:106E5000012040F27042C4F202029142039022D01B
:106E6000FFE708980168012040F28842C4F202025C
:106E70009142039017D0FFE708980168012040F283
:106E8000A042C4F20202914203900CD0FFE708989E
:106E900000684FF64831CBF6FD710844B0FA80F037
:106EA00040090390FFE70398C00780B1FFE7089807
:106EB0000168086820F01E000860089801684869A9
:106EC00020F08000486108980068059009E0089863
:106ED0000168086820F00E000860089800680590B6
:106EE000FFE70898016801201022C4F202029142D3
:106EF000029000F00381FFE7089801680120282232
:106F0000C4F202029142029000F0F880FFE7089874
:106F1000016801204022C4F202029142029000F076
:106F2000ED80FFE70898016801205822C4F20202B0
:106F30009142029000F0E280FFE70898016801208A
:106F40007022C4F202029142029000F0D780FFE763
:106F50000898016801208822C4F20202914202903E
:106F600000F0CC80FFE7089801680120A022C4F25D
:106F700002029142029000F0C180FFE70898016888
:106F80000120B822C4F202029142029000F0B680C1
:106F9000FFE708980168012040F21042C4F20202A3
:106FA0009142029000F0AA80FFE708980168012052
:106FB00040F22842C4F202029142029000F09E8008
:106FC000FFE708980168012040F24042C4F2020243
:106FD0009142029000F09280FFE70898016801203A
:106FE00040F25842C4F202029142029000F08680C0
:106FF000FFE708980168012040F27042C4F20202E3
:10700000914202907AD0FFE708980168012040F28F
:107010008842C4F20202914202906FD0FFE70898C2
:107020000168012040F2A042C4F2020291420290A3
:1070300064D0FFE708980168012040F2B842C4F22A
:1070400002029142029059D0FFE70898016801209E
:1070500045F20842C5F60202914202904ED0FFE787
:1070600008980168012045F21C42C5F602029142CF
:10707000029043D0FFE708980168012045F23042B2
:10708000C5F602029142029038D0FFE708980168E5
:10709000012045F24442C5F60202914202902DD0F1
:1070A000FFE708980168012045F25842C5F6020240
:1070B0009142029022D0FFE708980168012045F232
:1070C0006C42C5F602029142029017D0FFE7089881
:1070D0000168012045F28042C5F602029142029009
:1070E0000CD0FFE7089800684AF66C31CAF2FD71CF
:1070F0000844B0FA80F040090290FFE70298C00708
:1071000038B1FFE70898016E086820F480700860C5
:10711000FFE7089800681021C4F20201884200F0DD
:107120008180FFE7089800682821C4F202018842A4
:1071300078D0FFE7089800684021C4F20201884235
:1071400070D0FFE7089800685821C4F20201884215
:1071500068D0FFE7089800687021C4F202018842F5
:1071600060D0FFE7089800688821C4F202018842D5
:1071700058D0FFE708980068A021C4F202018842B5
:1071800050D0FFE708980068B821C4F20201884295
:1071900048D0FFE70898006840F21041C4F20201AD
:1071A00088423FD0FFE70898006840F22841C4F2C7
:1071B0000201884236D0FFE70898006840F240415B
:1071C000C4F2020188422DD0FFE70898006840F21F
:1071D0005841C4F20201884224D0FFE708980068B1
:1071E00040F27041C4F2020188421BD0FFE70898C8
:1071F000006840F28841C4F20201884212D0FFE7E1
:107200000898006840F2A041C4F20201884209D007
:10721000FFE70898006840F2B841C4F202018842D2
:1072200007D1FFE708980168086820F001000860AE
:1072300006E008980168086820F001000860FFE790
:10724000FFE705980068C007C8B1FFE704F0BCFA83
:107250000499401A062811D3FFE7089920204865B1
:107260000899032081F83500FFE70899002081F88C
:107270003400FFE701208DF82700FDE1E1E70898E1
:10728000016801201022C4F202029142019000F034
:10729000A380FFE70898016801202822C4F20202B7
:1072A0009142019000F09880FFE708980168012062
:1072B0004022C4F202029142019000F08D80FFE76B
:1072C0000898016801205822C4F2020291420190FC
:1072D00000F08280FFE70898016801207022C4F264
:1072E00002029142019077D0FFE7089801680120DF
:1072F0008822C4F20202914201906DD0FFE7089803
:1073000001680120A022C4F202029142019063D0E0
:10731000FFE7089801680120B822C4F202029142F6
:10732000019059D0FFE708980168012040F210420F
:10733000C4F20202914201904ED0FFE70898016822
:10734000012040F22842C4F202029142019043D04F
:10735000FFE708980168012040F24042C4F20202AF
:107360009142019038D0FFE708980168012040F26F
:107370005842C4F20202914201902DD0FFE70898D2
:107380000168012040F27042C4F202029142019071
:1073900022D0FFE708980168012040F28842C4F239
:1073A00002029142019017D0FFE70898016801207E
:1073B00040F2A042C4F20202914201900CD0FFE7D9
:1073C000089800684FF64831CBF6FD710844B0FAD2
:1073D00080F040090190FFE70198C00760B1FFE726
:1073E0000898806D07900898C06D00F01F013F203D
:1073F0008840079988600BE00898806D069008988F
:10740000C06D00F01F010120884006994860FFE729
:107410000898016801201022C4F2020291420090F3
:1074200000F00381FFE70898016801202822C4F2D8
:1074300002029142009000F0F880FFE7089801688E
:1074400001204022C4F202029142009000F0ED803F
:10745000FFE70898016801205822C4F20202914215
:10746000009000F0E280FFE7089801680120702298
:10747000C4F202029142009000F0D780FFE7089822
:10748000016801208822C4F202029142009000F0BB
:10749000CC80FFE7089801680120A022C4F2020214
:1074A0009142009000F0C180FFE708980168012038
:1074B000B822C4F202029142009000F0B680FFE7C9
:1074C00008980168012040F21042C4F20202914281
:1074D000009000F0AA80FFE708980168012040F2C0
:1074E0002842C4F202029142009000F09E80FFE721
:1074F00008980168012040F24042C4F20202914221
:10750000009000F09280FFE708980168012040F2A7
:107510005842C4F202029142009000F08680FFE7D8
:1075200008980168012040F27042C4F202029142C0
:1075300000907AD0FFE708980168012040F2884265
:10754000C4F20202914200906FD0FFE708980168F0
:10755000012040F2A042C4F202029142009064D0A5
:10756000FFE708980168012040F2B842C4F2020225
:107570009142009059D0FFE708980168012045F238
:107580000842C5F60202914200904ED0FFE70898EB
:107590000168012045F21C42C5F6020291420090AA
:1075A00043D0FFE708980168012045F23042C5F654
:1075B00002029142009038D0FFE70898016801204C
:1075C00045F24442C5F60202914200902DD0FFE7F9
:1075D00008980168012045F25842C5F6020291421E
:1075E000009022D0FFE708980168012045F26C4224
:1075F000C5F602029142009017D0FFE70898016893
:10760000012045F28042C5F60202914200900CD062
:10761000FFE7089800684AF66C31CAF2FD71084429
:10762000B0FA80F040090090FFE70098C007A0B1D1
:10763000FFE70898416E806E48600898C06E58B1A8
:10764000FFE70898C16E086820F480700860089809
:10765000016F406F4860FFE7FFE70899012081F85C
:107660003500FFE70899002081F83400FFE7FFE7C5
:1076700000208DF82700FFE79DF827000AB080BDA5
:1076800080B586B00490049820B9FFE701208DF8FA
:10769000170046E3049890F83500022807D0FFE76A
:1076A00004998020486501208DF8170039E304987B
:1076B000016801201022C4F202029142029000F0FF
:1076C000A380FFE70498016801202822C4F2020287
:1076D0009142029000F09880FFE704980168012031
:1076E0004022C4F202029142029000F08D80FFE736
:1076F0000498016801205822C4F2020291420290CB
:1077000000F08280FFE70498016801207022C4F233
:1077100002029142029077D0FFE7049801680120AD
:107720008822C4F20202914202906DD0FFE70498D1
:1077300001680120A022C4F202029142029063D0AB
:10774000FFE7049801680120B822C4F202029142C6
:10775000029059D0FFE704980168012040F21042DE
:10776000C4F20202914202904ED0FFE704980168F1
:10777000012040F22842C4F202029142029043D01A
:10778000FFE704980168012040F24042C4F202027F
:107790009142029038D0FFE704980168012040F23E
:1077A0005842C4F20202914202902DD0FFE70498A1
:1077B0000168012040F27042C4F20202914202903C
:1077C00022D0FFE704980168012040F28842C4F209
:1077D00002029142029017D0FFE70498016801204D
:1077E00040F2A042C4F20202914202900CD0FFE7A4
:1077F000049800684FF64831CBF6FD710844B0FAA2
:1078000080F040090290FFE70298C007002800F0CE
:107810009D80FFE70499042081F8350004980068F2
:107820001021C4F20201884200F08180FFE7049831
:1078300000682821C4F20201884278D0FFE704984A
:1078400000684021C4F20201884270D0FFE704982A
:1078500000685821C4F20201884268D0FFE704980A
:1078600000687021C4F20201884260D0FFE70498EA
:1078700000688821C4F20201884258D0FFE70498CA
:107880000068A021C4F20201884250D0FFE70498AA
:107890000068B821C4F20201884248D0FFE704988A
:1078A000006840F21041C4F2020188423FD0FFE775
:1078B0000498006840F22841C4F20201884236D0A0
:1078C000FFE70498006840F24041C4F20201884298
:1078D0002DD0FFE70498006840F25841C4F202013D
:1078E000884224D0FFE70498006840F27041C4F257
:1078F000020188421BD0FFE70498006840F28841EB
:10790000C4F20201884212D0FFE70498006840F2F6
:10791000A041C4F20201884209D0FFE70498006840
:1079200040F2B841C4F20201884207D1FFE704984F
:107930000168086820F00100086006E0049801680A
:10794000086820F001000860FFE7E5E1049801689D
:10795000086820F00E000860049800681021C4F246
:107960000201884200F08180FFE704980068282126
:10797000C4F20201884278D0FFE7049800684021F1
:10798000C4F20201884270D0FFE7049800685821D1
:10799000C4F20201884268D0FFE7049800687021B1
:1079A000C4F20201884260D0FFE704980068882191
:1079B000C4F20201884258D0FFE704980068A02171
:1079C000C4F20201884250D0FFE704980068B82151
:1079D000C4F20201884248D0FFE70498006840F2F0
:1079E0001041C4F2020188423FD0FFE704980068CA
:1079F00040F22841C4F20201884236D0FFE70498E1
:107A0000006840F24041C4F2020188422DD0FFE7F5
:107A10000498006840F25841C4F20201884224D020
:107A2000FFE70498006840F27041C4F20201884206
:107A30001BD0FFE70498006840F28841C4F20201BD
:107A4000884212D0FFE70498006840F2A041C4F2D7
:107A50000201884209D0FFE70498006840F2B8416B
:107A6000C4F20201884207D1FFE704980168086860
:107A700020F00100086006E004980168086820F022
:107A800001000860FFE70498016801201022C4F299
:107A900002029142019000F00381FFE7049801681F
:107AA00001202822C4F202029142019000F0F880E5
:107AB000FFE70498016801204022C4F202029142CB
:107AC000019000F0ED80FFE7049801680120582242
:107AD000C4F202029142019000F0E280FFE70498B4
:107AE000016801207022C4F202029142019000F06C
:107AF000D780FFE70498016801208822C4F20202BF
:107B00009142019000F0CC80FFE7049801680120C9
:107B1000A022C4F202029142019000F0C180FFE76E
:107B2000049801680120B822C4F202029142019037
:107B300000F0B680FFE704980168012040F210428F
:107B4000C4F202029142019000F0AA80FFE704987B
:107B50000168012040F22842C4F2020291420190E1
:107B600000F09E80FFE704980168012040F2404247
:107B7000C4F202029142019000F09280FFE7049863
:107B80000168012040F25842C4F202029142019081
:107B900000F08680FFE704980168012040F27042FF
:107BA000C4F20202914201907AD0FFE70498016882
:107BB000012040F28842C4F20202914201906FD04B
:107BC000FFE704980168012040F2A042C4F20202DB
:107BD0009142019064D0FFE704980168012040F2CF
:107BE000B842C4F202029142019059D0FFE70498D2
:107BF0000168012045F20842C5F602029142019057
:107C00004ED0FFE704980168012045F21C42C5F6FA
:107C100002029142019043D0FFE7049801680120DD
:107C200045F23042C5F602029142019038D0FFE79A
:107C300004980168012045F24442C5F602029142CF
:107C400001902DD0FFE704980168012045F25842C9
:107C5000C5F602029142019022D0FFE70498016824
:107C6000012045F26C42C5F602029142019017D004
:107C7000FFE704980168012045F28042C5F6020240
:107C8000914201900CD0FFE7049800684AF66C31ED
:107C9000CAF2FD710844B0FA80F040090190FFE794
:107CA0000198C00728B3FFE70498016E086820F424
:107CB000807008600498806D03900498C06D00F097
:107CC0001F0101208840039948600498416E806E2E
:107CD00048600498C06E58B1FFE70498C16E086808
:107CE00020F4807008600498016F406F4860FFE7DF
:107CF000FFE70499012081F83500FFE7049900208F
:107D000081F83400FFE70498006D20B1FFE7049884
:107D1000016D8847FFE7FFE7FFE700208DF81700B8
:107D2000FFE79DF8170006B080BD000000000000CE
:107D300081B000900098406D01B0704700000000D5
:107D400080B590B00F9000200B9040F22400C2F25A
:107D50000000006848F2B511C1F64E31A0FB0110D9
:107D6000800A0A900F98806D09900F98806D089096
:107D7000099800680E90089800680D900F980168A7
:107D800001201022C4F202029142079000F0A38069
:107D9000FFE70F98016801202822C4F202029142F5
:107DA000079000F09880FFE70F98016801204022BB
:107DB000C4F202029142079000F08D80FFE70F9815
:107DC000016801205822C4F202029142079000F09B
:107DD0008280FFE70F98016801207022C4F202023E
:107DE0009142079077D0FFE70F9801680120882221
:107DF000C4F20202914207906DD0FFE70F9801682C
:107E00000120A022C4F202029142079063D0FFE752
:107E10000F9801680120B822C4F202029142079033
:107E200059D0FFE70F980168012040F21042C4F2D8
:107E30000202914207904ED0FFE70F98016801209F
:107E400040F22842C4F202029142079043D0FFE779
:107E50000F980168012040F24042C4F202029142B0
:107E6000079038D0FFE70F980168012040F2584290
:107E7000C4F20202914207902DD0FFE70F980168EB
:107E8000012040F27042C4F202029142079022D0D7
:107E9000FFE70F980168012040F28842C4F2020215
:107EA0009142079017D0FFE70F980168012040F238
:107EB000A042C4F20202914207900CD0FFE70F9853
:107EC00000684FF64831CBF6FD710844B0FA80F0F7
:107ED00040090790FFE70798C007002800F01385C6
:107EE000FFE70E980F99C96D01F01F01C840000708
:107EF000002840F1B080FFE70F9800681021C4F21D
:107F00000201884200F08180FFE70F980068282175
:107F1000C4F20201884278D0FFE70F980068402140
:107F2000C4F20201884270D0FFE70F980068582120
:107F3000C4F20201884268D0FFE70F980068702100
:107F4000C4F20201884260D0FFE70F9800688821E0
:107F5000C4F20201884258D0FFE70F980068A021C0
:107F6000C4F20201884250D0FFE70F980068B821A0
:107F7000C4F20201884248D0FFE70F98006840F23F
:107F80001041C4F2020188423FD0FFE70F98006819
:107F900040F22841C4F20201884236D0FFE70F9830
:107FA000006840F24041C4F2020188422DD0FFE750
:107FB0000F98006840F25841C4F20201884224D070
:107FC000FFE70F98006840F27041C4F20201884256
:107FD0001BD0FFE70F98006840F28841C4F202010D
:107FE000884212D0FFE70F98006840F2A041C4F227
:107FF0000201884209D0FFE70F98006840F2B841BB
:10800000C4F20201884207D1FFE70F9800680068B8
:1080100000F00400069006E00F980068006800F089
:1080200008000690FFE70698A0B1FFE70F980168E7
:10803000086820F0040008600F98C06D00F01F0170
:1080400008208840099988600F99486D40F0010028
:108050004865FFE7FFE70E980F99C96D01F01F0112
:10806000C840C007002800F0A980FFE70F9800680B
:108070001021C4F20201884200F08180FFE70F98CE
:1080800000682821C4F20201884278D0FFE70F98E7
:1080900000684021C4F20201884270D0FFE70F98C7
:1080A00000685821C4F20201884268D0FFE70F98A7
:1080B00000687021C4F20201884260D0FFE70F9887
:1080C00000688821C4F20201884258D0FFE70F9867
:1080D0000068A021C4F20201884250D0FFE70F9847
:1080E0000068B821C4F20201884248D0FFE70F9827
:1080F000006840F21041C4F2020188423FD0FFE71D
:108100000F98006840F22841C4F20201884236D03C
:10811000FFE70F98006840F24041C4F20201884234
:108120002DD0FFE70F98006840F25841C4F20201D9
:10813000884224D0FFE70F98006840F27041C4F2F3
:10814000020188421BD0FFE70F98006840F2884187
:10815000C4F20201884212D0FFE70F98006840F293
:10816000A041C4F20201884209D0FFE70F980068DD
:1081700040F2B841C4F20201884207D1FFE70F98EC
:108180000068406900F08000059005E00F980068E5
:10819000006800200590FFE7059870B1FFE70F9891
:1081A000C06D00F01F0101208840099988600F9977
:1081B000486D40F002004865FFE7FFE70E980F9911
:1081C000C96D01F01F01C8404007002840F1A98097
:1081D000FFE70F9800681021C4F20201884200F006
:1081E0008180FFE70F9800682821C4F202018842CD
:1081F00078D0FFE70F9800684021C4F2020188425E
:1082000070D0FFE70F9800685821C4F2020188423D
:1082100068D0FFE70F9800687021C4F2020188421D
:1082200060D0FFE70F9800688821C4F202018842FD
:1082300058D0FFE70F980068A021C4F202018842DD
:1082400050D0FFE70F980068B821C4F202018842BD
:1082500048D0FFE70F98006840F21041C4F20201D5
:1082600088423FD0FFE70F98006840F22841C4F2EF
:108270000201884236D0FFE70F98006840F2404183
:10828000C4F2020188422DD0FFE70F98006840F247
:108290005841C4F20201884224D0FFE70F980068D9
:1082A00040F27041C4F2020188421BD0FFE70F98F0
:1082B000006840F28841C4F20201884212D0FFE710
:1082C0000F98006840F2A041C4F20201884209D030
:1082D000FFE70F98006840F2B841C4F202018842FB
:1082E00007D1FFE70F980068006800F002000490D3
:1082F00005E00F980068006800200490FFE70498EC
:1083000070B1FFE70F98C06D00F01F010420884096
:10831000099988600F99486D40F004004865FFE7AF
:10832000FFE70E980F99C96D01F01F01C840C00604
:10833000002840F1DE80FFE70F9800681021C4F2AA
:108340000201884200F08180FFE70F980068282131
:10835000C4F20201884278D0FFE70F9800684021FC
:10836000C4F20201884270D0FFE70F9800685821DC
:10837000C4F20201884268D0FFE70F9800687021BC
:10838000C4F20201884260D0FFE70F98006888219C
:10839000C4F20201884258D0FFE70F980068A0217C
:1083A000C4F20201884250D0FFE70F980068B8215C
:1083B000C4F20201884248D0FFE70F98006840F2FB
:1083C0001041C4F2020188423FD0FFE70F980068D5
:1083D00040F22841C4F20201884236D0FFE70F98EC
:1083E000006840F24041C4F2020188422DD0FFE70C
:1083F0000F98006840F25841C4F20201884224D02C
:10840000FFE70F98006840F27041C4F20201884211
:108410001BD0FFE70F98006840F28841C4F20201C8
:10842000884212D0FFE70F98006840F2A041C4F2E2
:108430000201884209D0FFE70F98006840F2B84176
:10844000C4F20201884207D1FFE70F980068006874
:1084500000F00800039006E00F980068006800F044
:1084600004000390FFE70398002841D0FFE70F982E
:10847000C06D00F01F0110208840099988600F9896
:1084800000680068400300281AD5FFE70F980068CD
:1084900000680003002809D4FFE70F98006C20B1A2
:1084A000FFE70F98016C8847FFE708E00F98806CA2
:1084B00020B1FFE70F98816C8847FFE7FFE716E0E0
:1084C0000F9800680068C005002807D4FFE70F98E0
:1084D0000168086820F008000860FFE70F98006C4A
:1084E00020B1FFE70F98016C8847FFE7FFE7FFE740
:1084F000FFE70E980F99C96D01F01F01C840800673
:10850000002840F12681FFE70F9800681021C4F28F
:108510000201884200F08180FFE70F98006828215F
:10852000C4F20201884278D0FFE70F98006840212A
:10853000C4F20201884270D0FFE70F98006858210A
:10854000C4F20201884268D0FFE70F9800687021EA
:10855000C4F20201884260D0FFE70F9800688821CA
:10856000C4F20201884258D0FFE70F980068A021AA
:10857000C4F20201884250D0FFE70F980068B8218A
:10858000C4F20201884248D0FFE70F98006840F229
:108590001041C4F2020188423FD0FFE70F98006803
:1085A00040F22841C4F20201884236D0FFE70F981A
:1085B000006840F24041C4F2020188422DD0FFE73A
:1085C0000F98006840F25841C4F20201884224D05A
:1085D000FFE70F98006840F27041C4F20201884240
:1085E0001BD0FFE70F98006840F28841C4F20201F7
:1085F000884212D0FFE70F98006840F2A041C4F211
:108600000201884209D0FFE70F98006840F2B841A4
:10861000C4F20201884207D1FFE70F9800680068A2
:1086200000F01000029006E00F980068006800F06B
:1086300002000290FFE70298002800F08980FFE71F
:108640000F98C06D00F01F012020884009998860B4
:108650000F9890F83500042837D1FFE70F9801688C
:10866000086820F0160008600F980168486920F03B
:10867000800048610F98006C20B9FFE70F98806C6C
:1086800038B1FFE70F980168086820F0080008601B
:10869000FFE70F98C06D00F01F013F208840099947
:1086A00088600F99012081F83500FFE70F990020BD
:1086B00081F83400FFE70F98006D20B1FFE70F98B5
:1086C000016D8847FFE700F019BC0F98006800684B
:1086D000400300281AD5FFE70F98006800680003E0
:1086E000002809D4FFE70F98406C20B1FFE70F98EE
:1086F000416C8847FFE708E00F98C06B20B1FFE7A7
:108700000F98C16B8847FFE7FFE720E00F980068EC
:108710000068C005002811D4FFE70F9801680868B9
:1087200020F0100008600F99012081F83500FFE764
:108730000F99002081F83400FFE7FFE70F98C06B26
:1087400020B1FFE70F98C16B8847FFE7FFE7FFE71E
:10875000FFE70F98406D002800F0D480FFE70F98E6
:10876000406DC007002800F0C480FFE70F99042087
:1087700081F835000F9800681021C4F20201884288
:1087800000F08180FFE70F9800682821C4F2020101
:10879000884278D0FFE70F9800684021C4F20201B8
:1087A000884270D0FFE70F9800685821C4F2020198
:1087B000884268D0FFE70F9800687021C4F2020178
:1087C000884260D0FFE70F9800688821C4F2020158
:1087D000884258D0FFE70F980068A021C4F2020138
:1087E000884250D0FFE70F980068B821C4F2020118
:1087F000884248D0FFE70F98006840F21041C4F269
:10880000020188423FD0FFE70F98006840F22841FC
:10881000C4F20201884236D0FFE70F98006840F2A8
:108820004041C4F2020188422DD0FFE70F98006852
:1088300040F25841C4F20201884224D0FFE70F9869
:10884000006840F27041C4F2020188421BD0FFE789
:108850000F98006840F28841C4F20201884212D0A9
:10886000FFE70F98006840F2A041C4F2020188427D
:1088700009D0FFE70F98006840F2B841C4F2020146
:10888000884207D1FFE70F980168086820F00100CF
:10889000086006E00F980168086820F00100086091
:1088A000FFE7FFE70B9801300B900A99884201D946
:1088B000FFE707E0FFE70F9800680068C00700289F
:1088C000F0D1FFE70F9800680068C00728B1FFE704
:1088D0000F99032081F8350004E00F99012081F8F9
:1088E0003500FFE7FFE70F99002081F83400FFE72C
:1088F000FFE70F98C06C20B1FFE70F98C16C884765
:10890000FFE7FFE7FAE20F980168012045F208420D
:10891000C5F60202914201904ED0FFE70F98016820
:10892000012045F21C42C5F602029142019043D05B
:10893000FFE70F980168012045F23042C5F60202B8
:108940009142019038D0FFE70F980168012045F26D
:108950004442C5F60202914201902DD0FFE70F98E4
:108960000168012045F25842C5F602029142019089
:1089700022D0FFE70F980168012045F26C42C5F64E
:1089800002029142019017D0FFE70F980168012081
:1089900045F28042C5F60202914201900CD0FFE7F9
:1089A0000F9800684AF66C31CAF2FD710844B0FABB
:1089B00080F040090190FFE70198C007002800F00F
:1089C0009B82FFE70F98006800680C900D980F9944
:1089D000C96D01F01F01C8404007002840F1D78051
:1089E000FFE79DF830004007002840F1D080FFE706
:1089F0000F98C06D00F01F0104208840089948605E
:108A00009DF831000006002818D5FFE79DF83200D8
:108A1000C00748B9FFE70F98806C20B1FFE70F98B7
:108A2000816C8847FFE708E00F98006C20B1FFE7F2
:108A30000F98016C8847FFE7FFE7A7E09DF830003B
:108A40008006002800F19980FFE70F980068102148
:108A5000C4F20201884200F08180FFE70F980068AD
:108A60002821C4F20201884278D0FFE70F980068FD
:108A70004021C4F20201884270D0FFE70F980068DD
:108A80005821C4F20201884268D0FFE70F980068BD
:108A90007021C4F20201884260D0FFE70F9800689D
:108AA0008821C4F20201884258D0FFE70F9800687D
:108AB000A021C4F20201884250D0FFE70F9800685D
:108AC000B821C4F20201884248D0FFE70F9800683D
:108AD00040F21041C4F2020188423FD0FFE70F98F4
:108AE000006840F22841C4F20201884236D0FFE714
:108AF0000F98006840F24041C4F2020188422DD034
:108B0000FFE70F98006840F25841C4F20201884222
:108B100024D0FFE70F98006840F27041C4F20201D0
:108B200088421BD0FFE70F98006840F28841C4F2EA
:108B30000201884212D0FFE70F98006840F2A0417E
:108B4000C4F20201884209D0FFE70F98006840F2A2
:108B5000B841C4F20201884207D1FFE70F980168CB
:108B6000086820F00800086006E00F9801680868AF
:108B700020F004000860FFE7FFE70F98006C20B1C9
:108B8000FFE70F98016C8847FFE7FFE7B3E10D9817
:108B90000F99C96D01F01F01C8408007002840F1FE
:108BA000E180FFE79DF830008007002840F1DA807F
:108BB000FFE70F98C06D00F01F0102208840089960
:108BC00048609DF831000006002818D5FFE79DF8A1
:108BD0003200C00748B9FFE70F98406C20B1FFE7AB
:108BE0000F98416C8847FFE708E00F98C06B20B1F1
:108BF000FFE70F98C16B8847FFE7FFE7B1E09DF8FB
:108C000030008006002800F1A380FFE70F9800687D
:108C10001021C4F20201884200F08180FFE70F9822
:108C200000682821C4F20201884278D0FFE70F983B
:108C300000684021C4F20201884270D0FFE70F981B
:108C400000685821C4F20201884268D0FFE70F98FB
:108C500000687021C4F20201884260D0FFE70F98DB
:108C600000688821C4F20201884258D0FFE70F98BB
:108C70000068A021C4F20201884250D0FFE70F989B
:108C80000068B821C4F20201884248D0FFE70F987B
:108C9000006840F21041C4F2020188423FD0FFE771
:108CA0000F98006840F22841C4F20201884236D091
:108CB000FFE70F98006840F24041C4F20201884289
:108CC0002DD0FFE70F98006840F25841C4F202012E
:108CD000884224D0FFE70F98006840F27041C4F248
:108CE000020188421BD0FFE70F98006840F28841DC
:108CF000C4F20201884212D0FFE70F98006840F2E8
:108D0000A041C4F20201884209D0FFE70F98006831
:108D100040F2B841C4F20201884207D1FFE70F9840
:108D20000168086820F01400086006E00F980168E8
:108D3000086820F00A000860FFE70F99012081F819
:108D40003500FFE70F99002081F83400FFE7FFE7C7
:108D50000F98C06B20B1FFE70F98C16B8847FFE702
:108D6000FFE7C7E00D980F99C96D01F01F01C840DA
:108D70000007002840F1BC80FFE79DF830000007A5
:108D8000002840F1B580FFE70F9800681021C4F279
:108D90000201884200F08180FFE70F9800682821D7
:108DA000C4F20201884278D0FFE70F9800684021A2
:108DB000C4F20201884270D0FFE70F980068582182
:108DC000C4F20201884268D0FFE70F980068702162
:108DD000C4F20201884260D0FFE70F980068882142
:108DE000C4F20201884258D0FFE70F980068A02122
:108DF000C4F20201884250D0FFE70F980068B82102
:108E0000C4F20201884248D0FFE70F98006840F2A0
:108E10001041C4F2020188423FD0FFE70F9800687A
:108E200040F22841C4F20201884236D0FFE70F9891
:108E3000006840F24041C4F2020188422DD0FFE7B1
:108E40000F98006840F25841C4F20201884224D0D1
:108E5000FFE70F98006840F27041C4F202018842B7
:108E60001BD0FFE70F98006840F28841C4F202016E
:108E7000884212D0FFE70F98006840F2A041C4F288
:108E80000201884209D0FFE70F98006840F2B8411C
:108E9000C4F20201884207D1FFE70F980168086811
:108EA00020F01C00086006E00F980168086820F0B8
:108EB0000E000860FFE70F98C06D00F01F01012051
:108EC00000FA01F1089A51600F9948650F9981F8ED
:108ED0003500FFE70F99002081F83400FFE70F9875
:108EE000C06C20B1FFE70F98C16C8847FFE700E036
:108EF000FFE7FFE7FFE700E0FFE7FFE710B080BD17
:108F000010B58EB00C9002F05FFC0A900C9828B956
:108F1000FFE701208DF8370000F09EBC0C98016837
:108F200001201022C4F202029142079000F0A380B7
:108F3000FFE70C98016801202822C4F20202914246
:108F4000079000F09880FFE70C980168012040220C
:108F5000C4F202029142079000F08D80FFE70C9866
:108F6000016801205822C4F202029142079000F0E9
:108F70008280FFE70C98016801207022C4F202028F
:108F80009142079077D0FFE70C9801680120882272
:108F9000C4F20202914207906DD0FFE70C9801687D
:108FA0000120A022C4F202029142079063D0FFE7A1
:108FB0000C9801680120B822C4F202029142079085
:108FC00059D0FFE70C980168012040F21042C4F22A
:108FD0000202914207904ED0FFE70C9801680120F1
:108FE00040F22842C4F202029142079043D0FFE7C8
:108FF0000C980168012040F24042C4F20202914202
:10900000079038D0FFE70C980168012040F25842E1
:10901000C4F20202914207902DD0FFE70C9801683C
:10902000012040F27042C4F202029142079022D025
:10903000FFE70C980168012040F28842C4F2020266
:109040009142079017D0FFE70C980168012040F289
:10905000A042C4F20202914207900CD0FFE70C98A4
:1090600000684FF64831CBF6FD710844B0FA80F045
:1090700040090790FFE70798C007002800F07881B3
:10908000FFE70C98406A08B1FFE7FFE70C99022060
:1090900081F83500FFE70C99002081F83400FFE7E4
:1090A0000C9800681021C4F20201884200F081800F
:1090B000FFE70C9800682821C4F20201884278D0AA
:1090C000FFE70C9800684021C4F20201884270D08A
:1090D000FFE70C9800685821C4F20201884268D06A
:1090E000FFE70C9800687021C4F20201884260D04A
:1090F000FFE70C9800688821C4F20201884258D02A
:10910000FFE70C980068A021C4F20201884250D009
:10911000FFE70C980068B821C4F20201884248D0E9
:10912000FFE70C98006840F21041C4F20201884247
:109130003FD0FFE70C98006840F22841C4F20201DA
:10914000884236D0FFE70C98006840F24041C4F2F4
:10915000020188422DD0FFE70C98006840F2584188
:10916000C4F20201884224D0FFE70C98006840F264
:109170007041C4F2020188421BD0FFE70C980068DE
:1091800040F28841C4F20201884212D0FFE70C98F5
:10919000006840F2A041C4F20201884209D0FFE712
:1091A0000C98006840F2B841C4F20201884207D12D
:1091B000FFE70C980168086820F00100086006E0ED
:1091C0000C980168086820F001000860FFE7FFE7DD
:1091D0000C9800680068C00798B1FFE702F0F4FA45
:1091E0000A99401A06280BD3FFE70C9920204865FE
:1091F0000C99032081F8350001208DF837002BE30E
:10920000E6E70C98006800680B900B9848F23F0165
:10921000CFF6106108400B900C998868D1F80CC00B
:109220000B694A6940EA0C00184310438A691043ED
:10923000CA691043096A01430B9808430B900C98C4
:10924000406A042808D1FFE70C99C86A096B0143FA
:109250000B9808430B90FFE70C984068292807D328
:10926000FFE70C98416801202F29069036D3FFE7CD
:109270000C9840683F2807D3FFE70C98416801200D
:10928000432906902AD3FFE70C984068472807D364
:10929000FFE70C9841680120492906901ED3FFE79B
:1092A0000C9840684F2807D3FFE70C9841680120CD
:1092B0005329069012D3FFE70C98416800207429C7
:1092C000059008D3FFE70C9841680020782938BF43
:1092D00001200590FFE705980690FFE70698C00774
:1092E00028B1FFE70B9840F480100B90FFE70B9834
:1092F0000C99096808600C98006840690B900B98FD
:1093000020F007000B900C98416A0B9808430B90D3
:109310000C98406A04281AD1FFE70C98816A0B98D0
:1093200008430B900C98C06A80B1FFE70C98FBF7DC
:109330003BFC50B1FFE70C99402048650C99012097
:1093400081F835008DF8370086E2FFE7FFE70B98DC
:109350000C99096848610C98FBF7EAF909900C9898
:10936000C06D00F01F013F2088400999886026E108
:109370000C980168012045F20842C5F602029142AC
:1093800004904ED0FFE70C980168012045F21C4282
:10939000C5F602029142049043D0FFE70C980168A1
:1093A000012045F23042C5F602029142049038D0C5
:1093B000FFE70C980168012045F24442C5F602021D
:1093C000914204902DD0FFE70C980168012045F2EE
:1093D0005842C5F602029142049022D0FFE70C9851
:1093E0000168012045F26C42C5F6020291420490E8
:1093F00017D0FFE70C980168012045F28042C5F6BE
:109400000202914204900CD0FFE70C9800684AF6E3
:109410006C31CAF2FD710844B0FA80F04009049042
:10942000FFE70498C007002800F0BD80FFE70C9814
:109430000168012045F20842C5F6020291420390FC
:109440004ED0FFE70C980168012045F21C42C5F69A
:1094500002029142039043D0FFE70C98016801207B
:1094600045F23042C5F602029142039038D0FFE740
:109470000C980168012045F24442C5F6020291426F
:1094800003902DD0FFE70C980168012045F2584267
:10949000C5F602029142039022D0FFE70C980168C2
:1094A000012045F26C42C5F602029142039017D0AA
:1094B000FFE70C980168012045F28042C5F60202E0
:1094C000914203900CD0FFE70C9800684AF66C318B
:1094D000CAF2FD710844B0FA80F040090390FFE73A
:1094E0000398C00708B1FFE7FFE70C99022081F855
:1094F0003500FFE70C99002081F83400FFE70C9855
:10950000006800680B900B986FF310100B900C988C
:109510008068402803D1FFE71020029008E00C98F3
:1095200080688038B0FA80F0400980030290FFE73D
:1095300002980C99CA680B69D1F814C0D1F818E0E8
:10954000CC694EEA040E4CEA0E0C43EA0C031A43B3
:1095500040EAD200096A40EA11110B9808430B90C7
:109560000B980C99096808600C9908684AF6F8325B
:10957000CAF2FD7210444CF6CD42CCF6CC42A0FBB0
:1095800002026FF0030000EA9200C8650C98FBF736
:10959000CFF808900C98C06D00F01F0101208840A2
:1095A000089948600AE00C99402048650C9903200E
:1095B00081F8350001208DF837004DE1FFE70C9868
:1095C000016801201022C4F202029142019000F0D1
:1095D0000381FFE70C98016801202822C4F20202EF
:1095E0009142019000F0F880FFE70C98016801209B
:1095F0004022C4F202029142019000F0ED80FFE7A8
:109600000C98016801205822C4F202029142019094
:1096100000F0E280FFE70C98016801207022C4F29C
:1096200002029142019000F0D780FFE70C98016898
:1096300001208822C4F202029142019000F0CC8005
:10964000FFE70C9801680120A022C4F202029142B7
:10965000019000F0C180FFE70C9801680120B8225A
:10966000C4F202029142019000F0B680FFE70C982C
:109670000168012040F21042C4F2020291420190BE
:1096800000F0AA80FFE70C980168012040F2284210
:10969000C4F202029142019000F09E80FFE70C9814
:1096A0000168012040F24042C4F20202914201905E
:1096B00000F09280FFE70C980168012040F25842C8
:1096C000C4F202029142019000F08680FFE70C98FC
:1096D0000168012040F27042C4F2020291420190FE
:1096E0007AD0FFE70C980168012040F28842C4F26A
:1096F0000202914201906FD0FFE70C9801680120AF
:1097000040F2A042C4F202029142019064D0FFE70D
:109710000C980168012040F2B842C4F20202914262
:10972000019059D0FFE70C980168012045F20842EA
:10973000C5F60202914201904ED0FFE70C980168F5
:10974000012045F21C42C5F602029142019043D02D
:10975000FFE70C980168012045F23042C5F602028D
:109760009142019038D0FFE70C980168012045F242
:109770004442C5F60202914201902DD0FFE70C98B9
:109780000168012045F25842C5F60202914201905B
:1097900022D0FFE70C980168012045F26C42C5F623
:1097A00002029142019017D0FFE70C980168012056
:1097B00045F28042C5F60202914201900CD0FFE7CB
:1097C0000C9800684AF66C31CAF2FD710844B0FA90
:1097D00080F040090190FFE70198C00790B3FFE7D0
:1097E0000C98FBF78DF80C988068802804D1FFE76F
:1097F0000C9900204860FFE70C990879096E086011
:109800000C98416E806E48600C98406888B1FFE704
:109810000C98406808280CD8FFE70C98FBF72CF947
:109820000C98C16E002008600C98016F406F486072
:1098300007E00C990020C8660C9908670C994867E6
:10984000FFE7FFE70C99002048650C9A012182F898
:1098500035108DF83700FFE79DF837000EB010BDCA
:1098600080B588B0069005910492039300208DF88E
:109870000B00069820B9FFE701208DF81F006CE36C
:10988000FFE7069890F83400012804D1FFE7022092
:109890008DF81F0061E30699012081F83400FFE78D
:1098A000FFE7069890F83500012840F04383FFE772
:1098B0000699022081F8350006990020486506982F
:1098C00000681021C4F20201884200F08180FFE7A5
:1098D000069800682821C4F20201884278D0FFE788
:1098E000069800684021C4F20201884270D0FFE768
:1098F000069800685821C4F20201884268D0FFE748
:10990000069800687021C4F20201884260D0FFE727
:10991000069800688821C4F20201884258D0FFE707
:1099200006980068A021C4F20201884250D0FFE7E7
:1099300006980068B821C4F20201884248D0FFE7C7
:109940000698006840F21041C4F2020188423FD0FC
:10995000FFE70698006840F22841C4F202018842FD
:1099600036D0FFE70698006840F24041C4F2020199
:1099700088422DD0FFE70698006840F25841C4F2B3
:109980000201884224D0FFE70698006840F2704147
:10999000C4F2020188421BD0FFE70698006840F23B
:1099A0008841C4F20201884212D0FFE7069800689D
:1099B00040F2A041C4F20201884209D0FFE70698B4
:1099C000006840F2B841C4F20201884207D1FFE7C3
:1099D00006980168086820F00100086006E0069813
:1099E0000168086820F001000860FFE70698059903
:1099F000049A039BFBF750F9069801680120102296
:109A0000C4F202029142019000F0A380FFE70698A1
:109A1000016801202822C4F202029142019000F064
:109A20009880FFE70698016801204022C4F20202F4
:109A30009142019000F08D80FFE7069801680120B7
:109A40005822C4F202029142019000F08280FFE7A6
:109A50000698016801207022C4F20202914201902E
:109A600077D0FFE70698016801208822C4F202023D
:109A7000914201906DD0FFE7069801680120A02275
:109A8000C4F202029142019063D0FFE70698016898
:109A90000120B822C4F202029142019059D0FFE79E
:109AA00006980168012040F21042C4F2020291427D
:109AB00001904ED0FFE706980168012040F228424D
:109AC000C4F202029142019043D0FFE70698016878
:109AD000012040F24042C4F202029142019038D08B
:109AE000FFE706980168012040F25842C4F20202E2
:109AF000914201902DD0FFE706980168012040F2C5
:109B00007042C4F202029142019022D0FFE706980F
:109B10000168012040F28842C4F2020291420190A1
:109B200017D0FFE706980168012040F2A042C4F276
:109B30000202914201900CD0FFE7069800684FF6B0
:109B40004831CBF6FD710844B0FA80F0400901902D
:109B5000FFE70198C007A8B1FFE706980068006812
:109B60000B2161F344000699096808600698006CAF
:109B700038B1FFE706980168086840F008000860FF
:109B8000FFE714E0069800680068052161F34300D0
:109B90000699096808600698006C38B1FFE70698D6
:109BA0000168086840F004000860FFE7FFE70698D6
:109BB000016801201022C4F202029142009000F0DC
:109BC0000381FFE70698016801202822C4F20202FF
:109BD0009142009000F0F880FFE7069801680120AC
:109BE0004022C4F202029142009000F0ED80FFE7B3
:109BF0000698016801205822C4F2020291420090A6
:109C000000F0E280FFE70698016801207022C4F2AC
:109C100002029142009000F0D780FFE706980168A9
:109C200001208822C4F202029142009000F0CC8010
:109C3000FFE7069801680120A022C4F202029142C7
:109C4000009000F0C180FFE7069801680120B8226B
:109C5000C4F202029142009000F0B680FFE706983D
:109C60000168012040F21042C4F2020291420090C9
:109C700000F0AA80FFE706980168012040F2284220
:109C8000C4F202029142009000F09E80FFE7069825
:109C90000168012040F24042C4F202029142009069
:109CA00000F09280FFE706980168012040F25842D8
:109CB000C4F202029142009000F08680FFE706980D
:109CC0000168012040F27042C4F202029142009009
:109CD0007AD0FFE706980168012040F28842C4F27A
:109CE0000202914200906FD0FFE7069801680120C0
:109CF00040F2A042C4F202029142009064D0FFE719
:109D000006980168012040F2B842C4F20202914272
:109D1000009059D0FFE706980168012045F20842FB
:109D2000C5F60202914200904ED0FFE70698016806
:109D3000012045F21C42C5F602029142009043D038
:109D4000FFE706980168012045F23042C5F602029D
:109D50009142009038D0FFE706980168012045F253
:109D60004442C5F60202914200902DD0FFE70698CA
:109D70000168012045F25842C5F602029142009066
:109D800022D0FFE706980168012045F26C42C5F633
:109D900002029142009017D0FFE706980168012067
:109DA00045F28042C5F60202914200900CD0FFE7D6
:109DB000069800684AF66C31CAF2FD710844B0FAA0
:109DC00080F040090090FFE70098C007D0B1FFE79E
:109DD0000698006E0068C003002807D5FFE70698C4
:109DE000016E086840F480700860FFE70698C06E56
:109DF00038B1FFE70698C16E086840F480700860CB
:109E0000FFE7FFE7069800681021C4F202018842CC
:109E100000F08180FFE7069800682821C4F2020163
:109E2000884278D0FFE7069800684021C4F202011A
:109E3000884270D0FFE7069800685821C4F20201FA
:109E4000884268D0FFE7069800687021C4F20201DA
:109E5000884260D0FFE7069800688821C4F20201BA
:109E6000884258D0FFE706980068A021C4F202019A
:109E7000884250D0FFE706980068B821C4F202017A
:109E8000884248D0FFE70698006840F21041C4F2CB
:109E9000020188423FD0FFE70698006840F228415F
:109EA000C4F20201884236D0FFE70698006840F20B
:109EB0004041C4F2020188422DD0FFE706980068B5
:109EC00040F25841C4F20201884224D0FFE70698CC
:109ED000006840F27041C4F2020188421BD0FFE7E3
:109EE0000698006840F28841C4F20201884212D00C
:109EF000FFE70698006840F2A041C4F202018842E0
:109F000009D0FFE70698006840F2B841C4F20201A8
:109F1000884207D1FFE706980168086840F0010011
:109F2000086006E006980168086840F001000860D3
:109F3000FFE70DE006994FF400604865FFE70699DA
:109F4000002081F83400FFE701208DF80B00FFE7C7
:109F50009DF80B008DF81F00FFE79DF81F0008B06B
:109F600080BD00000000000080B584B0039001F0C7
:109F70002BFC0290039801900198013048B1FFE753
:109F800040F21120C2F200000178019808440190CB
:109F9000FFE7FFE701F018FC0299401A0199884297
:109FA00001D2FFE7F6E704B080BD0000000000002A
:109FB00085B0039002910192039890F898008DF873
:109FC00003009DF80300012805D0FFE79DF803007A
:109FD00002285DD1FFE7029803990968896D08425C
:109FE00007D1FFE703980168C86D40F00100C8651C
:109FF00015E0029803990968896D08400299884222
:10A0000007D1FFE703980168C86D40F00200C865FA
:10A0100004E0039801680320C865FFE7FFE79DF8A7
:10A0200009008007002809D5FFE7019A0398016815
:10A03000D1F8E0001043C1F8E000FFE79DF8090007
:10A040004007002809D5FFE7019A03980168D1F875
:10A05000E4001043C1F8E400FFE7FFE702984FF681
:10A06000FF71C3F6CF7100EA010203980168486DE1
:10A0700010434865029A4AF61401C4F200010868C8
:10A0800040EA92700860FFE700208DF813000AE0B4
:10A090000399D1F89C0040F00200C1F89C00012017
:10A0A0008DF81300FFE79DF8130005B0704700001E
:10A0B00080B586B00490039102920398406808B975
:10A0C000FFE700E0FFE7049890F89800022845D1E8
:10A0D000FFE704980068D0F8C00010F07C5F0BD157
:10A0E000FFE70499D1F89C0040F02000C1F89C00E3
:10A0F00001208DF817003CE004980068D0F8C400F7
:10A10000800200280BD5FFE70499D1F89C0040F4A9
:10A110000070C1F89C0001208DF8170029E0049818
:10A120000068D0F8C400C0F304400190049803997B
:10A13000029A019BFCF744FB0199012000FA01F10E
:10A14000049A1268C2F8D010019988400499C1F8A5
:10A150009400FFE700208DF817000AE00499D1F879
:10A160009C0040F00800C1F89C0001208DF8170009
:10A17000FFE79DF8170006B080BD0000000000005A
:10A1800082B00190009102B0704700000000000012
:10A1900087B005900491059890F898008DF8030019
:10A1A0009DF80300012805D0FFE79DF80300022871
:10A1B0006AD1FFE70498C068072801D1FFE7FFE7ED
:10A1C0000498006878BBFFE70498C068072801D0AE
:10A1D000FFE7FFE70498C06807280CD1FFE7049A5F
:10A1E00010699169D269000440EA0220084340F0F6
:10A1F000605003900CE004998868CB680A6949694B
:10A20000800740EAC36040EA024008430390FFE74A
:10A210000598C06E0499496800EB8100019003988D
:10A22000019908602CE00498C068072801D0FFE776
:10A23000FFE70498C168006940EA41700390049800
:10A24000C068072804D1FFE704988069029006E0FF
:10A2500004988168406940EA81700290FFE70598A0
:10A26000006F0499496800EBC100019003980199BF
:10A270000860019804300190029801990860FFE796
:10A2800000208DF81B000AE00599D1F89C0040F0F1
:10A290000200C1F89C0001208DF81B00FFE79DF82B
:10A2A0001B0007B07047000081B0009001B07047FC
:10A2B00082B00190009102B07047000000000000E1
:10A2C00083B0029001910198402808D1FFE70298DD
:10A2D0000068D0F8A40000F07F00009007E002982A
:10A2E0000068D0F8B40000F07F000090FFE700980D
:10A2F00003B07047000000008AB0089007910692F2
:10A30000059300200190089890F898008DF80300BC
:10A310009DF80300022840F05C81FFE70798402881
:10A3200051D1FFE708980068D0F8A00010F4FE0FA4
:10A330000BD1FFE70899D1F89C0040F02000C1F84C
:10A340009C0001208DF827004EE108980068D0F8A5
:10A35000A400400658B9FFE70899D1F89C0040F4E2
:10A360008070C1F89C0001208DF827003CE108981E
:10A370000068D0F8A40000F080710120B0EB116FEC
:10A380000DD1FFE708980068D0F8A0100120B0EBCD
:10A39000D17F03D1FFE701200190FFE7FFE7089895
:10A3A0000068D0F8A40000F47C51019800EB112063
:10A3B00001900898426C406F0199514300EB810075
:10A3C0000490FFE770E00798412851D1FFE7089813
:10A3D0000068D0F8B00010F4FE0F0BD1FFE7089929
:10A3E000D1F89C0040F02000C1F89C0001208DF8BD
:10A3F0002700F9E008980068D0F8B400400658B982
:10A40000FFE70899D1F89C0040F48070C1F89C00E7
:10A4100001208DF82700E7E008980068D0F8B40024
:10A4200000F080710120B0EB116F0DD1FFE70898AB
:10A430000068D0F8B0100120B0EBD17F03D1FFE766
:10A4400001200190FFE7FFE708980068D0F8B4000A
:10A4500000F47C51019800EB112001900898C26C27
:10A46000806F0199514300EB81000490FFE71AE0EF
:10A4700007980899096D88420BD3FFE70899D1F82E
:10A480009C0040F02000C1F89C0001208DF82700BE
:10A49000AAE00898426DC06F0799514300EB810014
:10A4A0000490FFE7FFE7FFE70498006800F08040B2
:10A4B000069948600698406838B9FFE70498006834
:10A4C000C0F38A400699086006E00498006820F00E
:10A4D000604006990860FFE70498006800F00050AB
:10A4E000069988600498006800F0004006990861A9
:10A4F000049804300490049800880699C861049870
:10A500000068C0F303400699C8600498006800F42E
:10A510008010069948610498006800F400100699BC
:10A52000886104980068C0F3066006990862049880
:10A530000068C00F0699486204980430049004989B
:10A54000039000200290FFE702980699CA6848F23B
:10A550001C51C0F60201895C88420AD2FFE70398C9
:10A56000029A805C05998854FFE7029801300290B6
:10A57000EAE70798402806D1FFE70198089909689B
:10A58000C1F8A80021E00798412806D1FFE701980B
:10A5900008990968C1F8B80016E007981F2808D87C
:10A5A000FFE707990120884008990968C1F89800D9
:10A5B00009E0079800F01F01012088400899096808
:10A5C000C1F89C00FFE7FFE7FFE700208DF82700B8
:10A5D0000AE00899D1F89C0040F00800C1F89C00FE
:10A5E00001208DF82700FFE79DF827000AB070478B
:10A5F00082B0019001980068D0F8C40000F03F00DC
:10A600000090009802B0704781B0009001B0704790
:10A6100080B594B013904AF61000C4F200000068B0
:10A62000800712904AF61400C4F2000001681298E4
:10A6300000EA8170129013980068006D00F4704079
:10A64000119013980068416D11980840119013986B
:10A650000068006D00F00F00109013980068416DC5
:10A6600010980840109013980068006D00F0F000FA
:10A670000F9013980068416D0F9808400F90139841
:10A680000068006D00F071500E9013980068416DE5
:10A690000E9808400E9013980068006D00F06070EE
:10A6A0000D9013980068416D0D9808400D90139817
:10A6B0000068406D039013980068006D01909DF84C
:10A6C0000D00C007B8B1FFE79DF80500C00788B1CD
:10A6D000FFE7FFE7139801684FF4807008654AF6BA
:10A6E0001001C4F2000100200860FFE71398FFF793
:10A6F0008BFFFFE7FFE79DF80D0000F0040100204D
:10A70000B0EB910F28D0FFE79DF8050000F00401A1
:10A710000020B0EB910F1ED0FFE713980068D0F82F
:10A72000DC000B9013980068D0F8E4100B980840F8
:10A730000B90FFE7139801684FF4806008654AF6B4
:10A740001001C4F2000100200860FFE713980B9984
:10A7500000F032FEFFE7FFE71298B8B1FFE7FFE72E
:10A7600012984FF6FF71C3F6CF710840139909682C
:10A7700008651298800F4AF61001C4F200010860C3
:10A78000FFE713981299FFF7FBFCFFE71198B8B1A8
:10A79000FFE7FFE711984FF6FF71C3F6CF7108404E
:10A7A0001399096808651198800F4AF61001C4F2E0
:10A7B00000010860FFE71398119900F00DFEFFE714
:10A7C0001098B8B1FFE7FFE710984FF6FF71C3F696
:10A7D000CF7108401399096808651098800F4AF6F0
:10A7E0001001C4F200010860FFE71398109900F00F
:10A7F00043FDFFE70F98B8B1FFE7FFE70F984FF66B
:10A80000FF71C3F6CF7108401399096808650F9866
:10A81000800F4AF61001C4F200010860FFE71398A8
:10A820000F9900F059FDFFE79DF80D0000F00801B9
:10A830000020B0EBD10F1BD0FFE79DF8050000F022
:10A8400008010020B0EBD10F11D0FFE7FFE713980C
:10A8500001684FF4006008654AF61001C4F2000177
:10A8600000200860FFE7139800F0BEFDFFE7FFE758
:10A870009DF80D0000F002010020B0EB510F28D030
:10A88000FFE79DF8050000F002010020B0EB510F3A
:10A890001ED0FFE713980068D0F8D8000C901398EA
:10A8A0000068D0F8E0100C9808400C90FFE713986F
:10A8B00001684FF4007008654AF61001C4F2000107
:10A8C00000200860FFE713980C9900F07DFDFFE77A
:10A8D000FFE79DF80E0000F008010020B0EBD10F5B
:10A8E0001BD0FFE79DF8060000F008010020B0EB48
:10A8F000D10F11D0FFE7FFE7139801684FF4002054
:10A9000008654AF61001C4F2000100200860FFE764
:10A91000139800F0ADFCFFE7FFE79DF80E00C007BD
:10A92000B8B1FFE79DF80600C00788B1FFE7FFE771
:10A93000139801684FF4803008654AF61001C4F29C
:10A94000000100200860FFE7139800F031FDFFE7E9
:10A95000FFE79DF80E0000F004010020B0EB910F1E
:10A960001BD0FFE79DF8060000F004010020B0EBCB
:10A97000910F11D0FFE7FFE7139801684FF4802093
:10A9800008654AF61001C4F2000100200860FFE7E4
:10A99000139800F009FDFFE7FFE79DF80E0000F0B7
:10A9A00002010020B0EB510F1FD0FFE79DF8060019
:10A9B00000F002010020B0EB510F15D0FFE7FFE7D8
:10A9C000139801684FF4003008654AF61001C4F28C
:10A9D000000100200860FFE71399D1F89C0040F0C7
:10A9E0008000C1F89C00FFE7FFE70D98B8B1FFE7D2
:10A9F000FFE70D984FF6FF71C3F6CF71084013992A
:10AA0000096808650D98800F4AF61001C4F200012C
:10AA10000860FFE713980D99FFF74AFCFFE70E98CF
:10AA2000D0B1FFE7FFE70E984FF6FF71C3F6CF7185
:10AA300008401399096808650E98800F4AF61001BE
:10AA4000C4F200010860FFE70E9A1399D1F89C0048
:10AA50001043C1F89C00FFE7139800684AF2000118
:10AA6000C4F20001884240F0B980FFE713984068C3
:10AA700080688007002800F0B080FFE713984068E6
:10AA8000006A00F00F000A9013984068416A0A9823
:10AA900008400A9013984068006A00F0300009905E
:10AAA00013984068416A09980840099013984068D3
:10AAB000006A00F4C070089013984068416A0898D2
:10AAC0000840089013984068006A00F4FC40079022
:10AAD00013984068416A07980840079013984068A7
:10AAE000006A00F4F020069013984068416A0698C6
:10AAF0000840069013984068406A02901398406896
:10AB0000006A00900A9848B1FFE70A9813994968CB
:10AB1000086213980A9900F02FFCFFE7099848B1E2
:10AB2000FFE709981399496808621398099900F09A
:10AB300033FCFFE79DF8080000F040010020B0EB77
:10AB4000911F1FD0FFE79DF8000000F0400100209A
:10AB5000B0EB911F15D0FFE713984068C06B000C55
:10AB6000059013984068C06B00F03F000490139864
:10AB700041684020086213980599049A00F004FC8B
:10AB8000FFE7FFE7089848B1FFE70898139949687D
:10AB900008621398089900F0E7FBFFE7079860B197
:10ABA000FFE70798139949680862079A1399D1F843
:10ABB0009C001043C1F89C00FFE7069860B1FFE7D6
:10ABC0000698139949680862069A1399D1F89C006F
:10ABD0001043C1F89C00FFE7FFE7FFE71398D0F8A8
:10ABE0009C0020B1FFE71398FFF75EFBFFE714B06E
:10ABF00080BD00000000000080B598B0169048F2BB
:10AC00003441C0F6020101A84C22F5F7C6FC1698A3
:10AC100020B9FFE701208DF85F00D9E116980068A0
:10AC20004AF20001C4F20001884206D1FFE71699FA
:10AC3000086800F580704860FFE716988068B0F5F6
:10AC4000407F01D1FFE7FFE71698006C08B1FFE7EE
:10AC5000FFE71698806C08B1FFE7FFE71698006DD4
:10AC600008B1FFE7FFE71698006E08B1FFE7FFE7BE
:10AC70001699C86D096E084408B1FFE7FFE71698FA
:10AC800090F8980040B9FFE71699002081F89900E4
:10AC9000169800F0A1F9FFE716980168886920F07E
:10ACA0001000886100F090FD1590FFE7169800688D
:10ACB00080690007002817D5FFE700F085FD15998A
:10ACC000401A0B280FD3FFE71699D1F89C0040F0EB
:10ACD0000100C1F89C001699032081F8980001201A
:10ACE0008DF85F0074E1E1E716980168886940F02B
:10ACF0000100886100F068FD1590FFE71698006874
:10AD00008069C007B8B9FFE700F05EFD1599401AE9
:10AD10000B280FD3FFE71699D1F89C0040F00100F3
:10AD2000C1F89C001699032081F8980001208DF845
:10AD30005F004DE1E2E716980168886940F0020083
:10AD400088611698007C012807D1FFE716980168F2
:10AD5000886920F04000886106E0169801688869DB
:10AD600040F040008861FFE71698407C012807D139
:10AD7000FFE716980168886940F48040886106E022
:10AD800016980168886920F480408861FFE716986A
:10AD9000807C012807D1FFE716980168886920F4B4
:10ADA0008050886106E016980168886940F48050F8
:10ADB0008861FFE716980068806920F44070169A51
:10ADC000116892681043886116980168886920F0BC
:10ADD000A400886116980168086920F010000861D5
:10ADE0001698C068012807D1FFE71698016888699E
:10ADF00040F0040088612BE01698C06830B3FFE78C
:10AE00001698C068022819D0FFE71698016888696B
:10AE100040F08000886116980168086940F01000D1
:10AE200008611698C068032807D1FFE716980168E3
:10AE3000886940F020008861FFE706E01698016805
:10AE4000886940F020008861FFE700E0FFE7FFE746
:10AE5000169A116853699069D2F81CE0A0F1010CB0
:10AE60006FF0FF0000EB0E2040EA4C60126A013ADE
:10AE700010430022CFF6FF7202EB03421043C86179
:10AE800016988068B0F5407F1CD1FFE7169A1168CC
:10AE9000536A906AD2F82CE001386FF0FF0C0CEB8B
:10AEA0000E2C40EA0C00D2F830C06FF00F0202EB1B
:10AEB0000C1210430022CFF6FF7202EB0342104344
:10AEC000C860FFE71698006E48B1FFE71698016862
:10AED000426ED1F8C0001043C1F8C000FFE71699D8
:10AEE000C86D096E084480B1FFE716980068D0F875
:10AEF000C80020F00700169A1168936E01AA52F854
:10AF000023201043C1F8C800FFE71698006C80B1F9
:10AF1000FFE716980068D0F8BC0020F00700169AEA
:10AF20001168536C01AA52F823201043C1F8BC00E9
:10AF3000FFE71698806C88B1FFE716980068D0F894
:10AF4000BC0020F07000169A1168D36C01AA52F868
:10AF5000232040EA0210C1F8BC00FFE71698006DFC
:10AF600088B1FFE716980068D0F8BC0020F4E060D4
:10AF7000169A1168536D01AA52F8232040EA022064
:10AF8000C1F8BC00FFE7169800684AF20001C4F25D
:10AF90000001884207D1FFE716984168886820F0D1
:10AFA00003008860FFE716990020C1F89400169905
:10AFB000C1F89C001699012081F898001698FBF7BB
:10AFC0009BFA8DF853009DF853008DF85F00FFE762
:10AFD0009DF85F0018B080BD80B5C6B045900020D8
:10AFE0004490439042904190409012A8B821F5F7C8
:10AFF00028FB459800684AF20001C4F2000188422B
:10B000005FD1FFE7002013904FF4004012904FF003
:10B0100080502D9012A802F03BFA18B1FFE7FBF721
:10B020005BF9FFE740F22020C2F200000168013125
:10B0300001600068012810D1FFE7FFE744F2EC400F
:10B04000C5F60200016841F480710160006800F4F7
:10B05000807011901198FFE7FFE7FFE744F2E040AE
:10B06000C5F60200016841F008010160006800F0C7
:10B07000080010901098FFE70320409002204190B4
:10B0800000200A90429043900920449040F60040EE
:10B09000C5F6020040A900F0ABF90A9A1320089007
:10B0A0000521099100F0E8FC089800F0D9FC099905
:10B0B0000A9A15200B9000F0DFFC0B9800F0D0FCF2
:10B0C000D2E0459800684AF20041C4F2000188428B
:10B0D0005FD1FFE7002013904FF4004012904FF033
:10B0E00080502D9012A802F0D3F918B1FFE7FBF7BA
:10B0F000F3F8FFE740F22020C2F2000001680131BE
:10B1000001600068012810D1FFE7FFE744F2EC403E
:10B11000C5F60200016841F480710160006800F426
:10B1200080700F900F98FFE7FFE7FFE744F2E040E1
:10B13000C5F60200016841F002010160006800F0FC
:10B1400002000E900E98FFE7602040900220419090
:10B1500000200690429043900920449040F2004025
:10B16000C5F6020040A900F043F9069A14200490A5
:10B170000521059100F080FC049800F071FC059910
:10B18000069A1620079000F077FC079800F068FCFC
:10B1900069E0459800684DF20041C4F20001884220
:10B1A00060D1FFE7002013904FF4004012904FF061
:10B1B00080502D9012A802F06BF918B1FFE7FBF751
:10B1C0008BF8FFE740F22020C2F200000168013155
:10B1D00001600068012810D1FFE7FFE744F2EC406E
:10B1E000C5F60200016841F480710160006800F456
:10B1F00080700D900D98FFE7FFE7FFE744F2E04015
:10B20000C5F60200016841F008010160006800F025
:10B2100008000C900C98FFE74FF44050409002203B
:10B22000419000200290429043900520019044906C
:10B2300040F60040C5F6020040A900F0D9F8019997
:10B24000029A9F20009000F017FC009800F008FC84
:10B250000199029AA020039000F00EFC039800F0E0
:10B26000FFFBFFE7FFE7FFE746B080BD00000000FF
:10B2700081B0009001B0704780B582B0019000911C
:10B280009DF80000C00708B9FFE722E0019845F2E9
:10B29000FC61C2F20001884209D1FFE7019845F242
:10B2A0004072C2F200424021FBF722FB11E00198FC
:10B2B00045F28441C2F20041884209D1FFE701987A
:10B2C00045F62472C2F200024021FBF711FBFFE7B2
:10B2D000FFE702B080BD000080B582B00190009110
:10B2E0009DF80000C006002801D4FFE710E0019897
:10B2F00045F29C71C2F20001884209D1FFE7019832
:10B3000045F62002C2F200424121FBF7F1FAFFE7C5
:10B3100002B080BD0000000082B00090009890F85C
:10B320009800012811D1FFE70099022081F89800C8
:10B3300000980168886920F0010088610099002068
:10B34000C1F89C008DF807000AE00099D1F89C0034
:10B3500040F00400C1F89C0001208DF80700FFE7D1
:10B360009DF8070002B0704782B00190009102B0D2
:10B37000704700000000000082B00190009102B010
:10B38000704700000000000083B00290019100921D
:10B3900003B070470000000082B00190009102B03D
:10B3A000704700000000000081B0009001B07047BD
:10B3B00081B0009001B0704782B00190009102B05E
:10B3C000704700000000000082B00190009102B0C0
:10B3D000704700000000000082B00190009102B0B0
:10B3E000704700000000000081B0009001B070477D
:10B3F0008FB00E900D9100200C908020C5F60000BB
:10B400000990FFE70D9800680C99C840002800F0EB
:10B41000C181FFE70D9800680C9A01219140084016
:10B420000B900B98002800F0B181FFE70D98406861
:10B4300000F00300012807D0FFE70D98406800F0F6
:10B44000030002282FD1FFE70E9880680A900C981D
:10B450004100032000FA01F10A9888430A900D98F0
:10B46000C0680C99490000FA01F10A9808430A9053
:10B470000A980E9988600E9840680A900C990120ED
:10B4800000FA01F10A9888430A900D984068C0F3C9
:10B4900000100C9900FA01F10A9808430A900A98E2
:10B4A0000E994860FFE70D98406800F003000328FC
:10B4B00018D0FFE70E98C0680A900C98410003204E
:10B4C00000FA01F10A9888430A900D9880680C9957
:10B4D000490000FA01F10A9808430A900A980E9967
:10B4E000C860FFE70D98406800F00300022826D1ED
:10B4F000FFE70E980C996FF0030202EA510108442D
:10B50000006A0A900C9800F0070081000F2000FAF2
:10B5100001F10A9888430A900D9800690C9901F08E
:10B520000701890000FA01F10A9808430A900A9875
:10B530000E990C9B02EA530211440862FFE70E9831
:10B5400000680A900C984100032000FA01F10A9863
:10B5500088430A900D98406800F003000C99490058
:10B5600000FA01F10A9808430A900A980E990860B7
:10B570000D9880798007002800F00781FFE7FFE73A
:10B5800044F2F440C5F60200016841F00201016096
:10B59000006800F0020008900898FFE70C9820F07F
:10B5A000030040F20841C5F6000140580A900C988B
:10B5B00000F0030081000F2000FA01F10A9888438F
:10B5C0000A900E980021C5F60201884203D1FFE7D8
:10B5D000002007906CE00E9840F20041C5F6020191
:10B5E000884203D1FFE7012006905EE00E9840F606
:10B5F0000001C5F60201884203D1FFE70220059051
:10B6000050E00E9840F60041C5F60201884203D191
:10B61000FFE70320049042E00E9841F20001C5F6D6
:10B620000201884203D1FFE70420039034E00E9822
:10B6300041F20041C5F60201884203D1FFE705202F
:10B64000029026E00E9841F60001C5F602018842FC
:10B6500003D1FFE70620019018E00E9841F6004163
:10B66000C5F60201884203D1FFE7072000900AE0F7
:10B670000E9942F20042C5F602020A20914208BF2A
:10B6800009200090FFE700980190FFE701980290E1
:10B69000FFE702980390FFE703980490FFE7049800
:10B6A0000590FFE705980690FFE706980790FFE7EB
:10B6B00007980C9901F00301890000FA01F10A983A
:10B6C00008430A900A980C9921F0030140F20842BD
:10B6D000C5F6000288504FF0B04000680A900B9900
:10B6E0000A9888430A900D988079C006002805D5ED
:10B6F000FFE70B990A9808430A90FFE70A984FF072
:10B70000B04108600420C5F6000000680A900B995B
:10B710000A9888430A900D9880798006002805D5FC
:10B72000FFE70B990A9808430A90FFE70A9804215B
:10B73000C5F600010860099840680A900B990A98BC
:10B7400088430A900D9880798007002805D5FFE787
:10B750000B990A9808430A90FFE70A9809994860EC
:10B76000099800680A900B990A9888430A900D98E6
:10B770008079C00728B1FFE70B990A9808430A901F
:10B78000FFE70A9809990860FFE7FFE70C98013086
:10B790000C9037E60FB0704782B00190ADF8021000
:10B7A0008DF801209DF8010028B1FFE7BDF80200E7
:10B7B0000199886105E0BDF80200000401998861E3
:10B7C000FFE702B0704700004AF27430C2F2004056
:10B7D000006870470000000040F21120C2F2000033
:10B7E00002784AF27431C2F20041086810440860DD
:10B7F000704700000000000080B582B0032000F018
:10B8000053F903F021F944F21842C5F60202116817
:10B81000C1F3032348F20C51C0F60201CB5C03F0E4
:10B820001F03D84000900098126802F00F02895C54
:10B8300001F01F01C84040F20401C2F2004108605B
:10B84000009840F22401C2F2000108600F2000F0CD
:10B8500013F820B1FFE701208DF8070005E000F0A4
:10B86000E3F800208DF80700FFE79DF8070002B01D
:10B8700080BD00000000000080B590B00E900E98D2
:10B880000F2810D8FFE70E991C200090002200F02E
:10B89000F3F8009800F0E4F80E9840F21421C2F298
:10B8A0000001086003E001208DF83F004CE0FFE755
:10B8B00044F2E840C5F60200016841F00101016070
:10B8C000006800F0010001900198FFE706A802A9B6
:10B8D00003F022F80B980490049820B9FFE703F0D6
:10B8E0008BF8059004E003F087F840000590FFE72F
:10B8F00005984DF68361C4F21B31A0FB01014FF0A6
:10B90000FF3000EB9140039045F66C50C2F200000E
:10B910004FF08041016040F2E731C160039941601E
:10B9200000210161816004F08BF848B9FFE745F61A
:10B930006C50C2F2000004F017F98DF83F0003E0EC
:10B9400001208DF83F00FFE79DF83F0010B080BD5B
:10B9500010B581B00090009840784EF69851CEF224
:10B96000000108604EF6A051CEF20001086820F0F8
:10B9700001000860009840684EF69C52CEF200022A
:10B980001060DDF800E09EF80C0000079EF80B2028
:10B9900040EA02609EF800209EF808309EF809C038
:10B9A0009EF80A4040EAC4409EF80D4040EA8440B8
:10B9B0009EF80E4040EA44409EF80FE040EA0E40F8
:10B9C00040EA0C2040EA43001043086001B010BD7B
:10B9D000BFF35F8F4EF62451CEF20001086820F4C9
:10B9E000803008604EF69451CEF2000100200860CD
:10B9F000704700000000000081B00090009840F007
:10BA000001004EF69451CEF2000108604EF624512A
:10BA1000CEF20001086840F480300860BFF34F8F19
:10BA2000BFF36F8F01B0704780B582B0FFE744F27B
:10BA3000F440C5F60200016841F0020101600068AF
:10BA400000F0020001900198FFE76FF001000F2164
:10BA5000002200F011F802B080BD000000000000DC
:10BA600080B582B0ADF80600BDF9060019F088FB7C
:10BA700002B080BD0000000080B586B0ADF81600B1
:10BA80000491039219F094FB0290BDF91600019005
:10BA900002980499039A08F00FFF0146019819F0E3
:10BAA0008FFB06B080BD000080B582B00190019888
:10BAB00019F0AAFB02B080BD82B001900198006825
:10BAC000009001990120C1F8D8040199002081F863
:10BAD000CC04009A916941F000619161009A516D26
:10BAE0000323C1F200031943516502B070470000FF
:10BAF00082B001908DF8031002B070470000000082
:10BB000082B00190ADF80210BDF8020001990968F9
:10BB10004862002002B0704784B003908DF80B108B
:10BB2000ADF8082003980068406A00909DF80B006B
:10BB300048B9FFE7BDF80810009840EA01400399B2
:10BB40000968886233E003980068816A009800EB16
:10BB50001140009000208DF80700FFE79DF80700D6
:10BB60009DF80B100139884213D2FFE70398006853
:10BB70009DF8071000EB8100D0F80411009800EB4D
:10BB800011400090FFE79DF8070001308DF8070095
:10BB9000E4E7BDF80810009840EA014003990968FD
:10BBA0009DF80B2001EB8201C1F80001FFE70020A6
:10BBB00004B070470000000080B582B00190019889
:10BBC000D0F8E00415F064FE02B080BD0000000073
:10BBD00080B582B001908DF80310019AD2F8E0048C
:10BBE0009DF8031001EBC10302EB8302126A15F00A
:10BBF000ABFC02B080BD000080B582B001908DF832
:10BC00000310019AD2F8E0049DF8031001EBC10380
:10BC100002EB8302D2F8602215F05EFD02B080BD17
:10BC200080B582B001900198D0F8E00415F038FE9C
:10BC300002B080BD0000000080B584B003908DF894
:10BC40000B109DF80B00000600280CD5FFE70398A9
:10BC50009DF80B1001F00F0101EBC10100EB810019
:10BC6000143001900CE003989DF80B1001F00F01C7
:10BC700001EBC10100EB810000F515700190FFE7B9
:10BC800003980068019917F0BBFE8DF80A009DF833
:10BC90000A0004B080BD000080B584B002908DF829
:10BCA00007109DF80700000600280FD5FFE702984F
:10BCB0009DF8071001F00F0101EBC10100EB8100BD
:10BCC000143000900099012048700FE002989DF810
:10BCD000071001F00F0101EBC10100EB810000F53D
:10BCE00015700090009900204870FFE79DF807004C
:10BCF00000F00F0000990870FFE7029890F8940494
:10BD0000012804D1FFE702208DF80F0014E002990A
:10BD1000012081F89404FFE7FFE70298006800998A
:10BD200017F05EF9FFE70299002081F89404FFE71D
:10BD300000208DF80F00FFE79DF80F0004B080BDD4
:10BD400080B584B002908DF807109DF8070000F0D0
:10BD50000F0002990979884204D9FFE701208DF884
:10BD60000F004DE09DF80700000600280FD5FFE703
:10BD700002989DF8071001F00F0101EBC10100EBE3
:10BD80008100143000900099012048700FE0029863
:10BD90009DF8071001F00F0101EBC10100EB8100DC
:10BDA00000F515700090009900204870FFE7009999
:10BDB000002088709DF8070000F00F0000990870BF
:10BDC000FFE7029890F89404012804D1FFE70220CD
:10BDD0008DF80F0014E00299012081F89404FFE728
:10BDE000FFE702980068009917F06AFBFFE70299E5
:10BDF000002081F89404FFE700208DF80F00FFE792
:10BE00009DF80F0004B080BD82B001908DF8031042
:10BE100001989DF8031001F00F0101EBC10100EB47
:10BE20008100D0F8680202B07047000000000000F6
:10BE300080B586B004908DF80F10ADF80C208DF809
:10BE40000B3000208DF80A009DF80F000006002836
:10BE50000FD5FFE704989DF80F1001F00F0101EBDB
:10BE6000C10100EB8100143001900199012048705C
:10BE70000FE004989DF80F1001F00F0101EBC101D4
:10BE800000EB810000F515700190019900204870C9
:10BE9000FFE79DF80F0000F00F0001990870BDF852
:10BEA0000C006FF3DF20019988609DF80B00019969
:10BEB00008710198407820B1FFE70199087848831C
:10BEC000FFE79DF80B00022804D1FFE7019900204D
:10BED0004871FFE7FFE7049890F89404012804D123
:10BEE000FFE702208DF8170015E00499012081F882
:10BEF0009404FFE7FFE704980068019916F038FC06
:10BF0000FFE70499002081F89404FFE79DF80A00F8
:10BF10008DF81700FFE79DF8170006B080BD000000
:10BF200080B586B005908DF81310039202930598A2
:10BF30009DF8131001F00F0101EBC10100EB81002E
:10BF400000F51570019003980199C8600298019955
:10BF50000861019900204861019948709DF813001B
:10BF600000F00F000199087005988079012804D12C
:10BF7000FFE703980199C861FFE7059A10680199E6
:10BF8000927917F041FB002006B080BD0000000050
:10BF900080B584B002908DF807109DF8070000F07E
:10BFA0000F0002990979884204D9FFE701208DF832
:10BFB0000F0058E09DF80700000600280FD5FFE7A6
:10BFC00002989DF8071001F00F0101EBC10100EB91
:10BFD0008100143000900099012048700DE0029813
:10BFE0009DF8071001EBC10100EB810000F5157011
:10BFF0000090009900204870FFE7009901208870A8
:10C000009DF8070000F00F0000990870FFE7029804
:10C0100090F89404012804D1FFE702208DF80F0066
:10C0200021E00299012081F89404FFE7FFE70298DC
:10C030000068009917F094FA9DF80700000740B9CE
:10C04000FFE7029A1068917902F29C4217F0E8F932
:10C05000FFE7FFE70299002081F89404FFE7002042
:10C060008DF80F00FFE79DF80F0004B080BD0000C1
:10C0700080B586B005908DF8131003920293059851
:10C080009DF8131001F00F0101EBC10100EB8100DD
:10C090001430019003980199C860029801990861D1
:10C0A0000199002048610199012048709DF8130012
:10C0B00000F00F000199087005988079012804D1DB
:10C0C000FFE703980199C861FFE7059A1068019995
:10C0D000927917F099FA002006B080BD00000000A8
:10C0E00080B58CB00B900B9800680A900A98099064
:10C0F0000B98006817F038FE002840F03484FFE702
:10C100000B98006817F0A0FF10B9FFE700F02BBCF8
:10C110000998D0F80808C0F30D200B99C1F8D40491
:10C120000B98006817F090FF8007002807D5FFE7FD
:10C130000B980168486900F002004861FFE70B981E
:10C14000006817F081FFC006002862D5FFE70B9852
:10C150000168886920F0100088610A98006A0290DE
:10C160000B98029901F00F0101EBC10100EB810076
:10C1700000F515700890029800F4F0110220B0EB61
:10C18000514F23D1FFE7BDF8080047F6F071084290
:10C190001BD0FFE70A980899C968029AC2F30A12ED
:10C1A00017F062FF029847F6F07100EA0103089A5F
:10C1B000D06800EB1310D060029800EA01020899E1
:10C1C000486900EB12104861FFE71BE0029800F499
:10C1D000F0110620B0EB514F12D1FFE70A980B99EE
:10C1E00001F29C41082217F03FFF029847F6F071D8
:10C1F00000EA01020899486900EB1210486100E06A
:10C20000FFE7FFE70B980168886940F0100088613C
:10C21000FFE70B98006817F017FF0003002840F1B4
:10C22000A680FFE7002004900B98006817F0B8FE86
:10C230000690FFE70698002800F09880FFE79DF839
:10C240001800C007002800F08A80FFE70B980068FC
:10C250009DF8101017F0E0FE05909DF81400C0073F
:10C2600060B1FFE70998049900EB41110120C1F882
:10C27000080B0B98049908F027FCFFE79DF81400C1
:10C28000000700280CD5FFE70998049900EB41113D
:10C290000820C1F8080B0B98049908F0CDFBFFE7C4
:10C2A0009DF81400C006002808D5FFE709980499F6
:10C2B00000EB41111020C1F8080BFFE79DF81400B6
:10C2C000800700282DD5FFE70A984069000600285E
:10C2D00008D5FFE70999D1F8040840F48060C1F857
:10C2E0000408FFE70B98049901EBC10100EB810002
:10C2F00000F5157008900898C078012809D1FFE76B
:10C3000008990020C8700B989DF8101000F040FBB1
:10C31000FFE70998049900EB41110220C1F8080BCE
:10C32000FFE79DF814008006002808D5FFE709986C
:10C33000049900EB41112020C1F8080BFFE79DF89C
:10C3400015008006002809D5FFE70998049900EB3D
:10C3500041114FF40050C1F8080BFFE7FFE70498C4
:10C360000130049006984008069063E7FFE70B98B9
:10C37000006817F069FE4003002840F1C680FFE71F
:10C380000B98006817F0F8FD069000200490FFE776
:10C390000698002800F0B880FFE79DF81800C00755
:10C3A000002800F0AA80FFE70B9800689DF81010A5
:10C3B00017F00AFE05909DF81400C00700283ED033
:10C3C000FFE7049800F00F01012000FA01F103914A
:10C3D000039B099AD2F834189943C2F83418099982
:10C3E000049A01EB4211C1F808090B9880790128E1
:10C3F0001FD1FFE70B98049901EBC10100EB81010C
:10C40000CA69086A10440862049888B9FFE70B9863
:10C41000049901EBC10100EB8100406A40B9FFE7DC
:10C420000B99086801F29C42012116F0F9FFFFE721
:10C43000FFE70B989DF81010FFF7CAFBFFE79DF888
:10C4400014000007002808D5FFE70998049900EBBD
:10C4500041110820C1F80809FFE79DF81400C00643
:10C46000002808D5FFE70998049900EB4111102036
:10C47000C1F80809FFE79DF814004006002808D518
:10C48000FFE70998049900EB41114020C1F8080921
:10C49000FFE79DF814008007002822D5FFE70A98DF
:10C4A000049917F085FB0B98049901EBC10100EB8F
:10C4B0008100143008900898C078012809D1FFE75E
:10C4C00008990020C8700B989DF8101000F050FAE1
:10C4D000FFE70998049900EB41110220C1F808090F
:10C4E000FFE79DF814000006002805D5FFE70B982C
:10C4F000049908F0CDFBFFE7FFE7049801300490B2
:10C5000006984008069043E7FFE70B98006817F08D
:10C510009BFDC00F00B3FFE70999D1F8040820F094
:10C520000100C1F804080B9890F8CC04012808D148
:10C53000FFE70B98002180F8CC140B98FFF7D8FA8E
:10C5400003E00B9800F0CCFBFFE70B98016848690B
:10C5500000F000404861FFE70B98006817F074FD99
:10C560000005002811D5FFE70998D0F80808C00792
:10C5700020B1FFE70B9800F047FCFFE70B9801683C
:10C58000486900F400604861FFE70B98006817F005
:10C590005BFD0001002820D5FFE70B980168486982
:10C5A00000F0006048610B9890F8CC0480B9FFE778
:10C5B0000B98012180F8CC140B980068406DC0F3F3
:10C5C00083000B9AC2F8D0040B98FFF791FA03E0AE
:10C5D0000B9800F019FCFFE7FFE70B98006817F0D5
:10C5E00033FDC004002840F18680FFE70999D1F8A7
:10C5F000040820F00100C1F804080B98006810211D
:10C6000017F0D6FA00200790FFE707980B990979F1
:10C61000884231D2FFE70998079900EB41114FF6A4
:10C620007F30C1F808090999079A01EB4212D2F844
:10C63000001921F40011C2F800190999079A01EBB9
:10C640004211C1F8080B0998079900EB4111D1F884
:10C65000000B20F40010C1F8000B0998079900EBBB
:10C660004111D1F8000B40F00060C1F8000BFFE76A
:10C67000079801300790C8E70999D1F81C0840F0E5
:10C680000110C1F81C080B98C07B78B1FFE709992D
:10C69000D1F8840840F00B00C1F884080999D1F85A
:10C6A000440840F00B00C1F844080FE00999D1F8A4
:10C6B000140842F22B021043C1F814080999D1F86A
:10C6C000100840F00B00C1F81008FFE70999D1F8F5
:10C6D000000820F4FE60C1F800080B9A10689179F8
:10C6E00002F29C4216F09CFE0B980168486900F427
:10C6F00080504861FFE70B98006817F0A5FC8004A4
:10C7000000281FD5FFE70B98006816F0A1F80B98DA
:10C71000006817F001FB0B99C8710B980068019035
:10C7200002F03EF9014601980B9AD27917F098FD74
:10C730000B9800F0A9FA0B980168486900F40050C2
:10C740004861FFE70B98006817F07EFC000700289F
:10C750000AD5FFE70B9800F0CFFA0B9801684869FB
:10C7600000F008004861FFE70B98006817F06CFCC8
:10C770000006002825D5FFE70A99886920F0800087
:10C78000886101200490FFE704980B990979884299
:10C7900016D2FFE70B98049901EBC10100EB810071
:10C7A00090F85702012806D1FFE70B989DF810106A
:10C7B000FFF742FAFFE7FFE7049801300490E3E750
:10C7C000FFE70B98006817F03FFCC00200283CD53B
:10C7D000FFE701200490FFE704980B99097988424C
:10C7E0002CD2FFE70998049900EB4110D0F800091A
:10C7F00002900B98049901EBC10100EB8100007ECF
:10C80000012816D1FFE79DF80B000006002810D57F
:10C81000FFE70B98049901EBC10100EB81010120B6
:10C82000C8750B989DF8101041F08001FFF704FACD
:10C83000FFE7FFE7049801300490CDE70B9801680B
:10C84000486900F480104861FFE70B98006817F012
:10C85000FBFB8002002856D5FFE701200490FFE78C
:10C8600004980B990979884246D2FFE70998049900
:10C8700000EB4110D0F8000B02900B98049901EBEB
:10C88000C10100EB810090F8580201282FD1FFE789
:10C890009DF80B000006002829D5FFE7029800F458
:10C8A00080310B98D0F8D40400F00100B0EB114FA8
:10C8B0001DD1FFE70B98049901EBC10100EB810149
:10C8C000012081F857020A99886940F08000886148
:10C8D0000A9840690006002808D4FFE70999D1F8B2
:10C8E000040840F40070C1F8040805E0FFE7FFE722
:10C8F000049801300490B3E70B980168486900F48C
:10C9000000104861FFE70B98006817F09DFB40009E
:10C9100000280AD5FFE70B98FFF74EF90B9801683E
:10C92000486900F080404861FFE70B98006817F005
:10C930008BFB4007002815D5FFE70B98006840687F
:10C9400002909DF808004007002804D5FFE70B98E7
:10C95000FFF766F9FFE7029A0B98016848681043F1
:10C960004860FFE7FFE70CB080BD0000000000005A
:10C9700080B582B001908DF803100198D0F8E004E2
:10C980009DF8031015F030F802B080BD00000000E3
:10C9900080B582B001908DF803100198D0F8E004C2
:10C9A0009DF8031015F058F802B080BD000000009B
:10C9B00080B58CB00A900A9820B9FFE701208DF865
:10C9C0002F000EE10A9890F8950440B9FFE70A9904
:10C9D000002081F894040A9800F00AF9FFE70A9908
:10C9E000032081F895040A98006816F00DFD0A9B53
:10C9F0001868197C8DF8201059689A68DB680793CD
:10CA0000069205910599069A079BDDF820C0EE462F
:10CA1000CEF800C016F030FA40B1FFE70A990220C4
:10CA200081F8950401208DF82F00DAE00A9800685B
:10CA3000002117F075FB40B1FFE70A99022081F849
:10CA4000950401208DF82F00CBE000208DF8270001
:10CA5000FFE79DF827000A990979884241DAFFE744
:10CA60000A989DF8271001EBC10100EB810101201C
:10CA700048759DF827000A9900EBC00201EB82017E
:10CA800008759DF827000A9900EBC00201EB8201AE
:10CA9000C8850A989DF8271001EBC10100EB8101C0
:10CAA000002008760A999DF8272002EBC20201EBCC
:10CAB0008201C8610A999DF8272002EBC20201EBAE
:10CAC000820108620A999DF8272002EBC20201EB5D
:10CAD00082014862FFE79DF8270001308DF82700AA
:10CAE000B7E700208DF82700FFE79DF827000A9997
:10CAF000097988423EDAFFE70A989DF8271001EB92
:10CB0000C10100EB8101002081F855029DF827103A
:10CB10000A9A01EBC10302EB830282F854120A99CC
:10CB20009DF8272002EBC20201EB820181F8580236
:10CB30000A999DF8272002EBC20201EB8201C1F89D
:10CB40005C020A999DF8272002EBC20201EB8201E8
:10CB5000C1F860020A999DF8272002EBC20201EB9E
:10CB60008201C1F86402FFE79DF8270001308DF8CB
:10CB70002700BAE70A9B1868197C8DF810105968CD
:10CB80009A68DB680393029201910199029A039BD0
:10CB9000DDF810C0EE46CEF800C016F0EDFA40B158
:10CBA000FFE70A99022081F8950401208DF82F00F3
:10CBB00017E00A99002048740A99012081F8950429
:10CBC0000A98007B012804D1FFE70A98FEF774FF5A
:10CBD000FFE70A98006816F0B7FA00208DF82F00DA
:10CBE000FFE79DF82F000CB080BD000000000000A2
:10CBF00080B5B2B0319002A8B821F3F722FD319888
:10CC000000680021C4F2040188423AD1FFE7002005
:10CC100003904FF48021029110210C914FF4807108
:10CC20000D9102210E9108220F92109111904FF454
:10CC30000071129113904FF40010239002A800F09D
:10CC400027FC18B1FFE7F9F747FBFFE700F050F9C1
:10CC5000FFE744F2D840C5F60200016841F00071D8
:10CC60000160006800F0007001900198FFE74D201E
:10CC7000009005210022FEF7FFFE0098FEF7F0FE6F
:10CC8000FFE732B080BD000080B582B00190012086
:10CC90008DF803000198C07920B9FFE700208DF8D6
:10CCA00003000CE00198C079022804D1FFE70120BD
:10CCB0008DF8030002E0F9F70FFBFFE7FFE70198AB
:10CCC000D0F8E0049DF8031014F0CEFF0198D0F8DE
:10CCD000E00414F045FF02B080BD00000000000039
:10CCE00080B582B001900198D0F8E00414F088FF7C
:10CCF00002B080BD0000000080B582B001900198B4
:10CD0000D0F8E00414F090FF02B080BD00000000F5
:10CD100080B584B002908DF80710FFE7029890F874
:10CD20009404012804D1FFE702208DF80F0019E0D8
:10CD30000299012081F89404FFE7FFE79DF80700BE
:10CD400002994874029800689DF8071017F058FA85
:10CD5000FFE70299002081F89404FFE700208DF896
:10CD60000F00FFE79DF80F0004B080BD0000000039
:10CD700080B582B001900199D1F8E00401F29C41A4
:10CD800014F09EFF02B080BD80B584B0029002987E
:10CD900000680190FFE7029890F89404012804D1FC
:10CDA000FFE702208DF80F0028E00299012081F8AA
:10CDB0009404FFE7FFE70198C068400600280BD500
:10CDC000FFE70298407B012806D1FFE70199886BB5
:10CDD00040F480308863FFE70298006816F0A0FEF8
:10CDE0000298006816F098F9FFE70299002081F890
:10CDF0009404FFE700208DF80F00FFE79DF80F0077
:10CE000004B080BD0000000080B582B001900198A0
:10CE1000D0F8E00414F0DCFF01980168D1F8000EAE
:10CE200040F00100C1F8000E0198C07A48B1FFE758
:10CE30004EF61051CEF20001086840F0060008607E
:10CE4000FFE702B080BD000080B584B0029044F6D8
:10CE50000C00C5F60200006800F004010020B0EBF1
:10CE6000910F13D1FFE744F60C00C5F602000068ED
:10CE700000F007000299884204D0FFE701208DF8F6
:10CE80000F002EE000208DF80F002AE044F60C0180
:10CE9000C5F60201086820F00700029A10430860F6
:10CEA000FEF792FC0190FFE744F60400C5F602008D
:10CEB000006800F400510020B0EB513F0DD1FFE7B6
:10CEC000FEF782FC0199401AB0F57A7F04D9FFE79A
:10CED00001208DF80F0004E0E6E700208DF80F0038
:10CEE000FFE79DF80F0004B080BD000000000000C7
:10CEF00044F60C01C5F60201086840F08070086035
:10CF0000704700000000000080B501F049FD44F2C8
:10CF10002041C5F602010968C1F3021248F20C5122
:10CF2000C0F60201895C01F01F01C84080BD00000D
:10CF300088B0079044F22840C5F60200016801F06D
:10CF4000030106910068C0F30530059044F22C40BF
:10CF5000C5F602000068C0F300100490049844F283
:10CF60003C41C5F60201096889B2C908484300EE90
:10CF7000100AB8EE400A8DED020A0598002800F06C
:10CF80001B81FFE70698009048B1FFE70098012851
:10CF900069D0FFE70098022800F08980ABE044F2F6
:10CFA0000040C5F60200006800F020010020B0EB50
:10CFB000511F33D0FFE744F20040C5F6020000687D
:10CFC000C0F3C10149F20000C0F2D030C840039064
:10CFD0009DED030AB8EE400A9DED051AB8EE411A20
:10CFE00080EE010A44F23840C5F6020000686FF393
:10CFF0005F2001EE100AB8EE411A9DED022A9FED66
:10D00000743A82EE032A31EE021AB7EE002A31EEAC
:10D01000021A20EE010A8DED010A23E09DED050ABA
:10D02000B8EE401A9FED6C0A80EE010A44F23840D7
:10D03000C5F6020000686FF35F2001EE100AB8EE3B
:10D04000411A9DED022A9FED623A82EE032A31EEEB
:10D05000021AB7EE002A31EE021A20EE010A8DED17
:10D06000010AFFE76BE09DED050AB8EE401A9FED5F
:10D07000590A80EE010A44F23840C5F60200006801
:10D080006FF35F2001EE100AB8EE411A9DED022AFF
:10D090009FED4F3A82EE032A31EE021AB7EE002AD4
:10D0A00031EE021A20EE010A8DED010A47E09DEDF6
:10D0B000050AB8EE401A9FED450A80EE010A44F2D7
:10D0C0003840C5F6020000686FF35F2001EE100AD9
:10D0D000B8EE411A9DED022A9FED3D3A82EE032AF9
:10D0E00031EE021AB7EE002A31EE021A20EE010AE2
:10D0F0008DED010A23E09DED050AB8EE401A9FED83
:10D10000350A80EE010A44F23840C5F60200006894
:10D110006FF35F2001EE100AB8EE411A9DED022A6E
:10D120009FED2B3A82EE032A31EE021AB7EE002A67
:10D1300031EE021A20EE010A8DED010AFFE79DEDA6
:10D14000010A44F23840C5F60200016889B2490A72
:10D1500001EE101AB8EE411AB7EE002A31EE021AAB
:10D1600080EE010A0799BCEEC00A81ED000A9DED30
:10D17000010A0168C1F3064101EE101AB8EE411A26
:10D1800031EE021A80EE010A0799BCEEC00A81ED69
:10D19000010A9DED010A0068C0F3066001EE100A65
:10D1A000B8EE411A31EE021A80EE010A0798BCEE81
:10D1B000C00A80ED020A07E007990020086007997D
:10D1C000486007998860FFE708B07047001BB74BBD
:10D1D000000000460024744A0024744C0000000043
:10D1E00088B0079044F22840C5F60200016801F0BB
:10D1F000030106910068C0F30550059044F22C40ED
:10D20000C5F602000068C0F300200490049844F2C0
:10D210004441C5F60201096889B2C908484300EED5
:10D22000100AB8EE400A8DED020A0598002800F0B9
:10D230001B81FFE70698009048B1FFE7009801289E
:10D2400069D0FFE70098022800F08980ABE044F243
:10D250000040C5F60200006800F020010020B0EB9D
:10D26000511F33D0FFE744F20040C5F602000068CA
:10D27000C0F3C10149F20000C0F2D030C8400390B1
:10D280009DED030AB8EE400A9DED051AB8EE411A6D
:10D2900080EE010A44F24040C5F6020000686FF3D8
:10D2A0005F2001EE100AB8EE411A9DED022A9FEDB3
:10D2B000743A82EE032A31EE021AB7EE002A31EEFA
:10D2C000021A20EE010A8DED010A23E09DED050A08
:10D2D000B8EE401A9FED6C0A80EE010A44F240401D
:10D2E000C5F6020000686FF35F2001EE100AB8EE89
:10D2F000411A9DED022A9FED623A82EE032A31EE39
:10D30000021AB7EE002A31EE021A20EE010A8DED64
:10D31000010AFFE76BE09DED050AB8EE401A9FEDAC
:10D32000590A80EE010A44F24040C5F60200006846
:10D330006FF35F2001EE100AB8EE411A9DED022A4C
:10D340009FED4F3A82EE032A31EE021AB7EE002A21
:10D3500031EE021A20EE010A8DED010A47E09DED43
:10D36000050AB8EE401A9FED450A80EE010A44F224
:10D370004040C5F6020000686FF35F2001EE100A1E
:10D38000B8EE411A9DED022A9FED3D3A82EE032A46
:10D3900031EE021AB7EE002A31EE021A20EE010A2F
:10D3A0008DED010A23E09DED050AB8EE401A9FEDD0
:10D3B000350A80EE010A44F24040C5F602000068DA
:10D3C0006FF35F2001EE100AB8EE411A9DED022ABC
:10D3D0009FED2B3A82EE032A31EE021AB7EE002AB5
:10D3E00031EE021A20EE010A8DED010AFFE79DEDF4
:10D3F000010A44F24040C5F60200016889B2490AB8
:10D4000001EE101AB8EE411AB7EE002A31EE021AF8
:10D4100080EE010A0799BCEEC00A81ED000A9DED7D
:10D42000010A0168C1F3064101EE101AB8EE411A73
:10D4300031EE021A80EE010A0799BCEEC00A81EDB6
:10D44000010A9DED010A0068C0F3066001EE100AB2
:10D45000B8EE411A31EE021A80EE010A0798BCEECE
:10D46000C00A80ED020A07E00799002008600799CA
:10D47000486007998860FFE708B07047001BB74B0A
:10D48000000000460024744A0024744C0000000090
:10D4900080B59AB0189000208DF857008DF856008E
:10D4A0001898C0780007002848D5FFE71898406E04
:10D4B000149078B1FFE71498B0F5801F13D0FFE700
:10D4C0001498B0F5001F16D0FFE71498B0F5401F70
:10D4D00019D019E044F22C41C5F60201086840F465
:10D4E0000030086014E01898083002210BF098F919
:10D4F0008DF857000CE01898283002210BF078FACC
:10D500008DF8570004E003E001208DF85700FFE795
:10D510009DF8570060B9FFE744F25041C5F602019B
:10D52000086820F44010189A526E1043086004E016
:10D530009DF857008DF85600FFE7FFE718984078F0
:10D54000C007002840D0FFE71898806D139004288A
:10D5500020D81399DFE801F0030C141C1D0044F2DD
:10D560002C41C5F60201086840F40030086015E05F
:10D570001898083000210BF053F98DF857000DE092
:10D580001898283000210BF033FA8DF8570005E089
:10D5900004E003E001208DF85700FFE79DF85700F5
:10D5A00060B9FFE744F25041C5F60201086820F077
:10D5B0000700189A926D1043086004E09DF8570028
:10D5C0008DF85600FFE7FFE71898407840070028DD
:10D5D00056D5FFE71898D0F8A4001290C8B1FFE71D
:10D5E0001298B0F5001F1DD0FFE71298B0F5800F1C
:10D5F00020D0FFE71298B0F5C00F23D0FFE71298B4
:10D60000B0F5000F1FD0FFE71298B0F5200F1BD028
:10D610001BE044F22C41C5F60201086840F40030DA
:10D62000086016E01898083000210BF0F9F88DF822
:10D6300057000EE01898283000210BF0D9F98DF82A
:10D64000570006E005E004E003E001208DF85700F4
:10D65000FFE79DF8570068B9FFE744F25841C5F667
:10D660000201086820F46000189AD2F8A420104340
:10D67000086004E09DF857008DF85600FFE7FFE7CB
:10D68000189840780007002856D5FFE71898D0F87A
:10D69000A8001190C8B1FFE71198B0F1807F1DD0AC
:10D6A000FFE71198B0F1007F20D0FFE71198B0F1AB
:10D6B000407F23D0FFE71198B0F1806F1FD0FFE7C4
:10D6C0001198B0F1A06F1BD01BE044F22C41C5F6BD
:10D6D0000201086840F40030086016E0189808302D
:10D6E00000210BF09DF88DF857000EE018982830B7
:10D6F00000210BF07DF98DF8570006E005E004E00D
:10D7000003E001208DF85700FFE79DF8570068B946
:10D71000FFE744F25841C5F60201086820F0E060D6
:10D72000189AD2F8A8201043086004E09DF857002A
:10D730008DF85600FFE7FFE71898C07880070028AB
:10D740003ED5FFE71898C06C1090F0B1FFE7109835
:10D75000102808D0FFE7109820280DD0FFE7109878
:10D76000302811D012E044F22C41C5F602010868BD
:10D7700040F4003008600DE01898083002210BF0EA
:10D780004FF88DF8570005E004E003E001208DF824
:10D790005700FFE79DF8570060B9FFE744F24C419E
:10D7A000C5F60201086820F03000189AD26C1043C8
:10D7B000086004E09DF857008DF85600FFE7FFE78A
:10D7C00018984078C00600284ED5FFE71898C06D1D
:10D7D0000F90A0B1FFE70F98B0F5805F18D0FFE77A
:10D7E0000F98B0F5005F1BD0FFE70F98B0F5405FD2
:10D7F0001ED0FFE70F98B0F5804F1AD01AE044F220
:10D800002C41C5F60201086840F40030086015E0BC
:10D810001898083000210BF003F88DF857000DE040
:10D820001898283000210BF0E3F88DF8570005E038
:10D8300004E003E001208DF85700FFE79DF8570052
:10D8400060B9FFE744F25041C5F60201086820F4D0
:10D85000E040189AD26D1043086004E09DF857002C
:10D860008DF85600FFE7FFE71898407880060028FB
:10D870004CD5FFE71898006E0E90C8B1FFE70E98E0
:10D88000B0F5803F15D0FFE70E98B0F5003F18D0F7
:10D89000FFE70E98B0F5403F1BD0FFE70E98B0F5BC
:10D8A000802F17D0FFE70E98B0F5A02F13D013E00C
:10D8B00016E01898083001210AF0B2FF8DF85700E1
:10D8C0000EE01898283001210BF092F88DF85700DF
:10D8D00006E005E004E003E001208DF85700FFE7D3
:10D8E0009DF8570060B9FFE744F25041C5F60201C8
:10D8F000086820F4E020189A126E1043086004E0D3
:10D900009DF857008DF85600FFE7FFE7189840781C
:10D91000400600284ED5FFE71898D0F8AC000D90CF
:10D92000C8B1FFE70D98B0F1805F15D0FFE70D9803
:10D93000B0F1005F18D0FFE70D98B0F1405F1BD049
:10D94000FFE70D98B0F1804F17D0FFE70D98B0F1C9
:10D95000A04F13D013E016E01898083001210AF008
:10D960005FFF8DF857000EE01898283001210BF06A
:10D970003FF88DF8570006E005E004E003E00120E1
:10D980008DF85700FFE79DF8570068B9FFE744F2AC
:10D990005841C5F60201086820F0E040189AD2F814
:10D9A000AC201043086004E09DF857008DF8560045
:10D9B000FFE7FFE718984078000600283BD5FFE70F
:10D9C0001898C06E0C90D8B1FFE70C98B0F1805F4A
:10D9D00005D0FFE70C98B0F1005F09D011E044F2E8
:10D9E0002C41C5F60201086840F4003008600CE0E4
:10D9F0001898083001210AF013FF8DF8570004E051
:10DA000003E001208DF85700FFE79DF8570060B94B
:10DA1000FFE744F25041C5F60201086820F040508B
:10DA2000189AD26E1043086004E09DF857008DF8F4
:10DA30005600FFE7FFE71898C078C007002837D0E6
:10DA4000FFE71898806C0B90032817D80B99DFE834
:10DA500001F014020B1344F22C41C5F602010868D0
:10DA600040F4003008600DE01898083002210AF0F8
:10DA7000D7FE8DF8570005E004E003E001208DF8A3
:10DA80005700FFE79DF8570060B9FFE744F24C41AB
:10DA9000C5F60201086820F00300189A926C104342
:10DAA000086004E09DF857008DF85600FFE7FFE797
:10DAB000189880784006002840F1B480FFE744F6CB
:10DAC0000001C5F60201086840F480700860FDF7A7
:10DAD0007BFE1690FFE744F60000C5F602000068E2
:10DAE000C00500280CD4FFE7FDF76EFE1699401A1A
:10DAF000652804D3FFE703208DF8570000E0EAE72C
:10DB00009DF85700002840F08780FFE744F27040FE
:10DB1000C5F60200006800F440701899D1F8B01002
:10DB200001F44071884213D0FFE744F27041C5F61A
:10DB30000201086820F440701790086840F48030B3
:10DB40000860086820F48030086017980860FFE7D4
:10DB50001898D0F8B000B0F5807F1FD1FFE7FDF72F
:10DB600033FE1690FFE744F27040C5F602000068ED
:10DB700000F002010020B0EB510F0ED1FFE7FDF7DE
:10DB800023FE1699401A41F28931884204D3FFE7F7
:10DB900003208DF8570000E0E5E7FFE79DF8570008
:10DBA000A0BBFFE7FFE71898D0F8B00000F4407082
:10DBB000B0F5407F13D1FFE744F21041C5F60201F2
:10DBC000086820F47C50189AD2F8B0204FF6F04341
:10DBD000C0F6FF731A4040EA1210086008E044F2F1
:10DBE0001041C5F60201086820F47C500860FFE788
:10DBF0001898D0F8B0206FF31F3244F27041C5F688
:10DC00000201086810430860FFE704E09DF8570030
:10DC10008DF85600FFE704E09DF857008DF8560098
:10DC2000FFE7FFE718980068C007002800F04C8065
:10DC3000FFE71898806F0A9028282BD80A99DFE808
:10DC400001F01529292929292929162929292929CC
:10DC500029291E2929292929292926292929292942
:10DC600029292729292929292929280016E018984E
:10DC7000083001210AF0D4FD8DF857000EE0189805
:10DC8000283001210AF0B4FE8DF8570006E005E0C7
:10DC900004E003E001208DF85700FFE79DF85700EE
:10DCA00060B9FFE744F25441C5F60201086820F06C
:10DCB0003800189A926F1043086004E09DF85700EE
:10DCC0008DF85600FFE7FFE71898007880070028D6
:10DCD00039D5FFE71898406F0990052819D8099998
:10DCE000DFE801F003040C14151616E0189808304C
:10DCF00001210AF095FD8DF857000EE018982830A4
:10DD000001210AF075FE8DF8570006E005E004E0F9
:10DD100003E001208DF85700FFE79DF8570060B938
:10DD2000FFE744F25441C5F60201086820F00700FD
:10DD3000189A526F1043086004E09DF857008DF860
:10DD40005600FFE7FFE718980078400700283BD50A
:10DD5000FFE71898D0F890000890052819D808997E
:10DD6000DFE801F003040C14151616E018980830CB
:10DD700001210AF055FD8DF857000EE01898283063
:10DD800001210AF035FE8DF8570006E005E004E0B9
:10DD900003E001208DF85700FFE79DF8570068B9B0
:10DDA000FFE744F25841C5F60201086820F0070079
:10DDB000189AD2F890201043086004E09DF85700AC
:10DDC0008DF85600FFE7FFE71898007880060028D6
:10DDD0004ED5FFE71898D0F88C000790C8B1FFE740
:10DDE0000798B0F1805F15D0FFE70798B0F1005FAA
:10DDF00018D0FFE70798B0F1405F1BD0FFE7079806
:10DE0000B0F1804F17D0FFE70798B0F1A04F13D0C3
:10DE100013E016E01898083000210AF001FD8DF893
:10DE200057000EE01898283002210AF0E1FD8DF825
:10DE3000570006E005E004E003E001208DF85700FC
:10DE4000FFE79DF8570068B9FFE744F25441C5F673
:10DE50000201086820F0E040189AD2F88C201043A4
:10DE6000086004E09DF857008DF85600FFE7FFE7D3
:10DE700018980078400600284ED5FFE71898D0F88B
:10DE800098000690C8B1FFE70698B0F5806F15D0EE
:10DE9000FFE70698B0F5006F18D0FFE70698B0F5D9
:10DEA000406F1BD0FFE70698B0F5805F17D0FFE703
:10DEB0000698B0F5A05F13D013E016E0189808306C
:10DEC00000210AF0ADFC8DF857000EE018982830BC
:10DED00002210AF08DFD8DF8570006E005E004E010
:10DEE00003E001208DF85700FFE79DF8570068B95F
:10DEF000FFE744F25841C5F60201086820F4E050FB
:10DF0000189AD2F898201043086004E09DF8570052
:10DF10008DF85600FFE7FFE7189800780006002804
:10DF20004ED5FFE71898D0F89C000590C8B1FFE7E0
:10DF30000598B0F5005F15D0FFE70598B0F5804F64
:10DF400018D0FFE70598B0F5C04F1BD0FFE7059844
:10DF5000B0F5004F17D0FFE70598B0F5204F13D06C
:10DF600013E016E01898083000210AF059FC8DF8EB
:10DF700057000EE01898283002210AF039FD8DF87C
:10DF8000570006E005E004E003E001208DF85700AB
:10DF9000FFE79DF8570068B9FFE744F25841C5F61E
:10DFA0000201086820F46040189AD2F89C201043BF
:10DFB000086004E09DF857008DF85600FFE7FFE782
:10DFC000189800780007002820D5FFE71898D0F8A7
:10DFD0008000B0F5805F0CD1FFE71898283002214F
:10DFE0000AF006FD20B1FFE701208DF85600FFE79B
:10DFF000FFE744F25441C5F60201086820F440509E
:10E00000189AD2F8802010430860FFE7189800782B
:10E01000C006002820D5FFE71898D0F89400B0F586
:10E02000807F0CD1FFE71898283002210AF0E0FC2D
:10E0300020B1FFE701208DF85600FFE7FFE744F22B
:10E040005841C5F60201086820F44070189AD2F8C9
:10E05000942010430860FFE7189880780007002894
:10E060003CD5FFE71898D0F8A000049050B1FFE726
:10E070000498B0F5803F0DD0FFE70498B0F5003F5D
:10E0800010D010E01898083000210AF0C9FB8DF874
:10E0900057000CE01898283002210AF0A9FC8DF8EE
:10E0A000570004E003E001208DF85700FFE79DF8DA
:10E0B000570068B9FFE744F25841C5F60201086805
:10E0C00020F44030189AD2F8A0201043086004E0F1
:10E0D0009DF857008DF85600FFE7FFE71898807805
:10E0E000400700283FD5FFE71898D0F88400039038
:10E0F000B0F5801F0AD0FFE70398B0F5001F0ED0DF
:10E10000FFE70398B0F5401F11D011E044F22C4115
:10E11000C5F60201086840F4003008600CE0189869
:10E12000283001210AF064FC8DF8570004E003E078
:10E1300001208DF85700FFE79DF8570068B9FFE709
:10E1400044F25441C5F60201086820F44010189AC0
:10E15000D2F884201043086004E09DF857008DF841
:10E160005600FFE7FFE718988078C007A8B3FFE7DD
:10E170001898006D029028B1FFE70298B0F5803F33
:10E1800009D010E044F22C41C5F60201086840F4C1
:10E19000003008600BE01898083002210AF040FBBC
:10E1A0008DF8570003E001208DF85700FFE79DF838
:10E1B000570060B9FFE744F24C41C5F60201086818
:10E1C00020F48030189A126D1043086004E09DF826
:10E1D00057008DF85600FFE7FFE71898C0788006D3
:10E1E00000280CD5FFE71898283002210AF000FC1F
:10E1F00020B1FFE701208DF85600FFE7FFE71898F0
:10E200008078800700283AD5FFE71898C06F019002
:10E21000D0B1FFE70198B0F5807F0AD0FFE7019801
:10E22000B0F5007F0ED0FFE70198B0F5407F0AD02F
:10E230000BE044F22C41C5F60201086840F40030BE
:10E24000086006E005E004E003E001208DF85700D7
:10E25000FFE79DF8570060B9FFE744F25441C5F667
:10E260000201086820F44070189AD26F10430860C9
:10E2700004E09DF857008DF85600FFE7FFE7189877
:10E280008078C00600280CD5FFE744F25041C5F65F
:10E290000201086820F00040189A126F10430860CD
:10E2A000FFE718988078800600280CD5FFE744F235
:10E2B0005041C5F60201086820F08070189A926EED
:10E2C00010430860FFE71898C0784006002811D571
:10E2D000FFE7FFE744F21041C5F60201086820F4A9
:10E2E000004008601898D0F8B4200868104308600F
:10E2F000FFE7FFE71898C078000600280CD5FFE775
:10E3000044F24C41C5F60201086820F04050189ACA
:10E31000526D10430860FFE71898807800060028C7
:10E320000DD5FFE744F25441C5F60201086820F418
:10E330004000189AD2F8882010430860FFE7189828
:10E340000079C00790B1FFE71898083000210AF063
:10E3500067FA8DF857009DF8570008B9FFE704E009
:10E360009DF857008DF85600FFE7FFE718980079F1
:10E370008007002812D5FFE71898083001210AF01D
:10E380004FFA8DF857009DF8570008B9FFE704E0F1
:10E390009DF857008DF85600FFE7FFE718980079C1
:10E3A0004007002812D5FFE71898083002210AF02C
:10E3B00037FA8DF857009DF8570008B9FFE704E0D9
:10E3C0009DF857008DF85600FFE7FFE71898007991
:10E3D0000007002812D5FFE71898283000210AF01E
:10E3E00007FB8DF857009DF8570008B9FFE704E0D8
:10E3F0009DF857008DF85600FFE7FFE71898007961
:10E40000C006002812D5FFE71898283001210AF02D
:10E41000EFFA8DF857009DF8570008B9FFE704E0C0
:10E420009DF857008DF85600FFE7FFE71898007930
:10E430008006002812D5FFE71898283002210AF03C
:10E44000D7FA8DF857009DF8570008B9FFE704E0A8
:10E450009DF857008DF85600FFE7FFE79DF856003E
:10E4600020B9FFE700208DF8670003E001208DF858
:10E470006700FFE79DF867001AB080BD000000004C
:10E4800080B586B004900391049820B9FFE701207D
:10E490008DF817003CE2039842F20001C5F200211A
:10E4A000096801F00F01884216D9FFE742F2000027
:10E4B000C5F20020016821F00F01039A11430160A9
:10E4C000006800F00F000399884204D0FFE70120A4
:10E4D0008DF817001CE2FFE7049800784007002839
:10E4E00019D5FFE70498006944F21841C5F6020106
:10E4F000096801F0700188420CD9FFE744F2184125
:10E50000C5F60201086820F07000049A12691043F1
:10E510000860FFE7FFE7049800780007002819D596
:10E52000FFE70498406944F21C41C5F602010968FE
:10E5300001F0700188420CD9FFE744F21C41C5F696
:10E540000201086820F07000049A526910430860C4
:10E55000FFE7FFE704980078C006002819D5FFE719
:10E560000498806944F21C41C5F60201096801F46F
:10E57000E06188420CD9FFE744F21C41C5F6020174
:10E58000086820F4E060049A926910430860FFE78D
:10E59000FFE7049800788006002819D5FFE7049863
:10E5A000C06944F22041C5F60201096801F070011A
:10E5B00088420CD9FFE744F22041C5F60201086801
:10E5C00020F07000049AD26910430860FFE7FFE76B
:10E5D000049800788007002819D5FFE70498C068E0
:10E5E00044F21841C5F60201096801F00F018842A2
:10E5F0000CD9FFE744F21841C5F60201086820F083
:10E600000F00049AD26810430860FFE7FFE7049800
:10E610000078C007002800F08C80FFE744F2184122
:10E62000C5F60201086820F47060049A92681043ED
:10E63000086004984068022811D1FFE744F20040C6
:10E64000C5F60200006800F400310020B0EB514F25
:10E6500004D1FFE701208DF8170059E13EE004984E
:10E660004068032811D1FFE744F20040C5F60200DC
:10E67000006800F000710020B0EB516F04D1FFE79B
:10E6800001208DF8170043E127E004984068012835
:10E6900011D1FFE744F20040C5F60200006800F423
:10E6A00080710020B0EB112F04D1FFE701208DF81D
:10E6B00017002DE110E044F20040C5F602000068AA
:10E6C00000F004010020B0EB910F04D1FFE701201E
:10E6D0008DF817001CE1FFE7FFE7FFE744F2104168
:10E6E000C5F60201086820F00700049A526810433A
:10E6F0000860FDF769F80190FFE744F21040C5F6A5
:10E700000200006800F0380004994968B0EBC10FBE
:10E710000ED0FFE7FDF758F80199401A41F2893110
:10E72000884204D3FFE703208DF81700F0E0E4E708
:10E73000FFE7049800788007002819D5FFE70498C0
:10E74000C06844F21841C5F60201096801F00F01E2
:10E7500088420CD2FFE744F21841C5F6020108686E
:10E7600020F00F00049AD26810430860FFE7FFE72B
:10E77000039842F20001C5F20021096801F00F017F
:10E78000884216D2FFE742F20000C5F2002001687D
:10E7900021F00F01039A11430160006800F00F009F
:10E7A0000399884204D0FFE701208DF81700AFE0FD
:10E7B000FFE7049800784007002819D5FFE7049880
:10E7C000006944F21841C5F60201096801F07001C0
:10E7D00088420CD2FFE744F21841C5F602010868EE
:10E7E00020F07000049A126910430860FFE7FFE709
:10E7F000049800780007002819D5FFE704984069BD
:10E8000044F21C41C5F60201096801F0700188421A
:10E810000CD2FFE744F21C41C5F60201086820F063
:10E820007000049A526910430860FFE7FFE70498FC
:10E830000078C006002819D5FFE70498806944F2E3
:10E840001C41C5F60201096801F4E06188420CD25E
:10E85000FFE744F21C41C5F60201086820F4E060BD
:10E86000049A926910430860FFE7FFE70498007874
:10E870008006002819D5FFE70498C06944F22041BA
:10E88000C5F60201096801F0700188420CD2FFE769
:10E8900044F22041C5F60201086820F07000049A95
:10E8A000D26910430860FFE7FFE700F0CDF844F2BB
:10E8B0001842C5F602021168C1F3032348F20C5155
:10E8C000C0F60201CB5C03F01F03D8400090009813
:10E8D000126802F00F02895C01F01F01C84040F28B
:10E8E0000401C2F200410860009840F22401C2F223
:10E8F0000001086040F21420C2F200000068FCF73A
:10E90000BBFF8DF80B009DF80B008DF81700FFE79B
:10E910009DF8170006B080BD82B00190009101996A
:10E920003F20086044F21040C5F60200006800F085
:10E9300007000199486044F21840C5F602000168DA
:10E9400001F47061019A9160016801F00F01019A70
:10E95000D160006800F070000199086144F21C4029
:10E96000C5F60200016801F07001019A516100686A
:10E9700000F4E0600199886144F22040C5F602008D
:10E98000006800F070000199C86142F20000C5F211
:10E990000020006800F00F000099086002B0704786
:10E9A00080B582B000F050F844F21842C5F6020279
:10E9B0001168C1F3032348F20C51C0F60201CB5C8D
:10E9C00003F01F03D84001900198126802F00F0273
:10E9D000895C01F01F0120FA01F140F20400C2F24B
:10E9E00000400160019940F22402C2F2000211606D
:10E9F000006802B080BD000080B5FFF7D1FF44F28F
:10EA00001C41C5F602010968C1F3021248F20C511B
:10EA1000C0F60201895C01F01F01C84080BD000002
:10EA200080B5FFF7BDFF44F21C41C5F6020109683D
:10EA3000C1F3022248F20C51C0F60201895C01F0D8
:10EA40001F01C84080BD00008AB044F21040C5F6E6
:10EA50000200006800F0380001460191182800F219
:10EA600069810199DFE811F019006601660166010C
:10EA700066016601660166013A006601660166018B
:10EA80006601660166016601400066016601660175
:10EA90006601660166016601460044F20040C5F663
:10EAA0000200006800F020010020B0EB511F0ED0E2
:10EAB000FFE744F20040C5F602000068C0F3C10160
:10EAC00049F20000C0F2D030C840029005E049F29F
:10EAD0000000C0F2D0300290FFE731E140F60010B4
:10EAE000C0F23D0002902BE143F20060C0F26E10D4
:10EAF000029025E144F22840C5F60200016801F0C9
:10EB0000030108910068C0F30510079044F22C40FF
:10EB1000C5F60200006800F001000690069844F275
:10EB20003441C5F60201096889B2C908484300EEBC
:10EB3000100AB8EE400A8DED040A0798002800F08C
:10EB4000F580FFE70898009048B1FFE7009801289A
:10EB500069D0FFE70098022800F08980ABE044F21A
:10EB60000040C5F60200006800F020010020B0EB74
:10EB7000511F33D0FFE744F20040C5F602000068A1
:10EB8000C0F3C10149F20000C0F2D030C840059086
:10EB90009DED050AB8EE400A9DED071AB8EE411A40
:10EBA00080EE010A44F23040C5F6020000686FF3BF
:10EBB0005F2001EE100AB8EE411A9DED042A9FED88
:10EBC000633A82EE032A31EE021AB7EE002A31EEE2
:10EBD000021A20EE010A8DED030A23E09DED070ADB
:10EBE000B8EE401A9FED5B0A80EE010A44F2304015
:10EBF000C5F6020000686FF35F2001EE100AB8EE60
:10EC0000411A9DED042A9FED513A82EE032A31EE1E
:10EC1000021AB7EE002A31EE021A20EE010A8DED3B
:10EC2000030AFFE76BE09DED070AB8EE401A9FED7F
:10EC3000480A80EE010A44F23040C5F6020000683E
:10EC40006FF35F2001EE100AB8EE411A9DED042A21
:10EC50009FED3E3A82EE032A31EE021AB7EE002A09
:10EC600031EE021A20EE010A8DED030A47E09DED18
:10EC7000070AB8EE401A9FED340A80EE010A44F20A
:10EC80003040C5F6020000686FF35F2001EE100A05
:10EC9000B8EE411A9DED042A9FED2C3A82EE032A2C
:10ECA00031EE021AB7EE002A31EE021A20EE010A06
:10ECB0008DED030A23E09DED070AB8EE401A9FEDA3
:10ECC000240A80EE010A44F23040C5F602000068D2
:10ECD0006FF35F2001EE100AB8EE411A9DED042A91
:10ECE0009FED1A3A82EE032A31EE021AB7EE002A9D
:10ECF00031EE021A20EE010A8DED030AFFE744F21D
:10ED00003040C5F60200006881B2012000EB5120BE
:10ED100009909DED030A9DED091AB8EE411A80EEA7
:10ED2000010ABCEEC00A8DED020A02E0002002904A
:10ED3000FFE705E040F60010C0F23D000290FFE75B
:10ED400002980AB0704700BF001BB74B0000004696
:10ED50000024744A0024744C80B58CB00A900A9840
:10ED600028B9FFE701208DF82F0000F001BD0A98B7
:10ED70000078C007002800F0B980FFE744F2104097
:10ED8000C5F60200006800F03800069044F2284002
:10ED9000C5F6020000680590069810280AD0FFE723
:10EDA000069818281CD1FFE7059800F003000228F8
:10EDB00016D1FFE744F20040C5F60200006800F4F7
:10EDC00000310020B0EB514F09D0FFE70A984068AE
:10EDD00028B9FFE701208DF82F0000F0C9BC84E0BE
:10EDE000FFE70A984068B0F5803F09D1FFE744F299
:10EDF0000041C5F60201086840F48030086032E046
:10EE00000A98406868B9FFE744F20041C5F602017C
:10EE1000086820F480300860086820F480200860CA
:10EE200020E00A984068B0F5A02F0DD1FFE744F22A
:10EE30000041C5F60201086840F4802008600868B7
:10EE400040F4803008600CE044F20041C5F6020155
:10EE5000086820F480300860086820F4802008608A
:10EE6000FFE7FFE7FFE7FFE70A984068F0B1FFE739
:10EE7000FCF7AAFC0990FFE744F20040C5F6020047
:10EE8000006800F400310020B0EB514F0DD1FFE7D6
:10EE9000FCF79AFC0999401A652805D3FFE703207F
:10EEA0008DF82F0000F064BCE6E71DE0FCF78CFC59
:10EEB0000990FFE744F20040C5F60200006800F444
:10EEC00000310020B0EB514F0DD0FFE7FCF77CFC88
:10EED0000999401A652805D3FFE703208DF82F0014
:10EEE00000F046BCE6E7FFE7FFE7FFE70A98007897
:10EEF0008007002840F1C580FFE744F21040C5F6C6
:10EF00000200006800F03800049044F22840C5F682
:10EF1000020000680390049850B1FFE70498182895
:10EF200050D1FFE79DF80C00800700284AD1FFE789
:10EF300044F20040C5F60200006800F00401002021
:10EF4000B0EB910F09D0FFE70A98C06828B9FFE736
:10EF500001208DF82F0000F00BBC44F20041C5F6F3
:10EF60000201086820F019000A9AD268104308606C
:10EF7000FCF72AFC0990FFE744F20040C5F60200C6
:10EF8000006800F004010020B0EB910F0CD1FFE706
:10EF9000FCF71AFC0999401A032804D3FFE7032061
:10EFA0008DF82F00E4E3E7E744F20441C5F60201DF
:10EFB000086820F0FE400A9A126940EA0260086080
:10EFC000FFE75DE00A98C068A0B3FFE744F20041A4
:10EFD000C5F60201086820F019000A9AD2681043A9
:10EFE0000860FCF7F1FB0990FFE744F20040C5F62A
:10EFF0000200006800F004010020B0EB910F0CD17A
:10F00000FFE7FCF7E1FB0999401A032804D3FFE767
:10F0100003208DF82F00ABE3E7E744F20441C5F687
:10F020000201086820F0FE400A9A126940EA026074
:10F03000086024E044F20041C5F60201086820F0AF
:10F0400001000860FCF7C0FB0990FFE744F20040B4
:10F05000C5F60200006800F004010020B0EB910F3B
:10F060000CD0FFE7FCF7B0FB0999401A032804D342
:10F07000FFE703208DF82F007AE3E7E7FFE7FFE7DC
:10F08000FFE70A980078C006002840F1A080FFE75B
:10F0900044F21040C5F60200006800F0380002900B
:10F0A00044F22840C5F60200006801900298082842
:10F0B0000AD0FFE7029818282BD1FFE7019800F04B
:10F0C0000300012825D1FFE744F20040C5F6020005
:10F0D000006800F480710020B0EB112F09D0FFE729
:10F0E0000A98C069802804D0FFE701208DF82F001E
:10F0F0003EE3FFE744F20C41C5F60201086820F048
:10F100007C500A9A126A40EA02600860FFE7FFE753
:10F110005CE00A98C06998B3FFE744F20041C5F685
:10F120000201086840F080000860FCF74DFB099080
:10F13000FFE744F20040C5F60200006800F4807169
:10F140000020B0EB112F0CD1FFE7FCF73DFB099934
:10F15000401A032804D3FFE703208DF82F0007E3AC
:10F16000E7E7FFE744F20C41C5F60201086820F02A
:10F170007C500A9A126A40EA02600860FFE724E0C5
:10F1800044F20041C5F60201086820F080000860E2
:10F19000FCF71AFB0990FFE744F20040C5F60200B5
:10F1A000006800F480710020B0EB112F0CD0FFE755
:10F1B000FCF70AFB0999401A032804D3FFE7032050
:10F1C0008DF82F00D4E2E7E7FFE7FFE7FFE70A98B3
:10F1D0000078000700284FD5FFE70A98406928B358
:10F1E000FFE744F27441C5F60201086840F00100EF
:10F1F0000860FCF7E9FA0990FFE744F27440C5F6AD
:10F200000200006800F002010020B0EB510F0CD1A9
:10F21000FFE7FCF7D9FA0999401A032804D3FFE75E
:10F2200003208DF82F00A3E2E7E724E044F27441C5
:10F23000C5F60201086820F001000860FCF7C4FA76
:10F240000990FFE744F27440C5F60200006800F040
:10F2500002010020B0EB510F0CD0FFE7FCF7B4FA2D
:10F260000999401A032804D3FFE703208DF82F00E3
:10F270007EE2E7E7FFE7FFE70A98007880060028CC
:10F280004FD5FFE70A98806928B3FFE744F20041B1
:10F29000C5F60201086840F480500860FCF794FA53
:10F2A0000990FFE744F20040C5F60200006800F450
:10F2B00000510020B0EB513F0CD1FFE7FCF784FA7E
:10F2C0000999401A032804D3FFE703208DF82F0083
:10F2D0004EE2E7E724E044F20041C5F60201086887
:10F2E00020F480500860FCF76FFA0990FFE744F2C1
:10F2F0000040C5F60200006800F400510020B0EBA9
:10F30000513F0CD0FFE7FCF75FFA0999401A032838
:10F3100004D3FFE703208DF82F0029E2E7E7FFE79A
:10F32000FFE70A9800784007002840F1A780FFE730
:10F3300044F60001C5F60201086840F480700860D8
:10F34000FCF742FA0990FFE744F60000C5F6020018
:10F350000068C00500280CD4FFE7FCF735FA0999CE
:10F36000401A652804D3FFE703208DF82F00FFE142
:10F37000EAE7FFE70A988068012809D1FFE744F22D
:10F380007041C5F60201086840F00100086031E0F4
:10F390000A98806868B9FFE744F27041C5F6020137
:10F3A000086820F001000860086820F00400086088
:10F3B0001FE00A98806805280DD1FFE744F27041EC
:10F3C000C5F60201086840F004000860086840F0D3
:10F3D000010008600CE044F27041C5F602010868C3
:10F3E00020F001000860086820F004000860FFE7D2
:10F3F000FFE7FFE7FFE70A988068F8B1FFE7FCF74F
:10F40000E3F90990FFE744F27040C5F60200006896
:10F4100000F002010020B0EB510F0ED1FFE7FCF726
:10F42000D3F90999401A41F28931884204D3FFE7A0
:10F4300003208DF82F009BE1E5E71EE0FCF7C4F9FF
:10F440000990FFE744F27040C5F60200006800F042
:10F4500002010020B0EB510F0ED0FFE7FCF7B4F92A
:10F460000999401A41F28931884204D3FFE7032009
:10F470008DF82F007CE1E5E7FFE7FFE70A98406A97
:10F48000002800F07181FFE744F21040C5F6020049
:10F49000006800F03800182800F0E080FFE70A98C4
:10F4A000406A022840F0B480FFE744F20041C5F60C
:10F4B0000201086820F080700860FCF785F9099067
:10F4C000FFE744F20040C5F60200006800F000715A
:10F4D0000020B0EB516F0CD0FFE7FCF775F90999EC
:10F4E000401A032804D3FFE703208DF82F003FE1E3
:10F4F000E7E7FFE744F22841C5F60201086840F259
:10F50000F33290430A9B9A6ADB6A42EA0312104381
:10F5100008600A99086BD1F834C08B6BCA6B01384C
:10F520006FF35F204FF60061CFF6FF7101EB4C21C6
:10F5300089B208440021CFF6FF7101EB034101F4C9
:10F54000FE0108444FF07F4101EB026101F0FE41F2
:10F55000084444F23041C5F602010860FFE744F276
:10F560002C41C5F602010091086820F001000860F6
:10F5700044F23442C5F6020210684FF6F87398431D
:10F580000A9B9B6C40EAC3001060086820F00C00E6
:10F590000A9A126C10430860086820F002000A9A68
:10F5A000526C10430860086840F4803008600868B6
:10F5B00040F400300860086840F480200860086863
:10F5C00040F00100086044F20041C5F602010868FD
:10F5D00040F080700860FCF7F7F80990FFE744F20C
:10F5E0000040C5F60200006800F000710020B0EB9A
:10F5F000516F0CD1FFE7FCF7E7F80999401A03288F
:10F6000004D3FFE703208DF82F00B1E0E7E724E003
:10F6100044F20041C5F60201086820F080700860DD
:10F62000FCF7D2F80990FFE744F20040C5F602006B
:10F63000006800F000710020B0EB516F0CD0FFE7C4
:10F64000FCF7C2F80999401A032804D3FFE7032006
:10F650008DF82F008CE0E7E7FFE784E044F22840D4
:10F66000C5F602000068089044F23040C5F602007A
:10F67000006807900A98406A012837D0FFE7089889
:10F6800000F003000A99896A88422FD1FFE70898A1
:10F6900000F47C710A98C06AB0EB111F26D1FFE715
:10F6A00007986FF35F200A99096B013988421DD1D1
:10F6B000FFE7BDF81C100A98406B0138B0EB512FE2
:10F6C00014D1FFE7079800F4FE010A98806B013817
:10F6D000B0EB114F0AD1FFE7079800F0FE410A98FE
:10F6E000C06B0138B0EB116F04D0FFE701208DF83B
:10F6F0002F003DE044F23440C5F60200006880B2BD
:10F70000C00808900A98806C0899884229D0FFE7C1
:10F7100044F22C41C5F60201086820F0010008609F
:10F72000FCF752F80990FFE7FCF74EF80999401AE8
:10F7300008B9FFE7F8E744F23441C5F6020108686A
:10F740004FF6F87290430A9A926C40EAC200086041
:10F7500044F22C41C5F60201086840F0010008603F
:10F76000FFE7FFE7FFE7FFE700208DF82F00FFE747
:10F770009DF82F000CB080BD81B0009001B07047A3
:10F7800081B0009001B0704781B0009001B0704727
:10F7900084B00290019100200090FFE7029890F859
:10F7A0003C00012804D1FFE702208DF80F0082E021
:10F7B0000299012081F83C00FFE7FFE7009820F064
:10F7C000FF000199C96808430090009820F4407038
:10F7D0000199896808430090009820F4806001999D
:10F7E000496808430090009820F400600199096876
:10F7F00008430090009820F480500199096908435B
:10F800000090009820F40050019949690843009045
:10F81000009820F480400199096B084300900098FB
:10F8200020F470200199896940EA01400090009815
:10F8300020F080500199C96908430090029800683F
:10F840000021C4F20101884209D0FFE70298006854
:10F8500040F20041C4F2010188421ED1FFE7009846
:10F8600020F470000199896A40EA015000900098E4
:10F8700020F080700199096A08430090009820F0F8
:10F8800000700199496A08430090009820F00050E8
:10F890000199C96A08430090FFE700980299096836
:10F8A0004864FFE70299002081F83C00FFE7002050
:10F8B0008DF80F00FFE79DF80F0004B070470000BF
:10F8C00085B003900291FFE7039890F83C0001286F
:10F8D00004D1FFE702208DF81300ABE0039901206B
:10F8E00081F83C00FFE7FFE70399022081F83D0023
:10F8F0000398006840680190039800688068009051
:10F90000039800680021C4F20101884209D0FFE792
:10F910000398006840F20041C4F2010188420AD114
:10F92000FFE7019820F47000019002984168019867
:10F9300008430190FFE7019820F0700001900298C1
:10F94000016801980843019001980399096848608B
:10F95000039800680021C4F2010188424ED0FFE7FD
:10F9600003980068B0F1804F48D0FFE70398006823
:10F9700040F20041C4F2000188423FD0FFE7039803
:10F98000006840F60001C4F20001884236D0FFE76B
:10F990000398006840F60041C4F2000188422DD06F
:10F9A000FFE70398006840F20041C4F20101884279
:10F9B00024D0FFE70398006841F60001C4F200017B
:10F9C00088421BD0FFE70398006844F20001C4F2AC
:10F9D0000101884212D0FFE7039800684EF200014F
:10F9E000C4F20001884209D0FFE7039800684EF294
:10F9F0000041C4F2000188420ED1FFE7009820F0D8
:10FA00008000009002988168009808430090009858
:10FA1000039909688860FFE70399012081F83D0098
:10FA2000FFE70399002081F83C00FFE700208DF8F4
:10FA30001300FFE79DF8130005B0704700000000B9
:10FA400080B582B00090009820B9FFE701208DF8C2
:10FA5000070045E0009890F83D0040B9FFE70099A5
:10FA6000002081F83C00009800F03EF8FFE7009984
:10FA7000022081F83D00009951F8040B0CF000FAC7
:10FA80000099012081F84800FFE70099012081F8E2
:10FA90003E00009981F83F00009981F840000099EC
:10FAA00081F84100009981F84200009981F84300F3
:10FAB000FFE7FFE70099012081F84400009981F8F1
:10FAC0004500009981F84600009981F84700FFE75A
:10FAD0000099012081F83D0000208DF80700FFE724
:10FAE0009DF8070002B080BD80B584B003900398F4
:10FAF00000680021C4F20101884210D1FFE7FFE74E
:10FB000044F2F040C5F60200016841F001010160D5
:10FB1000006800F0010002900298FFE722E00398DD
:10FB2000006840F20041C4F20001884219D1FFE7A9
:10FB3000FFE744F2E840C5F60200016841F0020127
:10FB40000160006800F0020001900198FFE71D20AD
:10FB5000009005210022FBF78FFF0098FBF780FF44
:10FB6000FFE7FFE704B080BD83B00190019890F8F3
:10FB70003D00012804D0FFE701208DF80B0083E051
:10FB80000199022081F83D0001980168C86840F0A1
:10FB90000100C860019800680021C4F20101884298
:10FBA0004ED0FFE701980068B0F1804F48D0FFE7E2
:10FBB0000198006840F20041C4F2000188423FD041
:10FBC000FFE70198006840F60001C4F20001884296
:10FBD00036D0FFE70198006840F60041C4F200010A
:10FBE00088422DD0FFE70198006840F20041C4F23E
:10FBF0000101884224D0FFE70198006841F6000126
:10FC0000C4F2000188421BD0FFE70198006844F26B
:10FC10000001C4F20101884212D0FFE70198006898
:10FC20004EF20001C4F20001884209D0FFE70198BA
:10FC300000684EF20041C4F20001884219D1FFE78A
:10FC40000198006880680721C0F201010840009017
:10FC5000009806280CD0FFE70098B0F5803F07D049
:10FC6000FFE701980168086840F001000860FFE7BD
:10FC700006E001980168086840F001000860FFE7AD
:10FC800000208DF80B00FFE79DF80B0003B07047D4
:10FC900080B586B00490039100208DF80B00FFE73B
:10FCA000049890F83C00012804D1FFE702208DF869
:10FCB0001700D1E00499012081F83C00FFE7FFE73D
:10FCC0000499022081F83D00049800688068019042
:10FCD00001984FF68871CFF6CE71084001900198D7
:10FCE00020F47F4001900198049909688860039886
:10FCF00000680090002800F09580FFE70098102829
:10FD000000F09080FFE70098202800F08B80FFE74C
:10FD10000098302800F08680FFE70098402874D0D3
:10FD2000FFE70098502856D0FFE7009860285FD082
:10FD3000FFE7009870282AD0FFE70098B0F5805FB1
:10FD400024D0FFE70098B0F5005F35D0FFE70098BA
:10FD5000B0F5801F66D0FFE70098B0F1101F61D0AA
:10FD6000FFE700982021C0F2100188425AD0FFE737
:10FD700000983021C0F21001884253D0FFE700986C
:10FD80004021C0F2100188424CD052E055E0049866
:10FD90000068039B5A689968DB680CF071F9049855
:10FDA000006880680190019840F077000190019808
:10FDB00004990968886040E004980068039B5A68C9
:10FDC0009968DB680CF05CF904980168886840F475
:10FDD0008040886031E004980068039A5168D268D6
:10FDE0000CF0DEFC0498006850210CF065F924E06A
:10FDF00004980068039A5168D2680CF0F9FC0498E2
:10FE0000006860210CF058F917E004980068039A24
:10FE10005168D2680CF0C4FC0498006840210CF0D2
:10FE20004BF90AE004980068039909680CF044F95A
:10FE300003E001208DF80B00FFE70499012081F811
:10FE40003D00FFE70499002081F83C00FFE79DF8A2
:10FE50000B008DF81700FFE79DF8170006B080BD76
:10FE600081B0009001B0704780B584B003900398D2
:10FE70000068C068029003980068006901909DF8CE
:10FE800004008007002824D5FFE79DF808008007BC
:10FE900000281DD5FFE7039801686FF00200086194
:10FEA000039901200877039800688069800720B1D2
:10FEB000FFE70398FFF7D4FF06E0039800F030F95E
:10FEC000039800F061FAFFE7039900200877FFE745
:10FED000FFE79DF804004007002825D5FFE79DF8BF
:10FEE0000800400700281ED5FFE7039801686FF05F
:10FEF000040008610399022008770398006880696C
:10FF000010F4407F04D0FFE70398FFF7A9FF06E055
:10FF1000039800F005F9039800F036FAFFE703991B
:10FF200000200877FFE7FFE79DF80400000700289E
:10FF300024D5FFE79DF80800000700281DD5FFE73E
:10FF4000039801686FF0080008610399042008779E
:10FF500003980068C069800720B1FFE70398FFF7A6
:10FF60007FFF06E0039800F0DBF8039800F00CFA3E
:10FF7000FFE7039900200877FFE7FFE79DF80400FB
:10FF8000C006002825D5FFE79DF80800C006002818
:10FF90001ED5FFE7039801686FF010000861039910
:10FFA0000820087703980068C06910F4407F04D0E7
:10FFB000FFE70398FFF754FF06E0039800F0B0F85E
:10FFC000039800F0E1F9FFE7039900200877FFE7C5
:10FFD000FFE79DF80400C00778B1FFE79DF808002F
:10FFE000C00748B1FFE7039801686FF0010008619E
:10FFF000039800F021FBFFE7FFE7019800F0800085
:020000040801F1
:10000000802806D0FFE79DF805008006002810D55F
:10001000FFE79DF808000006002809D5FFE70398D0
:1000200001686FF4025008610398FFF7A9FBFFE72E
:10003000FFE79DF80500C00780B1FFE79DF80800C5
:100040000006002809D5FFE7039801686FF4807067
:1000500008610398FFF790FBFFE7FFE79DF80400B6
:100060004006002810D5FFE79DF80800400600284C
:1000700009D5FFE7039801686FF040000861039815
:1000800000F0F6FAFFE7FFE79DF80400800600287D
:1000900010D5FFE79DF808008006002809D5FFE786
:1000A000039801686FF0200008610398FFF76CFB6C
:1000B000FFE7FFE704B080BD80B588B0079000205F
:1000C0000690059004900390029007980068002124
:1000D000C4F20101884221D1FFE7FFE744F2E0408A
:1000E000C5F60200016841F010010160006800F0EF
:1000F000100001900198FFE74FF400700290022079
:1001000003900020049005900120069041F2000029
:10011000C5F6020002A9FBF76BF9FFE708B080BD46
:1001200081B0009001B0704780B586B00490039113
:10013000029200208DF80700FFE7049890F83C0039
:10014000012804D1FFE702208DF81700C0E00499D0
:10015000012081F83C00FFE7FFE702980090142897
:1001600000F2A7800099DFE801F00BA4A4A424A466
:10017000A4A43EA4A4A457A4A4A471A4A4A48A00E3
:100180000498006803990BF0AFFF04980168886930
:1001900040F00800886104980168886920F0040034
:1001A000886103980269049801688869104388612E
:1001B00083E00498006803990CF03EF80498016805
:1001C000886940F40060886104980168886920F4B7
:1001D000806088610398026904980168886940EA30
:1001E0000220886169E00498006803990CF0DCF84B
:1001F00004980168C86940F00800C8610498016863
:10020000C86920F00400C861039802690498016875
:10021000C8691043C86150E00498006803990CF065
:100220007BF904980168C86940F40060C8610498CB
:100230000168C86920F48060C86103980269049865
:100240000168C86940EA0220C86136E00498006885
:1002500003990CF0D1F904980168486D40F008004A
:10026000486504980168486D20F0040048650398CB
:10027000026904980168486D104348651DE00498C0
:10028000006803990CF020FA04980168486D40F466
:100290000060486504980168486D20F480604865F6
:1002A0000398026904980168486D40EA0220486595
:1002B00003E001208DF80700FFE7FFE70499002025
:1002C00081F83C00FFE79DF807008DF81700FFE775
:1002D0009DF8170006B080BD80B582B000900098F0
:1002E00020B9FFE701208DF8070045E0009890F85D
:1002F0003D0040B9FFE70099002081F83C000098DC
:1003000000F03EF8FFE70099022081F83D000099D7
:1003100051F8040B0BF0B4FD0099012081F848005E
:10032000FFE70099012081F83E00009981F83F0025
:10033000009981F84000009981F84100009981F806
:100340004200009981F84300FFE7FFE70099012090
:1003500081F84400009981F84500009981F8460031
:10036000009981F84700FFE70099012081F83D00DE
:1003700000208DF80700FFE79DF8070002B080BD60
:1003800081B0009001B0704781B0009001B070471B
:1003900080B590B00E900D910D9828B9FFE70E989A
:1003A00090F83E000B9034E00D98042805D1FFE74B
:1003B0000E9890F83F000A9028E00D98082805D183
:1003C000FFE70E9890F8400009901CE00D980C286B
:1003D00005D1FFE70E9890F84100089010E00D98C5
:1003E000102805D1FFE70E9890F84200079004E02E
:1003F0000E9890F843000790FFE707980890FFE7F2
:1004000008980990FFE709980A90FFE70A980B906F
:10041000FFE70B98012804D0FFE701208DF83F008B
:1004200003E10D9828B9FFE70E99022081F83E00FC
:1004300038E00D98042806D1FFE70E99022081F8D4
:100440003F0006902CE00D98082806D1FFE70E9992
:10045000022081F8400005901FE00D980C2806D17D
:10046000FFE70E99022081F84100049012E00D98F8
:10047000102806D1FFE70E99022081F84200039070
:1004800005E00E99022081F843000390FFE70398EE
:100490000490FFE704980590FFE705980690FFE7B2
:1004A0000698FFE70E9800680D99012201920BF063
:1004B000CBFD01980E9909680022C4F20102914215
:1004C00002902DD0FFE70E980168012040F2004213
:1004D000C4F201029142029022D0FFE70E98016817
:1004E000012044F20002C4F201029142029017D0AE
:1004F000FFE70E980168012044F20042C4F20102B5
:10050000914202900CD0FFE70E9800684BF6000174
:10051000CBF6FE710844B0FA80F040090290FFE784
:100520000298C00738B1FFE70E980168486C40F4A4
:1005300000404864FFE70E9800680021C4F2010102
:1005400088424ED0FFE70E980068B0F1804F48D047
:10055000FFE70E98006840F20041C4F200018842B3
:100560003FD0FFE70E98006840F60001C4F200019A
:10057000884236D0FFE70E98006840F60041C4F28A
:10058000000188422DD0FFE70E98006840F200413C
:10059000C4F20101884224D0FFE70E98006841F6BA
:1005A0000001C4F2000188421BD0FFE70E980068EA
:1005B00044F20001C4F20101884212D0FFE70E9814
:1005C00000684EF20001C4F20001884209D0FFE742
:1005D0000E9800684EF20041C4F20001884219D121
:1005E000FFE70E98006880680721C0F2010108400B
:1005F0000C900C9806280CD0FFE70C98B0F5803FC3
:1006000007D0FFE70E980168086840F00100086015
:10061000FFE706E00E980168086840F001000860F6
:10062000FFE700208DF83F00FFE79DF83F0010B086
:1006300080BD00000000000080B582B001900198EC
:100640000068B0F1804F03D1FFE7FBF7C5F8FFE783
:100650000198006840F20041C4F20001884203D1D1
:10066000FFE714F061FFFFE702B080BD000000006B
:1006700081B0009001B0704783B00190FFE701980E
:1006800090F88400012804D1FFE702208DF80B00C8
:100690002CE00199012081F88400FFE7FFE7019930
:1006A0002420C1F888000198006800680090019833
:1006B0000168086820F001000860009820F00050F0
:1006C0000090019900204866009801990968086027
:1006D00001992020C1F88800FFE70199002081F8E6
:1006E0008400FFE700208DF80B00FFE79DF80B006A
:1006F00003B070470000000081B000900098006FC8
:1007000001B070470000000080B586B004900391EE
:10071000ADF80A200498D0F88C00202844D1FFE7D7
:10072000039820B1FFE7BDF80A0020B9FFE70120D8
:100730008DF817003CE004990120C8660499002058
:10074000086704980399BDF80A200FF005F98DF8A1
:1007500009009DF8090010BBFFE70498C06E01284E
:1007600018D1FFE70498016810200862FFE7FFE74F
:100770000498006850E8000F40F010000190FFE777
:1007800001990498026842E800100028F0D1FFE7C0
:10079000FFE703E001208DF80900FFE7FFE79DF880
:1007A00009008DF8170003E002208DF81700FFE71D
:1007B0009DF8170006B080BD80B586B00490039107
:1007C000ADF80A2000208DF809000498D0F88C00BC
:1007D00020283DD1FFE7039820B1FFE7BDF80A00CC
:1007E00020B9FFE701208DF8170035E004990120BA
:1007F000C86604990020086704980399BDF80A2088
:100800000FF042F90498C06E012818D1FFE7049850
:10081000016810200862FFE7FFE70498006850E8CD
:10082000000F40F010000190FFE701990498026862
:1008300042E800100028F0D1FFE7FFE703E00120C5
:100840008DF80900FFE79DF809008DF8170003E017
:1008500002208DF81700FFE79DF8170006B080BD55
:1008600080B582B00190ADF802100198006847F69B
:100870000001C4F20001884205D1FFE7BDF8020083
:1008800001F09EFB21E00198006841F20001C4F2F2
:100890000101884212D0FFE70198006847F6004145
:1008A000C4F20001884209D0FFE70198006841F6D0
:1008B0000001C4F20101884206D1FFE70198BDF8AA
:1008C000021003F061F8FFE7FFE702B080BD00000F
:1008D00081B0009001B0704780B584B00290019162
:1008E000FFE7029890F88400012804D1FFE7022076
:1008F0008DF80F0032E00299012081F88400FFE7B3
:10090000FFE702992420C1F8880002980068006877
:10091000009002980168086820F0010008600298C1
:100920000068806820F060600199084302990968B6
:10093000886002980DF044FB0098029909680860ED
:1009400002992020C1F88800FFE70299002081F871
:100950008400FFE700208DF80F00FFE79DF80F00EF
:1009600004B080BD0000000080B584B00290019109
:10097000FFE7029890F88400012804D1FFE70220E5
:100980008DF80F0032E00299012081F88400FFE722
:10099000FFE702992420C1F88800029800680068E7
:1009A000009002980168086820F001000860029831
:1009B0000068806820F06040019908430299096846
:1009C000886002980DF0FCFA0098029909680860A6
:1009D00002992020C1F88800FFE70299002081F8E1
:1009E0008400FFE700208DF80F00FFE79DF80F005F
:1009F00004B080BD0000000081B0009001B07047DD
:100A000081B0009001B0704780B586B00490FFE7D8
:100A1000FFE70498006850E8000F20F490700390FE
:100A2000FFE703990498026842E800100028F0D11B
:100A3000FFE7FFE7FFE7FFE70498006850E8020FD1
:100A40004FF6FE71CEF6FF7108400290FFE7029963
:100A50000498026842E802100028EDD1FFE7FFE7A2
:100A60000498C06E012814D1FFE7FFE7FFE7049860
:100A7000006850E8000F20F010000190FFE7019996
:100A80000498026842E800100028F0D1FFE7FFE771
:100A9000FFE70498006880684006002837D5FFE724
:100AA000FFE7FFE70498006850E8020F20F04000DD
:100AB0000090FFE700990498026842E802100028BD
:100AC000F0D1FFE7FFE70498D0F88000F0B1FFE72E
:100AD0000498D0F88010002008650498D0F88000B1
:100AE000F6F712F988B1FFE70498D0F88000F7F71D
:100AF0001FF9202808D1FFE704991020C1F89000C1
:100B000003208DF8170019E0FFE7FFE7FFE70499DE
:100B10000020A1F85E0004990A680F21116204996F
:100B20000A68916941F008019161049A2021C2F894
:100B30008C100499C8668DF81700FFE79DF8170020
:100B400006B080BD0000000080B586B00490049817
:100B5000D0F8880003900498D0F88C000290049894
:100B6000006880680006002836D5FFE70398212832
:100B700032D1FFE7FFE7FFE70498006850E8020F73
:100B800020F080000190FFE701990498026842E894
:100B900002100028F0D1FFE7FFE70498C06FB8B15A
:100BA000FFE70498C06FF6F7AFF880B1FFE704984D
:100BB000C06FF7F7BDF8202808D1FFE7049910208F
:100BC000C1F8900003208DF8170049E0FFE7FFE728
:100BD00004980DF0DDFCFFE704980068806840068B
:100BE000002839D5FFE70298222835D1FFE7FFE733
:100BF000FFE70498006850E8020F20F040000090E2
:100C0000FFE700990498026842E802100028F0D13A
:100C1000FFE7FFE70498D0F88000C8B1FFE7049829
:100C2000D0F88000F6F770F888B1FFE70498D0F8A4
:100C30008000F7F77DF8202808D1FFE704991020FD
:100C4000C1F8900003208DF8170009E0FFE7FFE7E7
:100C500004980DF029FCFFE700208DF81700FFE74E
:100C60009DF8170006B080BD80B582B00190019854
:100C7000006847F60001C4F20001884203D1FFE793
:100C800001F072F9FFE70198006841F60041C4F2F3
:100C9000010188420ED1FFE745F27050C2F20040D8
:100CA00044F69151C2F20041012200F0DDFDF0F75F
:100CB00083FCFFE70198006841F20001C4F20101E2
:100CC000884212D0FFE70198006847F60041C4F25D
:100CD0000001884209D0FFE70198006841F6000151
:100CE000C4F20101884204D1FFE7019802F0B4FA8E
:100CF000FFE702B080BD000080B592B0119011985E
:100D00000068C06910901198006800680F901198F1
:100D1000006880680E90109840F60F0108400D9012
:100D20000D98E0B9FFE79DF840008006002815D532
:100D3000FFE79DF83C008006002806D4FFE79DF8F9
:100D40003B00C006002809D5FFE71198406F20B18D
:100D5000FFE71198416F8847FFE74AE3FFE70D98E7
:100D6000002800F00C81FFE70E980121C1F200017C
:100D7000084209D1FFE70F9840F22011C0F200416C
:100D8000084200F0FC80FFE79DF84000C00788B1F2
:100D9000FFE79DF83D00C00760B1FFE711980168CB
:100DA000012008621199D1F8900040F00100C1F8CB
:100DB0009000FFE79DF840008007002811D5FFE76D
:100DC0009DF83800C00760B1FFE711980168022064
:100DD00008621199D1F8900040F00400C1F8900029
:100DE000FFE79DF840004007002811D5FFE79DF878
:100DF0003800C00760B1FFE711980168042008625D
:100E00001199D1F8900040F00200C1F89000FFE77E
:100E10009DF840000007002819D5FFE79DF83C0029
:100E20008006002807D4FFE70E980121C1F20001D7
:100E300008420CD0FFE71198016808200862119958
:100E4000D1F8900040F00800C1F89000FFE79DF84D
:100E500041000007002813D5FFE79DF83F00400739
:100E600000280DD5FFE7119801684FF40060086273
:100E70001199D1F8900040F02000C1F89000FFE7F0
:100E80001198D0F89000002878D0FFE79DF8400036
:100E90008006002815D5FFE79DF83C008006002855
:100EA00006D4FFE79DF83B00C006002809D5FFE700
:100EB0001198406F20B1FFE71198416F8847FFE715
:100EC000FFE71198D0F890000C90119800688068A6
:100ED00000F04000402806D0FFE79DF8300010F0F9
:100EE000280F42D0FFE711980DF0DEFA1198006844
:100EF00080684006002833D5FFE7FFE7FFE7119839
:100F0000006850E8020F20F040000B90FFE70B99BB
:100F10001198026842E802100028F0D1FFE7FFE7CD
:100F20001198D0F88000B0B1FFE71198D0F8801088
:100F30004EF2D920C0F6010008651198D0F8800063
:100F4000F6F79EFB30B1FFE71198D0F88000016DF5
:100F50008847FFE703E01198FFF786FEFFE703E00D
:100F60001198FFF781FEFFE707E01198FFF77CFE7D
:100F700011990020C1F89000FFE7FFE739E21198CE
:100F8000C06E012840F0D681FFE79DF84000C00602
:100F9000002840F1CF81FFE79DF83C00C006002803
:100FA00040F1C881FFE7119801681020086211988C
:100FB000006880684006002840F15A81FFE71198D8
:100FC000D0F8800000681021C4F20201884200F0CD
:100FD000A280FFE71198D0F8800000682821C4F2B1
:100FE0000201884200F09780FFE71198D0F8800056
:100FF00000684021C4F20201884200F08C80FFE7C3
:101000001198D0F8800000685821C4F2020188428B
:1010100000F08180FFE71198D0F88000006870210F
:10102000C4F20201884276D0FFE71198D0F8800020
:1010300000688821C4F2020188426CD0FFE7119851
:10104000D0F880000068A021C4F20201884262D07A
:10105000FFE71198D0F880000068B821C4F20201BF
:10106000884258D0FFE71198D0F88000006840F21D
:101070001041C4F2020188424DD0FFE71198D0F828
:101080008000006840F22841C4F20201884242D048
:10109000FFE71198D0F88000006840F24041C4F2A8
:1010A0000201884237D0FFE71198D0F8800000682D
:1010B00040F25841C4F2020188422CD0FFE7119857
:1010C000D0F88000006840F27041C4F2020188420A
:1010D00021D0FFE71198D0F88000006840F28841E5
:1010E000C4F20201884216D0FFE71198D0F88000C0
:1010F000006840F2A041C4F2020188420BD0FFE731
:101100001198D0F88000006840F2B841C4F20201A2
:10111000884207D1FFE71198D0F880000068406846
:10112000019006E01198D0F88000006840680190B6
:10113000FFE70198ADF82A00BDF82A0000287BD00F
:10114000FFE7BDF82A001199B1F85C10884273DA04
:10115000FFE7BDF82A001199A1F85E001198D0F8B8
:101160008000C069B0F5807F59D0FFE7FFE7FFE757
:101170001198006850E8000F20F480700990FFE794
:1011800009991198026842E800100028F0D1FFE7A1
:10119000FFE7FFE7FFE71198006850E8020F20F033
:1011A00001000890FFE708991198026842E80210D0
:1011B0000028F0D1FFE7FFE7FFE7FFE7119800689D
:1011C00050E8020F20F040000790FFE707991198C0
:1011D000026842E802100028F0D1FFE7FFE711990A
:1011E0002020C1F88C0011990020C866FFE7FFE7B6
:1011F0001198006850E8000F20F010000690FFE7FB
:1012000006991198026842E800100028F0D1FFE723
:10121000FFE71198D0F88000F5F776FDFFE7119908
:10122000022008671198B0F85C10B0F85E20891AA7
:1012300089B2FFF715FB1AE0BDF82A001199B1F841
:101240005C10884212D1FFE71198D0F88000C06985
:10125000B0F5807F09D1FFE7119902200867119846
:10126000B0F85C10FFF7FCFAFFE7FFE7FFE7C0E02C
:101270001199B1F85C00B1F85E10401AADF8160093
:101280001198B0F85E00002853D0FFE7BDF81600B3
:1012900000284ED0FFE7FFE7FFE71198006850E80D
:1012A000000F20F490700490FFE7049911980268F1
:1012B00042E800100028F0D1FFE7FFE7FFE7FFE773
:1012C0001198006850E8020F4FF6FE71CEF6FF71DC
:1012D00008400390FFE703991198026842E8021062
:1012E0000028EDD1FFE7FFE711992020C1F88C001D
:1012F00011990020C86611994867FFE7FFE7119828
:10130000006850E8000F20F010000290FFE70299FB
:101310001198026842E800100028F0D1FFE7FFE7CB
:101320001199022008671198BDF81610FFF798FA76
:10133000FFE75EE09DF84200C00600280FD5FFE7FA
:101340009DF83A004006002809D5FFE7119801688A
:101350004FF4801008621198FFF752FB49E09DF8A6
:1013600040000006002815D5FFE79DF83C00000668
:10137000002806D4FFE79DF83A000006002809D5AA
:10138000FFE71198806F20B1FFE71198816F8847C0
:10139000FFE72EE09DF84000400600280AD5FFE751
:1013A0009DF83C004006002804D5FFE711980DF099
:1013B000CBF81EE09DF84200000600280AD5FFE7A2
:1013C0009DF83F004006002804D5FFE71198FFF77D
:1013D00013FB0EE09DF84300C00750B1FFE79DF8F6
:1013E0003F000006002804D5FFE71198FFF770FAC8
:1013F000FFE712B080BD000080B582B00090009879
:1014000020B9FFE701208DF8070046E000988069C9
:1014100008B1FFE700E0FFE70098D0F8880040B986
:10142000FFE70099002081F88400009800F03CF864
:10143000FFE700992420C1F8880000980168086837
:1014400020F0010008600098806A20B1FFE7009852
:101450000CF0FAFDFFE700980DF056FD012804D1CD
:10146000FFE701208DF8070017E000980168486841
:1014700020F49040486000980168886820F02A00B5
:10148000886000980168086840F0010008600098D2
:101490000CF07EFE8DF80700FFE79DF8070002B014
:1014A00080BD00000000000080B5CCB04B90002053
:1014B0004A90499048904790469018A8B821EFF775
:1014C000C0F84B98006847F60001C4F2000188425A
:1014D00073D1FFE70020199002211891359018A8C8
:1014E000FBF7D6FF18B1FFE7F4F7F6FEFFE7FFE7DB
:1014F00044F2E840C5F60200016841F08041016015
:10150000006800F0804017901798FFE7FFE744F26B
:10151000E040C5F60200016841F01001016000687A
:1015200000F0100016901698FFE74FF4C070469038
:101530000220479000200C904890499007204A9044
:1015400041F20000C5F6020046A9F9F751FF0C99D7
:1015500045F28460C2F200000D901022C4F2020233
:1015600002604F2242608160C1604FF4806202617C
:10157000416181614FF48072C2614FF400320262B6
:101580004162F7F7BDFC18B1FFE7F4F7A5FEFFE7EE
:10159000FFE74B9845F28461C2F20001C0F8801069
:1015A0004B988863FFE752200B9005210022FAF741
:1015B00063FA0B98FAF754FA51E14B98006847F632
:1015C0000041C4F20001884246D1FFE70020199093
:1015D00002211891359018A8FBF75AFF18B1FFE7C0
:1015E000F4F77AFEFFE7FFE744F2E840C5F60200B1
:1015F000016841F000410160006800F00040159072
:101600001598FFE7FFE744F2E040C5F602000168E5
:1016100041F010010160006800F01000149014986F
:10162000FFE7032046900220479000200990489051
:10163000499008204A9041F20000C5F6020046A9F0
:10164000F9F7D6FE099A53200A900521FAF714FA01
:101650000A98FAF705FA01E14B98006841F6000193
:10166000C4F20101884247D1FFE70020199001210F
:101670001891369018A8FBF70BFF18B1FFE7F4F7A5
:101680002BFEFFE7FFE744F2F040C5F602000168D9
:1016900041F040010160006800F040001390139891
:1016A000FFE7FFE744F2E040C5F60200016841F0C1
:1016B00008010160006800F0080012901298FFE72E
:1016C0004FF44040469002204790002007904890F9
:1016D00049900B204A9040F60040C5F6020046A90A
:1016E000F9F786FE079A9B2008900521FAF7C4F9BE
:1016F0000898FAF7B5F9B0E04B98006841F200019C
:10170000C4F20101884246D1FFE70020199001216F
:101710001891369018A8FBF7BBFE18B1FFE7F4F755
:10172000DBFDFFE7FFE744F2F040C5F60200016889
:1017300041F010010160006800F010001190119854
:10174000FFE7FFE744F2E040C5F60200016841F020
:1017500001010160006800F0010010901098FFE79F
:101760004FF4C060469002204790002005904890BA
:10177000499007204A900020C5F6020046A9F9F7D3
:1017800037FE059A252006900521FAF775F9069887
:10179000FAF766F960E04B98006841F60041C4F240
:1017A0000101884257D1FFE70020199001211891CB
:1017B000369018A8FBF76CFE18B1FFE7F4F78CFD24
:1017C000FFE7FFE744F2F040C5F60200016841F090
:1017D00080010160006800F080000F900F98FFE723
:1017E000FFE744F2E040C5F60200016841F0100155
:1017F0000160006800F010000E900E98FFE70420D2
:10180000469002210091479100210391489149910E
:101810004A9041F20000C5F60200019046A90291EB
:10182000F9F7E6FD009B01980299039A4FF0080C26
:10183000CDF818C14793489249920B224A92F9F782
:10184000D7FD039A9C2004900521FAF715F9049816
:10185000FAF706F9FFE7FFE7FFE7FFE7FFE74CB01E
:1018600080BD00000000000080B586B004900391A8
:10187000ADF80A200498D0F88C0020283CD1FFE76E
:10188000039820B1FFE7BDF80A0020B9FFE7012067
:101890008DF8170034E004990020C86604980068A9
:1018A00040F60041C5F6000188421CD0FFE70498CD
:1018B000006840680002002814D5FFE7FFE7FFE753
:1018C0000498006850E8000F40F080600190FFE746
:1018D00001990498026842E800100028F0D1FFE75F
:1018E000FFE7FFE7FFE704980399BDF80A200EF031
:1018F000CBF88DF8170003E002208DF81700FFE702
:101900009DF8170006B080BD80B582B001900198A7
:10191000006841F60041C4F20101884216D1FFE798
:1019200044F69150C2F20040009000780CF068FA42
:10193000009945F27050C2F200400122FFF794FF77
:1019400018B1FFE7F4F7C8FCFFE7FFE702B080BD7E
:1019500081B0009001B0704780B58AB008900791BF
:10196000ADF81A2005930898D0F88800202840F098
:101970008780FFE7079820B1FFE7BDF81A0020B97C
:10198000FFE701208DF827007EE008990020C1F8CC
:10199000900008992120C1F88800F9F715FF0290FE
:1019A000BDF81A000899A1F85400BDF81A0008996A
:1019B000A1F8560008988068B0F5805F09D1FFE76C
:1019C0000898006928B9FFE7002004900798039061
:1019D00004E00798049000200390FFE7FFE70898D1
:1019E000B0F8560088B3FFE70898029B05996A464D
:1019F0001160802100220EF0BBFA40B1FFE7089988
:101A00002020C1F8880003208DF827003CE00498CE
:101A100058B9FFE7039800886FF35F2008990968B9
:101A2000886203980230039008E0049800780899CF
:101A300009688862049801300490FFE70899B1F8BA
:101A400056000138A1F85600C9E70898029B05998D
:101A50006A461160402100220EF08AFA40B1FFE789
:101A600008992020C1F8880003208DF827000BE09A
:101A700008992020C1F8880000208DF8270003E095
:101A800002208DF82700FFE79DF827000AB080BDEF
:101A900086B004900391ADF80A200498D0F888002D
:101AA000202840F08580FFE7039820B1FFE7BDF8CC
:101AB0000A0020B9FFE701208DF817007CE00398A9
:101AC00004990865BDF80A000499A1F85400BDF80E
:101AD0000A000499A1F85600049900208867049927
:101AE000C1F8900004992120C1F888000498406E44
:101AF000B0F1005F2CD1FFE704988068B0F5805FFB
:101B00000BD1FFE70498006938B9FFE704994FF655
:101B10004950C0F60100886706E004994FF6A960B5
:101B2000C0F601008867FFE7FFE7FFE70498006859
:101B300050E8020F40F400000190FFE7019904987B
:101B4000026842E802100028F0D1FFE7FFE72BE02F
:101B500004988068B0F5805F0BD1FFE704980069B6
:101B600038B9FFE704994FF6B140C0F60100886725
:101B700006E004994FF61960C0F601008867FFE798
:101B8000FFE7FFE70498006850E8000F40F080008E
:101B90000090FFE700990498026842E800100028CE
:101BA000F0D1FFE7FFE7FFE700208DF8170003E023
:101BB00002208DF81700FFE79DF8170006B0704768
:101BC00080B582B001900198006841F60041C4F2EE
:101BD0000101884203D1FFE7EFF756FDFFE702B0AE
:101BE00080BD000000000000FFE7FEE700000000ED
:101BF00080B582B001900198F4F716FA02B080BD6A
:101C000080B545F22C70C2F20040007808B1FFE7C1
:101C10003EE042F24930C0F6010013F0A1F841F66F
:101C20002950C0F6010012F01FFF41F6F130C0F656
:101C3000010012F0DDFE0020FF2112F0F1FE18B1CC
:101C4000FFE7F4F749FBFFE700F08EFB18B1FFE771
:101C5000F4F742FBFFE70B2013F0E6F818B1FFE7BB
:101C6000F4F73AFBFFE70E2013F092F818B1FFE704
:101C7000F4F732FBFFE745F22C71C2F2004101207C
:101C8000087045F21801C2F2004181F83100FFE707
:101C900080BD00000000000080B582B0ADF80600F5
:101CA000ADF80410FFE7BDF80600BDF80410884247
:101CB0001CDAFFE7BDF806004FF60071C2F20141E1
:101CC000415C45F60C70C2F200000170017845F2EB
:101CD0001802C2F2004282F83210007812F0DCFEE4
:101CE000BDF806000130ADF80600DCE702B080BDAB
:101CF00084B00390029101920199039A00209142CD
:101D000000900AD3FFE701990398029A0244002049
:101D1000914238BF01200090FFE7009800F00100D9
:101D200004B070470000000080B586B003900291B7
:101D3000F9F74AFD0090EFF31080049004980190A9
:101D4000EFF3108072B6059045F21801C2F200411F
:101D50000869013008610098086203984862029897
:101D60008862039802993422FFF7C2FF002848D006
:101D7000FFE746F67400C2F20000B0F8682045F2B2
:101D80001801C2F200418A86B0F86A20CA86B0F80B
:101D90006C200A87B0F9682000EE102AB8EEC00A5D
:101DA0009FED6D2A80EE020AB3EE001A20EE010AC2
:101DB00045F6E062C2F2000282ED000AB0F96A3034
:101DC00000EE103AB8EEC00A80EE020A20EE010AD8
:101DD00082ED010AB0F96C0000EE100AB8EEC00AFC
:101DE00080EE020A20EE010A82ED020A009850629B
:101DF000012082F8280082F82900486901304861F2
:101E0000FFE7039802993722FFF772FF002848D0B6
:101E1000FFE746F67400C2F20000B0F86E2045F20B
:101E20001801C2F200414A87B0F870208A87B0F8E2
:101E30007220CA87B0F96E2000EE102AB8EEC00AF0
:101E40009FED452A80EE020A9FED441A20EE010A1A
:101E500045F6E062C2F2000282ED030AB0F970308A
:101E600000EE103AB8EEC00A80EE020A20EE010A37
:101E700082ED040AB0F9720000EE100AB8EEC00A52
:101E800080EE020A20EE010A82ED050A00985062F7
:101E9000012082F8280082F82900886901308861D1
:101EA000FFE7039802993D22FFF722FF00284BD05D
:101EB000FFE746F67400C2F20000B0F87A2045F25F
:101EC0001801C2F20041A1F84020B0F87C20A1F82E
:101ED0004220B0F87E20A1F84420B0F97A2000EE2C
:101EE000102AB8EEC00A9FED1C2A80EE020A9FED70
:101EF0001C1A20EE010A45F6E062C2F2000282EDF1
:101F0000060AB0F97C3000EE103AB8EEC00A80EE56
:101F1000020A20EE010A82ED070AB0F97E0000EE07
:101F2000100AB8EEC00A80EE020A20EE010A82ED25
:101F3000080A00985062012082F8280082F82900DF
:101F4000C8690130C861FFE7019810B9FFE762B6C0
:101F5000FFE706B080BD00BF000000470000FA4464
:101F6000000034430000000080B582B045F2180242
:101F7000C2F20042D0680130D06045F20460C2F283
:101F800000400190D0F8901082F8331045F610729E
:101F9000C2F2000200211170FEF7D6FD0198FEF793
:101FA00033FD00F0E1F940B1FFE745F21801C2F25C
:101FB0000041486D01304865FFE702B080BD000078
:101FC00080B588B0ADF80E00BDF80E00ADF80C007D
:101FD00045F61070C2F20000007830B1FFE7BDF89E
:101FE0000C00B0F5807F08D9FFE745F21801C2F276
:101FF0000041886D01308865A4E145F21801C2F204
:1020000000410191486801304860BDF80E008885A4
:1020100045F60E70C2F200000088C88545F20460E3
:10202000C2F200400290FEF767FB019A0146029857
:102030001165D0F88000002800F0FA80FFE745F233
:102040000460C2F20040D0F8800000681021C4F2A1
:102050000201884200F0D180FFE745F20460C2F23D
:102060000040D0F8800000682821C4F202018842B4
:1020700000F0C380FFE745F20460C2F20040D0F8F0
:10208000800000684021C4F20201884200F0B5805F
:10209000FFE745F20460C2F20040D0F8800000681B
:1020A0005821C4F20201884200F0A780FFE745F200
:1020B0000460C2F20040D0F8800000687021C4F2D1
:1020C0000201884200F09980FFE745F20460C2F205
:1020D0000040D0F8800000688821C4F202018842E4
:1020E00000F08B80FFE745F20460C2F20040D0F8B8
:1020F00080000068A021C4F2020188427DD0FFE781
:1021000045F20460C2F20040D0F880000068B821B7
:10211000C4F20201884270D0FFE745F20460C2F2C7
:102120000040D0F88000006840F21041C4F2020183
:10213000884262D0FFE745F20460C2F20040D0F866
:102140008000006840F22841C4F20201884254D065
:10215000FFE745F20460C2F20040D0F8800000685A
:1021600040F24041C4F20201884246D0FFE745F206
:102170000460C2F20040D0F88000006840F258418C
:10218000C4F20201884238D0FFE745F20460C2F28F
:102190000040D0F88000006840F27041C4F20201B3
:1021A00088422AD0FFE745F20460C2F20040D0F82E
:1021B0008000006840F28841C4F2020188421CD0CD
:1021C000FFE745F20460C2F20040D0F880000068EA
:1021D00040F2A041C4F2020188420ED0FFE745F26E
:1021E0000460C2F20040D0F88000006840F2B841BC
:1021F000C4F2020188420AD1FFE745F20460C2F24C
:102200000040D0F8800000684068009009E045F286
:102210000460C2F20040D0F880000068406800907E
:10222000FFE7009845F21801C2F20041C864FFE7D9
:102230004FF60070C2F2014007904FF48070069094
:102240000698012820DBFFE70698079901F01F0197
:102250000844059007980490BFF34F8FFFE7049858
:102260004EF65C71CEF200010860049820300490B4
:1022700005982038059005980028F0DCFFE7BFF3AB
:102280004F8FBFF36F8FFFE7BDF80C0045F60E715F
:10229000C2F200010988884201D1FFE752E0BDF88F
:1022A0000C0045F60E71C2F200010988884215DD66
:1022B000FFE7BDF80C1045F60E70C2F20000028870
:1022C0008B1A45F21802C2F20042916819449160DB
:1022D0000088BDF80C10FFF7DFFC20E045F60E701B
:1022E000C2F200000288BDF80C10891A45F21802EB
:1022F000C2F200429368194401F580719160008830
:102300004FF48071FFF7C8FCBDF80C0030B1FFE757
:10231000BDF80C100020FFF7BFFCFFE7FFE7BDF89A
:102320000C1045F60E70C2F2000001800088B0F576
:10233000807F07D3FFE745F60E71C2F2000100204F
:102340000880FFE708B080BD80B582B001900091A1
:102350000199BDF8002045F20460C2F20040142348
:10236000FFF7FAFA02B080BD80B588B045F60E716D
:10237000C2F200010020088045F21802C2F20042B9
:102380004FF60070C2F2014001909064022182F881
:102390005C104FF480710291EEF731F901990298C7
:1023A000079106900698012820DBFFE70698079919
:1023B00001F01F010844059007980490BFF34F8F68
:1023C000FFE704984EF67071CEF2000108600498A1
:1023D0002030049005982038059005980028F0DCFE
:1023E000FFE7BFF34F8FBFF36F8FFFE745F2046046
:1023F000C2F200404FF60071C2F201414FF4807208
:10240000FEF782F98DF80F009DF80F00002840F0CC
:102410000A82FFE745F61071C2F200010120087040
:1024200045F21801C2F2004181F83000086801301D
:10243000086045F20460C2F20040D0F88000002835
:1024400000F0F081FFE745F20460C2F20040D0F8EE
:10245000800000681021C4F20201884200F0D1809F
:10246000FFE745F20460C2F20040D0F88000006847
:102470002821C4F20201884200F0C380FFE745F240
:102480000460C2F20040D0F8800000684021C4F22D
:102490000201884200F0B580FFE745F20460C2F215
:1024A0000040D0F8800000685821C4F20201884240
:1024B00000F0A780FFE745F20460C2F20040D0F8C8
:1024C000800000687021C4F20201884200F0998007
:1024D000FFE745F20460C2F20040D0F880000068D7
:1024E0008821C4F20201884200F08B80FFE745F2A8
:1024F0000460C2F20040D0F880000068A021C4F25D
:10250000020188427DD0FFE745F20460C2F200403C
:10251000D0F880000068B821C4F20201884270D06F
:10252000FFE745F20460C2F20040D0F88000006886
:1025300040F21041C4F20201884262D0FFE745F246
:102540000460C2F20040D0F88000006840F22841E8
:10255000C4F20201884254D0FFE745F20460C2F29F
:102560000040D0F88000006840F24041C4F202010F
:10257000884246D0FFE745F20460C2F20040D0F83E
:102580008000006840F25841C4F20201884238D00D
:10259000FFE745F20460C2F20040D0F88000006816
:1025A00040F27041C4F2020188422AD0FFE745F2AE
:1025B0000460C2F20040D0F88000006840F2884118
:1025C000C4F2020188421CD0FFE745F20460C2F267
:1025D0000040D0F88000006840F2A041C4F202013F
:1025E00088420ED0FFE745F20460C2F20040D0F806
:1025F0008000006840F2B841C4F2020188420CD168
:10260000FFE745F20460C2F20040D0F880000168A4
:10261000086820F0080008600BE045F20460C2F290
:102620000040D0F880000168086820F004000860CD
:10263000FFE745F20460C2F20040D0F88000006875
:102640001021C4F20201884200F0D180FFE745F278
:102650000460C2F20040D0F8800000682821C4F273
:102660000201884200F0C380FFE745F20460C2F235
:102670000040D0F8800000684021C4F20201884286
:1026800000F0B580FFE745F20460C2F20040D0F8E8
:10269000800000685821C4F20201884200F0A7803F
:1026A000FFE745F20460C2F20040D0F88000006805
:1026B0007021C4F20201884200F09980FFE745F2E0
:1026C0000460C2F20040D0F8800000688821C4F2A3
:1026D0000201884200F08B80FFE745F20460C2F2FD
:1026E0000040D0F880000068A021C4F202018842B6
:1026F0007DD0FFE745F20460C2F20040D0F88000D0
:102700000068B821C4F20201884270D0FFE745F2A8
:102710000460C2F20040D0F88000006840F210412E
:10272000C4F20201884262D0FFE745F20460C2F2BF
:102730000040D0F88000006840F22841C4F2020155
:10274000884254D0FFE745F20460C2F20040D0F85E
:102750008000006840F24041C4F20201884246D045
:10276000FFE745F20460C2F20040D0F88000006844
:1027700040F25841C4F20201884238D0FFE745F2E6
:102780000460C2F20040D0F88000006840F270415E
:10279000C4F2020188422AD0FFE745F20460C2F287
:1027A0000040D0F88000006840F28841C4F2020185
:1027B00088421CD0FFE745F20460C2F20040D0F826
:1027C0008000006840F2A041C4F2020188420ED0AD
:1027D000FFE745F20460C2F20040D0F880000068D4
:1027E00040F2B841C4F2020188420AD1FFE745F243
:1027F0000460C2F20040D0F8800000684068009099
:1028000009E045F20460C2F20040D0F880000068A0
:1028100040680090FFE7009845F21801C2F20041BD
:10282000C864FFE70CE045F61071C2F20001002019
:10283000087045F21801C2F2004181F83000FFE74C
:102840009DF80F0008B080BD80B586B0EFF3108012
:10285000049004980090EFF3108072B6059045F64E
:10286000E060C2F20000406A0290009810B9FFE7F1
:1028700062B6FFE7F8F7A8FF0190029820B9FFE7DA
:1028800000208DF80F0009E001980299411A0020FC
:10289000652938BF01208DF80F00FFE79DF80F0074
:1028A00006B080BD0000000080B584B001900198A2
:1028B00008B9FFE715E0EFF310800290029800904E
:1028C000EFF3108072B60390019845F22C11C2F21A
:1028D00000415422EDF761FE009810B9FFE762B69F
:1028E000FFE704B080BD000085B08DED030A0290C3
:1028F0000191029818B1FFE7019818B9FFE7039812
:1029000004903AE09DED030A029890ED001A30EE33
:10291000410A8DED000A9DED000A9FED1A1AB4EEF2
:10292000410AF1EE10FA05DAFFE701990888013053
:1029300008800FE09DED000A9FED131AB4EE410AE6
:10294000F1EE10FA05DDFFE70199088801380880EB
:10295000FFE7FFE70398029908609DED030A0198DD
:10296000B0F9000001EE100AB8EEC11A9FED072A77
:10297000A1EE020A8DED040AFFE79DED040A05B001
:10298000704700BF000034C3000034430000B4436C
:1029900081B08DED000AFFE79DED000A9FED141A4E
:1029A000B4EE410AF1EE10FA09DDFFE79DED000AF1
:1029B0009FED121A30EE010A8DED000AECE7FFE7F9
:1029C0009DED000A9FED0B1AB4EE410AF1EE10FAEC
:1029D00009DAFFE79DED000A9FED071A30EE010AC4
:1029E0008DED000AECE79DED000A01B0704700BFD5
:1029F00000003443000034C30000B4430000B4C3FB
:102A000080B586B08DF80F00EFF310800490049825
:102A10000290EFF3108072B605909DF80F0045F616
:102A2000E061C2F2000181F828009DF80F0045F234
:102A30002C11C2F20041019181F84400F8F7C4FE64
:102A400001998864029810B9FFE762B6FFE7002099
:102A500000F0D2F806B080BD80B58AB08DED070ACF
:102A6000CDED060A8DED051ACDED041A8DED032A84
:102A7000F8F7AAFE0190EFF31080089008980290F2
:102A8000EFF3108072B60990079844F6DC51C2F259
:102A90000001086006984860059888600498C8603E
:102AA0000398086101984861079845F22C11C2F219
:102AB00000410860069848600598086104984861DC
:102AC000039888610198086501988864029810B994
:102AD000FFE762B6FFE7002000F08EF80AB080BD85
:102AE000B0B588B00490049820B9FFE700208DF8B5
:102AF000170047E0EFF31080069006980290EFF37E
:102B0000108072B6079045F6E060C2F2000090F8BF
:102B100029008DF80F009DF80F0048B3FFE7049AD5
:102B2000009245F6E061C2F20001019108684B682D
:102B3000D1F808C0D1F80CE00C694D6955611461F9
:102B4000C2F80CE0C2F808C0536010608869CB6915
:102B5000D1F820C0D1F824E08C6A9462C2F824E055
:102B6000C2F820C0D3619061002081F82900FFE7FE
:102B7000029810B9FFE762B6FFE79DF80F008DF8E5
:102B80001700FFE79DF8170008B0B0BD0000000077
:102B900080B58CB00B90FFF733F8FFE745F2780172
:102BA000C2F200414868013048606846FFF798FF6C
:102BB00078B1FFE745F27801C2F200418868013040
:102BC0008860684600F01CF900F0F2F900F054F952
:102BD0000BE045F27801C2F20041C8680130C860DC
:102BE000FFF732FEFFF70CFFFFE7012012F00CFEAB
:102BF000D4E700000000000010B5DEB08DF86701DA
:102C0000F8F7E2FD0490EFF310805B905B9805907D
:102C1000EFF3108072B65D9045F27801C2F2004188
:102C20002CA8B422EDF7B9FC45F22C11C2F20041F8
:102C300017A85422EDF7B1FC44F6DC5EC2F2000E98
:102C4000DEF80000DEF80410DEF80820DEF80C30B4
:102C5000DEF810C0DEF814E0CDF858E0CDF854C02E
:102C6000149313921291119045F6E06CC2F2000C8D
:102C7000CDF80CC0DCF80000DCF80410DCF808200B
:102C8000DCF80C30DCF810E0DCF814400B94CDF8E4
:102C900028E00993089207910690DCF81800DCF808
:102CA0001C10DCF82020DCF82430DCF828C0CDF83B
:102CB00040C00F930E920D910C90059810B9FFE74C
:102CC00062B6FFE704982C909DF8A0008DF8C00034
:102CD0009DF840008DF8C1009DF841008DF8C200BC
:102CE0009DF867018DF8C30045F61170C2F200002F
:102CF00000788DF8C4000F9832900F9828B1FFE744
:102D000004980F99401A029003E04FF0FF300290B0
:102D1000FFE702983390299834902A9835902B98A1
:102D20003690169828B1FFE704981699401A01903A
:102D300003E04FF0FF300190FFE7019837900698CD
:102D400038900798399008983A9009983B900A98DB
:102D50003C900B983D900C983E900D983F900E98AB
:102D600040901798419018984290199843901A985B
:102D700044901B9845901C9846901D9847901E982B
:102D800048901F98499020984A9021984B902298FB
:102D90004C9023984D9024984E9025984F902698CB
:102DA00050902798519011985290129853901398E0
:102DB0005490149855901598569040F2C420C2F241
:102DC0000040016C5791B0F84400ADF86001EFF39A
:102DD00010805A905A980590EFF3108072B65C906C
:102DE00045F27800C2F200402CA9B422EDF7D5FBE1
:102DF000059810B9FFE762B6FFE75EB010BD0000AE
:102E000082B00190019808B9FFE732E0019880692B
:102E100040F2C421C2F200410091C8600198C0692B
:102E200008600198006A48600198C068886101984C
:102E30000069086101984069486101980068486329
:102E400001984068886301988068C8630198C068E9
:102E5000886201980069C862019840690863019816
:102E6000006AC8610198806908620198C069486277
:102E7000FFE702B07047000080B5A6B0EFF3108006
:102E8000239023980690EFF3108072B6259044F6B5
:102E9000DC5EC2F2000EDEF80000DEF80410DEF8A0
:102EA0000820DEF80C30DEF810C0DEF814E0CDF8B3
:102EB00030E0CDF82CC00A9309920891079006984B
:102EC00010B9FFE762B6FFE70DA801905421029107
:102ED000EDF7B7FB40F2C420C2F20040009090ED45
:102EE000010AFFF755FD00988DED050A81680491F0
:102EF00007990D9108990E91099911910A991291CA
:102F00000B991391C1681491016815910599169157
:102F1000049917919DED050A9FED231A20EE010AF1
:102F20008DED0F0A9DED040A20EE010A8DED100AC9
:102F3000816918910169199141691A91416B1B913D
:102F4000816B1C91C06B1D90FFF77EFC8DF87800A3
:102F500045F6E060C2F200000390406A20900C98B1
:102F60002190F8F731FC0199029A1F90EFF310803D
:102F7000229022980690EFF3108072B6249045F2CA
:102F80002C10C2F20040EDF708FB03999DF8780081
:102F900081F82800069810B9FFE762B6FFE7012024
:102FA000FFF72AFE26B080BD35FA8E3C00000000F7
:102FB00080B582B045F61170C2F20000007890B979
:102FC000FFE740F2C421C2F20041486808640020D3
:102FD000A1F844004868886045F61171C2F200010A
:102FE000012008700FE040F2C421C2F200410191BB
:102FF00091ED010A01F140004431FFF775FC0198A1
:1030000080ED020AFFE702B080BD00000000000072
:1030100083B0029001918DF8032000208DF802000A
:103020008DF80200FFE79DF802009DF8031088422A
:1030300029DAFFE70298000F092809D8FFE702986C
:10304000000F303001999DF8022001F8120009E0CC
:103050000299372000EB117001999DF8022001F8C8
:103060001200FFE702980001029001989DF80210FB
:1030700000EB410100204870FFE79DF8020001309D
:103080008DF80200CFE703B0704700000000000099
:1030900082B08DF806009DF80610081F00910328E5
:1030A0000AD3FFE700981138032805D3FFE70098FB
:1030B0001B380B2804D8FFE701208DF8070003E038
:1030C00000208DF80700FFE79DF8070002B0704769
:1030D00080B584B08DF80F0002919DF80F00029921
:1030E0000870029903204870029900208870029AA3
:1030F0000F21D1700299087102990220487102983B
:10310000062100F05DF8ADF80600BDF80600029952
:1031100088719DF807000299C87104B080BD000055
:1031200080B582B0F8F750FB019000200090FFE7D7
:103130000098022842D8FFE70098C0EB001144F63F
:10314000F450C2F2000000EB810090F8350080B32B
:10315000FFE701980099C1EB011244F6F451C2F265
:10316000000101EB8201C968401AB0F5FA7F20D94D
:10317000FFE70098C0EB001144F6F450C2F20000E3
:1031800000EB8102116A013111620199009AC2EBD0
:10319000021200EB820251610099C1EB011100EBB8
:1031A0008100002180F835109DF8000000F090F9B2
:1031B000FFE7FFE7009801300090B9E702B080BD5B
:1031C00083B00290ADF806104FF6FF70ADF8040022
:1031D0000020ADF80200FFE7BDF80200BDF80610C0
:1031E000884234DAFFE70298BDF80210415CBDF86E
:1031F00004004840ADF8040000208DF80100FFE70E
:103200009DF8010007281BD8FFE7BDF80400C007A0
:1032100048B1FFE7BDF804104AF2010080EA51000E
:10322000ADF8040005E0BDF804004008ADF8040066
:10323000FFE7FFE79DF8010001308DF80100DFE7AF
:10324000FFE7BDF802000130ADF80200C4E7BDF8A9
:10325000040003B07047000080B584B00390039869
:10326000EFF76AF98DF80B009DF80B0000F098F865
:103270008DF80A009DF80A0000F01EF908B9FFE772
:1032800037E09DF80A00C0EB001044F6F451C2F29A
:103290000001019101EB8002D06A0130D0620398F5
:1032A000D0F890009DF80A20C2EB021201EB8201D7
:1032B0008863F8F789FA014601989DF80A20C2EB65
:1032C000021200EB820251619DF80A10C1EB01115C
:1032D00000EB8100002180F835109DF80A0000F015
:1032E000F7F80398FDF790FB9DF80B00EFF784F9D2
:1032F000FFE704B080BD0000B0B588B08DF81700BE
:1033000004919DF8170000F0D7F818B1FFE7049872
:1033100008B9FFE741E0EFF31080069006980390AC
:10332000EFF3108072B60790049901919DF8170091
:10333000C0EB001244F6F450C2F2000000EB82032E
:10334000029350F822005A68D3F808C0D3F80CE072
:103350001C695D694D610C61C1F80CE0C1F808C0E1
:103360004A6008609869DA69D3F820C0D3F824E08D
:103370009C6ADD6ACD628C62C1F824E0C1F820C08D
:10338000CA618861186B5A6B9B6B8B634A630863D5
:10339000039810B9FFE762B6FFE708B0B0BD0000C0
:1033A00081B08DF802009DF80200032804D3FFE7E6
:1033B00003208DF8030004E09DF802008DF803005F
:1033C000FFE79DF8030001B0704700000000000017
:1033D00080B582B046F2E300C2F20040007808B146
:1033E000FFE736E044F6F450C2F20000B421EDF7F6
:1033F00028F900200190FFE70198022822D8FFE772
:103400000198C0EB001244F6F450C2F200004FF0F5
:10341000FF3140F82210019AC2EB021200EB820247
:1034200051600199C1EB011100EB8101012081F88C
:1034300032009DF80400EFF7DFF8FFE70198013054
:103440000190D9E746F2E301C2F200410120087081
:10345000FFE702B080BD000082B08DF80600009149
:103460009DF80600C0EB001144F6F450C2F20000D3
:1034700000EB8100C06920B9FFE701208DF807004B
:1034800014E000989DF80610C1EB011244F6F451C7
:10349000C2F2000101EB82010969411A0020B1F575
:1034A0007A7F88BF01208DF80700FFE79DF80700AD
:1034B00002B070470000000081B08DF803009DF855
:1034C00003100020032938BF012001B0704700001D
:1034D00080B584B08DF80F008DF80E10F8F774F9F0
:1034E00002909DF80F00FFF7E7FF08B9FFE73DE006
:1034F0009DF80F000299FFF7AFFF8DF807009DF8C8
:103500000E0020B9FFE79DF8070070B1FFE79DF8B6
:103510000F00C0EB001144F6F450C2F2000000EBC3
:103520008101002081F83300FFE79DF80700E8B132
:10353000FFE79DF80F00C0EB001244F6F450C2F212
:1035400000004FF0FF3140F822109DF80F20C2EB31
:10355000021200EB820251609DF80F10C1EB0111C5
:1035600000EB8101002081F83400FFE704B080BD4A
:1035700080B58EB08DF837000C91ADF82E209DF8F7
:103580003700C0EB001044F6F451C2F2000101EB29
:10359000800090F832008DF81B00BDF82E009DF8D9
:1035A0003720C2EB021201EB820108860020ADF841
:1035B0002C00FFE7BDF82C00053080B2BDF82E10BE
:1035C000884200F38E80FFE70C98BDF82C10405C19
:1035D0009DF81B10884208D1FFE70C99BDF82C001C
:1035E00008444078832801D0FFE774E00C98BDF8C8
:1035F0002C1008440321FFF7E3FDADF82A000C99D5
:10360000BDF82C000144C878097940EA0120ADF8E2
:103610002800BDF82A00BDF82810884227D0FFE70F
:103620009DF83700C0EB001144F6F450C2F20000E0
:10363000059000EB8101486A01304862F8F7C4F850
:10364000014605989DF83720C2EB021200EB82027A
:1036500051619DF83710C1EB011100EB8100002191
:1036600080F835109DF83700FFF732FF60E19DF8D4
:103670003700C0EB001044F6F451C2F2000104918F
:1036800001EB8002906A013090620C9ABDF82C0028
:10369000104480789DF83720C2EB021201EB8201C2
:1036A0008863F8F791F8014604989DF83720C2EB3B
:1036B000021200EB820251619DF83710C1EB01113B
:1036C00000EB8101002081F835009DF837000121D1
:1036D000FFF7FEFE2CE1BDF82C000130ADF82C0008
:1036E00068E70020ADF82C00FFE7BDF82C0009309A
:1036F00080B2BDF82E10884200F3F380FFE70C98EB
:10370000BDF82C10405C9DF81B10884210D1FFE7DB
:103710000C99BDF82C0008444078032808D1FFE735
:103720000C99BDF82C0008448078042801D0FFE7EC
:10373000D1E00C98BDF82C1008440721FFF740FD9C
:10374000ADF82A000C99BDF82C000144C879097A1B
:1037500040EA0120ADF82800BDF82A00BDF8281085
:10376000884227D0FFE79DF83700C0EB001144F6F0
:10377000F450C2F20000039000EB8101486A01306E
:103780004862F8F721F8014603989DF83720C2EB0C
:10379000021200EB820251619DF83710C1EB01115A
:1037A00000EB8100002180F835109DF83700FFF70D
:1037B0008FFEBDE00C99BDF82C000844D0F8030042
:1037C00000BA09909DF827000006002832D5FFE7CF
:1037D0009DF83700C0EB001044F6F451C2F200012E
:1037E000029101EB8002906A01309062099820F00A
:1037F00000409DF83720C2EB021201EB8201886382
:10380000F7F7E2FF014602989DF83720C2EB02125B
:1038100000EB820251619DF83710C1EB011100EB02
:103820008101002081F835009DF837000121FFF764
:103830004FFE7DE0099800F09FF8089008999DF8E8
:103840003700C0EB001244F6F450C2F200000190C1
:1038500000EB82029268891A079108999DF8372037
:10386000C2EB021200EB8202516007999DF83720EB
:10387000C2EB021240F822109DF83710C1EB011183
:1038800000EB8102012182F833109DF83720C2EB52
:10389000021200EB820282F834109DF83710C1EB5F
:1038A000011100EB8101002081F83500F7F78CFF52
:1038B000014601989DF83720C2EB021200EB82020C
:1038C00011619DF83710C1EB011100EB8101C8694E
:1038D0000130C8612CE0BDF82C000130ADF82C009F
:1038E00003E79DF83700C0EB001144F6F450C2F234
:1038F0000000009000EB8101886A01308862F7F7D0
:1039000063FF014600989DF83720C2EB021200EBDE
:10391000820251619DF83710C1EB011100EB81006B
:10392000002180F835109DF83700FFF7D1FDFFE743
:103930000EB080BD0000000080B582B046F2E3000A
:10394000C2F20040007818B9FFE7FFF741FDFFE73A
:10395000FFF7E6FB00200190FFE70198022809D855
:10396000FFE79DF8040000F05BF8FFE701980130E5
:103970000190F2E702B080BD81B00090009801B0E4
:10398000704700000000000080B584B00390ADF8DF
:103990000A100398EEF7D0FD8DF809009DF8090094
:1039A000FFF7FEFC8DF808009DF80800FFF784FD86
:1039B00008B9FFE730E09DF80900EEF7F5FD01904A
:1039C000019848B1FFE7BDF80A0028B1FFE7BDF84C
:1039D0000A00212813D3FFE79DF80800C0EB00116F
:1039E00044F6F450C2F2000000EB8101886A013015
:1039F00088629DF808000021FFF76AFD07E09DF846
:103A000008000199BDF80A20FFF7B2FDFFE79DF815
:103A10000900EEF7F1FDFFE704B080BD00000000F3
:103A200080B58AB08DF82700F7F7CEFE06909DF896
:103A30002700FFF741FD08B9FFE78FE09DF8270059
:103A4000C0EB001144F6F450C2F2000000EB81001C
:103A500090F8350008B1FFE780E09DF82700C0EB43
:103A6000001144F6F450C2F2000000EB81008069BE
:103A700090B1FFE706989DF82710C1EB011244F6BC
:103A8000F451C2F2000101EB8201C968401A8008BA
:103A90004A2801D8FFE761E09DF82700C0EB00113C
:103AA00044F6F450C2F20000039000EB810090F85D
:103AB00032000DF11F010491FFF70AFB03980499EE
:103AC0009DF82720C2EB021200EB8203012283F84B
:103AD0003520069A9DF82730C3EB031300EB8303D0
:103AE000DA609DF82720C2EB021200EB8202906997
:103AF000013090619DF8270008220523EEF7B8FDFC
:103B00008DF817009DF8170040B3FFE79DF82700D8
:103B1000C0EB001144F6F450C2F20000019000EB3B
:103B200081020021029182F835109DF82710C1EB27
:103B3000011100EB8101C86A0130C862F7F744FE49
:103B4000019A02999DF82730C3EB031302EB83021D
:103B500050619DF82700FFF7BBFCFFE70AB080BD6E
:103B600080B582B08DF807008DF806109DF807002B
:103B7000FFF7A2FC20B1FFE79DF8060008B9FFE7B8
:103B80000EE09DF806009DF80710C1EB011244F607
:103B9000F451C2F2000101EB820181F83200FFE72B
:103BA00002B080BD0000000080B586B08DF80F0027
:103BB00002919DF80F00FFF77FFC08B9FFE733E0A3
:103BC000EFF31080049004980190EFF3108072B628
:103BD000059002999DF80F00C0EB001244F6F450D6
:103BE000C2F2000000EB820291609DF80F10C1EB61
:103BF000011100EB81004068002810D4FFE79DF818
:103C00000F00C0EB001244F6F451C2F2000101EBC8
:103C100082004068029BC01A41F82200FFE7019829
:103C200010B9FFE762B6FFE706B080BD00000000F4
:103C300080B584B003908DF80B109FED140A06F048
:103C4000FFFA8DED010A03989DF80B1000EB81003F
:103C500090ED0B0A90ED132AB8EEC00A48F67010EA
:103C6000C0F6020000EB810090ED001A21EE021A6E
:103C70009DED012AA1EE020A8DED000A9DED000ADC
:103C8000BDEEC00A10EE100A04B080BD49F1E74451
:103C900080B584B002908DF8071000208DF80600E2
:103CA000FFE79DF80600032829D8FFE79DF80700E5
:103CB0009DF80610C840C00708B9FFE719E0029850
:103CC0009DF8061000EB810090ED131A90ED190A93
:103CD00030EE410AECF744FDB0EE081AB4EE410AAA
:103CE000F1EE10FA04DDFFE700208DF80F000AE086
:103CF000FFE79DF8060001308DF80600D1E70120AE
:103D00008DF80F00FFE79DF80F0004B080BD0000A4
:103D100080B5F2F7EDFFF0F7F7FC01F01DFB80BD79
:103D200080B586B000200190059004900390029029
:103D3000F7F74EFE019801218DF808108DF8090063
:103D400003901F228DF8102087228DF811208DF806
:103D500012008DF813008DF814108DF815108DF8E1
:103D600016008DF8170002A8F7F7F2FD0420F7F708
:103D700043FE06B080BD000080B582B0FFE744F28C
:103D8000D840C5F60200016841F0010101600068F9
:103D900000F0010001900198FFE70B200090052141
:103DA0000022F7F769FE0098F7F75AFE02B080BDCF
:103DB00080B582B045F2FC60C2F2000001904AF288
:103DC0000001C4F20001016000228260C260012192
:103DD0000174427482744161142383614FF03B0C7F
:103DE000C0F81CC0036241624FF0020CC0F828C04A
:103DF0000D21C162C0F830C0426304218163C163F8
:103E00000A23036441648364C164C0F850C04165FF
:103E10008365C365036642668166F6F7EDFE18B1F9
:103E2000FFE7F2F759FAFFE702B080BD000000009B
:103E300080B582B045F28440C2F2004001904AF25F
:103E40000041C4F20001016000228260C2600121D1
:103E50000174427482744161142383614FF03B0CFE
:103E6000C0F81CC0036241624FF0020CC0F828C0C9
:103E70000D21C162C0F830C040F2523141630421CB
:103E80008163C1630A23036441648364C164C0F82D
:103E900050C041658365C365036642668166F6F777
:103EA000ABFE18B1FFE7F2F717FAFFE702B080BDEB
:103EB00080B582B045F29C70C2F2000001904DF2D4
:103EC0000041C4F20001016000228260C260012151
:103ED0000174427482744161142383614FF03B0C7E
:103EE000C0F81CC0036241624FF0020CC0F828C049
:103EF0000D21C162C0F830C040F2A46141630421C9
:103F00008163C1630A23036441648364C164C0F8AC
:103F100050C041658365C365036642668166F6F7F6
:103F20006BFE18B1FFE7F2F7D7F9FFE702B080BDEB
:103F3000B0B5A4B048F29C40C0F6020001684268E7
:103F40008368D0F80CC0D0F810E044692294CDF812
:103F500084E0CDF880C01F931E921D91806923904C
:103F60001DA80021009111F07FFC009942F20C3253
:103F7000C2F20042106048F28040C0F602000268BF
:103F80004368D0F808C0D0F80CE0046945691B9577
:103F90001A94CDF864E0CDF860C01793169280694A
:103FA0001C9016A811F060FC009940F22822C2F281
:103FB0000002106048F2F040C0F602000268436858
:103FC000D0F808C0D0F80CE0046945691495139442
:103FD000CDF848E0CDF844C010930F928069159059
:103FE0000FA811F041FC009944F26832C2F200427D
:103FF000106048F2D440C0F6020002684368D0F86E
:1040000008C0D0F80CE0046945690D950C94CDF812
:104010002CE0CDF828C00993089280690E9008A87A
:1040200011F022FC009942F2D422C2F20002106088
:1040300048F2B840C0F6020002684368D0F808C0F1
:10404000D0F80CE00469456906950594CDF810E0B8
:10405000CDF80CC0029301928069079001A811F07D
:1040600003FC42F21031C2F20041086024B0B0BD3E
:1040700080B592B00020119010900F900E900D908E
:10408000FFE744F2E040C5F60200016841F010018C
:104090000160006800F010000C900C98FFE7FFE74B
:1040A00044F2E040C5F60200016841F004010160FD
:1040B000006800F004000B900B98FFE7FFE744F264
:1040C000E040C5F60200016841F08001016000682F
:1040D00000F080000A900A98FFE7FFE744F2E04012
:1040E000C5F60200016841F008010160006800F0B7
:1040F000080009900998FFE7FFE744F2E040C5F6A1
:104100000200016841F001010160006800F0010057
:1041100008900898FFE7FFE744F2E040C5F6020088
:10412000016841F002010160006800F002000790A0
:104130000798FFE740F60000C5F6020001904FF433
:104140006041009100220492F7F726FB049A41F2A5
:104150000000C5F6020005904FF400510291F7F7F8
:104160001BFB009A019804990D92012203920E9272
:104170000F9110910DA90691F7F73AF9DDF808C0F3
:10418000039B049A05980699CDF834C00E930F92BC
:104190001092F7F72DF912B080BD0000000000006A
:1041A00080B59EB0002001901D901C901B901A902D
:1041B00019901890179016901590149013901290D3
:1041C0001190109003A83421ECF73BFA019945F6C1
:1041D0002050C2F2000002900022C4F201020260EC
:1041E000EF224260816044F61F62C260016141615A
:1041F0008161FBF725FC18B1FFE7F2F76DF8FFE7E7
:104200004FF480501A9045F62050C2F200001AA9CF
:10421000FBF73EFD18B1FFE7F2F75EF8FFE745F662
:104220002050C2F20000FCF757F818B1FFE7F2F790
:1042300053F8FFE7002017901890199045F620508A
:10424000C2F2000017A9FBF73BFB18B1FFE7F2F73A
:1042500043F8FFE76020109000221192129213920F
:1042600014921592169245F62050C2F2000010A941
:10427000FBF75AFF18B1FFE7F2F72EF8FFE700202F
:104280000090039004900590069007904FF4005121
:10429000089109900B904FF000710C910D904FF424
:1042A00080400F9045F62050C2F2000003A9FBF7B2
:1042B0006FFA18B1FFE7F2F70FF8FFE745F6205065
:1042C000C2F20000FBF7F8FE1EB080BD0000000047
:1042D00080B588B000210091079106910591049165
:1042E00003910291019145F22450C2F2004040F244
:1042F0000042C4F200020260EF224260816040F29C
:10430000E732C26001618161FBF79AFB18B1FFE7F8
:10431000F1F7E2FFFFE74FF48050049045F224509C
:10432000C2F2004004A9FBF7B3FC18B1FFE7F1F7B4
:10433000D3FFFFE700200190039045F22450C2F222
:10434000004001A9FBF7BCFA18B1FFE7F1F7C4FF81
:10435000FFE708B080BD000080B582B045F2046080
:10436000C2F20040009047F60001C4F20001016073
:104370004FF4E1314160002101918160C160016130
:104380000C2242618161C161016241628162FDF77B
:1043900033F818B1FFE7F1F79FFFFFE745F204603C
:1043A000C2F200400021FCF7DFFA18B1FFE7F1F795
:1043B00093FFFFE745F20460C2F200400021FCF7E2
:1043C0008BFA18B1FFE7F1F787FFFFE745F20460CA
:1043D000C2F20040FCF750F918B1FFE7F1F77CFF9B
:1043E000FFE702B080BD000080B582B045F64C60AA
:1043F000C2F20000009047F60041C4F200010160E3
:104400004FF4E1314160002101918160C16001619F
:104410000C2242618161C161016241628162FCF7EB
:10442000EBFF18B1FFE7F1F757FFFFE745F64C60E8
:10443000C2F200000021FCF797FA18B1FFE7F1F78C
:104440004BFFFFE745F64C60C2F200000021FCF78D
:1044500043FA18B1FFE7F1F73FFFFFE745F64C607D
:10446000C2F20000FCF708F918B1FFE7F1F734FFDA
:10447000FFE702B080BD000080B582B045F29860D1
:10448000C2F20040009041F60001C4F20101016057
:104490004FF4E1314160002101918160C16001610F
:1044A0000C2242618161C161016241628162FCF75B
:1044B000A3FF18B1FFE7F1F70FFFFFE745F29860A0
:1044C000C2F200400021FCF74FFA18B1FFE7F1F704
:1044D00003FFFFE745F29860C2F200400021FCF7BD
:1044E000FBF918B1FFE7F1F7F7FEFFE745F2986037
:1044F000C2F20040FCF7C0F818B1FFE7F1F7ECFE9C
:10450000FFE702B080BD000080B582B045F2705078
:10451000C2F20040009041F60041C4F20101016086
:104520004FF4E1314160002101918160C16001617E
:104530000C2242618161C161016241628162FCF7CA
:104540005BFF18B1FFE7F1F7C7FEFFE745F27050D8
:10455000C2F200400021FCF707FA18B1FFE7F1F7BB
:10456000BBFEFFE745F27050C2F200400021FCF7AD
:10457000B3F918B1FFE7F1F7AFFEFFE745F270506E
:10458000C2F20040FCF778F818B1FFE7F1F7A4FE9B
:10459000FFE702B080BD000080B582B045F6B8509C
:1045A000C2F20000009041F20001C4F2010101607A
:1045B0004FF4E1314160002101918160C1600161EE
:1045C0000C2242618161C161016241628162FCF73A
:1045D00013FF18B1FFE7F1F77FFEFFE745F6B8508C
:1045E000C2F200000021FCF7BFF918B1FFE7F1F7B4
:1045F00073FEFFE745F6B850C2F200000021FCF759
:104600006BF918B1FFE7F1F767FEFFE745F6B85021
:10461000C2F20000FCF730F818B1FFE7F1F75CFEDA
:10462000FFE702B080BD000080B545F2A830C2F2BD
:10463000000040F20401C2F2000101220CF00CFF64
:1046400018B1FFE7F1F748FEFFE745F2A830C2F2E4
:10465000000040F20C01C2F200410DF029FC18B13B
:10466000FFE7F1F739FEFFE745F2A830C2F200009C
:1046700040F25801C2F200410CF0DAF818B1FFE73D
:10468000F1F72AFEFFE745F2A830C2F200000DF074
:104690009FFD18B1FFE7F1F71FFEFFE7F8F728FCD1
:1046A00080BD00000000000080B592B01190109114
:1046B0000F92119800680E90119840680D90119813
:1046C00080680C90109890ED010A90ED021A30EE7F
:1046D000010A9DED0C1A20EE010A8DED0B0A9DEDED
:1046E0000D0A9DED0E1A30EE010A9DED0B1A30EE0B
:1046F000410A8DED0A0A9DED0D0A9DED0E1A30EE70
:10470000410A9DED0B1A30EE010A8DED090A9DED6F
:104710000D0A9DED0E1A30EE410A9DED0B1A30EE9A
:10472000410A8DED080A9DED0D0A9DED0E1A30EE41
:10473000010A9DED0B1A30EE010A8DED070A0020EB
:1047400006909DED060A8DED010A9DED0A0A10F016
:104750007BFDF0EE400A9DED010A11F035F88DED7C
:10476000060A9DED060A8DED020A9DED090A10F07C
:104770006BFDF0EE400A9DED020A11F025F88DED7B
:10478000060A9DED060A8DED030A9DED080A10F05C
:104790005BFDF0EE400A9DED030A11F015F88DED7A
:1047A000060A9DED060A8DED040A9DED070A10F03C
:1047B0004BFDF0EE400A9DED040A11F005F88DED79
:1047C000060A9DED060A109890ED031AB4EE410A10
:1047D000F1EE10FA2ADDFFE7109890ED030A9DED47
:1047E000061A80EE010A8DED050A9DED051A9DED74
:1047F0000A0A20EE010A8DED0A0A9DED051A9DEDCB
:10480000090A20EE010A8DED090A9DED051A9DEDBC
:10481000080A20EE010A8DED080A9DED051A9DEDAE
:10482000070A20EE010A8DED070AFFE70A980F99A3
:10483000086009980F99486008980F998860079850
:104840000F99C86012B080BDFFE7FEE700000000CE
:1048500082B001908DF8031000208DF802008DF8D1
:104860000100FFE79DF801009DF80310884218DA67
:10487000FFE701989DF80110C1EBC10100EB810039
:104880008069332806D3FFE79DF8020001308DF8D8
:104890000200FFE7FFE79DF8010001308DF80100FD
:1048A000E0E79DF8020002B0704700000000000041
:1048B000FFE7FEE70000000088B007900691059230
:1048C000079800F0070004900498C0F1070005283D
:1048D00003D3FFE70420019004E00498C0F107002F
:1048E0000190FFE70198039004980430062803D84C
:1048F000FFE70020009003E0049803380090FFE7F2
:104900000098029006980399012202FA01F10139F8
:104910000840029B984005999A40013A114008438B
:1049200008B070470000000080B586B004908DF894
:104930000F109DF80F0002900498EFF719FE0190F8
:104940009DF80F001A2804D1FFE718208DF81700F2
:1049500041E09DF80F001B2804D1FFE71C208DF8D3
:10496000170038E09DF80F001C2804D1FFE718203D
:104970008DF817002FE09DF80F00182811D1FFE7E0
:10498000049850B1FFE70498807900F041F820B90D
:10499000FFE719208DF817001DE001208DF81700A2
:1049A00019E09DF80F00192804D1FFE701208DF8C8
:1049B000170010E0029850B1FFE702980199884271
:1049C00005D2FFE7029801308DF8170003E01620AA
:1049D0008DF81700FFE79DF8170006B080BD0000B6
:1049E00082B08DF807009DF8070000F003008DF8F5
:1049F00007009DF8070020B1FFE79DF80700009031
:104A000002E003200090FFE70098C0B202B07047B8
:104A100081B08DF803009DF803000138B0FA80F0F2
:104A2000400901B07047000080B545F63C00C2F275
:104A30000000F7F755FB80BD80B586B00590049166
:104A4000059800680390039802900398006C019009
:104A50000298049900EB4110D0F8080B00900198DF
:104A600043F20B01C4F6547188420FD3FFE79DF85F
:104A700001000006002809D5FFE70298049900EB21
:104A800041114FF40040C1F8080BFFE70598F8F713
:104A90006FF9019843F20B01C4F6547188420DD3AB
:104AA000FFE705988079012808D1FFE70599086894
:104AB00001F29C4201210EF0B3FCFFE7002006B09A
:104AC00080BD00000000000080B588B0079006910E
:104AD000079800680490049803900498006C029072
:104AE0000398069900EB4110D0F8080B0190079845
:104AF0008079012840F08180FFE79DF804000007DD
:104B0000002818D5FFE7029843F20B01C4F6547150
:104B100088420FD3FFE79DF805000006002809D55D
:104B2000FFE70398069900EB41114FF40040C1F8EC
:104B3000080BFFE760E09DF804008006002808D518
:104B4000FFE70398069900EB41112020C1F8080BFC
:104B500051E09DF8040010F0280F4AD1FFE70298B9
:104B600043F20B01C4F6547188420FD3FFE79DF85E
:104B700005000006002809D5FFE70398069900EB19
:104B800041114FF40040C1F8080B31E00798069935
:104B900001EBC10100EB810000F51570059005984F
:104BA000006A0399069A01EB4211D1F8101B6FF3CA
:104BB000DF41401A05994861069898B9FFE70598C2
:104BC000006940B9FFE70799086801F29C4201219A
:104BD0000EF026FC05E00599C8684A691044C860D3
:104BE000FFE7FFE707989DF81810F7F705F8FFE7CC
:104BF00000E0FFE7FFE7FFE747E0029843F20A1112
:104C0000C4F65471884224D1FFE79DF805000006E0
:104C1000002809D5FFE70398069900EB41114FF4EE
:104C20000040C1F8080B13E09DF80400800600283E
:104C300008D5FFE70398069900EB41112020C1F841
:104C4000080BFFE707989DF81810F6F7D5FFFFE768
:104C50001AE0069890B9FFE70798069901EBC101A1
:104C600000EB8100D0F8640240B9FFE707990868BB
:104C700001F29C4200210EF0D3FBFFE707989DF85C
:104C80001810F6F7B9FFFFE7FFE7002008B080BD76
:104C900080B58CB00A9009910A980068089008982D
:104CA00007900A98099901EBC10100EB81001430CB
:104CB0000690069801694069884204D9FFE70120FF
:104CC0008DF82F0079E0069908694969401A059026
:104CD000059806998968884204D9FFE70698806894
:104CE0000590FFE70598033080080490FFE70798D8
:104CF000099900EB4110D0F8180981B2049A0020FC
:104D0000914202900FD3FFE70698026941690020A3
:104D10009142029007D2FFE706980069002818BF69
:104D200001200290FFE70298C00770B3FFE70699E1
:104D300008694969401A059005980699896888426A
:104D400004D9FFE7069880680590FFE705980330CF
:104D50008008049008980699C9689DF82420BDF839
:104D60001430DDF828C09CF806C0EE46CEF800C02E
:104D70000FF05AFC059A0699C8681044C860059A55
:104D80000699486910444861B1E70699086949697C
:104D900088420ED8FFE7099800F00F0101208840F3
:104DA0000390039A0799D1F834089043C1F8340866
:104DB000FFE700208DF82F00FFE79DF82F000CB0D3
:104DC00080BD00000000000080B582B00190FFE7C8
:104DD0000FF036F8012010F017FDF9E70000000091
:104DE00080B582B0019000208DF8030011F010FD15
:104DF00047F2EC00C2F20040007828B3FFE747F228
:104E0000F400C2F20040027847F2F501C2F200411C
:104E1000895C019A117001780131017000781028C5
:104E200007D3FFE747F2F401C2F200410020087007
:104E3000FFE747F2EC01C2F2004108780138087040
:104E400001208DF80300FFE711F00EFD9DF803002F
:104E500002B080BD0000000080B582B08DF8070070
:104E600011F0D6FC47F2EC00C2F2004000780F28A7
:104E700022D8FFE79DF8071046F64C20C2F200004A
:104E8000037847F2F502C2F20042D15401780131B1
:104E900001700078102807D3FFE746F64C21C2F2D4
:104EA000000100200870FFE747F2EC01C2F2004168
:104EB00008780130087007E047F2F001C2F20041C3
:104EC000086801300860FFE711F0CEFC02B080BD39
:104ED00080B52620FFF7C0FF80BD00000000000065
:104EE00080B51620FFF7B8FF80BD0000000000006D
:104EF00080B55620FFF7B0FF80BD00000000000025
:104F000080B54620FFF7A8FF80BD0000000000002C
:104F100080B50620FFF7A0FF80BD00000000000064
:104F200080B53620FFF798FF80BD0000000000002C
:104F300080B54920FFF790FF80BD00000000000011
:104F400080B586B0059002F083F810F079FC0390EC
:104F5000FFE710F075FC029002980399401A0A28A6
:104F600005D3FFE70298039002F09EF8FFE703F0F5
:104F7000B3FF0DF11300FFF733FFB0B3FFE79DF868
:104F8000130001460191062818D0FFE70198162862
:104F900017D0FFE70198262816D0FFE7019836289A
:104FA00015D0FFE70198462814D0FFE7019849285B
:104FB00016D0FFE7019856280FD014E006F004F948
:104FC00012E005F06DFB0FE005F096F90CE006F03D
:104FD00037F909E005F09CFE06E005F01DFD03E051
:104FE00006F076FA00E0FFE7FFE7052010F00CFC82
:104FF000AFE700000000000080B582B08DF8070028
:105000009DF8070028B1FFE79DF80700092801D3A4
:10501000FFE71AE09DF8070000EB800146F2100060
:10502000C2F2000000EB0110503800F071F99DF859
:10503000070000EB800145F60810C2F2004000EBCB
:105040000110503800F064F9FFE702B080BD0000A5
:1050500080B582B08DF807009DF8070028B1FFE702
:105060009DF80700092801D3FFE71AE09DF8070023
:1050700000EB800146F29020C2F2000000EB01102C
:10508000503800F045F99DF8070000EB800145F627
:105090008830C2F2004000EB0110503800F038F9BF
:1050A000FFE702B080BD000084B002908DED010AE0
:1050B000CDED000A029818B9FFE70020039020E127
:1050C0000299886CC8640299486C886400980299B7
:1050D000C8610198029908629DED000A9DED011AD0
:1050E00030EE410A029880ED110A029800780028FB
:1050F00040F09280FFE7029890ED010A90ED111ABE
:1051000020EE010A80ED0B0A029890ED021A90ED54
:105110000C0A90ED112AA1EE020A80ED0C0A029908
:10512000C86B08640299886BC863029890ED110AF5
:1051300090ED121A30EE410A80ED0E0A029890EDC1
:10514000030A90ED0E1A20EE010A80ED0D0A029876
:1051500090ED061A90ED0C0AB4EE410AF1EE10FA49
:1051600004DDFFE702998869086315E0029890ED75
:10517000061A90ED0C0AB1EE411AB4EE410AF1EEB6
:1051800010FA08DAFFE7029890ED060AB1EE400A3D
:1051900080ED0C0AFFE7FFE7029890ED040A90ED1E
:1051A000071A20EE010A80ED090A029890ED091A0B
:1051B00090ED0B0A90ED0C3A90ED0D2A30EE030ABB
:1051C00030EE020A30EE010A80ED0A0A029890EDF4
:1051D000051A90ED0A0AB4EE410AF1EE10FA04DD68
:1051E000FFE702994869886215E0029890ED051A78
:1051F00090ED0A0AB1EE411AB4EE410AF1EE10FA4E
:1052000008DAFFE7029890ED050AB1EE400A80ED5A
:105210000A0AFFE7FFE770E00298007801286BD1E7
:10522000FFE7029890ED010A90ED111A90ED122A15
:1052300031EE421A20EE010A80ED0B0A029890ED41
:10524000020A90ED111A20EE010A80ED0C0A029973
:10525000C86B08640299886BC863029890ED110AC4
:1052600090ED122A90ED131AB8EE003AA2EE030A5E
:1052700030EE010A80ED0E0A029890ED030A90EDDF
:105280000E1A20EE010A80ED0D0A029890ED0A0A2E
:1052900090ED0B1A90ED0C3A90ED0D2A31EE031AB9
:1052A00031EE021A30EE010A80ED0A0A029890ED02
:1052B000051A90ED0A0AB4EE410AF1EE10FA04DD87
:1052C000FFE702994869886215E0029890ED051A97
:1052D00090ED0A0AB1EE411AB4EE410AF1EE10FA6D
:1052E00008DAFFE7029890ED050AB1EE400A80ED7A
:1052F0000A0AFFE7FFE7FFE7FFE70298806A0390EB
:10530000FFE79DED030A04B07047000000000000B5
:1053100082B00190019808B9FFE71AE001990020D6
:105320000090C864019988640199486401990864EF
:105330000199C863019988630199486301990863D9
:105340000199C862019988620199C861019908624E
:10535000FFE702B07047000080B58EB000200D90CE
:10536000FFE70D98032800F3B580FFE70D9800EBE9
:10537000800146F21000C2F2000000EB011040F282
:10538000B012C2F2000200210A919FEDDD0A8DEDFC
:10539000080ADFEDDC0ACDED090A00F0BDF90A9933
:1053A0000D9800EB800245F60810C2F2004000EBB9
:1053B000021040F2FC02C2F200429FEDD30ADFED80
:1053C000D30ACDED0B0A00F0A7F99DED080ADDED3B
:1053D000090A0A990D9800EB800246F29020C2F269
:1053E000000000EB021040F2D012C2F2000200F006
:1053F00093F90A99DDED0B0A0D9800EB800245F652
:105400008830C2F2004000EB021040F21C12C2F2DF
:1054100000429FEDC00A00F07FF90D9803282AD1C1
:10542000FFE70D9800EB800146F21050C2F2000039
:1054300000EB011040F29012C2F20002002107912D
:105440009FEDAF0ADFEDAF0A00F066F907990D98FE
:1054500000EB800245F60860C2F2004000EB02104B
:1054600040F2DC02C2F200429FEDA70ADFEDA70A7C
:1054700000F052F929E00D9800EB800146F210503F
:10548000C2F2000000EB011040F2F012C2F2000282
:10549000002106919FED9A0ADFED9A0A00F03CF98F
:1054A00006990D9800EB800245F60860C2F20040B4
:1054B00000EB021040F23C12C2F200429FED920A51
:1054C000DFED920A00F028F9FFE7FFE70D980130C1
:1054D0000D9046E704200C90FFE70C98072800F396
:1054E000E680FFE70C9800EB800146F21000C2F264
:1054F000000000EB011040F2B012C2F200020021E5
:1055000005919FED7F0ADFED7F0A00F005F905990F
:105510000C9800EB800245F60810C2F2004000EB48
:10552000021040F2FC02C2F200429FED770ADFED6A
:10553000770A00F0F1F80C98042804D0FFE70C98E3
:1055400005282AD1FFE70C9800EB800146F21000F5
:10555000C2F2000000EB011040F25012C2F2000251
:10556000002104919FED660ADFED660A00F0D4F891
:1055700004990C9800EB800245F60810C2F2004036
:1055800000EB021040F29C02C2F200429FED600A62
:10559000DFED5E0A00F0C0F8FFE70C98042804D0A5
:1055A000FFE70C9805282AD1FFE70C9800EB800153
:1055B00046F29020C2F2000000EB011040F270129F
:1055C000C2F20002002103919FED4D0ADFED4D0A6A
:1055D00000F0A2F803990C9800EB800245F68830A1
:1055E000C2F2004000EB021040F2BC02C2F20042E4
:1055F0009FED470ADFED450A00F08EF829E00C9890
:1056000000EB800146F29020C2F2000000EB011096
:1056100040F2D012C2F20002002102919FED380A3E
:10562000DFED380A00F078F802990C9800EB800260
:1056300045F68830C2F2004000EB021040F21C1226
:10564000C2F200429FED330ADFED300A00F064F849
:10565000FFE70C9800EB800146F21050C2F2000008
:1056600000EB011040F2F012C2F2000200210191A1
:105670009FED230ADFED230A00F04EF801990C9804
:1056800000EB800245F60860C2F2004000EB021019
:1056900040F23C12C2F200429FED1B0ADFED1B0AF2
:1056A00000F03AF8FFE70C9801300C9015E746F24D
:1056B0009070C2F2000048F23452C0F6020200219B
:1056C00000919FED0B0ADFED0B0A00F025F8009921
:1056D00046F28800C2F2004048F24452C0F602028C
:1056E0009FED050ADFED050A00F016F80EB080BD4B
:1056F000000034430000A0420000B44300007042A8
:1057000000401C460080BB4500007A4400009643E0
:105710000040834500803B4586B005908DF813100E
:1057200003928DED020ACDED010A059818B1FFE74D
:10573000039808B9FFE730E09DF813000599087059
:105740000398006805994860039840680599886047
:10575000039880680599C8600398C0680599086136
:10576000029805994861019805998861059900207A
:10577000009008640599C863059988630599886253
:1057800005994863059908630599C8620599C86435
:105790000599886405994864FFE706B070470000E2
:1057A00080B584B08DED030A02900298411E01EB92
:1057B000810245F60810C2F20040019000EB021091
:1057C000C1EBC10245F24071C2F2004101EB82011E
:1057D00091ED030AB8EEC00ADDED030AFFF764FCA1
:1057E0000198029901EB810100EB011010ED0A0A0A
:1057F00004B080BD0000000080B584B08DED030AC8
:1058000002900298411E01EB810245F68830C2F2F7
:105810000040019000EB0210C1EBC10245F624717B
:10582000C2F2000101EB820191ED030AB8EEC00A59
:10583000DDED030AFFF738FC0198029901EB8101C5
:1058400000EB011010ED0A0A04B080BD000000005A
:1058500080B584B08DED030A02900298411E01EBE1
:10586000810245F60860C2F20040019000EB021090
:10587000C1EBC10245F62001C2F2004101EB8201F9
:1058800091ED030AB8EEC00ADDED030AFFF70CFC48
:105890000198029901EB810100EB011010ED0A0A59
:1058A00004B080BD0000000080B584B08DED030A17
:1058B00002900298411E01EB810246F21000C2F2F2
:1058C0000000019000EB0210C1EBC10245F24071F3
:1058D000C2F2004101EB8201B1F9021000EE101A90
:1058E000B8EEC00ADDED030AFFF7DEFB019802996E
:1058F00001EB810100EB011010ED0A0A04B080BD3C
:1059000080B584B08DED030A02900298411E01EB30
:10591000810246F29020C2F20000019000EB0210DA
:10592000C1EBC10245F62471C2F2000101EB820114
:10593000B1F9021000EE101AB8EEC00ADDED030A4C
:10594000FFF7B2FB0198029901EB810100EB011016
:1059500010ED0A0A04B080BD80B584B08DED030A55
:1059600002900298411E01EB810246F21050C2F2F1
:105970000000019000EB0210C1EBC10245F62001CE
:10598000C2F2004101EB8201B1F9021000EE101ADF
:10599000B8EEC00ADDED030AFFF786FB0198029915
:1059A00001EB810100EB011010ED0A0A04B080BD8B
:1059B00084B08DED030A02908DF8071003980090D3
:1059C0009DF8000002999DF8072088549DF8010079
:1059D000029A9DF80710114448709DF80200029A3F
:1059E0009DF80710114488709DF80300029A9DF8F5
:1059F00007101144C87004B0704700000000000098
:105A000080B584B0039002918DF807200398029925
:105A10009DF8072000F004F804B080BD00000000ED
:105A200083B0029001918DF80320029801999DF8AE
:105A3000032088540298000A019A9DF8031011442B
:105A40004870BDF80A00019A9DF80310114488704F
:105A50009DF80B00019A9DF803101144C87003B023
:105A600070470000000000000120704700000000A7
:105A7000EFF30980BFF36F8F154B1A681EF0100FFC
:105A800008BF20ED108A20E9F04F10602DE90900D1
:105A90004FF0500080F31188BFF34F8FBFF36F8F2B
:105AA00011F01AF94FF0000080F31188BDE80900E9
:105AB00019680868B0E8F04F1EF0100F08BFB0EC8E
:105AC000108A80F30988BFF36F8F704700BF00BF53
:105AD000E06700200000000080B588B003AA0192B2
:105AE0000246019807928DF81B1080ED020AC0ED66
:105AF000010A80ED001A079808B9FFE785E09DF8D4
:105B00001B00082815D3FFE70798007801F018FD5F
:105B100050B1FFE707989FED3F1AB0EE410AF0EE53
:105B2000410A01F0C1FF03E0079802F03DF8FFE7EA
:105B30006BE09DF81B008DF80B00079800789DF82E
:105B40000B10884206D0FFE707989DF80B1001F074
:105B50000FFFFFE79DF80B0001F092FCC8B3FFE7D1
:105B60009DF80B0001F054FD58B1FFE7019907982B
:105B700091ED000A9FED261A20EE010A01F0F8FFD0
:105B80000AE00199079891ED000A9FED211A20EE95
:105B9000010A01F059FFFFE79DF80B0001F0D0FC6E
:105BA00058B1FFE70199079891ED020AD1ED010A7A
:105BB0009FED181A01F078FF0AE00199079891ED1E
:105BC000020AD1ED010A9FED131A01F0CDFDFFE7A6
:105BD0001BE09DF80B0001F0B3FC58B1FFE7019901
:105BE000079891ED020AD1ED010A91ED001A01F03A
:105BF0005BFF0AE00199079891ED020AD1ED010AD5
:105C000091ED001A01F0B0FDFFE708B080BD00BFC4
:105C100039FA8E3C0000000080B58CB00B900A91E0
:105C20000A9808B9FFE77BE100208DF82700FFE71D
:105C30009DF82700032819D8FFE70A999DF8272027
:105C4000002021F812000A999DF8272001EB42015B
:105C500008810A999DF8272001EB42010882FFE79D
:105C60009DF8270001308DF82700E1E70B9800F040
:105C70008FF98DF826009DF82600002857D1FFE700
:105C800000208DF82700FFE79DF82700032817D88C
:105C9000FFE79DF8270001309FEDA20AFFF730FED5
:105CA000BDEEC00A10EE100A0A999DF8272021F8CF
:105CB0001200FFE79DF8270001308DF82700E3E789
:105CC0009FED980A8DED080A05200690FFF7ECFD80
:105CD000B0EE401A9DED080ABDEEC11A11EE100A91
:105CE0000A99088106200790FFF7DEFD0698B0EEBE
:105CF000401A9DED080ABDEEC11A11EE101A0A9A5B
:105D00005181FFF7FDFD0798B0EE401A9DED080A9E
:105D1000BDEEC11A11EE101A0A9A1182FFF7F0FDBA
:105D2000BDEEC00A10EE100A0A994882F8E0002081
:105D30008DF82700FFE79DF8270003281ED8FFE70E
:105D40000B989DF82710FDF773FF00EE100AB8EED0
:105D5000C00A9DF8270001300FF0EEFDBDEEC00A2D
:105D600010EE100A0A999DF8272021F81200FFE78B
:105D70009DF8270001308DF82700DCE70B980178AB
:105D8000F0F7E6F940B9FFE70B98807CFDF780F962
:105D9000002800F08E80FFE70B98EAF7FDFC8DF8F5
:105DA00025009DF82500C00718B3FFE70B980021D8
:105DB000F0F73EFF00EE100AB8EEC00A05200FF023
:105DC000ABFDBDEEC00A10EE100A0A9908810B98CF
:105DD0000121F0F72DFF00EE100AB8EEC00A0620F0
:105DE0000FF09AFDBDEEC00A10EE100A0A99488124
:105DF0001AE09FED4C0A8DED050A0520FFF754FDD2
:105E0000B0EE401A9DED050ABDEEC11A11EE100A62
:105E10000A9908810620FFF747FDBDEEC00A10EE83
:105E2000100A0A994881FFE79DF82500800700289D
:105E300023D5FFE70B980021F0F7AEF900EE100A2A
:105E4000B8EEC00A05200FF077FDBDEEC00A10EED7
:105E5000100A0A9908820B980121F0F79DF900EECB
:105E6000100AB8EEC00A06200FF066FDBDEEC00AAB
:105E700010EE100A0A9948821AE09FED2A0A8DED69
:105E8000040A0520FFF73CFDB0EE401A9DED040A20
:105E9000BDEEC11A11EE100A0A9908820620FFF71A
:105EA0002FFDBDEEC00A10EE100A0A994882FFE7E6
:105EB00036E09FED1C0A8DED030A05200190FFF7E7
:105EC000F3FCB0EE401A9DED030ABDEEC11A11EECF
:105ED000100A0A99088106200290FFF7E5FC019854
:105EE000B0EE401A9DED030ABDEEC11A11EE101A74
:105EF0000A9A5181FFF704FD0298B0EE401A9DED19
:105F0000030ABDEEC11A11EE101A0A9A1182FFF7A8
:105F1000F7FCBDEEC00A10EE100A0A994882FFE7AE
:105F20000CB080BD0000000080B582B001900198E7
:105F300008B9FFE725E001988C21EAF782FB019977
:105F400000200870019988710199C8710198032196
:105F500005F01AFC0198EDF76FFF0198EDF750FF7F
:105F60000199012008740198BBEE0E0A05F0E8FBC8
:105F700001989FED050A05F01BFC01980EF01CFC32
:105F8000FFE702B080BD00BF00000000000000007D
:105F900082B00090009820B1FFE70098807820B987
:105FA000FFE700208DF807000CE000980078172824
:105FB00004D1FFE700208DF8070003E001208DF8F1
:105FC0000700FFE79DF8070002B0704700000000DF
:105FD00080B582B001900198002100F019F802B05C
:105FE00080BD00000000000081B00090009808B95A
:105FF000FFE70BE00098807820B9FFE700990120C7
:106000008870FFE700990120C872FFE701B0704770
:1060100080B582B001908DF8031001989DF80310AF
:10602000012202F0E9FE02B080BD00000000000085
:1060300080B582B001908DF80310019808B9FFE790
:1060400024E09DF80300FEF7E3FC8DF803000198BF
:106050009DF80310012202F0CFFE01980078172866
:1060600001D1FFE712E00199012048730199002056
:1060700088739DF803200921012A08BF0521019A90
:10608000D173019948700199C872FFE702B080BDD1
:1060900080B584B003908DF80B10039808B9FFE722
:1060A00057E09DF80B00FEF7B3FC8DF80B0003984A
:1060B000807820B9FFE7039901208870FFE70398F3
:1060C0009DF80B10F0F71CFDD8B9FFE7039948794C
:1060D00040F008004871039900200190C8700399AE
:1060E0000873039908720399487203998872039898
:1060F000EDF7EAFF019803990871039917200870DA
:1061000027E0039880799DF80B10884211D0FFE7B3
:106110009DF80B000399887103990020087003997A
:1061200008710399C870039908730398EDF7CCFFC1
:10613000FFE79DF80B000399C871039900200872CE
:10614000039948720399012088720398EDF7BCFF08
:10615000FFE704B080BD000080B582B001908DF8EB
:10616000031001989DF80310002202F045FE02B0D2
:1061700080BD00000000000080B582B00190019851
:106180000021FFF7E9FF02B080BD00000000000021
:1061900082B001908DF80310019808B9FFE70CE078
:1061A0000198807820B9FFE7019901208870FFE706
:1061B0009DF8030001994874FFE702B070470000A2
:1061C00080B58AB08DF827000891089808B9FFE7D4
:1061D00056E09DF82700B8B9FFE7089945F230204E
:1061E000C2F2004005F0B4FC45F28010C2F200405B
:1061F000007840B9FFE7089945F28010C2F20040EC
:1062000005F0A6FCFFE73BE09DF82700012818D128
:10621000FFE7089944F6A860C2F2000005F098FC78
:1062200045F28010C2F200400078012808D1FFE753
:10623000089945F28010C2F2004005F089FCFFE7A2
:106240001DE00020079006900590049003900290B6
:1062500045F23020C2F2004002A9019105F078FC1D
:10626000019944F6A860C2F2000005F071FC0199A2
:1062700045F28010C2F2004005F06AFCFFE7FFE73C
:106280000AB080BD0000000080B586B005908DF892
:1062900013108DF812208DF81130059808B9FFE71A
:1062A00059E09DF8130060B9FFE7059800F058F831
:1062B0009DF81200059948759DF81100059988759B
:1062C00049E00598807848B9FFE705990120887072
:1062D00005990020087005994871FFE79DF8121094
:1062E0000020029039B1FFE70598407DB0FA80F0B8
:1062F00040090290FFE7029800F001008DF81000BD
:106300009DF811100020019039B1FFE70598807DBC
:10631000B0FA80F040090190FFE7019800F0010019
:106320008DF80F009DF8100020B1FFE70598FFF7EA
:1063300023FFFFE79DF80F0020B1FFE70598FFF767
:1063400047FEFFE79DF81200059948759DF811007A
:1063500005998875FFE706B080BD000000000000C9
:1063600080B586B00590059808B9FFE743E0059829
:10637000007C8DF8030000208DF80200FFE79DF8F7
:106380000200032810D8FFE705989DF8022000EBD3
:106390008200C06A01A941F82200FFE79DF80200CF
:1063A00001308DF80200EAE70598FFF7BDFD9DF882
:1063B000030000B3FFE700208DF80200FFE79DF81F
:1063C0000200032810D8FFE79DF8022001A850F82A
:1063D0002200059901EB8201C862FFE79DF80200E7
:1063E00001308DF80200EAE705990120087405984C
:1063F0000EF0E2F9FFE706B080BD000000000000EB
:1064000082B08DF806009DF80610A1F10A000091F7
:10641000032805D3FFE700981438022804D8FFE7C3
:1064200001208DF8070003E000208DF80700FFE74A
:106430009DF8070002B0704780B592B0119010919E
:106440000F92119808B9FFE7CEE20F9811990862F0
:1064500011980EF0B1F91198807808B9FFE7C3E2FE
:10646000FFF702FB78BBFFE71199487940F0020083
:106470004871119900200C90C870119908711199F8
:10648000087211994872119988721198EDF71CFEE3
:106490000C9811990873119948741198007D58B19E
:1064A000FFE7109820B1FFE7109801F07DFBFFE7B0
:1064B000119900200875FFE711990020C8741199FF
:1064C0001720087090E21198407C8DF836001199E1
:1064D000002048749DF8360040B1FFE711981099EC
:1064E0009DF836200F9BECF70BFD7DE21198C07CE8
:1064F000002841D0FFE711990020087211994872D5
:106500001199C8720F991198C269891A0B91807CF0
:1065100006F0FAF901460B9888421DD9FFE7119958
:10652000487940F0010048711198007D58B1FFE7AB
:10653000109820B1FFE7109801F036FBFFE71199A2
:1065400000200875FFE711990020C874119908719F
:1065500011991720087047E21198109906F074F904
:1065600048B1FFE711990020C87411990875119975
:1065700001200871FFE737E21198007A8DF83A00A0
:106580001198407A8DF839001198807A8DF838008A
:106590001198C07A8DF8370011990020087211996E
:1065A0004872119988721199C8729DF837000028B5
:1065B00054D0FFE71198807B98B3FFE711980079DA
:1065C00078B3FFE71198007816282AD0FFE71198D2
:1065D0000078172825D0FFE7119840788DF835000E
:1065E0009DF8350028B9FFE7119800788DF835003F
:1065F000FFE71198EDF768FD11990120C870119916
:106600000020087311980A90109909919DF835108F
:10661000FEF78AF9099902460A980F9BECF730FABF
:1066200014E01199487940F0080048711199002050
:106630000890C870119908731198EDF745FD0898F6
:1066400011990871119917200870FFE700208DF843
:106650003A008DF839008DF83800FFE79DF83800D2
:10666000E0B3FFE711990020C87011990120087369
:106670001198007848B1FFE711980078162804D0E7
:10668000FFE711980079A8B1FFE711988079FEF72C
:10669000BFF938B9FFE7119810990F9B1A22ECF750
:1066A000EFF906E0119810990F9B1B22ECF7E8F91F
:1066B000FFE70DE01199487940F008004871119901
:1066C0000020087311990871119917200870FFE7CD
:1066D00000208DF83A008DF83900FFE79DF8390069
:1066E000002842D0FFE711980078172804D1FFE76F
:1066F00011990020C87034E011990120C8701198D8
:10670000007828B1FFE711980078162815D1FFE727
:1067100011988079FEF77CF938B9FFE71198109944
:106720000F9B1A22ECF7ACF906E0119810990F9B19
:106730001B22ECF7A5F9FFE712E01198007970B180
:10674000FFE711980790109906910178FEF7ECF891
:106750000699024607980F9BECF792F9FFE7FFE7CF
:10676000FFE700208DF83A00FFE79DF83A0040B3BC
:10677000FFE711990020C8701198007838B9FFE739
:10678000119810990F9B1822ECF77AF918E01198DC
:106790000078162813D0FFE71198007817280ED03C
:1067A000FFE711980590109904910178FEF7BCF865
:1067B0000499024605980F9BECF762F9FFE7FFE7A3
:1067C000FFE71198007870B1FFE71198007816285C
:1067D00009D0FFE711980078172804D0FFE7119837
:1067E000007908B1FFE7FFE0119800781A2825D159
:1067F000FFE711980F990DF07BFFF8B1FFE71199B2
:10680000487940F0010048711198007D58B1FFE7C8
:10681000109820B1FFE7109801F0C6F9FFE7119931
:1068200000200875FFE711990020C87011990873BE
:1068300011990871119917200870D5E01198007806
:106840001B2825D1FFE711980F99EFF701FCF8B14C
:10685000FFE71199487940F0010048711198007DD7
:1068600058B1FFE7109820B1FFE7109801F09CF9AC
:10687000FFE7119900200875FFE711990020C87003
:106880001199087311990871119917200870ABE0DC
:106890001198017805F0C0F898B3FFE70F991198A7
:1068A000C269891A0391017805F0B6F80146039888
:1068B000884225D9FFE71199487940F001004871D5
:1068C0001198017805F0FCF878B1FFE71198007D88
:1068D00058B1FFE7109820B1FFE7109801F064F974
:1068E000FFE7119900200875FFE711990020C87093
:1068F000119908731199087111991720087073E0A4
:10690000FFE711981099EDF75BFE8DF83B009DF8BD
:106910003B0008B9FFE767E01198017805F0D0F86F
:1069200078B1FFE71198007D58B1FFE7109820B1CA
:10693000FFE7109801F038F9FFE71199002008757A
:10694000FFE71198007BB0B1FFE7119800781B2892
:1069500007D1FFE7119810990F9B1C22ECF790F8D4
:1069600008E01199002008731199C870119901204D
:106970000871FFE738E01198C07810B3FFE711986D
:10698000017804F08DFF70B1FFE711990020C87005
:1069900011994873119901208873119A11785170D7
:1069A0001199087120E011980290109901910178D5
:1069B000FDF7BAFF0199024602980F9BECF760F8C9
:1069C00012E011980178FDF7AFFF162808D1FFE714
:1069D000109828B1FFE71098012100F0C9FFFFE7E8
:1069E000119901200871FFE712B080BD000000007E
:1069F00080B5ADF50C7D8B908A918DF827228B9810
:106A000045F23022C2F20042009200215DAB0193B8
:106A1000ECF71EFC8A9844F6A862C2F200020292C9
:106A2000012131AB0393ECF713FC00980199B022DC
:106A30000492E9F7B2FD02980399049AE9F7ADFDD3
:106A40009DF82702012806D1FFE705A831A9B02249
:106A5000E9F7A3FD14E09DF8270230B9FFE705A888
:106A60005DA9B022E9F799FD09E045F28012C2F272
:106A700000420020022105ABECF7EAFBFFE7FFE74D
:106A800045F28010C2F2004005A9B022E9F785FD69
:106A90000DF50C7D80BD000080B5B8B000202890B9
:106AA000279026902590249002208DF8360045F2FC
:106AB0008041C2F2004191ED000AB8EE400A9FED1C
:106AC000EA1A20EE010A8DED370A086845F2F40251
:106AD000C2F20002069210600868013008600EA839
:106AE000FBF7E2FE0699119829909DF87C008DF83D
:106AF0003700299808669DF8370048719DF83700DF
:106B000088B1FFE79DED290A45F26C30C2F20040E2
:106B100001F02AF99DED290A44F6E470C2F2000062
:106B200001F022F9FFE700208DF8AB00FFE79DF8A8
:106B3000AB0003282BDCFFE79DF8AB20C2EBC201C2
:106B400045F24070C2F2004000EB8100C1682CA801
:106B500040F822109DF8AB2050F8220045F2F401D5
:106B6000C2F2000101EB820290609DF8AB2045F279
:106B70006410C2F2000050F8220001EB820188612B
:106B8000FFE79DF8AB0001308DF8AB00CFE745F291
:106B90007C40C2F200400078002800F0D580FFE77A
:106BA00000208DF8AB00FFE79DF8AB0003282FDC39
:106BB000FFE79DF8AB202CA850F8220045F26411A5
:106BC000C2F2000151F82210401A2B902B98EFF7D7
:106BD00073FB9DF8AB1033A800EB810181ED000A37
:106BE0002B9A9DF8AB3045F2F401C2F2000101EBA3
:106BF00083039A629DF8AB2050F8220001EB8201DA
:106C00008863FFE79DF8AB0001308DF8AB00CBE760
:106C100033980C9034980B9035980A9036980990D8
:106C20009DED0C0A9DED0B1A30EE410A9DED0A1AFE
:106C300030EE410A9DED091A30EE010AB5EE001A58
:106C400020EE010A8DED320A9DED0C0AB1EE400AEC
:106C50009DED0B2A30EE420A9DED0A2A30EE020A23
:106C60009DED092A30EE020A20EE010A8DED310A6F
:106C70009DED0C0A9DED0B2A30EE020A9DED0A2ACD
:106C800030EE020A9DED092A30EE020A20EE410A9A
:106C900040F28C00C2F2004090ED011A90ED022A01
:106CA00031EE021A80EE010A8DED300A9DED320AB6
:106CB0009FEDD51A20EE010A8DED280A9DED310ACF
:106CC00020EE010A8DED270A9DED300A20EE010A23
:106CD0008DED240A329845F2F401C2F20001886475
:106CE0003198C864309808652498C8659DED320ACB
:106CF000DDED310A9DED301A45F26C30C2F20040F4
:106D000000F0E2FF9DED320ADDED310A9DED301A13
:106D100044F6E470C2F2000000F0D6FF9DF83700A0
:106D200088B1FFE79DED290A45F26C30C2F20040C0
:106D300001F01AF89DED290A44F6E470C2F2000051
:106D400001F012F8FFE730E045F27C41C2F2004169
:106D50000120087000208DF8AB00FFE79DF8AB0024
:106D6000032816DCFFE79DF8AB0045F2F401C2F200
:106D7000000101EB8002002090629DF8AB2001EB46
:106D800082018863FFE79DF8AB0001308DF8AB000E
:106D9000E4E745F2F401C2F2000100208864C8640F
:106DA000086548658865C865FFE745F27C40C2F222
:106DB0000040007845F2F401C2F2000108710020A1
:106DC0008DF8AB00FFE79DF8AB00032812DCFFE76E
:106DD0009DF8AB202CA850F8220045F26411C2F2B5
:106DE000000141F82200FFE79DF8AB0001308DF86B
:106DF000AB00E8E70BF0F8FF09F052F945F28040EC
:106E0000C2F200400490016844F6E470C2F200004F
:106E1000059001F06DFB9DED370A45F26C30C2F232
:106E20000040039000F010FF05989DED370A00F038
:106E30000BFF03990498026844F65870C2F20000F0
:106E4000FFF7FAFA04980599026845F2E020C2F2C9
:106E50000040FFF7F1FA40F20800C2F2004000786B
:106E6000012832D102E000BF6F12833A45F26C3044
:106E7000C2F200400290D0F8FC10D0F80031D0F8F7
:106E800004C1D0F808E146F69832C2F20002C2F816
:106E90000CE0C2F808C053601160D0F8F010D0F8D0
:106EA000F430D0F8F8C04AF23422C2F20042C2F8FC
:106EB00008C053601160239045F2F401C2F2000152
:106EC000002088718DF8360046E044F23050C2F25E
:106ED0000000007801282FD1FFE744F6E470C2F2E9
:106EE00000000190D0F8FC10D0F80031D0F804C1B7
:106EF000D0F808E146F69832C2F20002C2F80CE07F
:106F0000C2F808C053601160D0F8F010D0F8F43027
:106F1000D0F8F8C04AF23422C2F20042C2F808C0E7
:106F200053601160239045F2F401C2F20001012088
:106F300088718DF836000EE045F26C30C2F20040E8
:106F4000239045F2F401C2F2000100208871022072
:106F50008DF83600FFE7FFE79DF8362044F65870BD
:106F6000C2F2000045F2E021C2F20041FFF740FD0D
:106F70002398C06945F2F401C2F20001009148660D
:106F80002398006A88662398406AC866239890ED23
:106F9000090A10F0FFFB8DED080A239890ED090A0D
:106FA00010F0D2FF00998DED070A9DED281A9DED96
:106FB000082A9DED270A9DED073A20EE030A91EE7F
:106FC000020A8DED260A9DED281A9DED072A9DEDFA
:106FD000270A9DED083A20EE030AA1EE020A8DED84
:106FE000250A2698486525988865239890ED070A14
:106FF000D0ED080A9DED261ADDED251A9DED242A17
:10700000FBF72AFD38B080BD00007A440000000084
:1070100080B584B00190019808B9FFE715E0EFF35F
:107020001080029002980090EFF3108072B60390E7
:10703000019840F27801C2F20001D822E9F7ADFAD6
:10704000009810B9FFE762B6FFE704B080BD00000A
:1070500080B584B046F2E400C2F20040007808B186
:10706000FFE71EE0FCF7B4F9002002900121039134
:10707000FCF776FD039802210191FCF771FD019860
:107080000321FCF76DFD029A1046114600F01CF832
:10709000039846F2E401C2F20041087000F02CF8B7
:1070A000FFE704B080BD000080B546F2E400C2F204
:1070B0000040007818B9FFE7FFF7CAFFFFE7FCF7C9
:1070C0003BFC00F019F880BD80B584B003900291BC
:1070D000019203990020FCF767FD02990120FCF75B
:1070E00063FD01990220FCF75FFD00F005F804B094
:1070F00080BD00000000000080B5BEB006A8029070
:10710000D821E9F79EFA029800F1240100200390AB
:10711000FCF7F2F8029800F160010120FCF7ECF8AE
:10712000029800F19C010220FCF7E6F803980F9901
:1071300006911E9907912D990891109909911F990F
:107140000A912E990B919DF86F108DF830109DF8D3
:10715000AB108DF831109DF8E7108DF832109DF8C6
:1071600070108DF833109DF8AC108DF834109DF828
:10717000E8108DF835109DF83010049069B1FFE7E4
:107180009DF831100020049039B1FFE79DF83200DE
:10719000002818BF01200490FFE7049800F00100C8
:1071A0008DF836009DF833100020019069B1FFE79B
:1071B0009DF834100020019039B1FFE79DF83500AB
:1071C000002818BF01200190FFE7019800F001009E
:1071D0008DF83700F4F7F8FA0E90EFF310803C903A
:1071E0003C980590EFF3108072B63D9040F2780025
:1071F000C2F2000006A9D822E9F7CFF9059810B924
:10720000FFE762B6FFE73EB080BD0000000000006F
:1072100084B08DED020ACDED010A8DED001A9DEDD1
:10722000020A9DED011AB4EE410AF1EE10FA03DAFA
:10723000FFE7019803900FE09DED020A9DED001A13
:10724000B4EE410AF1EE10FA03DDFFE70098039077
:1072500002E002980390FFE79DED030A04B0704737
:1072600080B582B00190019808B9FFE704E0019869
:10727000017800F005F8FFE702B080BD00000000D3
:1072800080B582B001908DF80310019830B1FFE70E
:107290009DF8030000F0DCF808B9FFE739E09DF83D
:1072A000030000F065F980B1FFE7019890ED340A22
:1072B0000FF0AAFD019880ED340A0199012081F8B0
:1072C000DD00019981F8DC0023E0019890F8DC00F2
:1072D00028B1FFE7019890F8DD0048B1FFE7019879
:1072E00090ED090A0FF090FD019880ED360AFFE756
:1072F000019890ED350A0FF087FD019880ED350A71
:107300000199002081F8DD000199012081F8DC005D
:10731000FFE702B080BD000080B582B00090009809
:1073200018B9FFE7002001901CE00098FFF798FFD4
:107330000098007800F01CF960B9FFE7009890ED24
:10734000351A90ED360A30EE010A0FF05DFD8DED35
:10735000010A07E0009890ED340A0FF055FD8DED1D
:10736000010AFFE79DED010A02B080BD00000000A8
:1073700082B00090009820B9FFE700208DF8070048
:1073800004E0009840788DF80700FFE79DF80700BB
:1073900002B070470000000080B584B003900291F5
:1073A0008DED010A039808B9FFE74BE003984FF40D
:1073B0008871E9F746F9039900200870039948702D
:1073C00002980399C1F8EC000399012081F80C019F
:1073D000039828309DED011ADFED1B0AB0EE600A1C
:1073E0000EF0A2FF03983C309DED011AF0EE000A6A
:1073F000B0EE600A0EF098FF039850309DED011A30
:10740000B1EE080AF3EE040A0EF08EFF03994FF076
:107410008040C1F8E0000399C1F8E400039900201E
:10742000C4F22010C1F8E80003990020C4F2400023
:10743000C1F8B400039946F26660C3F6E670C1F87D
:10744000B800FFE704B080BD9A99993F00000000A2
:1074500081B08DF803009DF803100120884301B02E
:10746000704700000000000081B08DF803009DF817
:1074700003100120884301B07047000000000000A5
:1074800081B08DF803009DF803100120884301B0FE
:10749000704700000000000081B08DF803009DF8E7
:1074A00003100120884301B0704700000000000075
:1074B00081B08DF803009DF8031000200329C8BF98
:1074C000012001B07047000081B08DF803009DF8E5
:1074D000031000200329C8BF012001B0704700003D
:1074E00081B08DF803009DF8031000200329C8BF68
:1074F000012001B07047000081B08DF803009DF8B5
:10750000031000200429B8BF012001B0704700001B
:1075100081B08DF803009DF8031000200429B8BF46
:10752000012001B07047000081B08DF803009DF884
:10753000031000200429B8BF012001B070470000EB
:1075400081B08DF803009DF8031000200429B8BF16
:10755000012001B07047000081B08DF803009DF854
:10756000031000200429B8BF012001B070470000BB
:1075700082B08DF807009DF80710012002290090C5
:1075800016D0FFE79DF807100120032900900FD0C7
:10759000FFE79DF8071001200629009008D0FFE7BB
:1075A0009DF807000738B0FA80F040090090FFE727
:1075B000009800F0010002B07047000000000000D9
:1075C00082B08DF807009DF8071001200229009075
:1075D00016D0FFE79DF807100120032900900FD077
:1075E000FFE79DF8071001200629009008D0FFE76B
:1075F0009DF807000738B0FA80F040090090FFE7D7
:10760000009800F0010002B0704700000000000088
:1076100082B08DF807009DF8071001200229009024
:1076200016D0FFE79DF807100120032900900FD026
:10763000FFE79DF8071001200629009008D0FFE71A
:107640009DF807000738B0FA80F040090090FFE786
:10765000009800F0010002B0704700000000000038
:1076600082B08DF807009DF80710012002290090D4
:1076700016D0FFE79DF807100120032900900FD0D6
:10768000FFE79DF8071001200629009008D0FFE7CA
:107690009DF807000738B0FA80F040090090FFE736
:1076A000009800F0010002B07047000000000000E8
:1076B00080B586B0059004918DED030A059858B108
:1076C000FFE7049840B1FFE79DED030AB5EE400ADD
:1076D000F1EE10FA01DCFFE732E0059890ED001AB8
:1076E000049890ED000A20EE000AA1EE010A10F0C5
:1076F000F3FC8DED020A9DED020A9DED031AB4EE36
:10770000410AF1EE10FA1BDDFFE79DED030A9DED46
:10771000021A80EE010A8DED010A9DED011A05980D
:1077200090ED000A20EE010A80ED000A9DED011A9D
:10773000049890ED000A20EE010A80ED000AFFE7B0
:1077400006B080BD0000000081B00090009808B92C
:10775000FFE704E00099002081F80C01FFE701B089
:10776000704700000000000080B588B006908DEDE5
:10777000050ACDED040A8DED031A069820B9FFE73E
:10778000FF208DF81F00EAE006984078012804D118
:10779000FFE7FF208DF81F00E1E006980078FFF773
:1077A00093FE20B9FFE7FF208DF81F00D7E0069871
:1077B0000078FFF7DDFE28B1FFE70699012081F888
:1077C000BC0004E00699002081F8BC00FFE70699A0
:1077D00001F164009DED050AD1ED380A91ED391AE9
:1077E000D1ED3A1A02F000FC069901F178009DED06
:1077F000040AD1ED380A91ED391AD1ED3A1A02F0A6
:10780000F3FB06980078FFF723FE88B1FFE70698A0
:10781000FFF726FD069901F18C00D1ED380A91EDB4
:10782000391AD1ED3A1A9FED500A02F0DDFB11E052
:107830000699002081F8DC00069901F18C009DED8D
:10784000030AD1ED380A91ED391AD1ED3A1A02F056
:10785000CBFBFFE70698806E0290069890ED1F0A1A
:107860009DED021AB4EE410AF1EE10FA04DDFFE7D5
:107870000698C06F0290FFE7069890ED240A9DEDF0
:10788000021AB4EE410AF1EE10FA05DDFFE70698A0
:10789000D0F890000290FFE79DED020A9FED331AA9
:1078A000B4EE410AF1EE10FA20DAFFE70699022061
:1078B0004870069900200190C1F8A0000699C1F80F
:1078C000F0000699C1F8F4000699C1F8F80006998D
:1078D000C1F8FC000699C1F800010699C1F804013D
:1078E0000699C1F808018DF81F0038E00298069942
:1078F000886602980699C86702980699C1F89000B0
:1079000002980699C1F8A00006990020C1F8A400C9
:10791000069AD169C2F8A810069A116AC2F8AC108A
:10792000069A516AC2F8B0100599069A1161049935
:10793000069A51610399069A91610699C1F8F0007F
:107940000699C1F8F4000699C1F8F800069A0121D9
:107950005170069981F80C018DF81F00FFE79DF921
:107960001F0008B080BD00BF000000006F12833A06
:1079700080B584B003908DF80B10039808B9FFE729
:107980005DE0039800788DF80A009DF80A00FFF783
:107990005FFD8DF809009DF80B00FFF759FD8DF88C
:1079A00008009DF80A00FFF7E3FD00909DF80B002A
:1079B000FFF7DEFD01460098401A18BF01208DF840
:1079C000070003980078FFF77FFD50B1FFE79DF8AF
:1079D0000B00FFF79DFD20B1FFE7039900204870E1
:1079E000FFE79DF80B00039908709DF80800F0B1BF
:1079F000FFE79DF8090020B1FFE79DF8070080B17F
:107A0000FFE70399002081F8DC009DF80B00FFF7E9
:107A1000AFFD28B9FFE703990020C1F8D400FFE7C4
:107A2000FFE703989DF80B10FFF72AFC04E0039989
:107A3000002081F8DC00FFE7ECF74EFAFFE704B026
:107A400080BD00000000000080B582B001908DED87
:107A5000000A019808B9FFE722E0019890F8DC00DD
:107A600028B1FFE7019890F8DD0048B1FFE70198E1
:107A700090ED090A0FF0C8F9019880ED360AFFE78A
:107A80009DED000A0FF0C0F9019880ED350A0199CB
:107A9000002081F8DD000199012081F8DC00FFE77A
:107AA00002B080BD0000000080B584B003908DED71
:107AB000020ACDED010A8DED001A039808B9FFE71F
:107AC0004EE0039890ED380A02A801A9FFF7F0FDF7
:107AD0009DED000ADFED230A9FED231AFFF798FBC7
:107AE0008DED000A02980399486001980399886017
:107AF00000980399C860039828309DED020A0EF0A3
:107B00002BFC03983C309DED010A0EF025FC0398F8
:107B10000078FFF79DFC50B1FFE70398FFF7A0FB4B
:107B2000039850309FED110A0EF016FC0AE00399FD
:107B3000002081F8DC00039850309DED000A0EF023
:107B40000BFCFFE70399002081F80C0103980078F3
:107B5000FFF7BAFC20B1FFE7039900204870FFE768
:107B600004B080BD7BD920BF7BD9203F000000003E
:107B700080B582B001908DED000A019808B9FFE749
:107B80000EE09DED000A0FF03FF9019880ED340AF8
:107B90000199012081F8DD00019981F8DC00FFE7FF
:107BA00002B080BD0000000080B584B0039003984F
:107BB00008B9FFE741E00399012081F80C0103991E
:107BC00000200290487003994860039988600399E7
:107BD000C860039981F8DC00039828309FED180AEB
:107BE0008DED010A0EF0B8FB9DED010A03983C30C3
:107BF0000EF0B2FB9DED010A039850300EF0ACFB85
:107C000002980399C8620399086403994865039927
:107C1000C1F8F0000399C1F8F4000399C1F8F80025
:107C20000399C1F8FC000399C1F800010399C1F858
:107C300004010399C1F80801FFE704B080BD00BF4B
:107C4000000000000000000080B582B001908DEDC2
:107C5000000A019808B9FFE733E0019890F80C0199
:107C600008B1FFE716E001980078FFF751FC20B15A
:107C7000FFE7019800F014FB23E001980078FFF77C
:107C800023FC30B1FFE701989DED000A00F07CF87D
:107C900017E0FFE701990020C1F8F0000199C1F851
:107CA000F4000199C1F8F8000199C1F8FC000199AC
:107CB000C1F800010199C1F804010199C1F8080156
:107CC000FFE702B080BD000080B586B005908DED65
:107CD000040ACDED030A8DED021A059808B9FFE7F5
:107CE0003DE0059890ED090A0FF054FD8DED010A75
:107CF000059890ED090A10F027F98DED000A9DED29
:107D0000040A9DED012A9DED031A9DED003A21EE36
:107D1000031A90EE021A059890ED070A30EE010A58
:107D200080ED070A9DED040A9DED002A9DED031AE2
:107D30009DED013A21EE031AA0EE021A059890ED8E
:107D4000080A30EE010A80ED080A9DED021A059836
:107D500090ED090A30EE010A80ED090AFFE706B04E
:107D600080BD00000000000082B001908DED000A8F
:107D7000019808B9FFE703E0009801994862FFE71E
:107D800002B070470000000080B5A4B023908DEDD4
:107D9000220A23984078012801D0FFE75DE223986A
:107DA00090ED290AB5EE400AF1EE10FA05D1FFE791
:107DB00022982399C1F8A400FFE79DED220A239899
:107DC00090ED291A30EE410A8DED210A9DED210A30
:107DD000B5EE400AF1EE10FA03DAFFE70020219039
:107DE000FFE7239890ED280A9FEDDE1AB4EE410AD2
:107DF000F1EE10FA0ADDFFE79DED210A239890EDE0
:107E0000281A80EE010A8DED070A04E0B7EE000A99
:107E10008DED070AFFE79DED070A8DED200A9DED28
:107E2000200AB7EE001AB4EE410AF1EE10FA05DDB1
:107E3000FFE7B7EE000A8DED060A04E09DED200A8B
:107E40008DED060AFFE79DED060A8DED100A9DED0A
:107E5000200AB7EE001A0020B4EE410AF1EE10FA43
:107E6000A8BF01208DF83F00239864309DED100AD3
:107E700001F0EEFF8DED1F0A239878309DED100A7A
:107E800001F0E6FF8DED1E0A23988C309DED100A5F
:107E900001F0DEFF8DED1D0A9DF83F0028B1FFE7E0
:107EA0009FEDB10A8DED050A08E0239864309DED41
:107EB000100A02F035F88DED050AFFE79DED050A81
:107EC0008DED1C0A9DF83F0028B1FFE79FEDA60A43
:107ED0008DED040A08E0239878309DED100A02F039
:107EE0001FF88DED040AFFE79DED040A8DED1B0AD6
:107EF0009DF83F0028B1FFE79FED9B0A8DED030A37
:107F000008E023988C309DED100A02F009F88DED01
:107F1000030AFFE79DED030A8DED1A0A239890ED01
:107F2000070A90ED2A1A30EE410A8DED190A2398BE
:107F300090ED080A90ED2B1A30EE410A8DED180AEB
:107F4000239890ED090A90ED2C1A30EE410A8DED40
:107F5000170A239890F8BC00002847D1FFE79DED51
:107F6000190ADDED180A239890ED2C1A0EA80DA918
:107F70000EF012FF9DED1F0A9DED0E1A30EE410A24
:107F80008DED160A9DED1E0A9DED0D1A30EE410A8B
:107F90008DED150A9DED1C0A239890ED2D1A9DED8F
:107FA000162AA1EE020A8DED130A9DED1B0A2398F5
:107FB00090ED2D1A9DED152AA1EE020A8DED120A03
:107FC00023980078FFF744FA78B9FFE79DED130A8C
:107FD000DDED120A9DED171A0CA80BA90EF0DCFEC0
:107FE0000C9813900B981290FFE735E09DED1F0A57
:107FF0009DED191A30EE410A8DED160A9DED1E0A0F
:108000009DED181A30EE410A8DED150A9DED1C0A02
:10801000239890ED2D1A9DED162AA1EE020A8DED02
:10802000130A9DED1B0A239890ED2D1A9DED152A3C
:10803000A1EE020A8DED120A9DED130ADDED120A82
:10804000239890ED091A0AA809A90EF0A5FE0A982E
:10805000139009981290FFE723980078FFF7F8F93A
:1080600068B1FFE72398FFF757F9239890ED091AB5
:1080700030EE410A0EF0C8FE8DED140A0AE09DEDC7
:108080001D0A9DED171A30EE410A0EF0BDFE8DED72
:10809000140AFFE79DED1A0A239890ED2E1A9DED24
:1080A000142AA1EE020A8DED110A239800780438F3
:1080B00001460291032842D80299DFE801F002123A
:1080C00021312398FFF728F99FED701A20EE010A5D
:1080D000EBF752FF9FED6E1A20EE010A8DED110AAB
:1080E00030E09DED110A9FED691A20EE010AEBF7D1
:1080F00003FF9FED671A20EE010A8DED110A21E0C2
:108100002398FFF709F99FED611A20EE010AEBF7BA
:1081100033FF9FED5F1A20EE010A8DED110A11E089
:108120009DED110A9FED591A20EE010AEBF7E4FECE
:108130009FED571A20EE010A8DED110A02E0002092
:108140001190FFE79DED200AB7EE001AB4EE410A48
:10815000F1EE10FA0ADDFFE7B7EE000A8DED010A35
:1081600009E000BF6F12833A000000009DED200A75
:108170008DED010AFFE79DED010A239880ED300A9D
:1081800016982399C1F8C40015982399C1F8C8001E
:1081900014982399C1F8CC009DED200AB7EE001A7F
:1081A000B4EE410AF1EE10FA35DBFFE79DED161A49
:1081B0009DED150A20EE000AA1EE010A0FF08CFFDA
:1081C0008DED080A9DED080A9FED321AB4EE410AC2
:1081D000F1EE10FA10DAFFE79DED140AB0EEC00AD6
:1081E0009FED2D1AB4EE410AF1EE10FA04DAFFE722
:1081F00023990220487030E09DED200AB0EE001A6D
:10820000B4EE410AF1EE10FA04DBFFE723990220F5
:10821000487022E0FFE7239890ED380A13A812A9CE
:10822000FFF746FA13982399C1F8F00012982399A2
:10823000C1F8F40011982399C1F8F8002398D0F8F8
:10824000EC0048B1FFE7239A02F1F000D2F8EC10FD
:10825000FC32FCF729FAFFE716E023990020C1F869
:10826000F0002399C1F8F4002399C1F8F80023998C
:10827000C1F8FC002399C1F800012399C1F8040159
:108280002399C1F80801FFE724B080BDE12E6542C3
:1082900039FA8E3C0AD7A33CCDCC4C3D00000000FF
:1082A00080B588B00790079828300EF061F88DED02
:1082B000060A07983C300EF05BF88DED050A07982A
:1082C00050300EF055F88DED040A07980078FFF74E
:1082D0004FF960B1FFE79DED060ADDED050A07984D
:1082E00090ED091A03A802A90EF056FD04E00698C5
:1082F000039005980290FFE70798007801460091E7
:10830000032842D80099DFE801F0021221310798D2
:10831000FFF702F89FED2C1A20EE010AEBF72CFE76
:108320009FED2A1A20EE010A8DED010A30E09DED45
:10833000040A9FED251A20EE010AEBF7DDFD9FED03
:10834000231A20EE010A8DED010A21E00798FEF7BD
:10835000E3FF9FED1D1A20EE010AEBF70DFE9FEDE6
:108360001B1A20EE010A8DED010A11E09DED040AB1
:108370009FED151A20EE010AEBF7BEFD9FED131AD3
:1083800020EE010A8DED010A02E000200190FFE7D6
:1083900003980799C1F8F00002980799C1F8F40012
:1083A00001980799C1F8F8000798D0F8EC0048B197
:1083B000FFE7079A02F1F000D2F8EC10FC32FCF76C
:1083C00073F9FFE708B080BDE12E654239FA8E3CB3
:1083D00080B582B00190019808B9FFE709E00198E3
:1083E00047F20811C2F2004104314822E8F7D5F8FB
:1083F000FFE702B080BD000080B582B047F20810F0
:10840000C2F2004001907421E8F71BF901990020A5
:1084100008710820887102B080BD000000000000D3
:1084200080B59CB01A908DF867101A9848B9FFE78C
:1084300000200390072105F0D3FB03988DF86F000F
:1084400051E004A8FAF730FA9DF8540040B9FFE76C
:108450001A98012105F0C4FB00208DF86F0042E05E
:1084600005F04AF940B9FFE71A98032105F0B8FB77
:1084700000208DF86F0036E09DF8670020B9FFE717
:1084800001208DF8670009E09DF86700042804D3F7
:10849000FFE703208DF86700FFE7FFE747F20810CA
:1084A000C2F2004001907421E8F7CBF80199012055
:1084B000029008701A9ACA6481F850000871082066
:1084C00088719DF8670008720020487291F850008A
:1084D000C8721A9805F054FB1A98FFF765FB0298CA
:1084E0008DF86F00FFE79DF86F001CB080BD0000A5
:1084F00080B59CB01B901A9147F20810C2F2004060
:10850000007840B1FFE747F20810C2F2004000795E
:10851000012801D0FFE7C6E01B9848B1FFE71B9890
:1085200047F20811C2F20041C96C884204D0FFE74B
:10853000022005F081F8B6E01A9947F20810C2F25D
:108540000040C16090F85000012805D1FFE71B985A
:108550001A9905F06DFBA6E005F046F819901998F8
:1085600020B9FFE7072005F067F89CE004A8029017
:10857000FAF79AF90299199805F07AF90299199877
:1085800005F0FAF808B9FFE78DE01A9847F20811EC
:10859000C2F200410191496D05F046F8014601988B
:1085A00003910399016190F85000022845D1FFE73B
:1085B00019980078FEF7B8FFE8B1FFE7039819991A
:1085C000C969884216D3FFE71B989FED381AB0EEB1
:1085D000410AF0EE410AFFF767FA1A9847F20811CC
:1085E000C2F200418865032081F8500091F85000E4
:1085F000C872FFE720E01B98FEF7BAFE02280DD1F3
:10860000FFE71A9847F20811C2F20041886503207B
:1086100081F8500091F85000C8720CE00398199945
:10862000096A01F6C411884204D9FFE7062005F063
:1086300003F8FFE7FFE7FFE71BE047F20810C2F28D
:10864000004090F85000032812D1FFE71A9847F233
:108650000811C2F20041896D04F0E6FFB0F5827F97
:1086600005D3FFE71B981A9904F072FDFFE7FFE7B7
:10867000FFE703981999096A884214D9FFE7199806
:108680000078FEF751FF68B1FFE747F20810C2F229
:10869000004090F85000022804D1FFE7062004F0C3
:1086A000CBFFFFE7FFE71CB080BD00BF000000006C
:1086B00080B547F20810C2F20040C06C40B1FFE73D
:1086C00047F20810C2F20040C06CFFF76DFAFFE7F6
:1086D00047F20810C2F200400021017080F85010EB
:1086E00004220271C172C06C05F04AFA80BD00001C
:1086F00080B584B0039002910192019A0092039890
:10870000029900F075F80099C043084404B080BD98
:1087100085B0DDF814C00390029101920093039894
:1087200060B1FFE7029848B1FFE7019830B1FFE779
:10873000059818B1FFE7009820B9FFE700208DF8F1
:1087400013001EE00298006803990968884204D16A
:10875000FFE700208DF8130013E0019802990968E3
:10876000405C0599087002980068421C0099B2FBB1
:10877000F1F000FB11200299086001208DF8130030
:10878000FFE79DF8130005B07047000000000000EF
:1087900087B084460798CDF814C0049103920293E1
:1087A0008DF8070005980068421C0299B2FBF1F0B1
:1087B00000FB11200090009804990968884204D1B8
:1087C000FFE700208DF81B000CE09DF807000399DF
:1087D000059A1268885400980599086001208DF860
:1087E0001B00FFE79DF81B0007B07047000000006A
:1087F00084B003900291019203980299884205D3B4
:10880000FFE703980299401A009006E00198029948
:10881000401A039908440090FFE7009804B070479D
:1088200080B586B00490039100208DF8070044F2D3
:108830002840C5F60200006800F00300032804D1B8
:10884000FFE701208DF81700CBE044F20041C5F6A8
:108850000201086820F080600860F2F7B5FF02901E
:10886000FFE744F20040C5F60200006800F0006136
:108870000020B0EBD16F0CD0FFE7F2F7A5FF029913
:10888000401A032804D3FFE703208DF81700A8E05F
:10889000E7E7FFE744F22841C5F60201086820F443
:1088A0007C30049A126840EA0230086004994868F3
:1088B000D1F808C0CB680A6901386FF35F204FF622
:1088C0000061CFF6FF7101EB4C2189B20844002111
:1088D000CFF6FF7101EB034101F4FE0108444FF0B4
:1088E0007F4101EB026101F0FE41084444F238414E
:1088F000C5F602010860FFE744F22C41C5F602010B
:108900000091086820F0C000049A52691043086082
:10891000086820F02000049A9269104308600868F3
:1089200020F01000086044F23C42C5F602021068D4
:108930004FF6F8739843049BDB6940EAC30010606C
:10894000086840F010000860039848B9FFE744F257
:108950002C41C5F60201086840F40020086016E0CA
:108960000398012809D1FFE744F22C41C5F6020122
:10897000086840F48010086008E044F22C41C5F615
:108980000201086840F400100860FFE7FFE744F2C6
:108990000041C5F60201086840F080600860F2F707
:1089A00013FF0290FFE744F20040C5F602000068A2
:1089B00000F000610020B0EBD16F0CD1FFE7F2F7BF
:1089C00003FF0299401A032804D3FFE703208DF820
:1089D000170006E0E7E7FFE79DF807008DF81700AE
:1089E000FFE79DF8170006B080BD00000000000002
:1089F00080B586B00490039100208DF8070044F202
:108A00002840C5F60200006800F00300032804D1E6
:108A1000FFE701208DF81700CBE044F20041C5F6D6
:108A20000201086820F080500860F2F7CDFE029045
:108A3000FFE744F20040C5F60200006800F0005174
:108A40000020B0EB517F0CD0FFE7F2F7BDFE02999A
:108A5000401A032804D3FFE703208DF81700A8E08D
:108A6000E7E7FFE744F22841C5F60201086820F075
:108A70007C70049A126840EA0250086004994868C1
:108A8000D1F808C0CB680A6901386FF35F204FF650
:108A90000061CFF6FF7101EB4C2189B2084400213F
:108AA000CFF6FF7101EB034101F4FE0108444FF0E2
:108AB0007F4101EB026101F0FE41084444F2404174
:108AC000C5F602010860FFE744F22C41C5F6020139
:108AD0000091086820F44060049A526910430860CD
:108AE000086820F40070049A9269104308600868CE
:108AF00020F48070086044F24442C5F60202106817
:108B00004FF6F8739843049BDB6940EAC30010609A
:108B1000086840F480700860039848B9FFE744F2A1
:108B20002C41C5F60201086840F48000086016E098
:108B30000398012809D1FFE744F22C41C5F6020150
:108B4000086840F40000086008E044F22C41C5F6D3
:108B50000201086840F080700860FFE7FFE744F218
:108B60000041C5F60201086840F080500860F2F745
:108B70002BFE0290FFE744F20040C5F602000068B9
:108B800000F000510020B0EB517F0CD1FFE7F2F76D
:108B90001BFE0299401A032804D3FFE703208DF837
:108BA000170006E0E7E7FFE79DF807008DF81700DC
:108BB000FFE79DF8170006B080BD00000000000030
:108BC00080B584B08DF80F0048F29810C2F20040D2
:108BD000007801460291072800F206810299DFE839
:108BE00001F0040D2D4B7E9BAADD9DF80F00A528FA
:108BF00003D1FFE70BF00CF9FFE7F8E09DF80F0059
:108C00005A280ED1FFE79DF80F000BF0B5F808B910
:108C1000FFE7ECE048F29811C2F200410220087030
:108C20000BE09DF80F00A52803D1FFE70BF0F0F84B
:108C300002E00BF0CDF8FFE7FFE7D8E09DF80F105A
:108C400046F66030C2F20000017000780730B0F5DF
:108C5000967F03D9FFE70BF0BBF8C8E09DF80F0043
:108C60000BF08AF808B9FFE7C1E048F29811C2F2A8
:108C7000004103200870BAE09DF80F000BF07CF86B
:108C800008B9FFE7B3E09DF80F0048F29411C2F273
:108C90000041087048F29610C2F2004001884AF282
:108CA0004820C2F20040084446F65C31C2F200019E
:108CB000086046F66030C2F20000007838B9FFE77D
:108CC00048F29811C2F200410520087006E048F20F
:108CD0009811C2F2004104200870FFE787E09DF878
:108CE0000F000BF049F808B9FFE780E048F2961052
:108CF000C2F200400088043846F66031C2F200013A
:108D00000978884207D3FFE748F29811C2F2004180
:108D100005200870FFE76AE09DF80F00000246F6A4
:108D20005A31C2F20001088048F29811C2F20041A3
:108D3000062008705BE09DF80F2046F65A31C2F21B
:108D40000001019108881043088048F29610C2F291
:108D5000004001884AF24820C2F20040EAF7F0FFE2
:108D600001460198ADF80C100088BDF80C1088423F
:108D700007D1FFE748F29811C2F2004107200870BE
:108D80000BE09DF80F00A52803D1FFE70BF040F89A
:108D900002E00BF01DF8FFE7FFE728E09DF80F0069
:108DA000FF2814D1FFE748F29410C2F20040007887
:108DB00046F65C31C2F20001096846F66032C2F242
:108DC00000021278ECF7F4F90BF002F80BE09DF8D2
:108DD0000F00A52803D1FFE70BF01AF802E00AF014
:108DE000F7FFFFE7FFE702E00AF0F2FFFFE704B05A
:108DF00080BD00000000000080B584B003908DF8B5
:108E00000B108DF80A20039808B9FFE75FE09DF882
:108E10000B00FBF7FDFD8DF80B000398807820B95F
:108E2000FFE7039901208870FFE703989DF80B1076
:108E3000EDF766FED8B9FFE70399487940F00800DE
:108E40004871039900200190C87003990873039931
:108E5000087203994872039988720398EBF734F902
:108E60000198039908710399172008702FE003985F
:108E700080799DF80B10884211D0FFE79DF80B0018
:108E80000399887103990020087003990871039968
:108E9000C870039908730398EBF716F9FFE79DF87C
:108EA0000B000399C8710399002008730399887215
:108EB0000398EBF709F99DF80A0020B1FFE7039941
:108EC0000120487203E0039901200872FFE704B013
:108ED00080BD00000000000070B5ADF5836D00207E
:108EE0000C908DF804048DF803048DF802048DF8BD
:108EF0000104FE9010900F900E9045F27410C2F293
:108F000000000D90F2F760FCFF90F2A80AF090FECE
:108F10001FA8F9F7C9FC46A8FEF77AF834A8FFF7AE
:108F200057FAE8F731FF1E900DF072FC44F2305012
:108F3000C2F20000007818B1FFE701200B900AE0B0
:108F400040F20800C2F200400078B0FA80F0400918
:108F500040000B90FFE70B988DF816049DF816045F
:108F60000138B0FA80F040098DF815049DF8160418
:108F700001280AD1FFE744F6E471C2F200019FA87C
:108F80004FF48872E7F709FB09E045F26C31C2F251
:108F900000419FA84FF48872E7F7FFFAFFE79DF8BA
:108FA0001604012809D1FFE745F2E021C2F2004191
:108FB0007CA88C22E7F7F1FA08E044F65871C2F277
:108FC00000017CA88C22E7F7E8FAFFE744F6EC52B0
:108FD000C2F200420992106851689368D2F80CC03E
:108FE000D2F810E05469E894CDF89CE3CDF898C32A
:108FF000E593E491E3909069D169136AD2F824C0B3
:10900000D2F828E0D46AEE94CDF8B4E3CDF8B0C33A
:10901000EB93EA91E990106B516B926BF192F091A6
:10902000EF909DF8150403F0E7FD8DF814049DF80A
:10903000150403F0CDFD8446DCF80000DCF80410D4
:10904000DCF80820DCF80C30DCF810C0CDF874C077
:109050001C931B921A9119909DF8150403F0A4FD1E
:109060008446DCF80000DCF80410DCF80820DCF8AA
:109070000C30DCF810C0CDF860C017931692159133
:1090800014900DF0F1FBF29900200A9051B1FFE726
:10909000FF98F299411A0020B1F5FA7F98BF01209C
:1090A0000A90FFE70A9800F001008DF81204EE998B
:1090B0000020089051B1FFE7FF98EE99411A002077
:1090C000B1F5FA7F98BF01200890FFE7089800F0FB
:1090D00001008DF8110400208DF810049DF816048D
:1090E000012808D1FFE79DF8120420B9FFE701200D
:1090F0008DF8100416E09DF8160440B9FFE79DF8BE
:10910000110420B9FFE701208DF8100409E09DF853
:109110001604022804D1FFE701208DF81004FFE7B0
:10912000FFE7FFE79DF8160401280BD1FFE740F2A7
:10913000C020C2F200400078002818BF01208DF83E
:10914000070411E09DF8160448B9FFE79DF8A8034D
:109150000138B0FA80F040098DF8070403E00020E0
:109160008DF80704FFE7FFE79DF87D020138B0FAAC
:1091700080F040098DF80E049DF80E140120079030
:1091800059BBFFE79DEDDB0AE7F7CEFA01209FED23
:10919000CF1AB4EE410AF1EE10FA07901DDCFFE79A
:1091A0009DEDDC0AE7F7C0FA01209FEDC81AB4EE86
:1091B000410AF1EE10FA07900FDCFFE79DEDDD0AA2
:1091C000E7F7B2FA9FEDC11A0020B4EE410AF1EEC2
:1091D00010FAC8BF01200790FFE7079800F00100D0
:1091E0008DF80F0445F62000C2F2004090ED030A0E
:1091F000B8EEC00A9FEDB61A20EE010A8DED110AF5
:1092000090ED0A0AB8EEC00A9FEDB21A20EE010AEC
:109210008DED120A90ED110AB8EEC00A20EE010A97
:109220008DED130A1E9838B3FFE71E9890F878006A
:1092300010B3FFE79DED110A1E9890ED1A1A30EE5B
:10924000410AE7F771FA8DED0E0A9DED120A1E989C
:1092500090ED1B1A30EE410AE7F766FA8DED0F0A22
:109260009DED130A1E9890ED1C1A30EE410AE7F7A7
:109270005BFA8DED100AFFE79DED0E0AB0EE001AC5
:10928000B4EE410AF1EE10FA16DCFFE79DED0F0A8D
:10929000B0EE001AB4EE410AF1EE10FA0CDCFFE772
:1092A0009DED100A0020B0EE001AB4EE410AF1EE76
:1092B00010FA069007DDFFE79DF80704002818BFA5
:1092C00001200690FFE7069800F001008DF80D04DC
:1092D0009DF8711001200129059008D0FFE79DF845
:1092E0005D000138B0FA80F040090590FFE705986D
:1092F00000F001008DF80C049DF871100120022986
:10930000049008D0FFE79DF85D000238B0FA80F0C5
:1093100040090490FFE7049800F001008DF80B0469
:109320007CA8FCF735FE8DF80A04839850B1FFE75E
:1093300083998498884205D3FFE783998498401ADB
:10934000FE90FFE745F24070C2F200400421FBF7B7
:109350007FFA8DF8090445F62000C2F2004003218F
:10936000FBF776FA8DF8080445F62470C2F2000087
:109370000621FBF76DFA8DF806049DF8D000013840
:10938000B0FA80F040098DF805049DED110ADDED7D
:10939000120A9DED131A9DF808140020022988BFB7
:1093A0000120E8F775FE40F22420C2F200000078A8
:1093B00038B1FFE79DF8040440F001008DF8040483
:1093C000FFE79DF8070438B1FFE79DF8040440F07B
:1093D00002008DF80404FFE744F22C30C2F20000D2
:1093E000007838B1FFE79DF8040440F004008DF8E0
:1093F0000404FFE79DF8F20138B1FFE79DF804048B
:1094000040F008008DF80404FFE79DF80F0438B120
:10941000FFE79DF8030440F001008DF80304FFE727
:109420009DF80E0438B1FFE79DF8030440F00200F8
:109430008DF80304FFE79DF80D0438B1FFE79DF8B0
:10944000030440F004008DF80304FFE79DF80C04CA
:1094500038B1FFE79DF8030440F008008DF80304DD
:10946000FFE79DF80A0438B1FFE79DF8030440F0D8
:1094700010008DF80304FFE79DF8050438B1FFE7FD
:109480009DF8030440F020008DF80304FFE79DF8E9
:10949000030438B1FFE79DF8030440F080008DF825
:1094A0000304FFE709F0B0FC8DF813049DF8C40332
:1094B00038B1FFE79DF8130440F008008DF813045D
:1094C000FFE79DF81304C00768B105E00AD7233C05
:1094D000402F81B974F7EF399DF8020440F0010084
:1094E0008DF80204FFE79DF813048007002807D5D4
:1094F000FFE79DF8020440F002008DF80204FFE748
:109500009DF813044007002807D5FFE79DF80204E3
:1095100040F004008DF80204FFE79DF8C00038B960
:10952000FFE79DF8020440F008008DF80204FFE711
:109530009DF8880338B1FFE79DF8020440F0100061
:109540008DF80204FFE71E9828B1FFE71E9890F8F7
:10955000790038B1FFE79DF8020440F020008DF853
:109560000204FFE79DF80B0438B1FFE79DF8020401
:1095700040F040008DF80204FFE79DF8100438B178
:10958000FFE79DF8020440F080008DF80204FFE739
:109590009DF8120438B1FFE79DF8010440F0010086
:1095A0008DF80104FFE79DF8110438B1FFE79DF83D
:1095B000010440F002008DF80104FFE79DF8C000AF
:1095C00038B1FFE79DF8010440F004008DF8010474
:1095D000FFE79DF80904042807DBFFE79DF8010475
:1095E00040F008008DF80104FFE79DF80804032807
:1095F00007D3FFE79DF8010440F010008DF8010447
:10960000FFE79DF80604062807D3FFE79DF801044D
:1096100040F020008DF80104FFE79DF8370138B1D4
:10962000FFE79DF8010440F040008DF80104FFE7DA
:10963000FF980D9908609DF816040D9908719DF822
:1096400004040D9948719DF803040D9988719DF8E3
:1096500002040D99C8719DF801040D9908729DF8D6
:1096600013040D9948729DF810040D998872F398AF
:109670000D99C860F2980D9908619DF8D0030D9975
:1096800008759DF8D1030D9948759DF8D2030D9981
:1096900088759DF812040D99C87500208DF817047F
:1096A000FFE79DF817040F280FD8FFE79DF8172450
:1096B000F2A81044807B0D9911440876FFE79DF8CD
:1096C000170401308DF81704EBE700208DF817041C
:1096D000FFE79DF81704032811D8FFE79DF817242A
:1096E000F2A800EB8200006A0D9901EB820188620A
:1096F000FFE79DF8170401308DF81704E9E7EC98AF
:109700000D998863EE980D99C863EF980D990864D8
:109710009DF8B4030D9981F844009DF8C4030D9998
:1097200081F845009DF811040D9981F846009DF8D7
:109730008C030D9981F84700E4980D998864E598A9
:109740000D99C864E6980D990865E7980D994865E4
:10975000E8980D998865E9980D99C8659DF8A80362
:109760000D9981F860009DF8A9030D9981F86100B9
:109770009DF8AA030D9981F862009DF8AB030D993D
:1097800081F863009DF8AC030D9981F864009DF8A1
:10979000AD030D9981F865009DF8AE030D9981F830
:1097A00066009DF8AF030D9981F8670040F2242010
:1097B000C2F2000000780D9981F868009DF87C02E3
:1097C0000D9981F869009DF87D020D9981F86A0074
:1097D0009DF888030D9981F86B009DF80F040D9991
:1097E00081F86C009DF809040D9981F86D00A0982E
:1097F0000D990867A1980D994867A2980D998867F7
:10980000A3980D99C867A4980D99C1F88000A598F0
:109810000D99C1F88400DB980D99C1F88800DC9897
:109820000D99C1F88C00DD980D99C1F89000A698AB
:109830000D99C1F89400A7980D99C1F89800A898BF
:109840000D99C1F89C001F980D99C1F8A0002098AF
:109850000D99C1F8A40022980D99C1F8A800239889
:109860000D99C1F8AC0024980D99C1F8B000259865
:109870000D99C1F8B400DE980D99C1F8B800DF98D1
:109880000D99C1F8BC00E0980D99C1F8C000E198AD
:109890000D99C1F8C400CF980D99C1F8C800D098AF
:1098A0000D99C1F8CC00D1980D99C1F8D000D2988B
:1098B0000D99C1F8D4009DF807040D9981F8D800DE
:1098C0001E9828B1FFE71E9890F87800039002E0F8
:1098D00000200390FFE703980D9981F8D9001E98A6
:1098E00028B1FFE71E9890F87900029002E003206B
:1098F0000290FFE702980D9981F8DA001E9828B1CE
:10990000FFE71E9890F87A00019002E00220019093
:10991000FFE701980D9981F8DB009DF80D040D9982
:1099200081F8DC009DF808040D9981F8DD009DF8B0
:10993000160428B1FFE79DF8160402280DD1FFE7B1
:10994000E7980D99C1F8E000E8980D99C1F8E40096
:10995000E9980D99C1F8E80016E09DF8D003232896
:1099600011D1FFE79DF8D20368B1FFE7FA980D998E
:10997000C1F8E000FB980D99C1F8E400FC980D993E
:10998000C1F8E800FFE7FFE71E98F8B1FFE71E986F
:10999000806A0D99C1F8EC001E98C06A0D99C1F853
:1099A000F0001E98006B0D99C1F8F4001E98806EAF
:1099B0000D99C1F8F8001E98C06E0D99C1F8FC0011
:1099C0001E98006F0D99C1F80001FFE700208DF887
:1099D0001704FFE79DF8170402281BD8FFE79DF83E
:1099E000172411A850F822000D9901EB8201C1F84B
:1099F00004019DF817240EA850F822000D9901EBE0
:109A00008201C1F81001FFE79DF8170401308DF8BD
:109A10001704DFE744F22C30C2F2000000780D9901
:109A200081F81C019DF816040D9981F81D019DF81F
:109A300014040D9981F81E019DF80C040D9981F80C
:109A40001F019DF80B040D9981F820019DF8640019
:109A50000D9981F821019DF871000D9981F822017D
:109A60009DF870000D9981F823011A980D99C1F89D
:109A700028011B980D99C1F82C019DF850000D99F3
:109A800081F824019DF85D000D9981F825019DF86C
:109A90005C000D9981F8260115980D99C1F83001E7
:109AA00016980D99C1F834019DF816040D9981F8A6
:109AB00038019DF8F2010D9981F839019DF8F00106
:109AC0000D9981F83A019DF8F3010D9981F83B0158
:109AD0009DF8F4010D9981F83C019DF8F5010D996F
:109AE00081F83D019DF8F6010D9981F83E019DF840
:109AF000F8010D9981F83F019DF8F9010D9981F860
:109B000040019DF801020D9981F841019DF8020282
:109B10000D9981F842019DF803020D9981F84301E6
:109B20009DF804020D9981F844019DF80A040D99ED
:109B300081F845019DF806040D9981F84601FE98CB
:109B40000D99C1F8480184980D99C1F84C01002085
:109B50008DF81704FFE79DF8170403281CD8FFE7CA
:109B60009DF817347CA800EB8301496E0D9A02EB37
:109B70008302C2F850119DF8172400EB8200C06CDC
:109B80000D9901EB8201C1F86001FFE79DF8170410
:109B900001308DF81704DEE700208DF81704FFE789
:109BA0009DF8170401281DD8FFE79DF817347CA8FD
:109BB00000EB8301D1F884100D9A02EB8302C2F806
:109BC00070119DF8172400EB8200C06D0D9901EB18
:109BD0008201C1F87801FFE79DF8170401308DF884
:109BE0001704DDE79DF830319DF831019DF83221F1
:109BF000002818BF01204000411C002B18BF084658
:109C0000011D002A18BF08460D9981F880019DF8B2
:109C100033319DF834019DF83521002818BF01200B
:109C20004000411C002B18BF0846011D002A18BF28
:109C300008460D9981F881019DF871319DF8AD01BB
:109C40009DF8E921002818BF01204000411C002B8D
:109C500018BF0846011D002A18BF08460D9981F853
:109C600082019DF836010D9981F883019DF8370135
:109C70000D9981F884010D99002081F885010D99D5
:109C800081F886010D9981F887014E990D9AC2F8E5
:109C9000881146990D9AC2F88C1147990D9AC2F80D
:109CA000901148990D9AC2F8941149990D9AC2F8E9
:109CB00098114A990D9AC2F89C114B990D9AC2F8C5
:109CC000A0118DF81704FFE79DF81704022851D85A
:109CD000FFE746A824309DF81734C3EB031100EBCF
:109CE000810189680D9A02EB8302C2F8A4119DF8E4
:109CF0001734C3EB031100EB810109690D9A02EBE4
:109D00008302C2F8B0119DF81734C3EB031100EBC6
:109D10008101096A0D9A02EB8302C2F8BC119DF819
:109D20001734C3EB031100EB8101496A0D9A02EB72
:109D30008302C2F8C8119DF81734C3EB031100EB7E
:109D40008101896A0D9A02EB8302C2F8D4119DF851
:109D50001724C2EB021100EB8100C06A0D9901EBE0
:109D60008201C1F8E001FFE79DF8170401308DF88A
:109D70001704A9E79DF8D0000D9981F8EC019DF832
:109D8000D1000D9981F8ED019DF8D2000D9981F86F
:109D9000EE019DF8D3000D9981F8EF019DF8D400F4
:109DA0000D9981F8F0019DF8D5000D9981F8F10128
:109DB0009DF8D6000D9981F8F2019DF8D7000D9914
:109DC00081F8F30136980D99C1F8F40137980D998F
:109DD000C1F8F80138980D99C1F8FC0139980D992E
:109DE000C1F800023A980D99C1F804023B980D9908
:109DF000C1F808023C980D99C1F80C023D980D99E4
:109E0000C1F810023E980D99C1F814023F980D99BF
:109E1000C1F8180240980D99C1F81C0241980D999B
:109E2000C1F8200242980D99C1F8240243980D9977
:109E3000C1F8280244980D99C1F82C0245980D9953
:109E4000C1F830020DF5836D70BD00000000000008
:109E500086B004908DED030A049818B9FFE700203E
:109E6000059057E09DED030AB5EE400AF1EE10FAB9
:109E700003DCFFE7002005904CE09DED030AB7EE00
:109E8000001AB4EE410AF1EE10FA04DBFFE7049881
:109E9000006805903EE003980290049890ED000A57
:109EA000B5EE400AF1EE10FA06DBFFE7049890EDFC
:109EB000000A8DED000A07E0049890ED000AB1EE6B
:109EC000400A8DED000AFFE79DED000A8DED010AC5
:109ED000049890ED020A9DED011A9DED024A21EED3
:109EE000041A21EE041A21EE041AB1EE082A24EE17
:109EF000023ABAEE0E2A24EE022AA3EE042AB2EEA9
:109F0000043A32EE032A21EE021A20EE010A8DED08
:109F1000050AFFE79DED050A06B070470000000046
:109F200086B004908DED030A049818B9FFE700206D
:109F3000059054E09DED030AB5EE400AF1EE10FAEB
:109F400003DCFFE70020059049E09DED030AB7EE32
:109F5000001AB4EE410AF1EE10FA03DBFFE700202D
:109F600005903CE003980290049890ED000AB5EE4D
:109F7000400AF1EE10FA06DBFFE7049890ED000AC4
:109F80008DED000A07E0049890ED000AB1EE400A5A
:109F90008DED000AFFE79DED000A8DED010A0498A2
:109FA00090ED012A90ED020A9DED011AB3EE0E3AF2
:109FB00021EE031A9DED024A21EE041A21EE041A45
:109FC000B7EE003A33EE443A21EE031A21EE031ABB
:109FD00081EE021A20EE010A8DED050AFFE79DEDE4
:109FE000050A06B07047000080B58EB00D908DED6B
:109FF0000C0ACDED0B0A8DED0A1ACDED091A0D985C
:10A0000008B9FFE7D9E09DED0C0AB0EEC00A8DED6E
:10A01000080A9DED080A9FED6A1AB4EE410AF1EEB6
:10A0200010FA0CDAFFE70D99002008600D9988609E
:10A030000D9948600D99C8600D990861BDE09DEDCE
:10A040000B0AB5EE400AF1EE10FA0DDDFFE79DEDCB
:10A05000080AB7EE0E1A20EE010A9DED0B1A80EEEB
:10A06000010A8DED030A04E09FED560A8DED030A07
:10A07000FFE79DED030A8DED070A9DED0A0AB5EE97
:10A08000400AF1EE10FA0FDDFFE79DED080A9FEDA3
:10A090004E1A20EE010A9DED0A1A80EE010A0EF01A
:10A0A0001BF88DED020A04E09FED460A8DED020AD1
:10A0B000FFE79DED020A8DED060A9DED090AB5EE5A
:10A0C000400AF1EE10FA11DDFFE79DED080A9FED61
:10A0D0003F1A20EE010A9DED091A80EE010ADFED1C
:10A0E0003C0A0DF0FFFB8DED010A04E09FED350AFF
:10A0F0008DED010AFFE79DED010A8DED050A079838
:10A1000004909DED060A9DED041AB4EE410AF1EEAD
:10A1100010FA03DDFFE706980490FFE79DED050ABE
:10A120009DED041AB4EE410AF1EE10FA03DDFFE7EB
:10A1300005980490FFE79DED040A9FED261AB4EE02
:10A14000410AF1EE10FA06DAFFE741F26F20C3F69A
:10A1500083200490FFE70C980D9908609DED0C2A70
:10A16000BFEE001AB7EE000AB5EE402AF1EE10FA83
:10A1700020FE010A0D9880ED020A04980D994860AE
:10A180009DED080AB7EE0E1A20EE010A9DED041AA5
:10A1900080EE010A0D9880ED030A9DED080A9FEDFF
:10A1A0000A1A20EE010A9DED041A21EE011A80EE32
:10A1B000010A0D9880ED040AFFE70EB080BD00BFD4
:10A1C000BD3786350000000083C0B84000007042F3
:10A1D000ABAAAA3E6F12833A000000000000000004
:10A1E000074B19680868B0E8F04F80F30988BFF39F
:10A1F0006F8F4FF0000080F31188704700BF00BFE1
:10A20000E06700200000000084B0039003980090F5
:10A2100000980078ADF80800009801300090009890
:10A220000078ADF80600BDF80610BDF8080040EA59
:10A230000120ADF80A00BDF80A0004B07047000024
:10A2400082B08DED010A9DED010A9FED0B1AB4EE6F
:10A25000410AF1EE10FA05DDFFE79DED010A8DEDF3
:10A26000000A04E0B7EE000A8DED000AFFE79DED5D
:10A27000000A02B0704700BF6F12833A000000006E
:10A2800080B584B00290ADF80610029820B1FFE7C7
:10A29000BDF8060020B9FFE701208DF80F0027E088
:10A2A000E9F77AFBBDF8061088420BD2FFE748F2C7
:10A2B0009C11C2F2004108680130086000208DF84E
:10A2C0000F0015E00298BDF80610E9F7FDFB58B93C
:10A2D000FFE748F29C11C2F20041086801300860B3
:10A2E00000208DF80F0003E001208DF80F00FFE73C
:10A2F0009DF80F0004B080BD80B5A2B00AA90491FA
:10A3000045F62000C2F2004090ED030AB8EEC00A04
:10A310009FEDE01A20EE010A81ED060A90ED0A0A8F
:10A32000B8EEC00A9FEDDC1A20EE010A81ED050AA5
:10A3300090ED110AB8EEC00A20EE010A81ED040A80
:10A3400091ED060A8DED050A91ED050A8DED060ADF
:10A3500091ED040A8DED070A0321FAF779FA9DEDD4
:10A36000050ADDED060A9DED071A014600200229C7
:10A3700088BF0120E7F78CFEE7F70EFD11901198DA
:10A38000D8B9FFE700208DF82300FFE79DF82300F0
:10A390003F280CD8FFE79DF8232012A900208854FD
:10A3A000FFE79DF8230001308DF82300EEE726201B
:10A3B00012A9402201F030F969E145F62000C2F20D
:10A3C00000400321FAF744FA8DF8270008F01CFD3D
:10A3D0008DF82600119890ED391A90ED550A30EE5F
:10A3E000410AE6F7A1F9049880ED030A119890ED6F
:10A3F0003A1A90ED560A30EE410AE6F795F90498BC
:10A4000080ED020A119890ED3B1A90ED570A30EE5C
:10A41000410AE6F789F9049880ED010A0D990A913D
:10A4200090ED020A90ED001AB4EE410AF1EE10FA36
:10A4300003DDFFE70C980A90FFE7049890ED010A0E
:10A4400090ED001AB4EE410AF1EE10FA03DDFFE7D9
:10A450000B980A90FFE7049840F2C021C2F2004135
:10A460000978002918BF0121029190ED000A00200F
:10A47000B0EE001AB4EE410AF1EE10FA03900ADDD4
:10A48000FFE740F2C020C2F200400078002818BF69
:10A4900001200390FFE702980399CA0740F00201E8
:10A4A000002A18BF08469DF8272040F00401022A20
:10A4B00088BF0846119A92F82B3040F00801002B13
:10A4C00018BF084640F0100192F8253092F826E0B7
:10A4D00092F827C092F82920BEF1000F18BF084655
:10A4E00040F02001BCF1000F18BF084640F04001C9
:10A4F000002B18BF084640F08001002A08BF08461C
:10A500008DF82500119890F8293090F82B20581ECE
:10A51000B0FA80F040094000411C002B18BF0846EB
:10A52000011D022B08BF084600F10801032B08BFDC
:10A5300008469DF8263040F010019B07002B48BFCD
:10A5400008469DF8273040F02001032B38BF08460D
:10A5500040F04001002A08BF08468DF824001198F9
:10A5600090F825008DF84800119890F829008DF892
:10A570004900119890F82A008DF84A0000208DF8C3
:10A580004B00119890ED250A12A801900421FBF7C9
:10A590000FFA0198119991ED260A0821FBF708FAA4
:10A5A0000198119991ED270A0C21FBF701FA019806
:10A5B000119991ED390A1021FBF7FAF901981199D7
:10A5C00091ED3A0A1421FBF7F3F90198119991EDF5
:10A5D0003B0A1821FBF7ECF90198119991ED550A06
:10A5E0001C21FBF7E5F90198119991ED560A2021FC
:10A5F000FBF7DEF90198119991ED570A2421FBF739
:10A60000D7F90198119991ED0C0A2821FBF7D0F99F
:10A610000198119991ED0D0A2C21FBF7C9F90198C8
:10A62000119991ED0E0A3021FBF7C2F904990198B6
:10A63000119A92F826208DF87C20119A92F8272002
:10A640008DF87D20119A92F82D208DF87E20119A98
:10A6500092F82B208DF87F209DF827208DF8802000
:10A660009DF825208DF881209DF824208DF88220EA
:10A670009DF826208DF8832091ED000A3C21FBF700
:10A6800097F901992620402200F0C6FFFFE722B08B
:10A6900080BD00BF402F81B974F7EF390000000082
:10A6A00080B5ADF5007D0AA8059020A806901F9002
:10A6B0000CF0AEF8069844F6E471C2F200014FF4D3
:10A6C0008872E5F76AFF0CF0CFF80AA8F8F7ECF803
:10A6D00045F24070C2F200400421FAF7B9F88DF853
:10A6E00027001F9840780138B0FA80F040098DF8B3
:10A6F00026009DF826100120079071BBFFE71F98E8
:10A7000090ED3C0AE6F710F801209FEDC11AB4EE77
:10A71000410AF1EE10FA07901FDCFFE71F9890ED59
:10A720003D0AE6F701F801209FEDB91AB4EE410A9F
:10A73000F1EE10FA079010DCFFE71F9890ED3E0A4B
:10A74000E5F7F2FF9FEDB21A0020B4EE410AF1EEF8
:10A7500010FAC8BF01200790FFE7079800F001003A
:10A760008DF8250008F050FB8DF8240040F22420DD
:10A77000C2F20000007801901F980078FCF7BCFE40
:10A78000019A002818BF01204000411C002A18BF70
:10A79000084602901F980078FCF78AFE024602984D
:10A7A000011D002A18BF08469DF8262000F1080167
:10A7B000002A18BF08469DF8252040F01001002A05
:10A7C00018BF08461F994A7840F02001022A08BFA6
:10A7D00008469DF86C2040F04001002A18BF08464A
:10A7E0009DF8272040F08001032AC8BF08468DF855
:10A7F00023009DF824109DF86C00B0FA80F0400909
:10A80000400061F300001F9991F80C21011D002AFE
:10A8100018BF08469DF8271000F10802002908BF5C
:10A82000104603900020049041B1FFE79DF82710E7
:10A8300000200429B8BF01200490FFE70398049981
:10A84000CA0740F01001002A18BF08468DF8220000
:10A850001F9800788DF890011F9840788DF891012D
:10A860001F9890F80C018DF8920100208DF893014B
:10A870001F9890ED3C0A64A800900421FBF798F81B
:10A8800000981F9991ED3D0A0821FBF791F8009877
:10A890001F9991ED3E0A0C21FBF78AF800981F9949
:10A8A00091ED070A1021FBF783F800981F9991EDAD
:10A8B000080A1421FBF77CF800981F9991ED090A0A
:10A8C0001821FBF775F800981F9991ED380A1C21A3
:10A8D000FBF76EF800981F9991ED390A2021FBF7DC
:10A8E00067F800981F9991ED3A0A2421FBF760F868
:10A8F00000981F9991ED300A2821FBF759F800982C
:10A900001F9991ED310A2C21FBF752F800981F99FD
:10A9100091ED320A3021FBF74BF800981F9991ED29
:10A92000330A3421FBF744F80599009891ED000AA9
:10A930003821FBF73DF80599009891ED010A3C217B
:10A94000FBF736F80599009891ED020A4021FBF7D4
:10A950002FF80599009891ED030A4421FBF728F898
:10A960000599009891ED040A4821FBF721F8059913
:10A97000009891ED050A4C21FBF71AF8059900980B
:10A9800091ED060A5021FBF713F800989DF86C1022
:10A990008DF8E4119DF824108DF8E5119DF8231031
:10A9A0008DF8E6119DF822108DF8E7111F9991EDB1
:10A9B000010A5821FAF7FCFF00981F9991ED020A4D
:10A9C0005C21FAF7F5FF00981F9991ED030A6021C9
:10A9D000FAF7EEFF00981F9991ED040A6421FAF747
:10A9E000E7FF00981F9991ED050A6821FAF7E0FF4B
:10A9F00000981F9991ED060A6C21FAF7D9FF00998A
:10AA00001620702200F008FE0DF5007D80BD00BF0D
:10AA10000AD7233C0000000080B5BCB000200590A0
:10AA20008DF8AB00FFE79DF8AB0043280CD8FFE79B
:10AA30009DF8AB202BA900208854FFE79DF8AB00C0
:10AA400001308DF8AB00EEE70BF0E2FE44F230503F
:10AA5000C2F20000007818B1FFE7012004900AE07C
:10AA600040F20800C2F200400078B0FA80F04009DD
:10AA700040000490FFE704988DF8AA009DF8AA0012
:10AA8000012809D1FFE745F2E021C2F2004106A802
:10AA90008C22E5F782FD08E044F65871C2F200010D
:10AAA00006A88C22E5F779FDFFE70BF0DDFE0D9897
:10AAB00050B1FFE70D990E98884205D3FFE70D9935
:10AAC0000E98401A0590FFE706A80390E9F7A0FB4F
:10AAD000014603988DF8A910E9F75AFB8DF8A800F4
:10AAE0009DF8A90000F00F000F3818BF01208DF865
:10AAF000A6009DF8A80000F00300033818BF01204D
:10AB00008DF8A5009DF81C0058B9FFE79DF81800C6
:10AB100038B1FFE79DF8181000201629029025D1C2
:10AB2000FFE79DF8201000200290F9B9FFE79DF89B
:10AB3000211000200290C9B9FFE79DF829100020DC
:10AB4000029099B9FFE79DF82C100020029069B996
:10AB5000FFE79DF8A6100020029039B9FFE79DF8A5
:10AB6000A500B0FA80F040090290FFE7029800F0DB
:10AB700001008DF8A40006A8FBF70AFA02469DF82A
:10AB8000A600002818BF01204000411C002A18BF61
:10AB900008469DF8A520011D002A18BF08469DF80B
:10ABA00020C09DF821309DF829209DF82CE000F16F
:10ABB0000801BEF1000F18BF084640F01001BCF1BB
:10ABC000000F18BF084640F02001002B18BF0846B0
:10ABD00040F04001002A18BF08469DF8A42040F02C
:10ABE0008001002A18BF08468DF8A7009DF81800BC
:10ABF0008DF8AC009DF81A008DF8AD009DF81B0093
:10AC00008DF8AE009DF81C008DF8AF009DF81D007A
:10AC10008DF8B0009DF8AA008DF8B10045F62470BB
:10AC2000C2F200000621F9F713FE8DF8B2009DF87C
:10AC30002A008DF8B30005982BA901910822FAF794
:10AC4000EFFE01990E980C22FAF7EAFE01989DEDAD
:10AC50001F0A1021FAF7ACFE01989DED200A14217D
:10AC6000FAF7A6FE01989DED210A1821FAF7A0FE39
:10AC700001989DED220A1C21FAF79AFE01989DED9C
:10AC8000190A2021FAF794FE01989DED1A0A242151
:10AC9000FAF78EFE01989DED1B0A2821FAF788FE2F
:10ACA00001989DED1C0A2C21FAF782FE01989DED7A
:10ACB000270A3021FAF77CFE01989DED280A3421FD
:10ACC000FAF776FE01989DED1D0A3821FAF770FE1D
:10ACD00001989DED1E0A3C21FAF76AFE01999DF844
:10ACE0001E008DF8EC009DF8A7008DF8ED009DF892
:10ACF000A9008DF8EE009DF8A8008DF8EF00562011
:10AD0000442200F089FC3CB080BD0000000000003F
:10AD100080B5C2B045F27410C2F200000490002069
:10AD20008DF81700FFE79DF81700EF280CD8FFE714
:10AD30009DF8172006A900208854FFE79DF817000A
:10AD400001308DF81700EEE7FEF7C6F803208DF806
:10AD50001800049800798DF81900049840798DF84E
:10AD60001A00049880798DF81B000498C0798DF83A
:10AD70001C000498007A8DF81D000498007D8DF861
:10AD80001E000498407D8DF81F000498C06806A935
:10AD900003910822FAF744FE0399049800690C22F3
:10ADA000FAF73EFE03990498806B1022FAF738FEFA
:10ADB00003990498C06B1422FAF732FE03990498A1
:10ADC000006C1822FAF72CFE0398049991F84410AD
:10ADD0008DF83410049991F847108DF835100499C6
:10ADE00091F8DA108DF83610049991F8DB108DF88F
:10ADF0003710049991ED280A2021FAF7D9FD03981C
:10AE0000049991ED290A2421FAF7D2FD03980499B7
:10AE100091ED2A0A2821FAF7CBFD0398049991EDC8
:10AE20002B0A2C21FAF7C4FD0398049991ED2C0A02
:10AE30003021FAF7BDFD0398049991ED2D0A3421D4
:10AE4000FAF7B6FD0398049991ED250A3821FAF72F
:10AE5000AFFD0398049991ED260A3C21FAF7A8FD6D
:10AE60000398049991ED270A4021FAF7A1FD039870
:10AE7000049991ED220A4421FAF79AFD0398049966
:10AE800091ED230A4821FAF793FD0398049991ED77
:10AE9000240A4C21FAF78CFD0398049991ED440A99
:10AEA0005021FAF785FD0398049991ED450A542144
:10AEB000FAF77EFD0398049991ED460A5821FAF7B6
:10AEC00077FD049890F81E018DF87400049890F8AE
:10AED0001E01012805D1FFE7049890F82501029092
:10AEE00004E0049890F822010290FFE702988DF8A0
:10AEF0007500049890F86A008DF876000498407AFE
:10AF00008DF87700049890F838018DF8780004984F
:10AF100090F83A018DF87900049890F839018DF88D
:10AF20007A00049890F83B018DF87B00049890F823
:10AF30003C018DF87C00049890F83D018DF87D006F
:10AF4000049890F83F018DF87E00049890F8400135
:10AF50008DF87F00049890F845018DF880000498E2
:10AF600090F846018DF88100049890F842018DF820
:10AF70008200049890F84321049890F84401002836
:10AF800018BF01204000411C002A18BF0846049940
:10AF900091F83E21011D012A08BF08468DF8830063
:10AFA0000498D0F8480106A901916C22FAF738FDFF
:10AFB00001990498D0F84C017022FAF731FD0199FB
:10AFC000049890F880018DF88C00049890F8810125
:10AFD0008DF88D00049890F882018DF88E00049809
:10AFE00090F883018DF88F00049890F884018DF813
:10AFF00090000498D0F888017C22FAF711FD01999D
:10B000000498D0F88C018022FAF7FAFC0199049890
:10B01000D0F890018422FAF7F3FC01990498D0F853
:10B0200094018822FAF7ECFC0199049890F8EC015D
:10B030008DF8A400049890F8F1018DF8A50004980B
:10B0400090F8F3018DF8A600049890F8F2018DF8BD
:10B05000A7000498D0F8F4019022FAF7E1FC0199D6
:10B060000498D0F8F8019422FAF7DAFC01980499D0
:10B0700091ED7F0A9821FAF79BFC0198049991EDD4
:10B08000840A9C21FAF794FC0198049991ED1C0A1A
:10B09000A021FAF78DFC0198049991ED1D0AA421D5
:10B0A000FAF786FC0198049991ED1E0AA821FAF797
:10B0B0007FFC0198049991ED1F0AAC21FAF778FC06
:10B0C0000198049991ED200AB021FAF771FC0198DA
:10B0D000049991ED210AB421FAF76AFC01980499C8
:10B0E00091ED380AB821FAF763FC0198049991EDC3
:10B0F000390ABC21FAF75CFC0198049991ED3A0AEF
:10B10000C021FAF755FC0198049991ED3E0AC4213B
:10B11000FAF74EFC0198049991ED3F0AC821FAF71D
:10B1200047FC0198049991ED400ACC21FAF740FCC4
:10B130000198049991ED410AD021FAF739FC019860
:10B14000049991ED420AD421FAF732FC019804994E
:10B1500091ED430AD821FAF72BFC0198049991ED5F
:10B160004B0ADC21FAF724FC0198049991ED4A0A74
:10B17000E021FAF71DFC0198049991ED4D0AE421B4
:10B18000FAF716FC0198049991ED4C0AE821FAF7B8
:10B190000FFC0199049890F8DD008DF804010498E3
:10B1A00090F820018DF80501049890F83D018DF884
:10B1B00006010498807A8DF807014620F02200F0FD
:10B1C0002BFA42B080BD000080B582B044F230500E
:10B1D000C2F2000000788DF8000040F20800C2F2D0
:10B1E000004000788DF8010040F22420C2F20000F7
:10B1F00000788DF8020040F2C020C2F200400078D2
:10B200008DF8030044F22C30C2F2000000788DF873
:10B21000040045F24070C2F200400421F9F718FB27
:10B220008DF8050007F0F0FD8DF8060000208DF880
:10B23000070006206946082200F0EEF902B080BD42
:10B2400080B59CB00BF0E4FA01F08EFC8DF84F0055
:10B250009DF84F0001F0D0FC8DF84E009DF84F0096
:10B2600001F0B6FC8446DCF80000DCF80410DCF8E1
:10B270000820DCF80C30DCF810C0CDF844C0109386
:10B280000F920E910D909DF84F0001F08DFC8446B9
:10B29000DCF80000DCF80410DCF80820DCF80C30E6
:10B2A000DCF810C0CDF830C00B930A9209910890D9
:10B2B0000BF0DAFA9DF84E008DF850009DF834003E
:10B2C0008DF851009DF841008DF852009DF8400026
:10B2D0008DF853009DED0E0A14A807900421FAF78B
:10B2E00067FB07989DF820108DF858109DF82D10D9
:10B2F0008DF859109DF82C108DF85A109DF84F10AC
:10B300008DF85B109DED090A0C21FAF751FB0798A7
:10B310009DED0F0A1021FAF74BFB07989DED0A0AE5
:10B320001421FAF745FB07F06FFD8DF84C009DF8EE
:10B330004E00012807D1FFE79DF82D1001200129BB
:10B34000069011D0FFE79DF84E100020059041B9FE
:10B35000FFE79DF841000138B0FA80F04009059000
:10B36000FFE705980690FFE7069800F001008DF8CA
:10B370004D0044F22C30C2F2000002789DF84030BB
:10B380009DF841000138B0FA80F040094000411CAE
:10B39000002A18BF08469DF82C209DF82DC0011DDD
:10B3A000BCF1010F08BF08469DF84DC000F108012F
:10B3B000BCF1000F18BF084640F01001002B18BF69
:10B3C000084640F02001002A18BF08469DF84F208B
:10B3D00040F04001012A08BF08468DF84B009DF857
:10B3E00041209DF82D000238B0FA80F0400940005D
:10B3F000411C022A08BF08469DF84C10890861F3D9
:10B40000820003909DF84E100020012904900DD178
:10B41000FFE79DF82C100020049039B9FFE79DF854
:10B420002D00013818BF01200490FFE7039804990C
:10B43000CA0740F00801002A18BF084601909DF88D
:10B440004E100020029069B9FFE79DF840100020DF
:10B45000029039B9FFE79DF84100013818BF01207B
:10B460000290FFE701980299CA0740F00801002AFC
:10B4700018BF08469DF84F2040F01001012A18BF60
:10B4800008468DF84A009DF84B008DF868009DF83D
:10B490004A008DF869009DF842008DF86A009DF819
:10B4A0002E008DF86B009DF84C008DF86C0000208C
:10B4B0008DF86D008DF86E008DF86F00362014A9A0
:10B4C000202200F0A9F81CB080BD000000000000A0
:10B4D00080B5A6B008A8029000208DF80F00FFE705
:10B4E0009DF80F003F280CD8FFE79DF80F2016A904
:10B4F00000208854FFE79DF80F0001308DF80F0001
:10B50000EEE704A8FCF764FF9DF810008DF85800E2
:10B510009DF811008DF859009DF812008DF85A0021
:10B520009DF815008DF85B00069816A9019104227C
:10B53000FAF776FA019907980822FAF771FA029950
:10B54000019891ED000A0C21FAF732FA029901985C
:10B5500091ED010A1021FAF72BFA0299019891ED69
:10B56000020A1421FAF724FA0299019891ED030ACC
:10B570001821FAF71DFA0299019891ED050A1C218C
:10B58000FAF716FA0299019891ED070A2021FAF7C5
:10B590000FFA0299019891ED090A2421FAF708FAA5
:10B5A0000299019891ED0A0A2821FAF701FA029905
:10B5B000019891ED0B0A2C21FAF7FAF902990198FA
:10B5C00091ED0C0A3021FAF7F3F90299019891ED07
:10B5D0000D0A3421FAF7ECF90299019891ED060A67
:10B5E0003821FAF7E5F901999DF813008DF89400D8
:10B5F0009DF814008DF895009DF816008DF89600C2
:10B600009DF817008DF897004920402200F004F8BB
:10B6100026B080BD0000000080B5D0B08DF83E019E
:10B620004E918DF837210020ADF808004E9840B9B2
:10B63000FFE79DF8370120B1FFE700208DF83F01BB
:10B6400078E09DF837010730B0F5967F0BD9FFE71A
:10B6500048F29C11C2F200410868013008600020E5
:10B660008DF83F0166E0BDF80820501CADF80800D9
:10B670000DF10B01A5208854BDF80820501CADF831
:10B6800008005A2088549DF83701BDF80820531C43
:10B69000ADF8083088549DF83E01BDF80820531CD1
:10B6A000ADF8083088540020ADF80600FFE7BDF87B
:10B6B00006009DF83711884213DAFFE74E98BDF86F
:10B6C0000610405CBDF80820511CADF808100DF1C3
:10B6D0000B018854FFE7BDF806000130ADF8060005
:10B6E000E5E7BDF808100DF10B000090E8F728FB26
:10B6F00001460098ADF804109DF80510BDF808202B
:10B70000531CADF808308154BDF80410BDF8082072
:10B71000531CADF808308154BDF80820511CADF819
:10B720000810FF218154BDF80810FEF7A9FD8DF81F
:10B730003F01FFE79DF83F0150B080BD00000000D1
:10B7400080B584B003908DED020A9DED020AE8F702
:10B750008FFC8DED000A00208DF80700FFE79DF8B3
:10B76000070003280ED8FFE7009803999DF80720EB
:10B7700001EB8201C864FFE79DF8070001308DF8F6
:10B780000700ECE704B080BD80B582B001908DF871
:10B790000310019808B9FFE706E09DF80300F9F7E8
:10B7A0001FF901994876FFE702B080BD0000000054
:10B7B00082B001908DED000A00980199C86500984B
:10B7C0000199086602B0704780B584B002AA009261
:10B7D00002460098039280ED000A8DF80710039846
:10B7E0009DF80710FFF7D0FF0099039891ED000A2C
:10B7F000FFF7DEFF04B080BD80B584B003908DED0F
:10B80000020A9DED020AE8F733FC8DED010A01986A
:10B810000399C86401980399886504B080BD00004D
:10B8200080B586B005908DED040ACDED030A8DED4F
:10B83000021ACDED011A9DED040AE8F719FC0598EE
:10B8400080ED130A9DED030AE8F712FC059880EDE0
:10B85000140A9DED020AE8F70BFC059880ED150A25
:10B860009DED010AE8F704FC059880ED160A06B084
:10B8700080BD00000000000080B584B003908DED15
:10B88000020A9DED020AE8F7F3FB8DED010A01982B
:10B890000399086501980399486504B080BD0000CC
:10B8A00080B586B004908DF80F109DF80F000290BF
:10B8B000049820B9FFE700208DF8170023E00498D2
:10B8C000407B20B9FFE700208DF817001BE00298AD
:10B8D00050B1FFE7029801900498E8F749FE01464D
:10B8E0000198884204D9FFE700208DF817000AE08C
:10B8F0009DF808000499C97B401AB0FA80F040090D
:10B900008DF81700FFE79DF8170006B080BD000016
:10B9100080B586B08DF813008DF812109DF81200D6
:10B9200003909DF81300EBF72FF902909DF8130098
:10B93000EBF716F901909DF8120030B9FFE748F6D1
:10B94000D970C0F60200059062E09DF8120016283A
:10B9500006D1FFE749F20300C0F60200059057E068
:10B960009DF81200172806D1FFE749F27200C0F6D1
:10B97000020005904CE09DF81200182806D1FFE760
:10B9800048F66250C0F60200059041E09DF81200B2
:10B99000192806D1FFE748F64450C0F6020005908A
:10B9A00036E09DF812001A2806D1FFE748F6FB6042
:10B9B000C0F6020005902BE09DF812001B2806D16E
:10B9C000FFE748F61570C0F60200059020E09DF8EC
:10B9D00012001C2806D1FFE748F64D70C0F60200A1
:10B9E000059015E0039868B1FFE703980199884234
:10B9F00008D8FFE70298039900EB411050F8200C9B
:10BA0000059005E049F22C00C0F602000590FFE722
:10BA1000059806B080BD000080B586B004908DF812
:10BA20000F109DF80F0002900498E8F7B5FD019003
:10BA30000498E8F79DFD00909DF80F00182804D1A8
:10BA4000FFE742F60A00059036E09DF80F0019283E
:10BA500004D1FFE74FF47A6005902DE09DF80F00C8
:10BA60001A2804D1FFE74FF4FA50059024E09DF81E
:10BA70000F001B2804D1FFE74FF4FA5005901BE09C
:10BA80009DF80F001C2804D1FFE74FF47A60059061
:10BA900012E0029868B1FFE702980099884208D83E
:10BAA000FFE70198029900EB411050F8040C059053
:10BAB00002E000200590FFE7059806B080BD000079
:10BAC00080B586B004908DF80F109DF80F0002909D
:10BAD0000498E8F761FD01900498E8F749FD0090AB
:10BAE0009DF80F0019280FD0FFE79DF80F001A28C6
:10BAF0000AD0FFE79DF80F001B2805D0FFE79DF84F
:10BB00000F001C2804D1FFE701208DF8170018E072
:10BB1000029890B1FFE70298009988420DD8FFE79C
:10BB20000198029900EB411010F81C0C022804D176
:10BB3000FFE701208DF8170003E000208DF81700C3
:10BB4000FFE79DF8170006B080BD00000000000070
:10BB500083B002900191029818B1FFE7019808B9EB
:10BB6000FFE73FE000208DF80300FFE79DF80300AA
:10BB7000032811D8FFE701989DF8032030F8120040
:10BB8000029901EB4201A1F8A000FFE79DF8030034
:10BB900001308DF80300E9E700208DF80300FFE78E
:10BBA0009DF8030001281DD8FFE701989DF80320A8
:10BBB00000EB42000089029901EB4201A1F8A800C4
:10BBC00001989DF8032000EB4200008A029901EBE6
:10BBD0004201A1F8AC00FFE79DF8030001308DF8A9
:10BBE0000300DDE703B0704780B582B04FF050002E
:10BBF00080F31188BFF36F8FBFF34F8F00900BF06E
:10BC0000C7FA40B1FFE74EF60451CEF200014FF003
:10BC100080500860FFE700200190019880F31188B0
:10BC200002B080BD0000000080B59EB00BA84C2182
:10BC3000E4F707FD002001900A9009900890079012
:10BC400006900590049003900220F1F7FDF8FFE7BD
:10BC50000020029044F61800C5F60200016821F4A5
:10BC600040410160006800F4404002900298FFE704
:10BC7000FFE744F61800C5F60200006800F4005023
:10BC8000B0F5005F01D0FFE7F3E701210B914FF41E
:10BC900080300C9002201490159016902822179254
:10BCA0001891062119911A900C201B9000201C90CD
:10BCB0001D900BA8F3F750F818B1FFE7EAF70CFB5B
:10BCC000FFE73F2003900321049100200590082006
:10BCD00006904020079008904FF4806209920A90E5
:10BCE00003A8F2F7CDFB18B1FFE7EAF7F5FAFFE793
:10BCF0001EB080BD000000004EF68851CEF200015B
:10BD0000086840F47000086042F20000C5F20020AC
:10BD1000006800F00F0006280AD8FFE742F2000191
:10BD2000C5F200210868072262F303000860FFE7FC
:10BD300044F20041C5F60201086840F001000860C5
:10BD400044F21042C5F602020020106008684EF668
:10BD50007F52CEF6F6221040086042F20000C5F293
:10BD60000020006800F00F0008280AD3FFE742F225
:10BD70000001C5F200210868072262F30300086091
:10BD8000FFE744F21841C5F602010020086044F2C2
:10BD90001C41C5F60201086044F22041C5F60201CB
:10BDA000086044F22842C5F6020240F20021C0F2C7
:10BDB0000221116044F22C42C5F602020021C0F2B9
:10BDC000FF11116044F23042C5F6020240F28021B8
:10BDD000C0F20111116044F23442C5F60202106053
:10BDE00044F23842C5F60202116044F23C42C5F604
:10BDF0000202106044F24042C5F60202116044F2B1
:10BE00004441C5F60201086044F20042C5F6020250
:10BE1000116821F48021116044F26041C5F60201ED
:10BE2000086044F2D440C5F602000068C00400284F
:10BE300014D4FFE744F2D441C5F60201086840F487
:10BE40008050086044F20002C5F2002243F2D200A2
:10BE50001060086820F480500860FFE77047000019
:10BE600080B545F66C50C2F20000F3F7FDFF80BDCF
:10BE700080B545F22450C2F20040F3F7F5FF80BDD3
:10BE800083B002900191029800680090029800210E
:10BE9000C4F20101884225D0FFE70298B0F1804F3B
:10BEA00020D0FFE7029840F20041C4F2000188422E
:10BEB00018D0FFE7029840F60001C4F20001884262
:10BEC00010D0FFE7029840F60041C4F2000188421A
:10BED00008D0FFE7029840F20041C4F20101884215
:10BEE0000AD1FFE7009820F07000009001984168A7
:10BEF000009808430090FFE702980021C4F2010176
:10BF000088424DD0FFE70298B0F1804F48D0FFE75C
:10BF1000029840F20041C4F20001884240D0FFE79D
:10BF2000029840F60001C4F20001884238D0FFE7D1
:10BF3000029840F60041C4F20001884230D0FFE789
:10BF4000029840F20041C4F20101884228D0FFE784
:10BF5000029844F20001C4F20101884220D0FFE7B8
:10BF6000029844F20041C4F20101884218D0FFE770
:10BF7000029844F60001C4F20101884210D0FFE7A4
:10BF800002984EF20001C4F20001884208D0FFE797
:10BF900002984EF20041C4F2000188420AD1FFE744
:10BFA000009820F4407000900198C1680098084300
:10BFB0000090FFE7009820F080000199496908434C
:10BFC0000090019880680299C862019800680299FF
:10BFD000886202980021C4F20101884220D0FFE764
:10BFE000029840F20041C4F20101884218D0FFE7F4
:10BFF000029844F20001C4F20101884210D0FFE728
:10C00000029844F20041C4F20101884208D0FFE7DF
:10C01000029844F60001C4F20101884205D1FFE70D
:10C020000198006902990863FFE70299086840F0E7
:10C030000400086002990120486100980299086094
:10C0400003B070470000000084B003900291019299
:10C05000029800F01F01012088400090009A039987
:10C06000086A904308620198029901F01F0100FAE2
:10C0700001F20399086A1043086204B07047000097
:10C0800085B0049003910292019304988068009017
:10C09000009820F47F40009003980299019A41EAA9
:10C0A0000221014300980843009000980499886099
:10C0B00005B070470000000083B002900191029823
:10C0C0008068009000984FF68F71CFF6CF710840CE
:10C0D000009001980099084340F0070000900098F4
:10C0E0000299886003B0704785B00490039104986A
:10C0F000006A01900499086A20F00100086204981F
:10C100004068009004988069029002984FF68F7101
:10C11000CFF6FE7108400290029820F003000290D2
:10C1200003980168029808430290019820F00200E9
:10C1300001900398816801980843019004980021B8
:10C14000C4F20101884220D0FFE7049840F2004188
:10C15000C4F20101884218D0FFE7049844F20001BC
:10C16000C4F20101884210D0FFE7049844F2004174
:10C17000C4F20101884208D0FFE7049844F60001A8
:10C18000C4F2010188420ED1FFE7019820F00800B7
:10C1900001900398C168019808430190019820F02C
:10C1A00004000190FFE704980021C4F201018842D5
:10C1B00020D0FFE7049840F20041C4F20101884218
:10C1C00018D0FFE7049844F20001C4F2010188424C
:10C1D00010D0FFE7049844F20041C4F20101884204
:10C1E00008D0FFE7049844F60001C4F20101884238
:10C1F00013D1FFE7009820F480700090009820F49D
:10C2000000700090039841690098084300900398DB
:10C210008169009808430090FFE7009804994860FE
:10C2200002980499886103984068049948630198CA
:10C230000499086205B0704785B004900391049892
:10C24000006A01900499086A20F0100008620498BE
:10C2500040680090049880690290029848F6FF7147
:10C26000CFF6FF6108400290029820F440700290DF
:10C2700003980168029840EA01200290019820F09A
:10C280002000019003988168019840EA0110019014
:10C2900004980021C4F20101884229D0FFE70498E4
:10C2A00040F20041C4F20101884221D0FFE7049826
:10C2B00044F20001C4F20101884203D1FFE70020EB
:10C2C000B0B9FFE7049844F20041C4F2010188428A
:10C2D00003D1FFE7002058B9FFE7049844F60001B6
:10C2E000C4F20101884212D1FFE7012078B9FFE7CB
:10C2F000019820F0800001900398C168019840EAFD
:10C3000001100190019820F040000190FFE704988F
:10C310000021C4F20101884220D0FFE7049840F2D6
:10C320000041C4F20101884218D0FFE7049844F2AA
:10C330000001C4F20101884210D0FFE7049844F2E2
:10C340000041C4F20101884208D0FFE7049844F696
:10C350000001C4F20101884215D1FFE7009820F4E2
:10C3600080600090009820F400600090039841697C
:10C37000009840EA8100009003988169009840EAA3
:10C3800081000090FFE700980499486002980499A2
:10C390008861039840680499886301980499086249
:10C3A00005B070470000000085B004900391049828
:10C3B000006A01900499086A20F480700862049869
:10C3C000406800900498C069029002984FF68F71FF
:10C3D000CFF6FE7108400290029820F00300029010
:10C3E00003980168029808430290019820F40070B5
:10C3F000019003988168019840EA01200190049817
:10C400000021C4F20101884229D0FFE7049840F2DC
:10C410000041C4F20101884221D0FFE7049844F2B0
:10C420000001C4F20101884203D1FFE70020B0B946
:10C43000FFE7049844F20041C4F20101884203D1AD
:10C44000FFE7002058B9FFE7049844F60001C4F262
:10C450000101884212D1FFE7012078B9FFE7019876
:10C4600020F4006001900398C168019840EA01201F
:10C470000190019820F480600190FFE7049800216A
:10C48000C4F20101884220D0FFE7049840F2004145
:10C49000C4F20101884218D0FFE7049844F2000179
:10C4A000C4F20101884210D0FFE7049844F2004131
:10C4B000C4F20101884208D0FFE7049844F6000165
:10C4C000C4F20101884215D1FFE7009820F48050A2
:10C4D0000090009820F40050009003984169009863
:10C4E00040EA0110009003988169009840EA011029
:10C4F0000090FFE700980499486002980499C86189
:10C50000039840680499C86301980499086205B0CB
:10C51000704700000000000085B00490039104986B
:10C52000006A01900499086A20F480500862049817
:10C53000406800900498C0690290029848F6FF7124
:10C54000CFF6FF6108400290029820F440700290FC
:10C5500003980168029840EA01200290019820F4B3
:10C560000050019003988168019840EA01300190E1
:10C5700004980021C4F20101884220D0FFE704980A
:10C5800040F20041C4F20101884218D0FFE704984C
:10C5900044F20001C4F20101884210D0FFE7049880
:10C5A00044F20041C4F20101884208D0FFE7049838
:10C5B00044F60001C4F2010188420BD1FFE7009864
:10C5C00020F48040009003984169009840EA81106F
:10C5D0000090FFE700980499486002980499C861A8
:10C5E000039840680499086401980499086205B0AA
:10C5F000704700000000000085B00490039104988B
:10C60000006A01900499086A20F480300862049856
:10C61000406800900498406D029002984FF68F7128
:10C62000CFF6FE7108400290039801680298084313
:10C630000290019820F400300190039881680198DD
:10C6400040EA0140019004980021C4F201018842AF
:10C6500020D0FFE7049840F20041C4F20101884273
:10C6600018D0FFE7049844F20001C4F201018842A7
:10C6700010D0FFE7049844F20041C4F2010188425F
:10C6800008D0FFE7049844F60001C4F20101884293
:10C690000BD1FFE7009820F48030009003984169A7
:10C6A000009840EA01200090FFE700980499486054
:10C6B0000298049948650398406804998865019830
:10C6C0000499086205B0704785B0049003910498FE
:10C6D000006A01900499086A20F4801008620498A6
:10C6E000406800900498406D0290029848F6FF71EF
:10C6F000CFF6FF610840029003980168029840EA73
:10C7000001200290019820F40010019003988168A4
:10C71000019840EA0150019004980021C4F20101FF
:10C72000884220D0FFE7049840F20041C4F20101A2
:10C73000884218D0FFE7049844F20001C4F20101D6
:10C74000884210D0FFE7049844F20041C4F201018E
:10C75000884208D0FFE7049844F60001C4F20101C2
:10C7600088420BD1FFE7009820F4802000900398C6
:10C770004169009840EA81200090FFE70098049901
:10C780004860029804994865039840680499C86510
:10C7900001980499086205B070470000000000008D
:10C7A00085B00490039102920498006A0090049965
:10C7B000086A20F0010008620498806901900198DD
:10C7C00020F0F00001900299019840EA01100190D8
:10C7D000009820F00A000090039900980843009008
:10C7E00001980499886100980499086205B070471F
:10C7F00085B00490039102920498006A0090049915
:10C80000086A20F01000086204988069019001987D
:10C8100020F4704001900299019840EA01300190A3
:10C82000009820F0A00000900399009840EA0110C1
:10C83000009001980499886100980499086205B0F5
:10C84000704700000000000080B586B0049003919E
:10C8500009208DF80B0006208DF80A000498807CD2
:10C86000013801460191252800F244800199DFE852
:10C8700001F01313131A1A1A2020202828283939F6
:10C8800039131A1A1A282828202039391A1A1A1A7C
:10C890001A1A1A1A1A1A1A1A04980F21F7F7F8F91D
:10C8A0008DF817002AE00498E9F7A6FC8DF8170028
:10C8B00024E004989DF80B10F7F7EAF98DF81700BB
:10C8C0001CE0039850B1FFE70398FAF751FD0228E6
:10C8D00004D1FFE701208DF817000FE000208DF84C
:10C8E00017000BE004989DF80A10F7F7D1F98DF8BE
:10C8F000170003E000208DF81700FFE79DF81700F0
:10C9000006B080BD0000000080B584B08DF80B003B
:10C910009DF80B10A1F112000191022814D3FFE73A
:10C9200001981538022813D3FFE701981738042817
:10C9300012D3FFE701981F38022805D3FFE70198BB
:10C94000253801280CD8FFE741F64660039020E027
:10C9500042F2107003901CE042F21C50039018E069
:10C96000FFE79DF80B00F9F74BFD20B1FFE741F21F
:10C97000883003900DE09DF80B00F6F789FB20B19D
:10C98000FFE74FF47A60039003E041F288300390B0
:10C99000FFE7039804B080BD82B08DF806009DF8D3
:10C9A0000600043801460091222820D80099DFE8CB
:10C9B00001F01616161E1E1E1E1E1E1E1E1E1E1602
:10C9C00016161E1E1E1E1E1E1E1212121212121AE3
:10C9D0001A1A1A1A1A0001208DF807000BE002201B
:10C9E0008DF8070007E003208DF8070003E003201F
:10C9F0008DF80700FFE79DF8070002B070470000C0
:10CA000083B08DF807009DF80700043801460091B7
:10CA1000222832D80099DFE801F012171C3030309C
:10CA20003030303030303021262B30303030303024
:10CA30003012171C21262B12171C21262B00002038
:10CA4000C4F2F01002901BE00020C4F2201002900B
:10CA500016E00020CCF22010029011E00020CCF271
:10CA6000F01002900CE00020C4F2FA30029007E0CF
:10CA70000020CCF2FA30029002E000200290FFE7A2
:10CA80009DED020A03B0704784B08DED030A9DED61
:10CA9000030AB5EE400AF1EE10FA03DAFFE70020D0
:10CAA00003900FE09DED030A9FED1B1AB4EE410ABF
:10CAB000F1EE10FA05DDFFE70020C4F234300390F8
:10CAC000FFE7FFE79DED030A9FED131A80EE010AD1
:10CAD0008DED020A4FF63000CFF6FF7001909DED0C
:10CAE000021A9DED010AB8EEC02AB6EE000AA1EEC8
:10CAF000020ABDEEC00A10EE100A00F6C410009043
:10CB00000098B0F1FF3F03DCFFE700200090FFE753
:10CB1000009804B0704700BF0000344300000000DC
:10CB200080B547F20510C2F20040007800F03CF8F2
:10CB300080BD00000000000080B547F20510C2F281
:10CB40000040007800F044F880BD000000000000C4
:10CB500080B547F20510C2F20040007800F04CF8B2
:10CB600080BD00000000000047F20510C2F2004046
:10CB7000007870470000000080B582B0FFF7E8FF42
:10CB8000012805D1FFE7FFF7CBFF8068019004E0A3
:10CB9000FFF7D2FF80680190FFE79DED010A02B028
:10CBA00080BD00000000000081B08DF803009DF8FA
:10CBB000032044F64051C2F2000144F6BC50C2F2D8
:10CBC0000040012A08BF084601B07047000000007D
:10CBD00081B08DF803009DF8032044F65451C2F251
:10CBE000000144F6D450C2F20040012A08BF0846B2
:10CBF00001B070470000000082B08DF807009DF87A
:10CC00000700012807D1FFE746F69430C2F2000082
:10CC10000078009006E04AF22120C2F2004000783D
:10CC20000090FFE70098C0B202B07047000000001B
:10CC300080B582B00190019808B9FFE70EE0019835
:10CC400045F62001C2F2004191ED180AB8EEC00A83
:10CC500009F0F6FC019948688860FFE702B080BDE2
:10CC600080B582B00190019808B9FFE70EE0019805
:10CC700045F62001C2F2004191ED180AB8EEC00A53
:10CC800009F0F2FC019948688860FFE702B080BDB6
:10CC900080B584B08DF80F009DF80F00FFF7ACFF52
:10CCA00001280FD1FFE79DF80F00FFF77DFF0290ED
:10CCB0000298FFF7BDFF0299087888730299002057
:10CCC00048730EE09DF80F00FFF782FF0190019876
:10CCD000FFF7C6FF0199087888730199002048730F
:10CCE000FFE704B080BD000080B582B044F6D450A8
:10CCF000C2F2004008F0B4FB44F65450C2F2000007
:10CD000008F0AEFB44F6BC50C2F2004008F044FB11
:10CD100044F64050C2F2000008F03EFB45F62050B9
:10CD2000C2F2000000210191F3F732FB019800F0FC
:10CD3000FFF8019800F0B8F801994AF22120C2F2F8
:10CD40000040017046F69430C2F2000001700846BF
:10CD500000F05EF90199012000F05AF9019800F005
:10CD600017F802B080BD000080B5FFF7F1FE012882
:10CD700005D1FFE7FFF7D4FE08F036FB04E0FFF72C
:10CD8000DBFE08F095FBFFE780BD0000000000001F
:10CD900080B582B08DF807009DF80700012804D007
:10CDA000FFE700208DF80700FFE747F20511C2F208
:10CDB000004108789DF80720801A18BF01208DF8DF
:10CDC00006009DF8070008709DF80700B0FA80F093
:10CDD000400944F6D451C2F20041487000208870E6
:10CDE0009DF80710B1FA81F14A0944F6BC51C2F22C
:10CDF00000414A70887044F65452C2F200025070EA
:10CE00009DF807100139B1FA81F14909917044F692
:10CE10004051C2F2000148709DF807000138B0FA95
:10CE200080F0400988709DF8060050B1FFE79DF83A
:10CE300007000090FFF7E0FE0146009800F0E8F8D8
:10CE4000FFE702B080BD000080B582B001908DF890
:10CE50000310019808B9FFE724E09DF803000128BA
:10CE600005D0FFE79DF8030008B1FFE71AE09DF841
:10CE7000030000F019F89DF80300019908709DF86F
:10CE80000300019988730198407B022801D1FFE7D4
:10CE900008E00198407B012804D0FFE701990020B9
:10CEA0004873FFE702B080BD80B582B08DF80700FF
:10CEB0009DF807000138B0FA80F0420941F2000005
:10CEC000C5F602004FF40051EEF766FC02B080BDDB
:10CED00080B582B001908DF80310019808B9FFE782
:10CEE00024E09DF80300012805D0FFE79DF803002A
:10CEF00008B1FFE71AE09DF8030000F019F89DF86B
:10CF00000300019908709DF8030001998873019846
:10CF1000407B022801D1FFE708E00198407B01280F
:10CF200004D0FFE7019900204873FFE702B080BDFD
:10CF300080B584B08DF80F009DF80F200AA0011D68
:10CF4000012A08BF0846006802909DED020AFFF71B
:10CF50009BFD0190019845F62051C2F2000109683D
:10CF6000486304B080BD00BF0000000000003443EF
:10CF700080B582B08DF807008DF806109DF8060088
:10CF8000002818BF01208DF805009DF80700FFF765
:10CF900033FE8DF804009DF804009DF805108842CA
:10CFA00016D0FFE79DF80400012808D1FFE79DF89F
:10CFB0000700FFF7F9FD01460020487307E09DF8E0
:10CFC0000700FFF705FE014600204873FFE7FFE773
:10CFD0009DF80700012808D1FFE79DF8050046F6F7
:10CFE0009431C2F20001087007E09DF805004AF292
:10CFF0002121C2F200410870FFE79DF807009DF86B
:10D00000051000F005F802B080BD0000000000002F
:10D0100080B584B08DF80F008DF80E109DF80F00CC
:10D02000012804D0FFE700208DF80F00FFE79DF8EE
:10D030000F00FFF7CDFD02909DF80F00FFF7B4FD44
:10D04000019002989FED200A09F05EF901989FED8A
:10D050001F0A09F049F99DF80E00012819D1FFE7D0
:10D060000299002048730198407B012801D1FFE715
:10D0700028E00199087888730AF06EF80199086130
:10D08000019808F079FA013818BF01200199487316
:10D0900018E00199002048730298407B012801D1D3
:10D0A000FFE70FE00299087888730AF055F80299B3
:10D0B0000861029808F098FA013818BF0120029917
:10D0C0004873FFE704B080BD000000000000844802
:10D0D00080B584B08DF80F009DF80F00FFF78CFD30
:10D0E00001280AD1FFE79DF80F00FFF75DFD0290D0
:10D0F0000298002109F0BCF909E09DF80F00FFF744
:10D1000067FD01900198012109F0F6F9FFE704B0ED
:10D1100080BD00000000000082B08DED010A9DED91
:10D12000010AB5EE400AF1EE10FA07DAFFE79DEDCD
:10D13000010AB1EE400A8DED000A04E09DED010AFE
:10D140008DED000AFFE79DED000A02B07047000078
:10D1500080B584B00390029100F046FA01900398E4
:10D16000019900F03DF80398FAF71EFD47F2081107
:10D17000C2F2004148790130487148798979884282
:10D180000ADBFFE747F20811C2F2004100204871B4
:10D19000C8790130C871FFE747F20811C2F20041B7
:10D1A000C879097A88420EDBFFE747F20811C2F21C
:10D1B00000410020087081F8500002220A71C872F4
:10D1C0000298C8600AE047F20811C2F2004101204B
:10D1D00081F8500091F85000C872FFE704B080BD9C
:10D1E00080B594B01390129100200690139818B156
:10D1F000FFE7129808B9FFE7ABE10AA8E6F740FE9F
:10D2000047F20810C2F20040059090ED050AFFF7C2
:10D2100083FF05988DED090A81690891C06907901F
:10D2200012980078FAF720F900287AD0FFE79DEDF0
:10D23000080AB0EE081AB4EE410AF1EE10FA0ADC60
:10D24000FFE79DED090AB7EE081AB4EE410AF1EEC8
:10D2500010FA19DDFFE79DED0A0A9FEDBF1A30EEC7
:10D26000010A8DED0A0A9DED0E0A9FEDC31A30EEFC
:10D27000010A8DED0E0A9DED060A9FEDC01A30EEF3
:10D28000010A8DED060AFFE747F20810C2F20040DE
:10D2900090F87100042821D3FFE79DED080AB0EE55
:10D2A000001AB4EE410AF1EE10FA17DDFFE79DED2A
:10D2B0000A0A9FEDAC1A30EE010A8DED0A0A9DEDC7
:10D2C000100A9FEDA91A30EE010A8DED100A9DEDAE
:10D2D000060A30EE410A8DED060AFFE79DED090AC8
:10D2E000B7EE001AB4EE410AF1EE10FA18DDFFE7CE
:10D2F00047F20810C2F2004090F8710001280FD8E0
:10D30000FFE79DED0F0A9FED9E1A30EE010A8DEDAD
:10D310000F0A9DED060A30EE010A8DED060AFFE7C1
:10D32000A8E012980078FAF7FFF8002851D0FFE73C
:10D330009DED070AB2EE081AB4EE410AF1EE10FABA
:10D340000FDDFFE79DED0E0A9FED881A30EE010A12
:10D350008DED0E0A9DED060A30EE010A8DED060AEE
:10D36000FFE747F20810C2F2004090F8710004286D
:10D370001FD8FFE747F20810C2F2004090ED080AFC
:10D380008DED040A129890ED030A9FED791A20EEB4
:10D39000010AFFF7C1FEB0EE401A9DED040A9FEDB1
:10D3A000752A31EE021AB4EE410AF1EE10FA0FDDE1
:10D3B000FFE79DED0E0A9FED6C1A30EE410A8DEDF0
:10D3C0000E0A9DED100A30EE010A8DED100AFFE7FE
:10D3D0004FE09DED090AB0EE041AB4EE410AF1EEF9
:10D3E00010FA1ADDFFE7139890ED2E0A9FED5A1AF6
:10D3F00030EE010A80ED2E0A9DED0E0A9FED571AC0
:10D4000030EE010A8DED0E0A9DED060A9FED541ACD
:10D4100030EE010A8DED060AFFE79DED080AB2EE37
:10D42000001AB4EE410AF1EE10FA09DCFFE747F208
:10D430000810C2F2004090F87100032818D3FFE7EB
:10D44000139890ED2E0A9FED471A30EE010A80EDF9
:10D450002E0A9DED100A9FED441A30EE010A8DED63
:10D46000100A9DED060A30EE410A8DED060AFFE72F
:10D47000FFE7FFE79DED0A0ADFED420AB1EE041A6D
:10D4800000F08AF88DED0A0A9DED0B0ADFED3E0AE9
:10D49000CDED010A9FED301A8DED021A00F07CF8F7
:10D4A000DDED010A8DED0B0A9DED0C0AB6EE001ABA
:10D4B0008DED031A00F070F88DED0C0A9DED0E0A4B
:10D4C000DFED320AB0EE041A00F066F8DDED010A75
:10D4D0008DED0E0A9DED0F0A9FED2D1A00F05CF800
:10D4E000DDED010A8DED0F0A9DED100AB7EE001A71
:10D4F00000F052F88DED100A139890ED2E0ADFED32
:10D50000250AB1EE001A00F047F8139880ED2E0AB4
:10D510000AA8E6F705FD9DED023A9DED032A9DED73
:10D52000080A9DED071AA1EE030A47F20811C2F29C
:10D53000004191F8710001EE100AB8EE411AA1EE17
:10D54000020A81ED0A0A0698C862139800F018FBD7
:10D55000FFE714B080BD00BFCDCC4C3D0AD7233CC3
:10D560008FC2753D0AD723BD0AD7A33C8FC2F53CB5
:10D57000E12E65420000F0428FC2753CB81E853D29
:10D580006F12833ACDCCCC3E000000009A99193E30
:10D59000CDCCCC3D9A99193F84B08DED020ACDEDEA
:10D5A000010A8DED001A9DED020A9DED011AB4EEFF
:10D5B000410AF1EE10FA03DAFFE7019803900FE059
:10D5C0009DED020A9DED001AB4EE410AF1EE10FA4B
:10D5D00003DDFFE70098039002E002980390FFE765
:10D5E0009DED030A04B0704781B047F20811C2F202
:10D5F000004148798979884203DBFFE700200090E9
:10D600000EE047F20810C2F20040407900EBC00182
:10D6100048F64030C0F6020000EB81000090FFE7C2
:10D62000009801B07047000082B00190009101980D
:10D630000099401A02B0704780B582B08DF807009B
:10D6400047F20810C2F20040C06C40B1FFE747F259
:10D650000810C2F20040C06CFAF7A6FAFFE747F2E2
:10D660000810C2F200400021017080F8501003221F
:10D6700002719DF807204272C172C06C00F080FAFE
:10D6800002B080BD0000000080B584B00020029090
:10D690008DF80F00FFE79DF80F00032828DCFFE757
:10D6A0009DF80F00C0EBC00145F24070C2F200408F
:10D6B00000EB8100B0F9020000EE100AB8EEC00ADB
:10D6C000FFF72AFD8DED010A9DED010A9DED021A7D
:10D6D000B4EE410AF1EE10FA03DDFFE70198029083
:10D6E000FFE7FFE79DF80F0001308DF80F00D2E74C
:10D6F0009DED020A04B080BD81B000208DF80200CB
:10D70000FFE79DF80200032819DCFFE79DF80200FF
:10D71000C0EBC00145F24070C2F2004000EB810056
:10D720008069042804D8FFE700208DF803000AE090
:10D73000FFE79DF8020001308DF80200E1E70120CB
:10D740008DF80300FFE79DF8030001B0704700006B
:10D7500047F20811C2F20041002048668866C86698
:10D7600081F8700081F8710048618861C8610862C1
:10D7700048628862C862704780B584B002900191A7
:10D780000020C4F2B4200090019890F8440038B909
:10D79000FFE70120FFF750FF00208DF80F005FE04A
:10D7A000FFF7AAFF38B9FFE70320FFF745FF002086
:10D7B0008DF80F0054E0019890ED070AFFF7ACFCDC
:10D7C000B3EE091AB4EE410AF1EE10FA1ADCFFE7E3
:10D7D000019890ED080AFFF79FFCB3EE091AB4EE2A
:10D7E000410AF1EE10FA0DDCFFE7019890ED0D0A09
:10D7F000FFF792FC9FED1C1AB4EE410AF1EE10FA0D
:10D8000007DDFFE70520FFF717FF00208DF80F0069
:10D8100026E0029858B1FFE702980078F9F724FE55
:10D8200028B1FFE70020C4F234200090FFE747F260
:10D830000810C2F2004090ED060A9DED001AB4EE09
:10D84000410AF1EE10FA07DDFFE70520FFF7F4FECD
:10D8500000208DF80F0003E001208DF80F00FFE796
:10D860009DF80F0004B080BD0000FA4300000000E6
:10D8700080B58EB005AA03920D900C9100208DF812
:10D8800013000D9818B1FFE70C9808B9FFE730E1D5
:10D890000D980078F9F7E8FD30B9FFE70D980078AA
:10D8A000F9F71EFE88B1FFE70C9890ED0A0A47F2DF
:10D8B0000810C2F2004090ED181A30EE410A00F054
:10D8C00067FA039880ED060A10E00C9890ED0A0ABA
:10D8D00047F20810C2F2004090ED171A30EE410AEC
:10D8E00000F056FA039880ED060AFFE70D980078DD
:10D8F000F9F71AFE50B1FFE70D9890ED030A9FED7E
:10D900007F1A20EE010A8DED020A04E09FED7A0AEB
:10D910008DED020AFFE703989DED020A80ED040AEF
:10D920000C99496B089190ED040A90ED031A30EEC2
:10D93000410A80ED020A90ED060AFFF7EDFB03981D
:10D9400080ED050A0C9890ED0D0AFFF7E5FB0398B2
:10D9500080ED010AFFF798FE039880ED000A90ED34
:10D96000051A47F20812C2F2004292ED190A30EE8F
:10D97000010A82ED190A90ED021A92ED1A0AA1EE3F
:10D98000010A82ED1A0AD16E0131D16690ED060AC4
:10D990009FED5B1AB4EE410AF1EE10FA04DDFFE7E9
:10D9A00001208DF813000FE0039890ED060A9FED1B
:10D9B000551AB4EE410AF1EE10FA04DAFFE7FF203F
:10D9C0008DF81300FFE7FFE79DF9130030B3FFE781
:10D9D00047F20810C2F2004090F97000F0B1FFE782
:10D9E0009DF9130047F20811C2F2004191F970103D
:10D9F000884213D0FFE747F20810C2F2004090F8C7
:10DA00007100FF280AD0FFE747F20811C2F2004177
:10DA100091F87100013081F87100FFE79DF9130062
:10DA200048B1FFE79DF8130047F20811C2F2004128
:10DA300081F87000FFE703990B9A47F20810C2F2D1
:10DA40000040426191ED050A90ED061AB4EE410ADC
:10DA5000F1EE10FA07DDFFE70A9847F20811C2F26B
:10DA600000418861FFE7039890ED010A47F2081032
:10DA7000C2F2004090ED081AB4EE410AF1EE10FA3D
:10DA800007DDFFE7069847F20811C2F2004108627D
:10DA9000FFE7039890ED000A47F20810C2F2004039
:10DAA00090ED091AB4EE410AF1EE10FA07DDFFE736
:10DAB000059847F20811C2F200414862FFE747F2B9
:10DAC0000810C2F20040C06E98B1FFE747F208109C
:10DAD000C2F20040019090ED1A0A90ED1B1AB8EEC8
:10DAE000411A80EE010A0AF0F7FA019880ED070A60
:10DAF000FFE70EB080BD00BF00000000E12E6542D0
:10DB0000CDCCCC3ECDCCCCBE80B582B001900091C6
:10DB10000098806A47F20811C2F20041C865019876
:10DB20000078F9F7A1FC38B1FFE747F20811C2F21B
:10DB30000041C86D08661DE001980078F9F7D0FC37
:10DB400080B1FFE747F20810C2F2004090ED170ADB
:10DB5000019991ED061A9FED082AA1EE020A80EDC7
:10DB6000180A06E047F20811C2F20041C86D0866C3
:10DB7000FFE7FFE702B080BDE12E65420000000034
:10DB800080B58AB0099001A8E6F77AF9019847F2C2
:10DB90000811C2F200410863029848630398886341
:10DBA0000598C8630698086407984864099830B1D6
:10DBB000FFE7099890ED2E0A8DED000A04E09FED35
:10DBC000070A8DED000AFFE79DED000A47F20810F5
:10DBD000C2F2004080ED120A0AB080BD00000000D1
:10DBE00080B584B003908DF80B10039820B1FFE747
:10DBF0000398F9F7D9FFFFE747F20810C2F2004097
:10DC000001907421E2F71DFD01990398C86400207A
:10DC100081F8500003220A719DF80B204A72C872E5
:10DC2000082088710398FFF7ABFF04B080BD0000A7
:10DC300080B59AB018901791FFF7D6FC16901698F9
:10DC400018B1FFE7189838B9FFE70720FFF7F4FC91
:10DC500000208DF8670095E001A8F4F725FE9DF8F7
:10DC6000480038B9FFE70120FFF7E6FC00208DF8F7
:10DC7000670087E0FFF740FD38B9FFE70320FFF7B3
:10DC8000DBFC00208DF867007CE0FFF761FD169853
:10DC900001A9FFF739FF1898F9F786FF1898169928
:10DCA0000978F9F765FE16980078F9F7DDFB58B3A7
:10DCB000FFE716980078F9F783FC70B1FFE7189832
:10DCC00047F20811C2F2004191ED180A9FED2F1A98
:10DCD00020EE010AF9F74CFF15E01898009047F282
:10DCE0000810C2F2004090ED171A90ED180A30EEBD
:10DCF000410A00F04DF800989FED241A20EE010A29
:10DD0000F9F7A2FEFFE7FFE716980078F9F70CFC99
:10DD100058B1FFE71898169991ED010AD1ED020A62
:10DD200091ED031AF9F7C0FE13E01898169991EDDA
:10DD3000040AD1ED050A91ED061AF9F715FD38B17F
:10DD4000FFE70420FFF778FC00208DF8670019E05A
:10DD5000FFE7179847F20811C2F20041486500201A
:10DD60008865022281F8502091F85020CA72169AD4
:10DD700012788A7208611898FFF702FF01208DF867
:10DD80006700FFE79DF867001AB080BD35FA8E3C4A
:10DD900081B08DED000AFFE79DED000A9FED141A9A
:10DDA000B4EE410AF1EE10FA09DDFFE79DED000A3D
:10DDB0009FED121A30EE010A8DED000AECE7FFE745
:10DDC0009DED000A9FED0B1AB4EE410AF1EE10FA38
:10DDD00009DAFFE79DED000A9FED071A30EE010A10
:10DDE0008DED000AECE79DED000A01B0704700BF21
:10DDF00000003443000034C30000B4430000B4C347
:10DE000080B584B08DF80F0040F2C120C2F200400E
:10DE1000007801460291032800F2AC800299DFE805
:10DE200001F0021C36449DF80F00A52814D1FFE72D
:10DE300040F2C121C2F200410120087044F67C5139
:10DE4000C2F200010020087044F69250C2F2004075
:10DE50002821E2F7D4FBFFE798E09DF80F1044F685
:10DE60007C50C2F2000003785A1C027044F69252B1
:10DE7000C2F20042D1540078282807D3FFE740F2CD
:10DE8000C121C2F2004102200870FFE77EE09DF848
:10DE90000F0044F6BA51C2F20041087040F2C121AD
:10DEA000C2F200410320087070E09DF80F005A286C
:10DEB00054D1FFE700208DF80E008DF80D00FFE72C
:10DEC0009DF80D00272813D8FFE79DF80D1044F6A4
:10DED0009250C2F20040415C9DF80E0008448DF85B
:10DEE0000E00FFE79DF80D0001308DF80D00E7E70B
:10DEF0009DF80E0044F6EC52C2F2004282F829006E
:10DF000044F6BA51C2F20041087882F82A009DF81E
:10DF10000E000978884210D1FFE7EDF755FC44F672
:10DF2000EC51C2F20041C862012081F8280044F699
:10DF30003D51C2F2000108700FE044F6EC51C2F20C
:10DF400000410191086B01300863EDF73DFC019938
:10DF50004863002081F82800FFE7FFE740F2C12175
:10DF6000C2F200410020087044F67C51C2F2000168
:10DF700008700BE040F2C121C2F20041002008709D
:10DF800044F67C51C2F200010870FFE704B080BD86
:10DF900080B545F20460C2F20040F2F7ADFE80BDEC
:10DFA00080B545F64C60C2F20000F2F7A5FE80BDD8
:10DFB00080B545F29860C2F20040F2F79DFE80BD48
:10DFC00082B001900198406E40B9FFE701990120AD
:10DFD000A1F86A000199A1F8680032E010208DF8DC
:10DFE00003008DF80200019800688068C0F3426069
:10DFF0008DF80100019800688068400F8DF80000DE
:10E000009DF802009DF8002048F25C53C0F6020320
:10E01000995C484348F25451C0F602018A5CB0FB57
:10E02000F2F0019AA2F86A009DF803009DF8012021
:10E030009B5C5843895CB0FBF1F00199A1F8680042
:10E04000FFE702B07047000081B00090009890F8A0
:10E050002800000700280BD5FFE7009800684068FB
:10E0600020F40040009A1168926B10434860FFE76B
:10E07000009890F82800C00758B1FFE700980068A2
:10E08000406820F40030009A1168D26A104348605A
:10E09000FFE7009890F82800800700280BD5FFE7DD
:10E0A00000980068406820F48030009A1168126B74
:10E0B00010434860FFE7009890F8280040070028C8
:10E0C0000BD5FFE700980068406820F48020009A94
:10E0D0001168526B10434860FFE7009890F82800E1
:10E0E000C00600280BD5FFE700980068806820F480
:10E0F0008050009A1168D26B10438860FFE7009847
:10E1000090F82800800600280BD5FFE700980068EB
:10E11000806820F40050009A1168126C10438860E7
:10E12000FFE7009890F82800400600281CD5FFE77C
:10E1300000980068406820F48010009A1168526CC2
:10E14000104348600098406CB0F5801F0BD1FFE78A
:10E1500000980068406820F4C000009A1168926C32
:10E1600010434860FFE7FFE7009890F8280000069A
:10E1700000280BD5FFE700980068406820F40020D5
:10E18000009A1168D26C10434860FFE701B07047F5
:10E1900080B588B0069006990020C1F89000EDF790
:10E1A00013FB0590069800680068000700282FD52B
:10E1B000FFE70698059B6A466FF07E4111604FF4B9
:10E1C0000011002201F0D4FE08B3FFE7FFE7FFE7EC
:10E1D0000698006850E8000F20F080000490FFE7E8
:10E1E00004990698026842E800100028F0D1FFE781
:10E1F000FFE706992020C1F88800FFE70699002074
:10E2000081F88400FFE703208DF81F005FE0FFE73F
:10E210000698006800684007002842D5FFE7069886
:10E22000059B6A466FF07E4111604FF48001002229
:10E2300001F09EFEA0B3FFE7FFE7FFE70698006846
:10E2400050E8000F20F490700390FFE703990698C0
:10E25000026842E800100028F0D1FFE7FFE7FFE77F
:10E26000FFE70698006850E8020F20F001000290D6
:10E27000FFE702990698026842E802100028F0D1F0
:10E28000FFE7FFE706992020C1F88C00FFE7069919
:10E29000002081F88400FFE703208DF81F0016E0BE
:10E2A000FFE706992020C1F888000699C1F88C0084
:10E2B00006990020C86606990867FFE706990020BE
:10E2C00081F88400FFE700208DF81F00FFE79DF82C
:10E2D0001F0008B080BD000080B582B00190019899
:10E2E000806B009000990020A1F85E000098F2F782
:10E2F000BBFC02B080BD000080B584B003900398E1
:10E30000806B02900298D0F8880001900298D0F8B3
:10E310008C000090029800688068000600280CD5E8
:10E32000FFE70198212808D1FFE702990020A1F812
:10E330005600029800F02CF9FFE702980068806808
:10E34000400600280CD5FFE70098222808D1FFE7F7
:10E3500002990020A1F85E00029800F0A5F8FFE7FE
:10E360000299D1F8900040F01000C1F89000029896
:10E37000F2F77AFC04B080BD80B586B005900598B0
:10E38000806B04900598C069B0F5807F5BD0FFE793
:10E3900004990020A1F85E00FFE7FFE704980068F9
:10E3A00050E8000F20F480700390FFE70399049871
:10E3B000026842E800100028F0D1FFE7FFE7FFE71E
:10E3C000FFE70498006850E8020F20F00100029077
:10E3D000FFE702990498026842E802100028F0D191
:10E3E000FFE7FFE7FFE7FFE70498006850E8020F48
:10E3F00020F040000190FFE701990498026842E88C
:10E4000002100028F0D1FFE7FFE704992020C1F8AF
:10E410008C000498C06E012814D1FFE7FFE7FFE7E6
:10E420000498006850E8000F20F010000090FFE70B
:10E4300000990498026842E800100028F0D1FFE734
:10E44000FFE7FFE7FFE70499002008670498C06E24
:10E45000012806D1FFE70498B0F85C10F2F700FA43
:10E4600003E00498F3F750FAFFE706B080BD000020
:10E4700080B582B001900198806B009000990120D6
:10E4800008670098C06E012807D1FFE70098B0F830
:10E490005C104908F2F7E4F903E00098F3F758FA42
:10E4A000FFE702B080BD000084B00390FFE7FFE704
:10E4B0000398006850E8000F20F490700290FFE786
:10E4C00002990398026842E800100028F0D1FFE7A3
:10E4D000FFE7FFE7FFE70398006850E8020F4FF6F9
:10E4E000FE71CEF6FF7108400190FFE70199039895
:10E4F000026842E802100028EDD1FFE7FFE7039829
:10E50000C06E012814D1FFE7FFE7FFE7039800681A
:10E5100050E8000F20F010000090FFE700990398EA
:10E52000026842E800100028F0D1FFE7FFE7FFE7AC
:10E5300003992020C1F88C0003990020C866039934
:10E54000486704B07047000080B582B00190FFE7D3
:10E55000FFE70198006850E8000F20F040000090AD
:10E56000FFE700990198026842E800100028F0D106
:10E57000FFE7FFE701992020C1F8880001990020FA
:10E5800088670198F3F71CFB02B080BD0000000013
:10E5900083B00290FFE7FFE70298006850E8000FA1
:10E5A00020F0C0000190FFE701990298026842E85C
:10E5B00000100028F0D1FFE7FFE7FFE7FFE7029830
:10E5C000006850E8020F20F400000090FFE7009977
:10E5D0000298026842E802100028F0D1FFE7FFE746
:10E5E00002992020C1F8880003B0704700000000A5
:10E5F00080B588B007900798B0F86000ADF81600B5
:10E600000798D0F88C00222840F0AB80FFE70798ED
:10E610000068406AADF814000798806D0690BDF858
:10E620001400BDF816100840069908800799886DF7
:10E63000023088650799B1F85E000138A1F85E00E4
:10E640000798B0F85E00002840F08A80FFE7FFE7F7
:10E65000FFE70798006850E8000F20F490700490DE
:10E66000FFE704990798026842E800100028F0D1FB
:10E67000FFE7FFE7FFE7FFE70798006850E8020FB2
:10E6800020F001000390FFE703990798026842E831
:10E6900002100028F0D1FFE7FFE707992020C1F81A
:10E6A0008C00079900204867079908670798006859
:10E6B00040F60041C5F6000188421CD0FFE70798EC
:10E6C000006840680002002814D5FFE7FFE7FFE775
:10E6D0000798006850E8000F20F080600290FFE784
:10E6E00002990798026842E800100028F0D1FFE77D
:10E6F000FFE7FFE7FFE70798C06E01282BD1FFE790
:10E7000007990020C866FFE7FFE70798006850E810
:10E71000000F20F010000190FFE7019907980268B0
:10E7200042E800100028F0D1FFE7FFE707980068F3
:10E73000C06900F010010120B0EB111F05D1FFE707
:10E740000798016810200862FFE70798B0F85C108E
:10E75000F2F786F803E00798F3F7D6F8FFE7FFE74C
:10E7600006E007980168886940F008008861FFE7C3
:10E7700008B080BD0000000080B58EB00D900D98EF
:10E78000B0F86000ADF82E000D980068C0690990DF
:10E790000D980068006808900D98006880680790E0
:10E7A0000D98D0F88C00222840F06181FFE70D9889
:10E7B000B0F86800ADF82A00FFE7BDF82A10002085
:10E7C000009031B1FFE79DF82400C0F340100090A5
:10E7D000FFE70098C007002800F00A81FFE70D98C6
:10E7E0000068406AADF82C000D98806D0C90BDF863
:10E7F0002C00BDF82E1008400C9908800D99886DEA
:10E80000023088650D99B1F85E000138A1F85E000C
:10E810000D980068C06909909DF824004007002801
:10E8200052D0FFE79DF82400C00788B1FFE79DF8AC
:10E830002100C00760B1FFE70D9801680120086260
:10E840000D99D1F8900040F00100C1F89000FFE769
:10E850009DF824008007002811D5FFE79DF81C00D3
:10E86000C00760B1FFE70D980168022008620D99AA
:10E87000D1F8900040F00400C1F89000FFE79DF847
:10E8800024004007002811D5FFE79DF81C00C007B1
:10E8900060B1FFE70D980168042008620D99D1F876
:10E8A000900040F00200C1F89000FFE70D98D0F80A
:10E8B000900040B1FFE70D98F2F7D6F90D990020CE
:10E8C000C1F89000FFE7FFE70D98B0F85E00002860
:10E8D00040F08D80FFE7FFE7FFE70D98006850E804
:10E8E000000F20F480700690FFE706990D980268EB
:10E8F00042E800100028F0D1FFE7FFE7FFE7FFE75D
:10E900000D98006850E8020F4FF6FE71CEF6FF71C9
:10E9100008400590FFE705990D98026842E802104B
:10E920000028EDD1FFE7FFE70D992020C1F88C000A
:10E930000D99002048670D9908670D98006840F60A
:10E940000041C5F6000188421CD0FFE70D98006821
:10E9500040680002002814D5FFE7FFE7FFE70D98A5
:10E96000006850E8000F20F080600490FFE70499F1
:10E970000D98026842E800100028F0D1FFE7FFE799
:10E98000FFE7FFE70D98C06E01282BD1FFE70D9937
:10E990000020C866FFE7FFE70D98006850E8000F09
:10E9A00020F010000390FFE703990D98026842E8F9
:10E9B00000100028F0D1FFE7FFE70D980068C0695C
:10E9C00000F010010120B0EB111F05D1FFE70D98F9
:10E9D000016810200862FFE70D98B0F85C10F1F7AD
:10E9E0003FFF03E00D98F2F78FFFFFE700E0E4E65A
:10E9F0000D98B0F85E00ADF82800BDF82800A8B367
:10EA0000FFE7BDF828000D99B1F8681088422DDAAB
:10EA1000FFE7FFE7FFE70D98006850E8020F20F0DE
:10EA200080500290FFE702990D98026842E80210B8
:10EA30000028F0D1FFE7FFE70D994EF2F150C0F644
:10EA400001004867FFE7FFE70D98006850E8000FF6
:10EA500040F020000190FFE701990D98026842E81C
:10EA600000100028F0D1FFE7FFE7FFE706E00D9870
:10EA70000168886940F008008861FFE70EB080BD3A
:10EA800080B586B005900598B0F86000ADF812002A
:10EA90000598D0F88C00222840F0A980FFE705985F
:10EAA0000068406AADF81000BDF810009DF8121023
:10EAB00008400599896D08700599886D0130886551
:10EAC0000599B1F85E000138A1F85E000598B0F82C
:10EAD0005E00002840F08A80FFE7FFE7FFE7059827
:10EAE000006850E8000F20F490700390FFE703994E
:10EAF0000598026842E800100028F0D1FFE7FFE720
:10EB0000FFE7FFE70598006850E8020F20F00100DA
:10EB10000290FFE702990598026842E80210002877
:10EB2000F0D1FFE7FFE705992020C1F88C00059997
:10EB300000204867059908670598006840F600417D
:10EB4000C5F6000188421CD0FFE7059800684068C0
:10EB50000002002814D5FFE7FFE7FFE705980068EB
:10EB600050E8000F20F080600190FFE701990598C0
:10EB7000026842E800100028F0D1FFE7FFE7FFE756
:10EB8000FFE70598C06E01282BD1FFE7059900200B
:10EB9000C866FFE7FFE70598006850E8000F20F01F
:10EBA00010000090FFE700990598026842E8001005
:10EBB0000028F0D1FFE7FFE705980068C06900F082
:10EBC00010010120B0EB111F05D1FFE70598016886
:10EBD00010200862FFE70598B0F85C10F1F740FEDE
:10EBE00003E00598F2F790FEFFE7FFE706E00598DF
:10EBF0000168886940F008008861FFE706B080BDC1
:10EC000080B58EB00D900D98B0F86000ADF8320070
:10EC10000D980068C0690A900D9800680068099016
:10EC20000D980068806808900D98D0F88C00222814
:10EC300040F05F81FFE70D98B0F86800ADF82E0056
:10EC4000FFE7BDF82E100020019031B1FFE79DF8DD
:10EC50002800C0F340100190FFE70198C00700288A
:10EC600000F00881FFE70D980068406AADF83000B9
:10EC7000BDF830009DF8321008400D99896D08707C
:10EC80000D99886D013088650D99B1F85E000138E5
:10EC9000A1F85E000D980068C0690A909DF82800F0
:10ECA0004007002852D0FFE79DF82800C00788B130
:10ECB000FFE79DF82500C00760B1FFE70D980168E8
:10ECC000012008620D99D1F8900040F00100C1F8D0
:10ECD0009000FFE79DF828008007002811D5FFE786
:10ECE0009DF82000C00760B1FFE70D980168022081
:10ECF00008620D99D1F8900040F00400C1F890002E
:10ED0000FFE79DF828004007002811D5FFE79DF890
:10ED10002000C00760B1FFE70D9801680420086279
:10ED20000D99D1F8900040F00200C1F89000FFE783
:10ED30000D98D0F8900040B1FFE70D98F1F794FFDF
:10ED40000D990020C1F89000FFE7FFE70D98B0F89B
:10ED50005E00002840F08D80FFE7FFE7FFE70D9899
:10ED6000006850E8000F20F480700790FFE70799D3
:10ED70000D98026842E800100028F0D1FFE7FFE795
:10ED8000FFE7FFE70D98006850E8020F4FF6FE71AD
:10ED9000CEF6FF7108400690FFE706990D980268CD
:10EDA00042E802100028EDD1FFE7FFE70D9920208F
:10EDB000C1F88C000D99002048670D9908670D98DF
:10EDC000006840F60041C5F6000188421CD0FFE70C
:10EDD0000D98006840680002002814D5FFE7FFE79F
:10EDE000FFE70D98006850E8000F20F08060059064
:10EDF000FFE705990D98026842E800100028F0D15D
:10EE0000FFE7FFE7FFE7FFE70D98C06E01282BD172
:10EE1000FFE70D990020C866FFE7FFE70D9800683F
:10EE200050E8000F20F010000490FFE704990D98BF
:10EE3000026842E800100028F0D1FFE7FFE70D98D4
:10EE40000068C06900F010010120B0EB111F05D16E
:10EE5000FFE70D98016810200862FFE70D98B0F8F1
:10EE60005C10F1F7FDFC03E00D98F2F74DFDFFE7B4
:10EE700000E0E6E60D98B0F85E00ADF82C00BDF8B5
:10EE80002C00A8B3FFE7BDF82C000D99B1F868106D
:10EE900088422DDAFFE7FFE7FFE70D98006850E8AA
:10EEA000020F20F080500390FFE703990D9802684D
:10EEB00042E802100028F0D1FFE7FFE70D994EF677
:10EEC0008120C0F601004867FFE7FFE70D98006862
:10EED00050E8000F40F020000290FFE702990D98E3
:10EEE000026842E800100028F0D1FFE7FFE7FFE7E3
:10EEF00006E00D980168886940F008008861FFE726
:10EF00000EB080BD0000000080B59EB01D900020B6
:10EF10008DF867001D98006840F60041C5F60001B5
:10EF2000884201D1FFE700E0FFE71D9988680B697F
:10EF30004A69C9691843104308431C901D9800682A
:10EF4000006846F6F311CCF6FF7108401C9908439F
:10EF50001D99096808601D980068406820F44050B9
:10EF60001D9A1168D268104348601D9880691C90F2
:10EF70001D98006840F60041C5F60001884206D0A1
:10EF8000FFE71D98016A1C9808431C90FFE71D9835
:10EF9000006880684FF2FF41C1F2FF1108401C99E0
:10EFA00008431D99096888601D980068C06A20F0B0
:10EFB0000F001D9A1168526A1043C862FFE71D983E
:10EFC000006841F20001C4F20101884240F0418032
:10EFD000FFE744F25440C5F60200006800F0380034
:10EFE0000146109128282FD81099DFE801F0152D3F
:10EFF0002D2D2D2D2D2D192D2D2D2D2D2D2D1D2D65
:10F000002D2D2D2D2D2D212D2D2D2D2D2D2D252D44
:10F010002D2D2D2D2D2D290001208DF86D0017E0AF
:10F0200004208DF86D0013E008208DF86D000FE0CE
:10F0300010208DF86D000BE020208DF86D0007E0AA
:10F0400040208DF86D0003E080208DF86D00FFE713
:10F050006CE21D98006844F20041C4F2000188424D
:10F060002ED1FFE744F25440C5F60200006800F0DC
:10F07000070001460F9105281DD80F99DFE801F020
:10F0800003070B0F131700208DF86D0017E0042005
:10F090008DF86D0013E008208DF86D000FE0102052
:10F0A0008DF86D000BE020208DF86D0007E040200A
:10F0B0008DF86D0003E080208DF86D00FFE734E2ED
:10F0C0001D98006844F60001C4F2000188422ED168
:10F0D000FFE744F25440C5F60200006800F0070064
:10F0E00001460E9105281DD80E99DFE801F00307AF
:10F0F0000B0F131700208DF86D0017E004208DF81A
:10F100006D0013E008208DF86D000FE010208DF8E1
:10F110006D000BE020208DF86D0007E040208DF899
:10F120006D0003E080208DF86D00FFE7FCE11D9885
:10F13000006844F60041C4F2000188422ED1FFE786
:10F1400044F25440C5F60200006800F00700014692
:10F150000D9105281DD80D99DFE801F003070B0F6D
:10F16000131700208DF86D0017E004208DF86D0056
:10F1700013E008208DF86D000FE010208DF86D0071
:10F180000BE020208DF86D0007E040208DF86D0029
:10F1900003E080208DF86D00FFE7C4E11D98006852
:10F1A00045F20001C4F2000188422ED1FFE744F28B
:10F1B0005440C5F60200006800F0070001460C91BB
:10F1C00005281DD80C99DFE801F003070B0F131772
:10F1D00000208DF86D0017E004208DF86D0013E01D
:10F1E00008208DF86D000FE010208DF86D000BE009
:10F1F00020208DF86D0007E040208DF86D0003E0C1
:10F2000080208DF86D00FFE78CE11D98006841F2C9
:10F210000041C4F20101884240F04180FFE744F21E
:10F220005440C5F60200006800F0380001460B911A
:10F2300028282FD80B99DFE801F0152D2D2D2D2D25
:10F240002D2D192D2D2D2D2D2D2D1D2D2D2D2D2D12
:10F250002D2D212D2D2D2D2D2D2D252D2D2D2D2DF2
:10F260002D2D290001208DF86D0017E004208DF868
:10F270006D0013E008208DF86D000FE010208DF870
:10F280006D000BE020208DF86D0007E040208DF828
:10F290006D0003E080208DF86D00FFE741E11D98CF
:10F2A000006847F60001C4F2000188422ED1FFE752
:10F2B00044F25440C5F60200006800F00700014621
:10F2C0000A9105281DD80A99DFE801F003070B0F02
:10F2D000131700208DF86D0017E004208DF86D00E5
:10F2E00013E008208DF86D000FE010208DF86D0000
:10F2F0000BE020208DF86D0007E040208DF86D00B8
:10F3000003E080208DF86D00FFE709E11D9800689B
:10F3100047F60041C4F2000188422ED1FFE744F2D3
:10F320005440C5F60200006800F00700014609914C
:10F3300005281DD80999DFE801F003070B0F131703
:10F3400000208DF86D0017E004208DF86D0013E0AB
:10F3500008208DF86D000FE010208DF86D000BE097
:10F3600020208DF86D0007E040208DF86D0003E04F
:10F3700080208DF86D00FFE7D1E01D98006841F610
:10F380000001C4F20101884240F04180FFE744F2ED
:10F390005440C5F60200006800F0380001460891AC
:10F3A00028282FD80899DFE801F0152D2D2D2D2DB7
:10F3B0002D2D192D2D2D2D2D2D2D1D2D2D2D2D2DA1
:10F3C0002D2D212D2D2D2D2D2D2D252D2D2D2D2D81
:10F3D0002D2D290001208DF86D0017E004208DF8F7
:10F3E0006D0013E008208DF86D000FE010208DF8FF
:10F3F0006D000BE020208DF86D0007E040208DF8B7
:10F400006D0003E080208DF86D00FFE786E01D9819
:10F41000006841F60041C4F20101884240F0418099
:10F42000FFE744F25440C5F60200006800F03800DF
:10F430000146079128282FD80799DFE801F0152DFC
:10F440002D2D2D2D2D2D192D2D2D2D2D2D2D1D2D10
:10F450002D2D2D2D2D2D212D2D2D2D2D2D2D252DF0
:10F460002D2D2D2D2D2D290001208DF86D0017E05B
:10F4700004208DF86D0013E008208DF86D000FE07A
:10F4800010208DF86D000BE020208DF86D0007E056
:10F4900040208DF86D0003E080208DF86D00FFE7BF
:10F4A0003BE01D98006840F60041C5F60001884227
:10F4B0002ED1FFE744F25840C5F60200006800F084
:10F4C00007000146069105281DD80699DFE801F0DE
:10F4D00003070B0F131702208DF86D0017E00420AF
:10F4E0008DF86D0013E008208DF86D000FE01020FE
:10F4F0008DF86D000BE020208DF86D0007E04020B6
:10F500008DF86D0003E080208DF86D00FFE703E0CB
:10F5100080208DF86D00FFE7FFE7FFE7FFE7FFE7DB
:10F52000FFE7FFE7FFE7FFE7FFE7FFE7FFE71D98DC
:10F53000006840F60041C5F60001884240F0B48002
:10F54000FFE79DF86D0001460591022814D0FFE702
:10F550000598042814D0FFE70598082816D0FFE77F
:10F560000598102818D0FFE70598202835D0FFE728
:10F570000598402837D03AE0EDF7C6FC11903CE002
:10F5800015A8EDF7D5FC1698119036E012A8EDF706
:10F5900027FE1398119030E044F20040C5F60200B7
:10F5A000006800F020010020B0EB511F0ED0FFE7F3
:10F5B00044F20040C5F602000068C0F3C10149F200
:10F5C0000000C0F2D030C840119005E049F20000C0
:10F5D000C0F2D0301190FFE70FE040F60010C0F20B
:10F5E0003D00119009E04FF40040119005E000202B
:10F5F000119001208DF86700FFE71198002852D084
:10F60000FFE711981D994A6A48F26451C0F6020159
:10F6100031F81210B0FBF1F0189018981D99496854
:10F6200001EB4101884207D3FFE718981D9949680B
:10F63000B0EB013F04D9FFE701208DF8670031E00E
:10F6400011981D994A6803924A6A48F26451C0F6BB
:10F65000020131F81220002304931946E0F7E0FE7E
:10F66000039A049B090241EA1061000210EB520068
:10F6700041F10001E0F7D4FE1A901A98B0F5407FEE
:10F680000BD3FFE71A990020B0EB115F05D1FFE71C
:10F690001A981D990968C86003E001208DF8670079
:10F6A000FFE7FFE7FFE746E11D98C069B0F5004FAF
:10F6B00040F0A880FFE79DF86D00014602914028C8
:10F6C00000F263800299DFE801F021256060296083
:10F6D00060602F6060606060606035606060606086
:10F6E0006060606060606060606056606060606024
:10F6F000606060606060606060606060606060600A
:10F70000606060606060606060605C00EFF774F98A
:10F71000119040E0EFF784F911903CE015A8EDF767
:10F7200007FC1698119036E012A8EDF759FD1398D2
:10F73000119030E044F20040C5F60200006800F08D
:10F7400020010020B0EB511F0ED0FFE744F2004033
:10F75000C5F602000068C0F3C10149F20000C0F222
:10F76000D030C840119005E049F20000C0F2D0301E
:10F770001190FFE70FE040F60010C0F23D0011903D
:10F7800009E04FF40040119005E0002011900120A5
:10F790008DF86700FFE7119898B3FFE711981D9A5D
:10F7A0005168536A48F26452C0F6020232F81320DC
:10F7B000B0FBF2F0400000EB5100B0FBF1F01A900A
:10F7C0001A98102818D3FFE7BDF86A00A0B9FFE720
:10F7D0001A9820F00F00ADF86E001A9800F00E0194
:10F7E000BDF86E0040EA5100ADF86E00BDF86E0045
:10F7F0001D990968C86003E001208DF86700FFE7E4
:10F80000FFE797E09DF86D0001460191402800F266
:10F8100063800199DFE801F0212560602960606064
:10F820002F60606060606060356060606060606034
:10F8300060606060606060605660606060606060D2
:10F8400060606060606060606060606060606060B8
:10F8500060606060606060605C00EFF7CDF8119000
:10F8600040E0EFF7DDF811903CE015A8EDF760FB04
:10F870001698119036E012A8EDF7B2FC139811908B
:10F8800030E044F20040C5F60200006800F02001BC
:10F890000020B0EB511F0ED0FFE744F20040C5F648
:10F8A00002000068C0F3C10149F20000C0F2D0308C
:10F8B000C840119005E049F20000C0F2D03011902C
:10F8C000FFE70FE040F60010C0F23D00119009E0A4
:10F8D0004FF40040119005E00020119001208DF8B8
:10F8E0006700FFE7119820B3FFE711981D9A516850
:10F8F000536A48F26452C0F6020232F81320B0FB99
:10F90000F2F000EB5100B0FBF1F01A901A981028B9
:10F910000AD3FFE7BDF86A0030B9FFE7BDF8680019
:10F920001D990968C86003E001208DF86700FFE7B2
:10F93000FFE7FFE7FFE71D990120A1F86A001D9985
:10F94000A1F868001D99002048671D9988679DF8F7
:10F9500067001EB080BD000080B588B0069005919C
:10F96000ADF81220059806998865BDF81200069931
:10F97000A1F85C0006990020C1F8900006992220A9
:10F98000C1F88C000698D0F88000B0B3FFE7069865
:10F99000D0F880104EF27930C0F60100C8630698A6
:10F9A000D0F880104EF27140C0F60100086406984D
:10F9B000D0F880104EF2F920C0F60100C864069815
:10F9C000D0F880100020086506980168826DD0F894
:10F9D00080002431BDF81230E9F742FF60B1FFE743
:10F9E00006991020C1F8900006992020C1F88C00DB
:10F9F00001208DF81F0042E0FFE706980069A0B1E2
:10FA0000FFE7FFE7FFE70698006850E8000F40F4C3
:10FA100080700390FFE703990698026842E800109F
:10FA20000028F0D1FFE7FFE7FFE7FFE7FFE70698D1
:10FA3000006850E8020F40F001000290FFE70299D1
:10FA40000698026842E802100028F0D1FFE7FFE7BD
:10FA5000FFE7FFE70698006850E8020F40F040001B
:10FA60000190FFE701990698026842E80210002819
:10FA7000F0D1FFE7FFE700208DF81F00FFE79DF8BA
:10FA80001F0008B080BD000088B007900691ADF857
:10FA90001620069807998865BDF816000799A1F801
:10FAA0005C00BDF816000799A1F85E0007990020D8
:10FAB0004867FFE707988068B0F5805F10D1FFE7DF
:10FAC0000798006930B9FFE7079940F2FF10A1F8E5
:10FAD000600004E00799FF20A1F86000FFE72EE036
:10FAE0000798806878B9FFE70798006928B9FFE7A9
:10FAF0000799FF20A1F8600004E007997F20A1F892
:10FB00006000FFE71AE007988068B0F1805F0FD1CE
:10FB1000FFE70798006928B9FFE707997F20A1F858
:10FB2000600004E007993F20A1F86000FFE704E0CF
:10FB300007990020A1F86000FFE7FFE7FFE7FFE774
:10FB400007990020C1F8900007992220C1F88C0085
:10FB5000FFE7FFE70798006850E8020F40F0010058
:10FB60000490FFE704990798026842E80210002811
:10FB7000F0D1FFE7FFE70798406EB0F1005F4CD18E
:10FB8000FFE7BDF816000799B1F86810884244DB1A
:10FB9000FFE707988068B0F5805F0BD1FFE7079813
:10FBA000006938B9FFE707994EF27970C0F6010095
:10FBB000486706E007994EF60140C0F60100486725
:10FBC000FFE707980069A0B1FFE7FFE7FFE70798A5
:10FBD000006850E8000F40F480700390FFE703993D
:10FBE0000798026842E800100028F0D1FFE7FFE71D
:10FBF000FFE7FFE7FFE70798006850E8020F40F0D3
:10FC000080500290FFE702990798026842E80210CC
:10FC10000028F0D1FFE7FFE744E007988068B0F5DF
:10FC2000805F0BD1FFE70798006938B9FFE70799B4
:10FC30004EF2F150C0F60100486706E007994EF613
:10FC40008120C0F601004867FFE707980069A0B16E
:10FC5000FFE7FFE7FFE70798006850E8000F40F470
:10FC600090700190FFE701990798026842E8001040
:10FC70000028F0D1FFE7FFE713E0FFE7FFE7079871
:10FC8000006850E8000F40F020000090FFE7009966
:10FC90000798026842E800100028F0D1FFE7FFE76C
:10FCA000FFE7FFE7002008B07047000000000000F9
:10FCB00084B003900398D0F88800212842D1FFE750
:10FCC0000398B0F8560038BBFFE7FFE7FFE703985B
:10FCD000006850E8000F20F080000190FFE70199D4
:10FCE0000398026842E800100028F0D1FFE7FFE720
:10FCF000FFE7FFE70398006850E8000F40F040007E
:10FD00000090FFE700990398026842E8001000287D
:10FD1000F0D1FFE7FFE714E00398006D029002982E
:10FD200000886FF35F200399096888620399086D62
:10FD3000023008650399B1F856000138A1F8560061
:10FD4000FFE7FFE704B0704785B004900498D0F84F
:10FD5000880021285DD1FFE70498B0F86A00ADF86B
:10FD60000A00FFE7BDF80A00002851D0FFE7049819
:10FD7000B0F8560038BBFFE7FFE7FFE704980068DC
:10FD800050E8020F20F400000190FFE70199049869
:10FD9000026842E802100028F0D1FFE7FFE7FFE722
:10FDA000FFE70498006850E8000F40F04000009022
:10FDB000FFE700990498026842E800100028F0D19B
:10FDC000FFE7FFE724E004980068C0690006002808
:10FDD00015D5FFE70498006D0390039800886FF332
:10FDE0005F200499096888620499086D02300865EB
:10FDF0000499B1F856000138A1F8560000E0FFE779
:10FE0000FFE7FFE7BDF80A000138ADF80A00A9E7EF
:10FE1000FFE705B07047000083B002900298D0F869
:10FE2000880021283DD1FFE70298B0F8560038BB82
:10FE3000FFE7FFE7FFE70298006850E8000F20F0B7
:10FE400080000190FFE701990298026842E80010E3
:10FE50000028F0D1FFE7FFE7FFE7FFE7029800681F
:10FE600050E8000F40F040000090FFE70099029832
:10FE7000026842E800100028F0D1FFE7FFE70FE03A
:10FE800002980168006D007888620299086D01305F
:10FE900008650299B1F856000138A1F85600FFE74D
:10FEA000FFE703B07047000084B003900398D0F8D8
:10FEB0008800212858D1FFE70398B0F86A00ADF810
:10FEC0000A00FFE7BDF80A0000284CD0FFE70398BE
:10FED000B0F8560038BBFFE7FFE7FFE7039800687C
:10FEE00050E8020F20F400000190FFE70199039809
:10FEF000026842E802100028F0D1FFE7FFE7FFE7C1
:10FF0000FFE70398006850E8000F40F040000090C1
:10FF1000FFE700990398026842E800100028F0D13A
:10FF2000FFE7FFE71FE003980068C06900060028AC
:10FF300010D5FFE703980168006D00788862039987
:10FF4000086D013008650399B1F856000138A1F831
:10FF5000560000E0FFE7FFE7FFE7BDF80A000138C1
:10FF6000ADF80A00AEE7FFE704B0704700000000FC
:10FF700080B586B0DDF820C0049003918DF80B2089
:10FF80000193FFE704980068C06903990840401A8C
:10FF9000B0FA80F040099DF80B10884266D1FFE767
:10FFA00008980130002860D0FFE7EBF70DFC0199BD
:10FFB000401A0899884203D8FFE7089820B9FFE75C
:10FFC00003208DF8170055E004980068006840078A
:10FFD000002849D5FFE70398802845D0FFE703981C
:10FFE000402841D0FFE704980068C06900F008018C
:10FFF0000120B0EBD10F16D1FFE70498016808206B
:020000040802F0
:10000000009008620498FEF74FFA00980499C1F82E
:100010009000FFE70499002081F88400FFE70120A9
:100020008DF8170026E004980068C06900F40061AC
:100030000120B0EBD12F16D1FFE7049801684FF4EF
:10004000006008620498FEF72FFA04992020C1F896
:100050009000FFE70499002081F88400FFE7032067
:100060008DF8170006E0FFE7FFE78BE700208DF82B
:100070001700FFE79DF8170006B080BD00000000E4
:1000800080B545F27050C2F20040F0F735FE80BDF9
:1000900080B545F6B850C2F20000F0F72DFE80BDE5
:1000A00080B586B000208DF80B00EBF78DFB049037
:1000B000EFF3108072B6059044F6EC50C2F20040A7
:1000C000C06A039040F20800C2F20040007830B3EA
:1000D000FFE7039818B3FFE748F28C10C2F2004024
:1000E0000078E0B9FFE704980399401AB0F5967FCD
:1000F00015D9FFE748F28C11C2F2004101200870C7
:10010000049948F29012C2F20042116044F6EC5198
:10011000C2F2004181F838008DF80B00FFE762B6AB
:100120009DF80B00A0B1FFE745F26C30C2F2004031
:10013000F7F73AFD44F65870C2F20000F6F710F9EE
:1001400000200190E2F76CF80198FCF7A1FDFFE7B1
:1001500006B080BD0000000080B586B004908DF828
:100160000F100498D0F8C80201900498D0F8D41267
:1001700000EB8100D0F8C00220B9FFE703208DF822
:1001800017005FE00498D0F8D41200EB8100D0F89B
:10019000C002029004989DF80F1001F00F0101EBCE
:1001A000810100EB8100806940B3FFE704989DF86E
:1001B0000F1001F00F0101EB810200EB8200826958
:1001C000019801EBC10100EB8100C169B2FBF1F0C4
:1001D00000FB112090B9FFE704989DF80F1001F083
:1001E0000F0101EB810100EB810000238361049882
:1001F0009DF80F101A4601F003FE1FE0029900203F
:10020000C1F814020498D0F8D41200EB8100D0F8A1
:10021000C402006988B1FFE70498D0F8D41200EB5B
:100220008100D0F8C40203690299D1F8080201F5EF
:1002300004719DF80F209847FFE7FFE700208DF835
:100240001700FFE79DF8170006B080BD0000000012
:1002500080B584B002908DF807100298D0F8D412BF
:1002600000EB8100D0F8C00200900298D0F8D412C0
:1002700000EB8100D0F8C00220B9FFE703208DF821
:100280000F0019E002989DF8071001F029FB009972
:10029000C1F80C020298D0F8D41200EB8100D0F81B
:1002A000C402C2680099D1F8040201F503719047B5
:1002B00000208DF80F00FFE79DF80F0004B080BD0F
:1002C00080B586B005908DF81310059840F20101B5
:1002D000C2F200410091097801F016F900990598E1
:1002E000097801F00F0101EB810100EB8101002091
:1002F00003908884059840F20001C2F20001019148
:10030000097801F001F9019A03980599127802F031
:100310000F0202EB820201EB8201A1F86401059851
:1003200040F20001C2F200410291097801F0ECF8BC
:10033000029A03980599137803F00F0303EB8303E4
:1003400001EB830188840599127802F00F0202EB19
:10035000820201EB8201C8840598D0F8D41200EB28
:100360008100D0F8C002F0B1FFE70598D0F8D412B0
:1003700000EB8100D0F8C402406880470598D0F8AF
:10038000D41200EB8100D0F8C00202F0E5F9059824
:10039000D0F8D41200EB81010020C1F8C002059909
:1003A000C1F8BC02FFE7002006B080BD00000000DD
:1003B00080B584B002900298D0F8D41200EB81008E
:1003C000D0F8C0020190019820B9FFE703208DF812
:1003D0000F0025E00298D0F8D41200EB8100D0F88D
:1003E000C402C8B1FFE7019890F80002FF2813D0BB
:1003F000FFE70298D0F8D41200EB8100D0F8C402D5
:100400008368019991F8000291F8012298470199B7
:10041000FF2081F80002FFE700208DF80F00FFE7C2
:100420009DF80F0004B080BD81B0009000990A20B3
:10043000088040F26C00C2F2000001B0704700007A
:1004400080B586B0059040F22800C2F2000001900D
:10045000822100F019FE014601980491012100F06B
:1004600013FE014601980391812100F00DFE0290D8
:10047000049820B1FFE7049910208871FFE70398E2
:1004800020B1FFE7039940208880FFE7029820B160
:10049000FFE7029940208880FFE705994320088004
:1004A00040F22800C2F2000006B080BD000000004B
:1004B00080B586B0059040F22800C2F2000001909D
:1004C000822100F0E1FD014601980491012100F034
:1004D000DBFD014601980391812100F0D5FD0290DA
:1004E000049820B1FFE7049910208871FFE7039872
:1004F00028B1FFE703994FF400708880FFE7029866
:1005000028B1FFE702994FF400708880FFE7059952
:100510004320088040F22800C2F2000006B080BDEF
:1005200080B586B0059040F22800C2F2000001902C
:10053000822100F0A9FD014601980491012100F0FB
:10054000A3FD014601980391812100F09DFD0290D9
:10055000049820B1FFE7049910208871FFE7039801
:1005600020B1FFE7039940208880FFE7029820B17F
:10057000FFE7029940208880FFE705994320088023
:1005800040F22800C2F2000006B080BD000000006A
:1005900080B590B00E908DF837104FF4077002F0D0
:1005A000DFF80C900C9860B9FFE70E98D0F8D412E1
:1005B00000EB81010020C1F8C00202208DF83F004D
:1005C000F0E00C984FF40771E0F73BF80C980E99A7
:1005D000D1F8D42201EB8201C1F8C0020E99D1F802
:1005E000D40201EB8000D0F8C002C1F8BC020E9822
:1005F000007C002840D1FFE70E9840F20101C2F2D2
:10060000004107910978022208924FF40073099380
:1006100001F05AFA0799089A099B0E98097801F097
:100620000F0101EB810100EB810101200B90888417
:100630000E9840F20001C2F200010A91097801F01F
:1006400043FA0A9A0B980E99127802F00F0202EB05
:10065000820201EB8201A1F864010E9840F20001D0
:10066000C2F20041097801F00F0101EB810100EBBA
:1006700081011020C8843EE00E9840F20101C2F2D0
:10068000004102910978022203924023049301F071
:100690001BFA0299039A049B0E98097801F00F0146
:1006A00001EB810100EB81010120069088840E9806
:1006B00040F20001C2F200010591097801F004FA4C
:1006C000059A06980E99127802F00F0202EB820248
:1006D00001EB8201A1F864010E9840F20001C2F220
:1006E0000041097801F00F0101EB810100EB81016C
:1006F0001020C884FFE70E9840F20001C2F20041CA
:10070000009109780322082301F0DEF900990E9880
:10071000097801F00F0101EB810100EB810101205B
:1007200088840C9900200190C1F804020E98D0F83A
:10073000D41200EB8100D0F8C40200688047019811
:100740000C99C1F814020C99C1F818020C98D0F851
:10075000040220B9FFE702208DF83F0022E00E9846
:10076000007C70B9FFE70E9840F20001C2F2000170
:1007700009780C9AD2F804224FF4007301F0CCF9F6
:100780000CE00E9840F20001C2F2000109780C9AC8
:10079000D2F80422402301F0BFF9FFE700208DF8D2
:1007A0003F00FFE79DF83F0010B080BD0000000053
:1007B00080B584B002900298D0F8D41200EB81008A
:1007C000D0F8C00201900298D0F8D41200EB81005A
:1007D000D0F8C00220B9FFE703208DF80F0022E017
:1007E0000298007C70B9FFE7029840F20001C2F263
:1007F00000010978019AD2F804224FF4007301F045
:100800008BF90CE0029840F20001C2F20001097875
:10081000019AD2F80422402301F07EF9FFE700207C
:100820008DF80F00FFE79DF80F0004B080BD0000B9
:1008300083B001900091009820B9FFE703208DF864
:100840000B000BE000980199D1F8D42201EB820152
:10085000C1F8C40200208DF80B00FFE79DF80B00E3
:1008600003B070470000000084B00290019102982C
:10087000D0F8D41200EB8100D0F8C00200900098AC
:1008800020B9FFE703208DF80F0007E001980099D9
:10089000C1F8040200208DF80F00FFE79DF80F005B
:1008A00004B070470000000085B0039002910192EF
:1008B0000398D0F8D41200EB8100D0F8C002009069
:1008C000009820B9FFE703208DF813000BE0029891
:1008D0000099C1F8080201980099C1F8100200209F
:1008E0008DF81300FFE79DF8130005B07047000076
:1008F00080B58AB0089007910898D0F8D41200EB20
:100900008100D0F8C002069000208DF81500ADF8E7
:1009100012008DF81100069820B9FFE703208DF82A
:100920002700C7E00798007800F0600001460391B7
:1009300000285ED0FFE70398202840F0AE80FFE754
:100940000798C088002846D0FFE70798007800067F
:10095000002823D5FFE70898D0F8D41200EB8100D7
:10096000D0F8C4028368079A50780699D2889847CD
:100970000798C088082803D3FFE70720029003E008
:100980000798C0880290FFE70298ADF81600089813
:100990000699BDF8162000F083F91BE0079840780F
:1009A000069981F800020798C0883F2804D8FFE71D
:1009B0000798C088019002E040200190FFE701986D
:1009C000069981F801020898069991F8012200F031
:1009D00037F9FFE70CE00898D0F8D41200EB81005B
:1009E000D0F8C40283680799487800229847FFE747
:1009F0005BE007984078014600910B2844D80099A5
:100A0000DFE801F0064142424242424242421C3289
:100A1000089890F89C02032807D1FFE708980DF189
:100A20001201022200F03CF907E00898079900F053
:100A3000F7F803208DF81100FFE72DE0089890F8F3
:100A40009C02032807D1FFE708980DF11501012248
:100A500000F026F907E00898079900F0E1F8032074
:100A60008DF81100FFE717E0089890F89C02032822
:100A700008D0FFE70898079900F0D2F803208DF816
:100A80001100FFE708E007E00898079900F0C8F8B0
:100A900003208DF81100FFE707E00898079900F0A0
:100AA000BFF803208DF81100FFE79DF811008DF8C5
:100AB0002700FFE79DF827000AB080BD0000000076
:100AC00080B584B002900298D0F8D41200EB810077
:100AD000D0F8C002019001208DF80300019820B9E0
:100AE000FFE703208DF80F002AE00198D0F81402E8
:100AF00008BBFFE701990120C1F814020198D0F862
:100B00001002029A40F20101C2F200410B7803F098
:100B10000F0303EB830302EB8302906102980978D1
:100B2000019BD3F80822D3F8103201F069F90020B4
:100B30008DF80300FFE79DF803008DF80F00FFE735
:100B40009DF80F0004B080BD80B582B001908DF893
:100B5000031000208DF802000198D0F8B8124A68FE
:100B60009DF80310904720B1FFE703208DF80200A5
:100B7000FFE79DF8020002B080BD00000000000009
:100B800080B582B001900091019890F89C020138E4
:100B900002280ED8FFE700984088012808D1FFE717
:100BA00001990020C1F8A402019800F095F8FFE730
:100BB00004E00198009900F033F8FFE702B080BD2F
:100BC00082B001908DF80310002002B07047000041
:100BD00082B001908DF80310002002B07047000031
:100BE00080B584B00390029101920398029A019B10
:100BF0000021009100F090FF009804B080BD00003B
:100C000080B584B00390029101920398029A019BEF
:100C10000021009101F0F4F8009804B080BD0000BC
:100C200080B582B0019000910198802101F094F884
:100C30000198002101F090F802B080BD0000000092
:100C400080B584B003900291019203990320C1F80A
:100C5000940201980399C1F8580101980399C1F8C9
:100C60005C010398029A019B0021009100F054FF5F
:100C7000009804B080BD000080B582B00190019959
:100C80000520C1F8940201980023009319461A46E2
:100C900000F042FF009802B080BD0000000000009C
:100CA00080B584B003900291019203990220C1F8AB
:100CB000940201980399886101980399C861039887
:100CC000029A019B0021009101F09AF8009804B06B
:100CD00080BD00000000000080B582B00190019945
:100CE0000420C1F8940201980023009319461A4683
:100CF00001F086F8009802B080BD000000000000FE
:100D000080B584B0039002910298C088012805D074
:100D1000FFE703980299FFF783FF21E0039890F81B
:100D20009C12481E0191022804D3FFE70198032872
:100D30000AD00FE0039900208860039800F10801B1
:100D40000122FFF7ADFF0AE00398011D0122FFF722
:100D5000A7FF04E003980299FFF762FFFFE7FFE7B0
:100D600004B080BD0000000080B588B007900691F7
:100D70000020ADF8160004908DF80F000698C0789A
:100D80000138014602910E2800F241810299DFE804
:100D900011F02A00340051003E013E010B012301F5
:100DA0003E013E013E013E013E013E013E010F007B
:100DB0000798D0F8B402C06950B1FFE70798D0F89F
:100DC000B412CA69007C0DF116019047049009E045
:100DD00007980699FFF724FF9DF80F0001308DF862
:100DE0000F00FFE71DE10798D0F8B4120A68007CF5
:100DF0000DF116019047049013E10798007C60B94B
:100E0000FFE70798D0F8B802816A0DF1160088470D
:100E100004900499022048700BE00798D0F8B802BB
:100E2000C16A0DF1160088470490049902204870A9
:100E3000FFE7F6E00698807801460191052800F268
:100E4000A8800199DFE801F0031E39546F8A0798E2
:100E5000D0F8B402406850B1FFE70798D0F8B41258
:100E60004A68007C0DF116019047049009E007984C
:100E70000699FFF7D5FE9DF80F0001308DF80F00A1
:100E8000FFE790E00798D0F8B402806850B1FFE720
:100E90000798D0F8B4128A68007C0DF116019047CB
:100EA000049009E007980699FFF7BAFE9DF80F0035
:100EB00001308DF80F00FFE775E00798D0F8B40215
:100EC000C06850B1FFE70798D0F8B412CA68007C38
:100ED0000DF116019047049009E007980699FFF775
:100EE0009FFE9DF80F0001308DF80F00FFE75AE0DC
:100EF0000798D0F8B402006950B1FFE70798D0F81E
:100F0000B4120A69007C0DF116019047049009E0C3
:100F100007980699FFF784FE9DF80F0001308DF8C1
:100F20000F00FFE73FE00798D0F8B402406950B1E6
:100F3000FFE70798D0F8B4124A69007C0DF116015A
:100F40009047049009E007980699FFF769FE9DF81D
:100F50000F0001308DF80F00FFE724E00798D0F86C
:100F6000B402806950B1FFE70798D0F8B4128A69DB
:100F7000007C0DF116019047049009E0079806994E
:100F8000FFF74EFE9DF80F0001308DF80F00FFE7D0
:100F900009E007980699FFF743FE9DF80F0001301E
:100FA0008DF80F00FFE73CE00798007C48B9FFE7A9
:100FB0000798D0F8B802416B0DF1160088470490ED
:100FC00009E007980699FFF72BFE9DF80F00013006
:100FD0008DF80F00FFE724E00798007C60B9FFE779
:100FE0000798D0F8B802016B0DF1160088470490FD
:100FF00004990720487009E007980699FFF710FE4A
:101000009DF80F0001308DF80F00FFE709E0079809
:101010000699FFF705FE9DF80F0001308DF80F00CF
:10102000FFE79DF80F0008B1FFE72AE00698C088A7
:1010300018B3FFE7BDF81600C8B1FFE7BDF816000A
:101040000699C988884204DAFFE7BDF816000090C7
:1010500003E00698C0880090FFE70098ADF81600FE
:1010600007980499BDF81620FFF71AFE04E00798C8
:101070000699FFF7D5FDFFE703E00798FFF72CFE81
:10108000FFE708B080BD000080B586B005908DF800
:101090001310059803900598029000200190029982
:1010A00048880978884227DDFFE702980078ADF884
:1010B0000200FFE7BDF802000299498888421ADA67
:1010C000FFE703980DF1020100F036F80390039852
:1010D000407805280ED1FFE70398019001988078A9
:1010E0009DF81310884201D1FFE704E00020019031
:1010F000FFE7FFE7DEE7FFE7019806B080BD0000ED
:1011000083B0029000208DF8070002980090FFE75E
:101110000098007848B1FFE79DF8070001308DF88E
:101120000700009801300090F2E79DF8070003B037
:10113000704700000000000083B002900191029807
:10114000009000980278019908881044088002985D
:101150000099097808440090009803B07047000097
:1011600080B582B001900091019890F89C020138FE
:1011700002281FD8FFE70098C088022805D0FFE7A3
:1011800001980099FFF74CFD19E001990120C86012
:101190000198D0F8A40230B1FFE70199C86840F087
:1011A0000200C860FFE7019800F10C010222FFF77E
:1011B00077FD04E001980099FFF732FDFFE702B0E8
:1011C00080BD00000000000080B586B0059004914D
:1011D000039200208DF80B00059808B9FFE74FE057
:1011E000059801900198FFF78BFF0146022000EB64
:1011F0004100B0F5007F04D9FFE74FF40070009084
:1012000008E00198FFF77CFF0146022000EB410057
:101210000090FFE7009803990880039800780499EC
:101220009DF80B2088549DF80B0001308DF80B00C1
:1012300004999DF80B20032088549DF80B00013081
:101240008DF80B00FFE701980078C8B1FFE701981F
:10125000007804999DF80B20885401980130019082
:101260009DF80B0001308DF80B0004999DF80B20C0
:10127000002088549DF80B0001308DF80B00E2E748
:1012800006B080BD0000000082B08DF8070000208D
:101290008DF806009DF8070001460091032814D838
:1012A0000099DFE801F002060A0E00208DF8060022
:1012B0000FE003208DF806000BE001208DF80600FA
:1012C00007E003208DF8060003E003208DF80600F8
:1012D000FFE79DF8060002B0704700000000000024
:1012E00080B582B08DF8070000919DF8070060B9C5
:1012F000FFE7009A49F28600C0F6020044F230315E
:10130000C2F20001FFF760FF0BE0009A49F286008D
:10131000C0F6020044F23031C2F20001FFF754FF80
:10132000FFE744F23030C2F2000002B080BD00009E
:1013300082B08DF80700009100991220088040F2D9
:101340004400C2F2004002B07047000000000000FC
:1013500080B582B08DF8070000919DF8070060B954
:10136000FFE7009A49F27800C0F6020044F23031FB
:10137000C2F20001FFF728FF0BE0009A49F2780063
:10138000C0F6020044F23031C2F20001FFF71CFF48
:10139000FFE744F23030C2F2000002B080BD00002E
:1013A00082B08DF80700009100990420088040F277
:1013B0006C00C2F2004002B0704700000000000064
:1013C00080B584B08DF80F000291029A49F2910025
:1013D000C0F6020044F23031C2F200010191FFF781
:1013E000F3FE019804B080BD80B582B08DF807008F
:1013F00000919DF8070060B9FFE7009A49F2A40048
:10140000C0F6020044F23031C2F20001FFF7DCFE08
:101410000BE0009A49F2A400C0F6020044F2303119
:10142000C2F20001FFF7D0FEFFE744F23030C2F213
:10143000000002B080BD000080B582B08DF80700CA
:10144000009100991A200880E5F722FC40F2700014
:10145000C2F2004002B080BD80B584B0029001911C
:101460008DF80320029820B9FFE703208DF80F00C4
:1014700023E002990020C1F8B8020299C1F8C40221
:101480000299C1F8D002019828B1FFE701980299AA
:10149000C1F8B402FFE70299012081F89C029DF88F
:1014A000030002990870029800F02AFA8DF80200F1
:1014B0009DF802008DF80F00FFE79DF80F0004B0C3
:1014C00080BD00000000000080B582B001908DF862
:1014D000031000208DF802008DF801000198D0F86B
:1014E000C8029DF80310EAF72BFC8DF802009DF866
:1014F0000200FFF7C9FE8DF801009DF8010002B05F
:1015000080BD00000000000080B582B001908DF821
:10151000031000208DF802008DF801000198D0F82A
:10152000C8029DF80310EAF7B7FB8DF802009DF89A
:101530000200FFF7A9FE8DF801009DF8010002B03E
:1015400080BD00000000000080B588B006908DF8D6
:10155000171004929DF81700002874D1FFE7069831
:10156000143003900698D0F8940202285DD1FFE76A
:1015700003998868C968884212D9FFE70399886887
:10158000CA68801A886006980499039A9268FFF7DF
:1015900037FB0698002319461A4600F0BDFA43E0CF
:1015A00003988168C06888421ED1FFE703994868A4
:1015B000C968884218D3FFE7039840680699D1F8B4
:1015C0009812884210D2FFE7069800220192114635
:1015D000FFF716FB019B0698C0F89832069819464B
:1015E0001A4600F099FA1EE0069890F89C0203282B
:1015F00011D1FFE70698D0F8B802C06850B1FFE7F4
:1016000006990020C1F8D4020698D0F8B812C9682B
:101610008847FFE7FFE70698802100F09DFB0698CA
:10162000FFF72AFBFFE7FFE7FFE7069890F8A00225
:1016300040B1FFE7069800F077FC0699002081F89A
:10164000A002FFE740E006989DF8171041F08001E6
:10165000FFF7B6FA8DF80A009DF80A00FF2832D08D
:10166000FFE79DF80A0070BBFFE7069890F89C0220
:10167000032827D1FFE706989DF80A1000EB8100A8
:10168000D0F8B8024069E0B1FFE79DF80A0006997A
:10169000C1F8D40206989DF80A1000EB8101D1F838
:1016A000B8124A699DF8171090478DF80B009DF805
:1016B0000B0028B1FFE79DF80B008DF81F0007E035
:1016C000FFE7FFE7FFE7FFE700208DF81F00FFE7D8
:1016D0009DF81F0008B080BD80B58AB008908DF8D5
:1016E0001F10069200208DF813009DF81F0000289F
:1016F00040F08280FFE7089800F5AA7005900898EE
:10170000D0F89402032876D1FFE705998868C96864
:1017100088421DD9FFE705998868CA68801A8860E1
:10172000089802900698039005998868C9688842CD
:1017300004D2FFE705988068019003E00598C0682F
:101740000190FFE703990298019AFFF749FA51E0E7
:10175000089890F8AA0200F01F000146009140B1DD
:10176000FFE70098012808D0FFE7009802280CD076
:1017700013E000208DF8120013E0089890F8AE12E4
:10178000FFF726FA8DF812000BE0089890F8AE12D9
:10179000FFF716FA8DF8120003E000208DF8120012
:1017A000FFE79DF8120008BBFFE7089890F89C023D
:1017B00003281AD1FFE708989DF8121000EB81006A
:1017C000D0F8B802006978B1FFE79DF812000899D7
:1017D000C1F8D40208989DF8121000EB8101D1F8ED
:1017E000B81209698847FFE7FFE7FFE70898FFF7A6
:1017F00073FAFFE7FFE740E008989DF81F1001F03B
:101800007F01FFF7DDF98DF812009DF81200FF2827
:1018100032D0FFE79DF8120070BBFFE7089890F800
:101820009C0203281ED1FFE708989DF8121000EBD8
:101830008100D0F8B802806998B1FFE79DF81200E6
:101840000899C1F8D40208989DF8121000EB8101A4
:10185000D1F8B8128A699DF81F1090478DF81300CF
:10186000FFE7FFE79DF8130028B1FFE79DF813009D
:101870008DF8270005E0FFE7FFE700208DF827003F
:10188000FFE79DF827000AB080BD000000000000BF
:1018900081B00090002001B07047000000000000FF
:1018A00080B582B0019000208DF8030001990120DD
:1018B00081F89C020198D0F8B80268B1FFE701985E
:1018C000D0F8B8124A680179904720B1FFE70320A9
:1018D0008DF80300FFE7FFE79DF8030002B080BD2D
:1018E00080B582B001908DF803100198D0F8C8023D
:1018F0009DF80310EAF788FA02B080BD00000000EE
:1019000080B584B0039003980078012838D1FFE7B0
:10191000039945F63C00C2F200000290C0F8E014C2
:101920000399C1F8C8020021C4F204010160092131
:1019300001710222C2710021817142728172C172F1
:1019400001738173C1730174EBF732F818B1FFE7CB
:10195000E4F7C2FCFFE745F63C00C2F2000001904C
:101960004FF40071EAF7CCF8019800218022EAF7E1
:10197000D3F8019801214FF4BA72EAF7CDF8FFE7E6
:10198000002004B080BD000084B002908DF80710E4
:101990000298D0F8C80200909DF8070000060028C1
:1019A0000DD5FFE700989DF8071001F07F0101EBCE
:1019B000C10100EB8100807D8DF80F000DE00098E3
:1019C0009DF8071001F07F0101EBC10100EB8100E0
:1019D00090F856028DF80F00FFE79DF80F0004B055
:1019E000704700000000000080B584B002908DF8C0
:1019F00007100298D0F8D41200EB8100D0F8B8029A
:101A000020B9FFE703208DF80F0020E0029890F83E
:101A10009C02032817D1FFE70298D0F8D41200EBFC
:101A20008100D0F8B802006A60B1FFE70298D0F8F0
:101A3000D41200EB8101D1F8B8120A6A9DF80710A0
:101A40009047FFE7FFE700208DF80F00FFE79DF8C4
:101A50000F0004B080BD000080B584B002908DF806
:101A600007100298D0F8D41200EB8100D0F8B80229
:101A700020B9FFE703208DF80F0020E0029890F8CE
:101A80009C02032817D1FFE70298D0F8D41200EB8C
:101A90008100D0F8B802406A60B1FFE70298D0F840
:101AA000D41200EB8101D1F8B8124A6A9DF80710F0
:101AB0009047FFE7FFE700208DF80F00FFE79DF854
:101AC0000F0004B080BD000080B584B003908DF895
:101AD0000B108DF80A20ADF8083000208DF80700B3
:101AE0008DF806000398D0F8C8029DF80B10BDF8D9
:101AF00008209DF80A30EAF79BF98DF807009DF859
:101B00000700FFF7C1FB8DF806009DF8060004B042
:101B100080BD00000000000080B586B005908DF803
:101B200013100392029300208DF807008DF8060031
:101B30000598D0F8C8029DF81310039A029BEAF7A3
:101B4000EFF98DF807009DF80700FFF79DFB8DF872
:101B500006009DF8060006B080BD000000000000F1
:101B600080B586B0059000208DF81300059A0121FC
:101B700082F89C120599C1F894020599486005996C
:101B8000C1F8A402059981F8A0020598D0F8B8021E
:101B9000A0B1FFE70598D0F8B802406868B1FFE748
:101BA0000598D0F8B8124A680179904720B1FFE74C
:101BB00003208DF81300FFE7FFE7FFE705980022F9
:101BC0000192402303931146FFF77EFF019A039B86
:101BD000059901200290A1F864010598C0F86031D0
:101BE00005988021FFF770FF02990398059A918468
:101BF000059908629DF8130006B080BD0000000042
:101C000081B00090009890F89C02042807D1FFE76B
:101C1000009890F89D02009981F89C02FFE700204F
:101C200001B070470000000080B582B001900198BB
:101C300090F89C02032813D1FFE70198D0F8B8026E
:101C400068B1FFE70198D0F8B802C06930B1FFE78A
:101C50000198D0F8B812C9698847FFE7FFE7FFE7A6
:101C6000002002B080BD000082B001908DF803100A
:101C70009DF8030001990874002002B0704700002D
:101C800080B582B001908DF8031000208DF802001D
:101C90008DF801000198D0F8C8029DF80310EBF709
:101CA00037F88DF802009DF80200FFF7EDFA8DF885
:101CB00001009DF8010002B080BD0000000000009E
:101CC00080B584B003900291039800F2AA20029993
:101CD00000F0BAF803990120C1F894020399B1F811
:101CE000B002C1F89802039890F8AA0200F01F0011
:101CF0000146009140B1FFE7009801280CD0FFE7B2
:101D00000098022810D017E0039800F2AA2100F0F2
:101D100067FA8DF8070019E0039800F2AA2100F095
:101D20009FFC8DF8070011E0039800F2AA2100F053
:101D3000BFFA8DF8070009E0039890F8AA1201F0A5
:101D4000800100F009F88DF80700FFE79DF8070013
:101D500004B080BD0000000080B582B001908DF815
:101D6000031000208DF802008DF801000198D0F8D2
:101D7000C8029DF80310EAF70BF98DF802009DF8F0
:101D80000200FFF781FA8DF801009DF8010002B012
:101D900080BD00000000000080B582B001900020EE
:101DA0008DF803008DF802000198D0F8C802EAF718
:101DB000EBFF8DF803009DF80300FFF765FA8DF83F
:101DC00002009DF8020002B080BD0000000000008B
:101DD00081B00090009890F89C02042807D0FFE79B
:101DE000009890F89C02009981F89D02FFE7009905
:101DF000042081F89C02002001B070470000000020
:101E000080B586B005908DF81310039202930020E0
:101E10008DF807008DF806000598D0F8C8029DF8E7
:101E20001310039A029BEAF723F98DF807009DF837
:101E30000700FFF729FA8DF806009DF8060006B0A6
:101E400080BD00000000000080B584B003900291C6
:101E50000298019001980078039908700198013068
:101E60000190019800780399487001980130019021
:101E70000198F8F7C9F90399488001980130019059
:101E80000198013001900198F8F7BEF90399888014
:101E90000198013001900198013001900198F8F704
:101EA000B3F90399C88004B080BD000000000000B1
:101EB00080B584B0029001910020ADF80200019835
:101EC00020B9FFE703208DF80F0026E00198029962
:101ED000C1F8B8020298D0F8D41200EB8100D0F813
:101EE000B802C06A78B1FFE70298D0F8D41200EBCC
:101EF0008100D0F8B802C16A0DF10200884702994A
:101F0000C1F8D002FFE70299D1F8D8020130C1F838
:101F1000D80200208DF80F00FFE79DF80F0004B0F5
:101F200080BD00000000000081B00090002001B0E2
:101F3000704700000000000080B584B0039002915B
:101F400002988088B8BBFFE70298C08898BBFFE77B
:101F5000029840887F282ED8FFE70298807800F00A
:101F60007F008DF80700039890F89C02032805D1A4
:101F7000FFE703980299FEF753FE1BE09DF8070068
:101F8000039981F89E0203989DF80710FFF778FEE9
:101F90000398FEF7A1FE9DF8070028B1FFE703991B
:101FA000022081F89C0204E00399012081F89C0240
:101FB000FFE7FFE704E003980299FEF731FEFFE731
:101FC00004B080BD0000000080B582B001908DF8A3
:101FD000031000208DF802000198D0F8B80250B12B
:101FE000FFE70198D0F8B8120A689DF803109047EF
:101FF0008DF80200FFE79DF8020002B080BD0000EE
:1020000080B586B00490039100208DF80B000398F2
:10201000817844F22D30C2F200000170007802286D
:1020200008D3FFE704980399FEF7FAFD03208DF823
:102030001700A0E0049890F89C0201460191022844
:1020400004D0FFE7019803282FD07FE044F22D3021
:10205000C2F20000007818B3FFE744F22D31C2F25B
:1020600000010878049A506004980978FFF7ACFFE3
:102070008DF80B009DF80B0048B1FFE70498039919
:10208000FEF7CEFD0499022081F89C0207E0049837
:10209000FEF722FE0499032081F89C02FFE703E08B
:1020A0000498FEF719FEFFE760E044F22D30C2F21B
:1020B0000000007898B9FFE70499022081F89C029B
:1020C00044F22D31C2F200010878049A506004985D
:1020D0000978FEF739FD0498FEF7FEFD35E044F27D
:1020E0002D30C2F20000007804994968884227D058
:1020F000FFE704980179FEF727FD44F22D31C2F283
:1021000000010878049A506004980978FFF75CFF92
:102110008DF80B009DF80B0068B1FFE70498039958
:10212000FEF77EFD04980179FEF70EFD049902206A
:1021300081F89C0203E00498FEF7CEFDFFE703E080
:102140000498FEF7C9FDFFE7FFE70FE00498039945
:10215000FEF766FD049844F22D31C2F200010978C1
:10216000FEF7F2FC03208DF80B00FFE79DF80B0053
:102170008DF81700FFE79DF8170006B080BD00003E
:1021800080B582B00190009100984088012808D164
:10219000FFE701990120C1F8A4020198FEF79CFD18
:1021A00013E000984088022809D1FFE700984079A1
:1021B000019981F8A0020198FEF78EFD04E00198D4
:1021C0000099FEF72DFDFFE7FFE702B080BD00009C
:1021D00080B582B001900198FFF7DEFD02B080BDAE
:1021E00080B586B00590049100208DF80F0004980A
:1021F000007800F0600001460291A8B1FFE7029864
:10220000202804D0FFE70298402846D1FFE7059830
:10221000D0F8D41200EB8101D1F8B8128A68049981
:1022200090478DF80F003DE00498407801460191F9
:1022300009282CD80199DFE801F01B252A202A0A59
:10224000052A160F05980499FEF78EFD24E00598DF
:102250000499FFF771FE1FE005980499FFF7D0FE7F
:102260008DF80F0018E005980499FEF749FD13E07A
:1022700005980499FEF774FF0EE005980499FFF79E
:102280007FFF09E005980499FEF77AFC04E00598C1
:102290000499FEF7C5FCFFE704E005980499FEF7F2
:1022A000BFFCFFE79DF80F0006B080BD00000000F6
:1022B00080B58CB00B900A9100208DF821000A980F
:1022C00080888DF823000A98007800F060000146AD
:1022D0000791B8B3FFE70798202805D0FFE70798D4
:1022E000402840F0B281FFE70B989DF82310FEF7DD
:1022F00067FC8DF822009DF82200FF2821D0FFE71F
:102300009DF82200E8B9FFE79DF822000B99C1F87B
:10231000D4020B989DF8221000EB8100D0F8B8028F
:10232000806868B1FFE70B989DF8221000EB8101EF
:10233000D1F8B8128A680A9990478DF82100FFE712
:10234000FFE787E10A98407801460691002800F0EF
:10235000BD80FFE7069801284CD0FFE706980328C8
:1023600040F06D81FFE70B9890F89C0201460591C3
:10237000022804D0FFE70598032819D034E09DF81F
:10238000230078B1FFE79DF8230080280AD0FFE7FB
:102390000B989DF82310FFF7DFFC0B988021FFF7C7
:1023A000DBFC04E00B980A99FEF73AFCFFE720E01B
:1023B0000A984088A0B9FFE79DF8230078B1FFE7AD
:1023C0009DF8230080280AD0FFE70A98C08830B91A
:1023D000FFE70B989DF82310FFF7BEFCFFE7FFE730
:1023E0000B98FEF779FC04E00B980A99FEF718FCAD
:1023F000FFE729E10B9890F89C020146049102281E
:1024000004D0FFE70498032819D059E09DF8230071
:1024100078B1FFE79DF8230080280AD0FFE70B98EA
:102420009DF82310FFF798FC0B988021FFF794FC90
:1024300004E00B980A99FEF7F3FBFFE745E00A98E2
:102440004088E0BBFFE79DF82300400630B1FFE77E
:102450000B989DF82310FFF737F8FFE70B98FEF76E
:102460003BFC0B989DF82310FEF7AAFB8DF8220089
:102470009DF82200FF2821D0FFE79DF82200E8B94F
:10248000FFE79DF822000B99C1F8D4020B989DF844
:10249000221000EB8100D0F8B802806868B1FFE735
:1024A0000B989DF8221000EB8101D1F8B8128A68D0
:1024B0000A9990478DF82100FFE7FFE7FFE704E066
:1024C0000B980A99FEF7ACFBFFE7BDE00B9890F87C
:1024D0009C0201460391022804D0FFE703980328D9
:1024E00038D0A6E09DF8230050B1FFE79DF8230007
:1024F000802805D0FFE70B980A99FEF791FB9DE035
:102500009DF82300000600280CD5FFE70B989DF8E6
:10251000231001F07F0101EB810100EB81001430F9
:1025200002900CE00B989DF8231001F07F0101EB65
:10253000810100EB810000F5AA700290FFE702988C
:1025400009900999002008600B9809990222FEF76A
:10255000A7FB73E09DF823000006002812D5FFE7D3
:102560000B989DF8231001F00F0101EB810100EBA6
:102570008100808C28B9FFE70B980A99FEF750FB81
:102580005CE012E00B989DF8231001F00F0101EBC5
:10259000810100EB8100B0F8640128B9FFE70B98D6
:1025A0000A99FEF73DFB49E0FFE79DF8230000068E
:1025B00000280CD5FFE70B989DF8231001F07F0150
:1025C00001EB810100EB8100143001900CE00B98CD
:1025D0009DF8231001F07F0101EB810100EB8100E8
:1025E00000F5AA700190FFE7019809909DF823007B
:1025F00028B1FFE79DF82300802804D1FFE709995F
:10260000002008600FE00B989DF82310FFF7BCF93D
:1026100020B1FFE709990120086003E00999002033
:102620000860FFE7FFE70B9809990222FEF738FBE5
:1026300004E00B980A99FEF7F3FAFFE704E00B9821
:102640000A99FEF7EDFAFFE704E00B980A99FEF706
:10265000E7FAFFE79DF821000CB080BD0000000004
:1026600080B584B00390029100208DF80700029895
:10267000007800F060000146009140B1FFE700984B
:10268000202804D0FFE7009840285AD1FFE703989C
:1026900090F89C02013802284DD8FFE70298007993
:1026A000012842D8FFE7039802990979FEF790FACA
:1026B0008DF806009DF80600FF2825D0FFE79DF85D
:1026C000060008BBFFE703989DF8061000EB8100A9
:1026D000D0F8B802806890B1FFE79DF80600039932
:1026E000C1F8D40203989DF8061000EB8101D1F8DF
:1026F000B8128A68029990478DF8070003E003201A
:102700008DF80700FFE703E003208DF80700FFE7DF
:102710000298C08840B9FFE79DF8070020B9FFE79D
:102720000398FEF7D9FAFFE704E003980299FEF751
:1027300077FAFFE704E003980299FEF771FAFFE7E2
:1027400004E003980299FEF76BFAFFE79DF8070093
:1027500004B080BD0000000081B0009001B070475F
:1027600081B0009044F26C30C2F2004001B070477A
:1027700084B0039002910398019002980078009031
:1027800002984078012830D1FFE70298007800F0E5
:102790000F01012000FA01F20199D1F81C08104341
:1027A000C1F81C080198009900EB4110D0F800090D
:1027B0000004002818D4FFE7029988686FF3DF202F
:1027C000097940EA8140009A40EA8250019901EB80
:1027D0004211D1F80029104348F20002C1F2000270
:1027E0001043C1F80009FFE72EE00298007800F0DE
:1027F0000F01012000FA01F20199D1F81C0840EA0A
:102800000240C1F81C080198009900EB4110D0F873
:10281000000B0004002816D4FFE7029988686FF3C4
:10282000DF20097940EA81400199009A01EB4211C9
:10283000D1F8002B104348F20002C1F2000210430D
:10284000C1F8000BFFE7FFE7002004B0704700006D
:1028500082B00190019800900099D1F8000940F2EF
:10286000FF729043C1F800090099D1F8040840F4C0
:102870008070C1F80408002002B07047000000001A
:1028800082B08DF807009DF807100120009041B13B
:10289000FFE79DF807001038B0FA80F0400900907B
:1028A000FFE7009800F0010002B070470000000050
:1028B00080B58CB003F0ACFF44F66C50C2F200005F
:1028C000029090ED000ADFED4F0A9FED4F1AE1F7FD
:1028D000A7FB02988DED0B0A41680A918068099068
:1028E00045F62000C2F2004090ED030AB8EEC00A9F
:1028F0009FED461A20EE010A8DED080A90ED0A0AB6
:10290000B8EEC00A9FED421A20EE010A8DED070ACB
:1029100090ED110AB8EEC00A20EE010A8DED060A0C
:1029200003F0A2FF9DED080A9DED0B1A30EE410A5F
:102930008DED050A9DED070A9DED0A1A30EE410A5C
:102940008DED040A9DED060A9DED091A30EE410A4F
:102950008DED030A9DED050AB5EE400AF1EE10FA81
:1029600007DAFFE79DED050AB1EE400A8DED050A95
:10297000FFE79DED040AB5EE400AF1EE10FA07DA22
:10298000FFE79DED040AB1EE400A8DED040AFFE772
:102990009DED030AB5EE400AF1EE10FA07DAFFE703
:1029A0009DED030AB1EE400A8DED030AFFE79DEDB0
:1029B000050A0020B0EE001AB4EE410AF1EE10FA5A
:1029C000019019DCFFE79DED040A0020B0EE001A2B
:1029D000B4EE410AF1EE10FA01900DDCFFE79DED37
:1029E000030AB0EE001A0020B4EE410AF1EE10FA2C
:1029F000D8BF01200190FFE7019800F001000CB062
:102A000080BD00BF000034C300003443402F81B9B3
:102A100074F7EF390000000080B584B00390002007
:102A20008DF80B0003F0F4FE44F23050C2F20000C7
:102A30000078E8B1FFE740F2C020C2F20040007821
:102A4000B0B1FFE748F2A510C2F20040007878B1BB
:102A5000FFE7039848F2A011C2F200410968401A4A
:102A6000B0F5967F04D9FFE701208DF80B00FFE752
:102A700003F0FAFE9DF80B0008B9FFE723E0FFF72B
:102A800017FF58B1FFE703F0C3FE48F2A511C2F2E9
:102A900000410020087003F0E7FE14E001200190DF
:102AA000DFF7BEFB03F0B4FE019848F2A512C2F2B4
:102AB00000420021117048F2A411C2F200410870D6
:102AC00003F0D2FEFFE704B080BD0000000000006C
:102AD00080B503F09DFE48F2A511C2F2004100202E
:102AE000087048F2A411C2F20041087048F2A01127
:102AF000C2F20041086003F0B7FE80BD0000000094
:102B000080B503F085FEE8F75FFE48F2A011C2F23F
:102B10000041086048F2A511C2F20041012008708E
:102B200048F2A411C2F200410020087003F09CFE9C
:102B300080BD00000000000080B582B0E8F744FED0
:102B4000019003F065FE44F23050C2F200000078BC
:102B500000284ED0FFE740F22420C2F200000078A7
:102B6000002846D0FFE748F2A610C2F200400078E5
:102B700000283ED0FFE744F6E470C2F2000090F86F
:102B80000C01B0BBFFE744F6E470C2F2000000782D
:102B9000F4F7E2FC68B3FFE7019846F66431C2F24D
:102BA00000010968401A652823D3FFE744F6E47062
:102BB000C2F20000F4F7F8FF46F6A831C2F20001B5
:102BC000002000900860486088604AF22421C2F228
:102BD0000041086048608860C86048F2A611C2F2EF
:102BE0000041087046F66831C2F200010120087009
:102BF000FFE703F039FE02B080BD000000000000D6
:102C000080B503F005FE48F2A611C2F20041002093
:102C1000087046F66831C2F20001087046F6643169
:102C2000C2F20001086003F01FFE80BD000000003A
:102C300080B503F0EDFDE8F7C7FD46F66431C2F25A
:102C40000001086048F2A611C2F20041012008709C
:102C500046F66831C2F200010020087003F004FE5D
:102C600080BD00000000000080B58CB08DF82F0002
:102C70000A918DF8272000208DF8240008900790F5
:102C8000069005900A99049041B1FFE79DF827004E
:102C90001038B0FA80F040090490FFE7049800F083
:102CA00001008DF825000A9880B1FFE79DF8270004
:102CB000102804D8FFE79DF82700039002E01020B9
:102CC0000390FFE703988DF82400FFE79DF82500A7
:102CD00028B1FFE70A9805A901F0D6F8FFE703F04D
:102CE00097FDE8F771FD46F67C31C2F200010860FD
:102CF00048F2A811C2F200410868013008609DF84E
:102D00002F0046F66931C2F2000108709DF82700D5
:102D100048F2BC11C2F2004108709DF8250046F649
:102D20007A31C2F20001087000208DF82600FFE71A
:102D30009DF826000F281FD8FFE79DF826009DF874
:102D40002410884206DAFFE70A989DF82610405CB6
:102D5000029002E000200290FFE702989DF82620F2
:102D600046F66A31C2F200018854FFE79DF826005A
:102D700001308DF82600DBE700208DF82600FFE704
:102D80009DF82600032826D8FFE79DF8250050B1BE
:102D9000FFE79DF8261005A800EB810090ED000AE2
:102DA0008DED010A04E09FED0E0A8DED010AFFE7AB
:102DB0009DED010A9DF8261048F2AC10C2F20040C9
:102DC00000EB810080ED000AFFE79DF8260001304E
:102DD0008DF82600D4E703F047FD0CB080BD00BF9E
:102DE000000000000000000080B582B0E8F7ECFCB5
:102DF0000190FFF7A1FE0198FFF70EFE019801F088
:102E000053FB02B080BD000080B582B000208DF879
:102E1000070003F0FDFC46F66830C2F200000078BF
:102E200038B1FFE79DF8070040F001008DF807007A
:102E3000FFE748F2A410C2F20040007838B1FFE783
:102E40009DF8070040F002008DF80700FFE746F606
:102E50008430C2F20000007838B1FFE79DF8070027
:102E600040F004008DF80700FFE703F0FDFC9DF83B
:102E7000070002B080BD000080B58AB0DDF830C028
:102E8000CDF814C00493039202919DF814108DF8AC
:102E900024100299039A049B0893079206910190CB
:102EA0009DF81D00012823D1FFE70199886B20F4CC
:102EB000803088630199C8684FF6BF72CFF6BD7243
:102EC0001040C8600199C86820F44010C8609DF89F
:102ED0002400012806D1FFE70199C86840F480105A
:102EE000C860FFE7019800F03FF88DF803001AE092
:102EF0000199C86840F04000C860019800F034F8BB
:102F00008DF803009DF8210030B9FFE70199886B27
:102F100040F48030886305E00199886B20F48030AC
:102F20008863FFE7FFE79DF81A00012816D1FFE745
:102F30000199C86D80B2C8650199C86D0022C0F2C0
:102F4000EE321043C8650199886840F00600886039
:102F50000199886840F020008860FFE79DF8030031
:102F60000AB080BD0000000083B0019000200090F6
:102F7000FFE70098013000900098B0F1706F04D91D
:102F8000FFE703208DF80B0025E0FFE701980069BB
:102F9000C00F0028EDD0FFE70020009001990869DC
:102FA00040F001000861FFE70098013000900098B0
:102FB000B0F1706F04D9FFE703208DF80B000AE031
:102FC000FFE701980069C0070028EDD1FFE7002066
:102FD0008DF80B00FFE79DF80B0003B07047000071
:102FE00084B00390029103980190029800780090B9
:102FF00002984078012845D1FFE70198009900EB3D
:103000004110D0F80009C00FA8B1FFE7019800995E
:1030100000EB4111D1F8000940F00060C1F800094F
:103020000198009900EB4111D1F8000940F080406F
:10303000C1F80009FFE70298007800F00F010120B5
:1030400000FA01F3019AD2F83C189943C2F83C18EF
:103050000299097801F00F0100FA01F20199D1F803
:103060001C089043C1F81C080198009900EB41111D
:10307000D1F8000947F60002CEF633421040C1F8FD
:10308000000946E00198009900EB4110D0F8000BD0
:10309000C00FA8B1FFE70198009900EB4111D1F8EA
:1030A000000B40F00060C1F8000B0198009900EBA4
:1030B0004111D1F8000B40F08040C1F8000BFFE750
:1030C0000298007800F00F01012000FA01F3019A44
:1030D000D2F83C1821EA0341C2F83C180299097859
:1030E00001F00F0100FA01F20199D1F81C0820EA61
:1030F0000240C1F81C080198009900EB4111D1F879
:10310000000B47F60002CEF6F3721040C1F8000B38
:10311000FFE7002004B0704782B001900198009052
:103120000099D1F8000E20F00300C1F8000E0099BC
:10313000D1F8040820F00200C1F80408002002B011
:10314000704700000000000082B0019001980090DC
:103150000099D1F8000E20F00300C1F8000E00998C
:10316000D1F8040840F00200C1F80408002002B0C1
:10317000704700000000000080B58CB0DDF838C05A
:10318000CDF81CC00693059204919DF81C108DF893
:103190002C100499059A069B0A93099208910390B2
:1031A00000208DF80B00039901910090FFE7009833
:1031B0000E280CD8FFE70398009900EB810100204E
:1031C000C1F80401FFE7009801300090EFE79DF897
:1031D0002A00B8B9FFE70199D1F8040840F00200CD
:1031E000C1F804080399886B20F4001088630399E0
:1031F000086840F0400008600399086840F08000CB
:10320000086005E00399886B40F400108863FFE7CD
:1032100001990020C1F8000E9DF8250001280FD16A
:10322000FFE79DF8230028B9FFE70398002101F08C
:1032300003F804E00398012100F0FEFFFFE704E03B
:103240000398032100F0F8FFFFE70398102100F036
:10325000AFFC20B1FFE701208DF80B00FFE70398DA
:1032600000F06AFC20B1FFE701208DF80B00FFE7BA
:1032700001990020C1F810080199C1F814080199BA
:10328000C1F81C080090FFE700989DF820108842C4
:103290003BD2FFE70198009900EB4110D0F80009FC
:1032A000C00FB0B1FFE7009848B9FFE70198009957
:1032B00000EB41114FF00060C1F8000908E00198EF
:1032C000009900EB41114FF09040C1F80009FFE771
:1032D00007E00198009900EB41110020C1F80009B6
:1032E000FFE70198009900EB41110020C1F8100997
:1032F0000198009900EB41114FF67F30C1F80809A1
:10330000FFE7009801300090BEE700200090FFE743
:1033100000989DF8201088423BD2FFE70198009961
:1033200000EB4110D0F8000BC00FB0B1FFE70098E0
:1033300048B9FFE70198009900EB41114FF0006098
:10334000C1F8000B08E00198009900EB41114FF023
:103350009040C1F8000BFFE707E00198009900EBEF
:1033600041110020C1F8000BFFE70198009900EB24
:1033700041110020C1F8100B0198009900EB411198
:103380004FF67F30C1F8080BFFE70098013000903E
:10339000BEE70199D1F8100820F48070C1F8100838
:1033A00003990020886103996FF0804048619DF87F
:1033B000220030B9FFE70399886940F01000886166
:1033C000FFE70399886943F60002C8F23C02104304
:1033D00088619DF8260030B1FFE70399886940F0C5
:1033E00008008861FFE79DF82A00012808D1FFE75F
:1033F000039988690422C4F2000210438861FFE740
:103400009DF80B000CB080BD81B0009000998868D9
:1034100020F001008860002001B07047000000002B
:1034200086B004908DF80F100292049801900498D1
:10343000006C0090009843F20B01C4F6547188426E
:103440000BD3FFE70198D0F8000BC00F20B1FFE7C6
:1034500000208DF817002EE0FFE701990020C1F849
:10346000100B0199D1F8100B40F40020C1F8100B9B
:103470000199D1F8100B40F01800C1F8100B019918
:10348000D1F8100B40F0C040C1F8100B9DF80F00B0
:1034900001280CD1FFE702980199C1F8140B01999A
:1034A000D1F8000B40F08020C1F8000BFFE70020AE
:1034B0008DF81700FFE79DF8170006B07047000071
:1034C00084B00390029103980190029800780090D4
:1034D00002984078012820D1FFE70198009900EB7D
:1034E0004111D1F8000920F40010C1F80009029838
:1034F0000079032805D0FFE70298007902280BD154
:10350000FFE70198009900EB4111D1F8000940F064
:103510008050C1F80009FFE71FE00198009900EB17
:103520004111D1F8000B20F40010C1F8000B0298F3
:103530000079032805D0FFE70298007902280BD113
:10354000FFE70198009900EB4111D1F8000B40F022
:103550008050C1F8000BFFE7FFE7002004B0704780
:1035600084B0039002910398019002980078009033
:1035700002984078012822D1FFE70198009900EBDA
:103580004110D0F80009C00F70B9FFE7009858B19A
:10359000FFE70198009900EB4111D1F8000920F0F4
:1035A0008040C1F80009FFE70198009900EB411144
:1035B000D1F8000940F40010C1F8000921E0019899
:1035C000009900EB4110D0F8000BC00F70B9FFE775
:1035D000009858B1FFE70198009900EB4111D1F82C
:1035E000000B20F08040C1F8000BFFE70198009924
:1035F00000EB4111D1F8000B40F40010C1F8000BB2
:10360000FFE7002004B0704780B588B007900691AE
:103610008DF8172007980490069800780390069874
:103620004078012840F02481FFE706980069F8B946
:10363000FFE70498039900EB4111D1F810096FF3EB
:10364000DC40C1F810090498039900EB4111D1F84E
:10365000100940F40020C1F810090498039900EB08
:103660004111D1F810096FF31200C1F8100971E08F
:103670000498039900EB4111D1F810096FF312007F
:10368000C1F810090498039900EB4111D1F8100911
:103690006FF3DC40C1F810090398A8B9FFE706985A
:1036A00081680069884204D9FFE706998868086143
:1036B000FFE70498039900EB4111D1F8100940F499
:1036C0000020C1F8100937E00698816800690844B5
:1036D0000138B0FBF1F0ADF80A00BDF80A10002087
:1036E000C1F6F87000EAC1420498039900EB411159
:1036F000D1F810091043C1F8100906980079012883
:1037000019D1FFE70498039900EB4111D1F8100992
:1037100020F0C040C1F81009BDF80A0000F0030213
:103720000498039900EB4111D1F8100940EA427066
:10373000C1F81009FFE7FFE7069802696FF3DF425F
:103740000498039900EB4111D1F810091043C1F816
:103750001009FFE79DF8170001283BD1FFE7069805
:10376000C06948B1FFE70698C0690499039A01EB64
:103770004211C1F81409FFE70698007901281ED10B
:10378000FFE70498D0F80808C00500280BD4FFE72D
:103790000498039900EB4111D1F8000940F0005062
:1037A000C1F800090AE00498039900EB4111D1F82F
:1037B000000940F08050C1F80009FFE7FFE70498D6
:1037C000039900EB4111D1F8000940F00440C1F821
:1037D00000094CE00498039900EB4111D1F800096D
:1037E00040F00440C1F8000906980079012813D080
:1037F000FFE70698006970B1FFE70698007800F0CF
:103800000F01012000FA01F20499D1F834081043A5
:10381000C1F83408FFE729E00498D0F80808C0058B
:1038200000280BD4FFE70498039900EB4111D1F86D
:10383000000940F00050C1F800090AE0049803991B
:1038400000EB4111D1F8000940F08050C1F80009A7
:10385000FFE70798069BD9681A781B8A9DF817C05E
:10386000EE46CEF800C000F0DFFEFFE7FFE7C4E061
:103870000498039900EB4111D1F8100B6FF312007B
:10388000C1F8100B0498039900EB4111D1F8100B0B
:103890006FF3DC40C1F8100B039818BBFFE70698E4
:1038A000006920B1FFE7069988680861FFE706997B
:1038B000886808620698026A6FF3DF4204980399E9
:1038C00000EB4111D1F8100B1043C1F8100B049814
:1038D000039900EB4111D1F8100B40F40020C1F81E
:1038E000100B49E006980069C0B9FFE706988268A6
:1038F0006FF3DF420498039900EB4111D1F8100BEC
:103900001043C1F8100B0498039900EB4111D1F852
:10391000100B40F40020C1F8100B2CE006988168D1
:10392000006908440138B0FBF1F0ADF80A000699CF
:103930008868BDF80A2050430862BDF80A100020CC
:10394000C1F6F87000EAC1420498039900EB4111F6
:10395000D1F8100B1043C1F8100B0698026A6FF3F0
:10396000DF420498039900EB4111D1F8100B10438A
:10397000C1F8100BFFE7FFE79DF8170001280ED1F3
:10398000FFE70698C06848B1FFE70698C068049949
:10399000039A01EB4211C1F8140BFFE7FFE7069809
:1039A000007901281ED1FFE70498D0F80808C00567
:1039B00000280BD4FFE70498039900EB4111D1F8DC
:1039C000000B40F00050C1F8000B0AE00498039986
:1039D00000EB4111D1F8000B40F08050C1F8000B12
:1039E000FFE7FFE70498039900EB4111D1F8000BC2
:1039F00040F00440C1F8000BFFE7002008B080BD94
:103A000085B004900391002002908DF8070004987F
:103A100000900398407801283ED1FFE70098039971
:103A2000097800EB4110D0F80009C00F98B3FFE708
:103A300000980399097800EB4111D1F8000940F092
:103A40000060C1F8000900980399097800EB411162
:103A5000D1F8000940F08040C1F80009FFE7029862
:103A600001300290029842F21171884204D3FFE7BC
:103A700001208DF807000DE0FFE700980399097811
:103A800000EB4110D0F8000900F00040B0F1004F09
:103A9000E5D0FFE7FFE73DE000980399097800EBE8
:103AA0004110D0F8000BC00F98B3FFE700980399BE
:103AB000097800EB4111D1F8000B40F00060C1F82B
:103AC000000B00980399097800EB4111D1F8000B25
:103AD00040F08040C1F8000BFFE7029801300290EF
:103AE000029842F21171884204D3FFE701208DF859
:103AF00007000DE0FFE700980399097800EB4110FB
:103B0000D0F8000B00F00040B0F1004FE5D0FFE727
:103B1000FFE7FFE79DF8070005B0704700000000D1
:103B200081B000900099886840F001008860002012
:103B300001B070470000000083B0019000200090A9
:103B4000FFE70098013000900098B0F1706F04D941
:103B5000FFE703208DF80B0024E0FFE701980069E0
:103B6000C00F0028EDD0FFE7002000900199102041
:103B70000861FFE70098013000900098B0F1706F85
:103B800004D9FFE703208DF80B000BE0FFE7019855
:103B9000006900F010001028ECD0FFE700208DF83D
:103BA0000B00FFE79DF80B0003B07047000000001A
:103BB00084B00290019100200090FFE7009801304E
:103BC00000900098B0F1706F04D9FFE703208DF8E2
:103BD0000F0026E0FFE702980069C00F0028EDD033
:103BE000FFE70020009001988001203002990861D1
:103BF000FFE70098013000900098B0F1706F04D991
:103C0000FFE703208DF80F000BE0FFE70298006943
:103C100000F020002028ECD0FFE700208DF80F00F6
:103C2000FFE79DF80F0004B070470000000000009F
:103C300080B582B00190019808B9FFE767E002F013
:103C4000E7FD46F67C30C2F200000068019908608A
:103C500048F2A810C2F2004000680199486046F698
:103C60006930C2F2000000780199087248F2BC1075
:103C7000C2F2004000780199487246F67A30C2F2EA
:103C8000000000780199887201990020C87201999A
:103C90000873019948738DF80300FFE79DF803004E
:103CA0000F2813D8FFE79DF8031046F66A30C2F2DA
:103CB0000000405C01999DF8032011448873FFE7E0
:103CC0009DF8030001308DF80300E7E700208DF830
:103CD0000300FFE79DF80300032815D8FFE79DF8D0
:103CE000031048F2AC10C2F2004050F821000199D4
:103CF0009DF8032001EB82010862FFE79DF80300B5
:103D000001308DF80300E5E702F0AEFDFFE702B0F9
:103D100080BD00000000000084B003900398029072
:103D20000298D0F8080800F006000090009820B92A
:103D3000FFE700208DF8070010E00098022804D06B
:103D4000FFE70098062804D1FFE702208DF807005E
:103D500003E00F208DF80700FFE7FFE79DF807005D
:103D600004B070470000000081B0009000984069E6
:103D700000F0010001B0704780B582B08DF80600F8
:103D800048F29610C2F200400088B0F5967F06D344
:103D9000FFE700F01DF800208DF8070011E09DF806
:103DA000060048F29613C2F200431A88511C19808B
:103DB0004AF24821C2F20041885401208DF80700E0
:103DC000FFE79DF8070002B080BD00000000000082
:103DD00048F29811C2F200410020087048F2961192
:103DE000C2F20041088046F66031C2F2000108705C
:103DF00048F29411C2F20041087046F65C31C2F2FA
:103E00000001086046F65A31C2F20001088070478E
:103E100080B5FFF7DDFF48F29811C2F200410120A2
:103E2000087048F29611C2F200410A88501C0880BE
:103E30004AF24821C2F20041A520885480BD00000A
:103E400080B582B04AF24820C2F200404FF4967129
:103E5000DFF766FD009000200190FFE701980099D0
:103E600088420DD2FFE701994AF24820C2F2004091
:103E7000405CF4F7A5FEFFE7019801300190EDE703
:103E800002B080BD0000000083B002900191029852
:103E900000788DF80000029840788DF801000298B3
:103EA00080788DF802000298C0788DF803000098A1
:103EB00001990860029800798DF800000298407915
:103EC0008DF80100029880798DF802000298C0797F
:103ED0008DF803000098019948600298007A8DF8E7
:103EE00000000298407A8DF801000298807A8DF8DF
:103EF00002000298C07A8DF803000098019988604A
:103F00000298007B8DF800000298407B8DF801003C
:103F10000298807B8DF802000298C07B8DF8030028
:103F200000980199C86003B07047000000000000CD
:103F300080B584B002908DF807100092029840B1CD
:103F4000FFE7009828B1FFE79DF80700102804D08C
:103F5000FFE700208DF80F0007E002980099FFF7B7
:103F600093FF01208DF80F00FFE79DF80F0004B0CC
:103F700080BD00000000000083B002900298019014
:103F80000198D0F8180800900198D0F81C180098F3
:103F900008400090BDF8000003B07047000000002A
:103FA00083B00290029801900198D0F81808009010
:103FB0000198D0F81C18009808400090BDF8020045
:103FC00003B070470000000086B005908DF8131014
:103FD000059803900398D0F8100801900398D0F842
:103FE0003408009000989DF8131001F00F01C840AC
:103FF00000F00101019840EAC110019003989DF87A
:10400000131000EB4110D0F8080901990840029004
:10401000029806B07047000084B003908DF80B1032
:104020000398019001989DF80B1000EB4110D0F817
:10403000080B00900198D0F81418009808400090E0
:10404000009804B07047000082B001900198406968
:10405000009001988169009808400090009802B093
:10406000704700000000000089B008900791ADF88B
:104070001A200898059007980490BDF81A00800847
:104080000190BDF81A0000F00300ADF80200002016
:104090000290FFE702980199884217D2FFE705983E
:1040A0004FF48051405804990860049801300490FE
:1040B0000498013004900498013004900498013071
:1040C0000490FFE7029801300290E3E7BDF8020098
:1040D00008B3FFE70020029005984FF48051405844
:1040E0000390FFE703989DF80810C900C8400499A1
:1040F0000870029801300290049801300490BDF8D5
:1041000002000138ADF80200FFE7BDF80200002808
:10411000E8D1FFE7FFE7049809B07047000000000E
:1041200080B586B004908DF80F100020029004999D
:10413000C86820F0C040C8609DF80F00012823D156
:10414000FFE70499C86840F00050C860FFE70A2004
:10415000E5F70AFF02980A300290FFE70498FFF79C
:1041600003FE014600200129019007D0FFE70299D4
:104170000020C82938BF01200190FFE70198C0073F
:104180000028E4D1FFE72AE09DF80F0010BBFFE70D
:104190000499C86840F08040C860FFE70A20E5F74E
:1041A000E3FE02980A300290FFE70498FFF7DCFD77
:1041B00001460020009039B1FFE702990020C8298C
:1041C00038BF01200090FFE70098C0070028E5D124
:1041D000FFE703E001208DF817000CE0FFE70298ED
:1041E000C82804D1FFE701208DF8170003E0002064
:1041F0008DF81700FFE79DF8170006B080BD00009E
:1042000083B002908DF80710029800900099D1F8C1
:10421000000820F4FE60C1F800089DF8070000F0D7
:104220007F020099D1F8000840EA0210C1F80008A6
:10423000002003B07047000083B002908DF8071093
:10424000029800909DF807200099D1F800081043CB
:10425000C1F80008002003B0704700000000000013
:1042600084B0039002918DF807209DF80700022882
:1042700040F0B880FFE702984AF6C041C0F2D8018A
:1042800088420BD3FFE702984EF2BF11C0F2E4015F
:10429000884203D8FFE70F200090A2E002984EF278
:1042A000C011C0F2E40188420BD3FFE7029842F24A
:1042B000FF31C0F2F401884203D8FFE70E200090DE
:1042C0008EE0029842F20041C0F2F40188420BD322
:1042D000FFE7029847F27F31C0F20611884203D807
:1042E000FFE70D2000907AE0029847F28031C0F29B
:1042F000061188420BD3FFE7029844F69F11C0F2E3
:104300001A11884203D8FFE70C20009066E002985B
:1043100044F6A011C0F21A1188420BD3FFE70298AD
:1043200042F6FF41C0F23111884203D8FFE70B206B
:10433000009052E0029842F60051C0F231118842DA
:104340000BD3FFE702984AF23F41C0F24C1188427A
:1043500003D8FFE70A2000903EE002984AF240416D
:10436000C0F24C1188420BD3FFE7029843F2FF5191
:10437000C0F26E11884203D8FFE7092000902AE0BE
:10438000029843F20061C0F26E1188420BD3FFE73E
:1043900002984AF61F31C0F2A611884203D8FFE7FF
:1043A0000820009016E002984AF62031C0F2A611CB
:1043B00088420BD3FFE7029844F2FF71C0F2E81184
:1043C000884203D8FFE70720009002E00620009013
:1043D000FFE7FFE7FFE7FFE7FFE7FFE7FFE7FFE7AD
:1043E000FFE70AE09DF8070018B9FFE709200090F1
:1043F00002E009200090FFE7FFE70399C86820F476
:104400007050C860009800F00F020399C86840EA35
:104410008220C860002004B0704700000000000047
:1044200080B584B08DF80F008DF80E109DF80E0049
:1044300030B1FFE79DF80E00012801D0FFE72FE023
:104440009DF80F00012813D1FFE70120F8F7ACFB1E
:1044500002909DF80E0028B9FFE702980021F8F7B6
:10446000F3FC04E002980121F8F7EEFCFFE717E007
:104470009DF80F0098B9FFE70120F8F7A9FB01901C
:104480009DF80E0028B9FFE701980021F8F720FDFC
:1044900004E001980121F8F71BFDFFE7FFE7FFE7C4
:1044A00004B080BD0000000080B584B003900020FF
:1044B0008DF80B008DF80A0002F0AAF944F2305092
:1044C000C2F200000078002853D0FFE744F22C30FD
:1044D000C2F20000007800284BD0FFE746F6853096
:1044E000C2F200000078002843D0FFE70120F8F76F
:1044F00083FB01280BD1FFE70120F8F755FB407B38
:104500000138B0FA80F040098DF80B000AE0012074
:10451000F8F75EFB407B0138B0FA80F040098DF877
:104520000B00FFE79DF80B0038B9FFE746F6853131
:10453000C2F20001002008701AE0039846F68031AC
:10454000C2F200010968401AB0F5FA6F0FD9FFE70F
:1045500046F68531C2F200010020087046F684312B
:10456000C2F20001012008708DF80A00FFE7FFE7A2
:10457000FFE702F079F99DF80A00E8B1FFE702F0E1
:1045800047F901200190F8F783FB0198F8F734FB15
:10459000012807D1FFE70120F8F706FB01460220BA
:1045A000487306E00120F8F713FB01460220487328
:1045B000FFE702F059F9FFE704B080BD00000000FA
:1045C00080B502F025F946F68531C2F200010020DF
:1045D000087046F68431C2F20001087046F6803158
:1045E000C2F20001086002F03FF980BD0000000047
:1045F00080B502F00DF9E7F7E7F846F68031C2F230
:104600000001086046F68531C2F200010120087001
:1046100046F68431C2F200010020087002F024F94D
:1046200080BD00000000000080B588B084460A9874
:10463000CDF81CC006918DF81720ADF814308DF818
:10464000130007980390069802909DF8130048BB4A
:10465000FFE7BDF8140003308008019000200090AF
:10466000FFE70098019988421BD2FFE70298006893
:1046700003999DF8172001EB02314FF480528850C6
:1046800002980130029002980130029002980130A5
:104690000290029801300290FFE7009801300090EC
:1046A000DFE7FFE7002008B080BD00000000000049
:1046B00080B5B8B001A80090F2F7AAFC009800F00D
:1046C00053F820B9FFE700208DF8DF000BE00198D8
:1046D000232804DBFFE700208DF8DF0003E0012042
:1046E0008DF8DF00FFE79DF8DF0038B080BD0000E7
:1046F00080B5BAB038903791389820B9FFE70120DB
:104700008DF8E7002AE001A80090F2F781FC0098FC
:1047100000F02AF840B1FFE738990020C8753899B1
:1047200048628DF8E70019E03898C07D50B9FFE77E
:1047300038990120C87537983899486200208DF85B
:10474000E7000BE037983899496A411A0020B1F523
:104750007A7F88BF01208DF8E700FFE79DF8E7002A
:104760003AB080BD0000000082B00090009820B9EF
:10477000FFE700208DF8070019E00098007E20B1C7
:10478000FFE70098C07E20B9FFE700208DF8070002
:104790000DE000980068B0F1FF3F04DCFFE7002067
:1047A0008DF8070003E001208DF80700FFE79DF872
:1047B000070002B07047000080B588B007909FEDF9
:1047C000860AF5F73DFD8DED050A9FED840AF5F7A4
:1047D00037FD8DED040A00208DF81B00FFE79DF8E2
:1047E0001B0003282BD8FFE79DF81B2048F670100C
:1047F000C0F6020000EB820090ED000AC2EBC2019D
:1048000045F62470C2F2000000EB8100C1680798F1
:1048100000EB8200C26A891A01EE101AB8EEC11AC2
:1048200020EE010A9DED051A80EE010A80ED190ABD
:10483000FFE79DF81B0001308DF81B00CFE748F61D
:104840005C11C0F6020191ED000A45F24070C2F21F
:104850000040C36F079AD2F83CC0A3EB0C0301EEF3
:10486000103AB8EEC11A20EE010A9DED041A80EE4E
:10487000010A82ED1D0A91ED010AD0F898200798EF
:10488000036CD21A01EE102AB8EEC11A20EE010A0A
:104890009DED041A80EE010A80ED1E0A91ED000ADA
:1048A00045F62470C2F20000C36F079AD2F844C0E4
:1048B000A3EB0C0301EE103AB8EEC11A20EE010A88
:1048C0009DED041A80EE010A82ED1F0A91ED010AA6
:1048D000D0F898100798826C891A01EE101AB8EE79
:1048E000C11A20EE010A9DED041A80EE010A80ED46
:1048F000200A0798DBF750FF8DF80F0000208DF895
:104900000E00FFE79DF80E00012862D8FFE70020A7
:10491000029001909DF80F00C007B0B1FFE7079823
:104920009DF80E1000EB810090ED1D1A9DED020A1E
:1049300030EE010A8DED020A9DED010AB7EE001A74
:1049400030EE010A8DED010AFFE79DF80F008007A8
:10495000002816D5FFE707989DF80E1000EB8100A0
:1049600090ED1F1A9DED020A30EE010A8DED020A4C
:104970009DED010AB7EE001A30EE010A8DED010A35
:10498000FFE79DED010AB6EE001AB4EE410AF1EE22
:1049900010FA09DDFFE79DED020A9DED011A80EE98
:1049A000010A8DED000A04E09FED0D0A8DED000A6D
:1049B000FFE79DED000A07989DF80E1000EB8100BF
:1049C00080ED210AFFE79DF80E0001308DF80E0002
:1049D00098E708B080BD00BF49F1E744B458B74438
:1049E0000000000000000000FFE7FEE700000000FC
:1049F00082B00090009820B9FFE76FF005000190A9
:104A000008E0009846F20401C2F2000108600020AC
:104A10000190FFE7019802B070470000000000001D
:104A200083B001908DF803100198072804D3FFE7A5
:104A30006FF00500029014E0019846F65431C2F27E
:104A4000000108609DF8030040F21021C2F200014D
:104A5000087048F28811C2F20041002008600290FC
:104A6000FFE7029803B0704782B00090009820B929
:104A7000FFE76FF00500019008E0009846F20C0196
:104A8000C2F20001086000200190FFE7019802B027
:104A9000704700000000000080B588B08DF81F004E
:104AA00046F20C00C2F20000006808B9FFE755E1C9
:104AB0009DF81F0048F28813C2F200431A68511C87
:104AC000196046F65421C2F20001885446F654306B
:104AD000C2F2000000680290B8B1FFE70298012816
:104AE0007ED0FFE7029802380228C0F02081FFE75D
:104AF0000298042809D0FFE70298052870D0FFE744
:104B00000298062800F0138118E146F65420C2F2FC
:104B100000000078552810D0FFE748F28810C2F254
:104B20000040016801390160026846F65420C2F273
:104B30000000411CDBF7ECFC10E148F28810C2F2E7
:104B4000004000680B284AD3FFE746F65420C2F223
:104B5000000001900A2100F0F3FA01998DF80F008E
:104B60009DF80F00897A884210D0FFE748F288103C
:104B7000C2F20040016801390160026846F6542023
:104B8000C2F20000411CDBF7C3FCE7E046F654200C
:104B9000C2F2000000908178C27841EA0221ADF8AB
:104BA00010100179427941EA0221ADF812108179A1
:104BB000C27941EA0221ADF81410017A427A41EA41
:104BC0000221ADF81610407804A90422DFF738FC62
:104BD00048F28811C2F2004100200860FFE7ADE012
:104BE00048F28810C2F2004000680328C0F09E809E
:104BF000FFE746F65420C2F200004078032810D0A8
:104C0000FFE748F28810C2F20040016801390160F4
:104C1000026846F65420C2F20000411CDBF778FC23
:104C20009CE048F28810C2F20040006846F6542129
:104C3000C2F2000189780531884201D2FFE78DE098
:104C400048F28811C2F200410A6846F65420C2F2C6
:104C50000000024412F8023C12F8012C42EA03223E
:104C6000ADF81A200968023989B200F029FAADF8C6
:104C70001C00BDF81A00BDF81C10884210D0FFE7D8
:104C800048F28810C2F200400168013901600268F0
:104C900046F65420C2F20000411CDBF739FC5DE00F
:104CA00046F65420C2F2000080784008ADF81A00A1
:104CB0000020ADF81800FFE7BDF81800BDF81A1085
:104CC00088421FDAFFE7BDF8181046F65420C2F2FA
:104CD000000000EB4100C278007940EA022048F26F
:104CE0008412C2F2004212680A4446F67401C2F20B
:104CF000000121F81200FFE7BDF818000130ADF8FF
:104D00001800D9E746F20C00C2F20000026848F22F
:104D10008410C2F200400068BDF81A10904748F2B3
:104D20008811C2F2004100200860FFE706E048F267
:104D30008811C2F2004100200860FFE748F28810A5
:104D4000C2F200400068B0F5807F07D1FFE748F26B
:104D50008811C2F2004100200860FFE708B080BD62
:104D600082B00090009820B9FFE76FF00500019035
:104D700008E0009845F60411C2F2004108600020E6
:104D80000190FFE7019802B07047000000000000AA
:104D900080B582B0009046F65430C2F20000006840
:104DA000042804D1FFE76FF00500019038E0BDF959
:104DB0000000012140F6FF72DFF70EF920B9FFE78E
:104DC0006FF0050001902BE069204BF2885100F054
:104DD00077F820B1FFE76FF00200019020E046F283
:104DE0000400C2F20000006840B1FFE746F2040090
:104DF000C2F2000001681420884703E06FF004004D
:104E000001900DE0BDF80010022000F059F820B12B
:104E1000FFE76FF00200019002E000200190FFE741
:104E2000019802B080BD000080B582B0009046F6C7
:104E30005430C2F200000068042804D1FFE76FF08C
:104E40000500019037E0BDF9000001210D22DFF7D8
:104E5000C3F820B9FFE76FF0050001902BE069204F
:104E60004BF2885100F02CF820B1FFE76FF0020000
:104E7000019020E046F20400C2F20000006840B158
:104E8000FFE746F20400C2F20000016814208847E0
:104E900003E06FF0040001900DE0BDF80010032066
:104EA00000F00EF820B1FFE76FF00200019002E081
:104EB00000200190FFE7019802B080BD00000000D3
:104EC00080B588B00690ADF816100698902804D3E7
:104ED000FFE76FF005000790D2E046F65430C2F2CB
:104EE000000000680290062800F2C3800299DFE803
:104EF00001F0082D6993042D69006FF005000790FB
:104F0000BEE045F60410C2F20040006820B9FFE799
:104F10006FF004000790B3E0FF208DF80C00AA208A
:104F20008DF80D0006988DF80E00BDF816008DF86E
:104F30000F009DF817008DF8100045F60410C2F21E
:104F40000040026803A80521904796E045F604104A
:104F5000C2F20040006820B9FFE76FF0040007903C
:104F60008EE040F21020C2F2000000788DF80C00B4
:104F700006218DF80D100698000A8DF80E0006988F
:104F80008DF80F009DF817008DF81000BDF8160081
:104F90008DF8110003A8019000F092F801460198E5
:104FA000ADF814109DF815108DF81210BDF81410FE
:104FB0008DF8131045F60411C2F200410A68082169
:104FC00090475AE045F60010C2F20040006820B950
:104FD000FFE76FF00400079052E0FF208DF80C000F
:104FE000AA208DF80D0006988DF80E00BDF8160069
:104FF0008DF80F009DF817008DF8100045F6001091
:10500000C2F20040036840F21020C2F200000078B3
:1050100003A90522984730E046F20800C2F20000DA
:10502000006820B9FFE76FF00400079028E0BDF8A2
:1050300016008DF80C009DF817008DF80D0046F253
:105040000800C2F20000D0F800C040F21020C2F206
:105050000000007840009DF81810C0B203AA022397
:10506000E047012804D0FFE76FF00200079007E057
:1050700003E06FF00500079002E000200790FFE7D3
:10508000079808B080BD000082B041EC100B8DED98
:10509000000B0198C0F30A5040F2FF71401A18BF8C
:1050A000012002B07047000081B000EE100A0090AD
:1050B0000098C0F3C750FF3818BF012001B07047F7
:1050C00084B00390ADF80A10FF208DF809008DF828
:1050D0000800002100918DF809008DF80800FFE715
:1050E0000098BDF80A10884222DAFFE79DF809000F
:1050F0000399009A895C48408DF807009DF80800E4
:105100009DF8072048F27C51C0F60201895C4840B6
:105110008DF809009DF8071048F27C60C0F6020087
:10512000405C8DF80800FFE7009801300090D7E759
:105130009DF809109DF8080040EA012004B070476E
:1051400084B00390029100208DF803000190FFE7E6
:105150000198029988420DD2FFE703980199415CBA
:105160009DF8030008448DF80300FFE70198013023
:105170000190EDE79DF8030004B0704700000000C7
:1051800081B0ADF80200BDF9020000280ED4FFE79F
:10519000BDF9021001F01F02012090404A094EF2B1
:1051A0000011CEF2000141F82200FFE701B0704784
:1051B0004EF60C50CEF200000068C0F3022070479B
:1051C00082B0ADF806000091BDF9060000280AD4AF
:1051D000FFE700980001BDF906104EF20042CEF242
:1051E000000288540BE000980001BDF8061001F0A1
:1051F0000F014EF61452CEF200028854FFE702B0BF
:10520000704700000000000083B00290029800F098
:10521000070000904EF60C51CEF200010868019094
:1052200001984FF6FF02104001900198009A40EA61
:1052300002200022C0F2FA52104301900198086047
:1052400003B070470000000082B08DED010A9DEDB3
:10525000010AB5EE400AF1EE10FA05DBFFE79DED1D
:10526000010A8DED000A06E09DED010AB1EE400A4B
:105270008DED000AFFE79DED000A02B070470000C7
:1052800084B08DED020ACDED010A8DED001A9DED81
:10529000020A9DED011AB4EE410AF1EE10FA03DAAA
:1052A000FFE7019803900FE09DED020A9DED001AC3
:1052B000B4EE410AF1EE10FA03DDFFE70098039027
:1052C00002E002980390FFE79DED030A04B07047E7
:1052D00084B08DED030ACDED020A8DED011A9DED2E
:1052E000030A9DED021A9FED112A31EE021A0020E9
:1052F000B4EE410AF1EE10FA009011DBFFE79DEDEC
:10530000030A9DED011A9FED0A2A31EE021A0020D0
:10531000B4EE410AF1EE10FAD8BF01200090FFE789
:10532000009800F0010004B0704700BF6F1283BA0C
:105330006F12833A0000000080B588B08DED070A37
:10534000CDED060A8DED051ACDED041A8DED032A7B
:10535000CDED022A9DED070ADDED050A9DED041A4B
:10536000FFF7B6FF01460020019069B1FFE79DED10
:10537000060ADDED030A9DED021AFFF7A9FF0028DA
:1053800018BF01200190FFE7019800F0010008B06C
:1053900080BD00000000000081B00090009808B9B6
:1053A000FFE71FE0009900200870009948700099FD
:1053B000887045F62001C2F2004191ED180AB8EE5E
:1053C000C00A009981ED010A009A0021C4F6840107
:1053D0009160009908730099487300998873009947
:1053E0000861FFE701B0704780B582B00190019875
:1053F00008B9FFE732E00198407B0146009140B1D7
:10540000FFE70098012805D0FFE70098022820D088
:1054100020E023E0019800F0AFF8012807D1FFE772
:105420000199887B087001990020487310E001F011
:1054300093FE01990969401AB0F5FA6F07D9FFE7A1
:105440000198F7F7F5FB019902204873FFE7FFE7A2
:1054500004E003E0019900204873FFE702B080BD3B
:1054600082B00190019808B9FFE71DE00199002082
:1054700000900870019948700199887045F62001E4
:10548000C2F2004191ED180AB8EEC00A019981ED0F
:10549000010A01998860019908730199487301997B
:1054A000887301990861FFE702B0704700000000AF
:1054B00080B582B00190019808B9FFE732E0019809
:1054C000407B0146009140B1FFE70098012805D0DC
:1054D000FFE70098022820D020E023E0019800F0A8
:1054E00083F8012807D1FFE70199887B08700199AB
:1054F0000020487310E001F02FFE01990969401A5D
:10550000B0F5FA6F07D9FFE70198F7F7A9FB019902
:1055100002204873FFE7FFE704E003E00199002061
:105520004873FFE702B080BD80B582B000200190D3
:1055300046F6E010C2F200000068C0B1FFE746F690
:10554000E010C2F20000006801A901F0BDFA019864
:1055500060B1FFE74EF60451CEF200014FF08050EB
:105560000860BFF34F8FBFF36F8FFFE7FFE702B015
:1055700080BD00000000000080B582B0009000985F
:1055800018B9FFE70020019029E0009845F62001B6
:10559000C2F2004191ED180AB8EEC00A01F050F8CD
:1055A000009890ED010A90ED021A30EE410AB0EE3B
:1055B000C00A9FED0C1AB4EE410AF1EE10FA07DAB8
:1055C000FFE70099012008730098007B019006E036
:1055D0000099002008730098007B0190FFE7019874
:1055E00002B080BDCDCCCC4480B582B00090009894
:1055F00018B9FFE70020019029E0009845F6200146
:10560000C2F2004191ED180AB8EEC00A01F02CF880
:10561000009890ED010A90ED021A30EE410AB0EECA
:10562000C00A9FED0C1AB4EE410AF1EE10FA07DA47
:10563000FFE70099012008730098007B019006E0C5
:105640000099002008730098007B0190FFE7019803
:1056500002B080BDCDCCCC4483B0029001910298C1
:1056600018B1FFE7019808B9FFE73FE00299088801
:10567000088101980178407840EA01200299088069
:1056800001988178C07840EA012002994880019809
:105690000179407940EA0120029988800198807957
:1056A0000299887102990888B1F90810401A00908F
:1056B0000098B0F5805F05DDFFE7029908690138C1
:1056C00008610AE0009810F5805F05DAFFE70299AB
:1056D000086901300861FFE7FFE702990A69088855
:1056E00000EB42308A8A801AC860FFE703B0704737
:1056F00082B001900091019818B1FFE7009808B9B5
:10570000FFE712E000980178407840EA0120019913
:105710000880019908888882019908880881019980
:10572000002008610199C860FFE702B070470000DF
:1057300081B0EFF3058000900098002818BF012089
:1057400001B070470000000080B582B000200190D9
:10575000EEF7E6FAE6F750F8F6F766FAEEF788FCA9
:10576000EEF70AFBEEF724FBEEF762FBEEF7A0FB89
:10577000EEF716FDEEF7ACFDEEF7EEFDEEF7C4FE2C
:10578000EEF70AFFEEF730FEEEF776FEE1F7B0FA3D
:10579000EEF7CEFB00F04CF8FFE7FEE7000000005C
:1057A00082B0ADF8060000200090BDF90600842804
:1057B00007D0FFE7BDF906000099084403300090C8
:1057C000FFE7009802B0704783B08DED020ACDED7F
:1057D000010A9DED020A9DED011AB4EE410AF1EEB7
:1057E00010FA05DDFFE79DED020A8DED000A04E0E9
:1057F0009DED010A8DED000AFFE79DED000A03B063
:10580000704700000000000080B584B0039003984A
:105810000290029818B1FFE70298019002E001207F
:105820000190FFE7019801F017F9002004B080BD56
:1058300080B501F0E1F9002080BD0000000000000B
:1058400080B582B0FFF774FF20B1FFE701F090FC54
:10585000019003E001F080FC0190FFE7019802B0A5
:1058600080BD000000000000B0B590B00E900D911A
:105870000E98406938B3FFE70E98806918B3FFE7C8
:105880000E980168089141680B91016909910D9981
:105890000A91B0F90800FFF783FF0899099A0A9B5B
:1058A00084460B98DDF838E0DEF81440DEF8185036
:1058B000EE46CEF80850CEF80440CEF800C001F015
:1058C000D7FB0C9020E00E98016804914168079185
:1058D000018A05910D990691B0F90800FFF760FF64
:1058E0000499059A069B84460798EE460CACCEF8C0
:1058F0000440CEF800C001F06BFB012803D0FFE7A5
:1059000000200F9003E0FFE70C980F90FFE70F983F
:1059100010B0B0BD0000000080B582B08DED010A6E
:1059200000909DED010A0098EFF73AFF0098EFF71D
:10593000BBFF02B080BD000080B582B08DED010AD2
:1059400000909DED010A0098EFF756FF0098EFF7E1
:10595000D7FF02B080BD000080B582B08DED010A96
:1059600000909DED010A0098EFF772FF0098EFF7A5
:10597000F3FF02B080BD000080B584B003900291B7
:105980004AF21860C2F200400068009046F2E070EF
:10599000C2F200000068043000F07AFE88B9FFE728
:1059A00046F2E070C2F200000068C16A012000FA0D
:1059B00001F24AF27C31C2F200410868904308606B
:1059C00000E0FFE70398013080B9FFE7029868B173
:1059D000FFE746F2E070C2F200000068011D4AF2E3
:1059E0000460C2F2004000F0E7FE3DE00098039939
:1059F00008440190019846F2E071C2F20001096882
:105A000048600198009988420ED2FFE746F2DC0018
:105A1000C2F20040006846F2E071C2F2000109687B
:105A2000043100F091FE1EE046F2E470C2F2000084
:105A3000006846F2E071C2F200010968043100F02A
:105A400083FE01984AF2DC71C2F2000109688842C3
:105A500007D2FFE701984AF2DC71C2F20001086048
:105A600000E0FFE7FFE7FFE704B080BD00000000B3
:105A700080B582B0019000F0CBFE4AF2B471C2F260
:105A8000000108680130086046F2E070C2F20000D0
:105A9000006898B9FFE7019846F2E071C2F2000190
:105AA00008604AF2B470C2F200000068012803D115
:105AB000FFE700F0CDF900E0FFE71CE04AF2F85004
:105AC000C2F200400068A0B9FFE746F2E070C2F2FF
:105AD00000000068C06A0199C96A884207D8FFE7D8
:105AE000019846F2E071C2F20001086000E0FFE7B1
:105AF00000E0FFE7FFE74AF2BC71C2F2000108686C
:105B0000013008600198C16A012000FA01F24AF2EE
:105B10007C31C2F200410868104308600199C86AEC
:105B200000EB800246F2E870C2F2000000EB820057
:105B3000043100F041FE00F097FE4AF2F850C2F244
:105B400000400068C8B1FFE746F2E070C2F2000012
:105B50000068C06A0199C96A88420CD2FFE74EF614
:105B60000451CEF200014FF080500860BFF34F8F18
:105B7000BFF36F8F00E0FFE700E0FFE702B080BDFA
:105B800080B582B0FFE74AF27830C2F20040006888
:105B900008B3FFE700F03CFE4AF2FC70C2F20000DE
:105BA000C068C06801900198043000F071FD4AF2AD
:105BB000B471C2F200010868013808604AF2783115
:105BC000C2F2004108680138086000F04DFE0198FB
:105BD00000F006F8D7E702B080BD0000000000002A
:105BE00080B582B00090009890F8510040B9FFE76E
:105BF0000098006B00F060FE009800F05DFE1CE075
:105C0000009890F85100012804D1FFE7009800F0B7
:105C100053FE11E0009890F8510002280BD0FFE7E6
:105C20004FF0500080F31188BFF36F8FBFF34F8F99
:105C30000190FFE7FEE7FFE7FFE702B080BD00004D
:105C400084B04FF47050009046F6B430C2F20000B9
:105C500001909DF80400400788B1FFE701980730E4
:105C60000190019820F007000190019A46F6B431A6
:105C7000C2F200010098891A08440090FFE70198D9
:105C8000029002994AF2FC50C2F2004001600021E9
:105C900041600298009A10440190019808380190E0
:105CA000019820F007000190019A46F2D800C2F254
:105CB000004002600268516002681160029903911D
:105CC0000199039A891A5160006803990860039842
:105CD00040684AF2D871C2F2000108600398406837
:105CE0004AF29431C2F2004108604AF2C071C2F235
:105CF00000014FF00040086004B070470000000051
:105D000080B582B00190FFE7FFF73AFF46F2E870F6
:105D1000C2F20000006802280CD3FFE74EF60451DF
:105D2000CEF200014FF080500860BFF34F8FBFF3F9
:105D30006F8F00E0FFE7E7E780B588B0DDF834C09B
:105D4000DDF830C0DDF82CC0DDF828C006900591E4
:105D5000049203930C98006B049900EB81000438C3
:105D60000290029820F0070002909DF8080040077A
:105D700058B1FFE74FF0500080F31188BFF36F8FE9
:105D8000BFF34F8F0790FFE7FEE70598F8B1FFE7F5
:105D900000200190FFE701980F2813D8FFE705982E
:105DA000019A805C0C99114481F83400059801999E
:105DB000405C08B9FFE705E0FFE7FFE70198013025
:105DC0000190E8E70C99002081F8430004E00C9969
:105DD000002081F83400FFE70A98072803D3FFE783
:105DE00006200A9000E0FFE70A980C99C8620A981A
:105DF0000C9948640C990020009088640C98043039
:105E000000F09AFC0C98183000F096FC00980C9961
:105E100009610A99C1F107010C9A91610C994962D3
:105E20000C99C8640C9981F8500002980699039A5D
:105E300000F012FA0C9908600B9820B1FFE70C985B
:105E40000B99086000E0FFE708B080BD000000008B
:105E500080B584B000200390FFE70398062810D88F
:105E6000FFE7039800EB800146F2E870C2F2000001
:105E700000EB810000F048FCFFE70398013003903D
:105E8000EBE74AF28030C2F20040019000F03CFCA7
:105E90004AF2C470C2F20000029000F035FC4AF2EF
:105EA000E870C2F2000000F02FFC4AF2FC70C2F26F
:105EB000000000F029FC4AF20460C2F2004000F049
:105EC00023FC0199029846F2E472C2F200021160CA
:105ED00046F2DC01C2F20041086004B080BD00005F
:105EE00083B002904AF2FC50C2F200400190FFE7FA
:105EF000019800680299884205D2FFE7FFE7019800
:105F000000680190F4E701980090009801994968B1
:105F100008440299884209D1FFE702984268019932
:105F20004868104448600198029000E0FFE702983A
:105F300000900098029949680844019909688842CC
:105F400020D1FFE70198006846F2D801C2F2004173
:105F5000096888420DD0FFE70198006842680299FD
:105F60004868104448600198006800680299086019
:105F700007E046F2D800C2F20040006802990860CB
:105F8000FFE704E00198006802990860FFE70198C4
:105F90000299884204D0FFE702980199086000E066
:105FA000FFE703B07047000008480068006880F30E
:105FB00008884FF0000080F3148862B661B6BFF322
:105FC0004F8FBFF36F8F00DF00BF000008ED00E0D0
:105FD00081B046F2E470C2F200000068006840B987
:105FE000FFE74AF2DC71C2F200014FF0FF300860B7
:105FF0000FE046F2E470C2F200000068C068C068BA
:106000000090009840684AF2DC71C2F2000108601A
:10601000FFE701B07047000083B00020009040F21D
:106020001820C2F200000068013058B1FFE74FF0BD
:10603000500080F31188BFF36F8FBFF34F8F029032
:10604000FFE7FEE74FF0500080F31188BFF36F8F3A
:10605000BFF34F8F0190FFE7009808B9FFE7FBE718
:1060600003B070470000000080B58AB006900020A1
:10607000029000F029FE46F2D800C2F2004000680B
:1060800018B9FFE7FFF7DCFD00E0FFE706984AF2EA
:10609000C071C2F200010968084240F0C580FFE704
:1060A000069800B3FFE70698083006909DF81800A0
:1060B0004007B0B1FFE7069820F0070008300690CF
:1060C0009DF81800400758B1FFE74FF0500080F3EB
:1060D0001188BFF36F8FBFF34F8F0990FFE7FEE783
:1060E00000E0FFE700E0FFE70698002800F09A8054
:1060F000FFE706984AF29431C2F2004109688842EB
:1061000000F29080FFE74AF2FC50C2F20040049097
:1061100000680590FFE705984168069A00209142C3
:10612000019007D2FFE705980068002818BF0120FA
:106130000190FFE70198C00730B1FFE70598049090
:10614000059800680590E6E7059846F2D801C2F286
:1061500000410968884263D0FFE70498006808306E
:1061600002900598006804990860059840680699AF
:10617000401A112821D3FFE7059806990844039097
:106180009DF80C00400758B1FFE74FF0500080F336
:106190001188BFF36F8FBFF34F8F0890FFE7FEE7C3
:1061A000059840680699401A039948600698059931
:1061B00048600398FFF794FE00E0FFE70598426807
:1061C0004AF29430C2F200400168891A0160006806
:1061D0004AF2D871C2F20001096888420BD2FFE787
:1061E0004AF29430C2F2004000684AF2D871C2F21A
:1061F0000001086000E0FFE74AF2C070C2F2000050
:1062000002680599486810434860059900200860B5
:106210004AF2F051C2F2004108680130086000E023
:10622000FFE700E0FFE700E0FFE701F08DF89DF8F1
:106230000800400758B1FFE74FF0500080F3118885
:10624000BFF36F8FBFF34F8F0790FFE7FEE7029812
:106250000AB080BD0000000083B00290019100925E
:1062600002980438029002994FF0807008600298FA
:1062700004380290019820F0010002990860029809
:1062800004380290029946F21900C0F60200086034
:106290000298143802900098029908600298043815
:1062A000029002996FF00200086002982038029074
:1062B000029803B07047000082B001900198007806
:1062C0008DF80000019840788DF8010001988078E1
:1062D0008DF802000198C0788DF803009DED000A4A
:1062E00002B070470000000082B001908DED000AFE
:1062F000019808B9FFE703E0009801998860FFE77B
:1063000002B070470000000082B001908DED000ADD
:10631000019808B9FFE703E0009801998860FFE75A
:1063200002B070470000000084B003908DED020AB7
:10633000CDED010A8DED001A02980399886001984D
:106340000399C860009803990861039900200860C8
:106350000399486004B0704782B001908DED000A47
:1063600000980199086002B070470000000000002A
:1063700084B00290029890ED000A90ED011A30EE80
:10638000410A8DED000A9DED000AB0EEC00A9FEDB6
:10639000361AB4EE410AF1EE10FA07DAFFE7029975
:1063A0000868486002984068039059E09DED000A33
:1063B000B5EE400AF1EE10FA0ADDFFE7029890ED23
:1063C000020A90ED041A20EE010A8DED010A09E09F
:1063D000029890ED030A90ED041A20EE010A8DED6B
:1063E000010AFFE79DED000AB5EE400AF1EE10FA52
:1063F00019DDFFE79DED011A029890ED010A30EEDC
:10640000010A80ED010A029890ED001A90ED010A50
:10641000B4EE410AF1EE10FA04DDFFE702990868D4
:106420004860FFE718E09DED011A029890ED010A1F
:1064300030EE410A80ED010A029890ED001A90EDCD
:10644000010AB4EE410AF1EE10FA04DAFFE702990C
:1064500008684860FFE7FFE7029840680390FFE79D
:106460009DED030A04B070476F12833A00000000EC
:1064700080B582B001908DF80310019808B9FFE74C
:1064800035E00198407B012801D1FFE72FE09DF81E
:106490000300012805D0FFE79DF8030008B1FFE7DE
:1064A00025E001989FED130AFFF71EFF0198FFF703
:1064B00063F801280BD0FFE701990878887300F092
:1064C0004BFE019908610199012048730FE09DF886
:1064D0000300F6F7E9FC9DF803000199887300F0CA
:1064E0003BFE01990861019901204873FFE702B062
:1064F00080BD00BF0000844880B582B001908DF857
:106500000310019808B9FFE735E00198407B0128A6
:1065100001D1FFE72FE09DF80300012805D0FFE738
:106520009DF8030008B1FFE725E001989FED130AED
:10653000FFF7EAFE0198FFF757F801280BD0FFE7B5
:1065400001990878887300F007FE019908610199A4
:10655000012048730FE09DF80300F6F7E9FC9DF871
:1065600003000199887300F0F7FD01990861019912
:1065700001204873FFE702B080BD00BF00000000AB
:1065800080B584B00390029100F042F946F2E070C9
:10659000C2F200000068C06CE8B9FFE746F2E070A4
:1065A000C2F200000168012081F85000029880B119
:1065B000FFE702980121FFF7DFF94EF60451CEF212
:1065C00000014FF080500860BFF34F8FBFF36F8F13
:1065D00000E0FFE700E0FFE700F046F900F018F9FF
:1065E00046F2E070C2F200000068C06C01900198B1
:1065F000A8B1FFE7039840B1FFE746F2E070C2F2AE
:10660000000001680020C86408E00198013846F2E3
:10661000E071C2F200010968C864FFE700E0FFE72B
:1066200046F2E070C2F200000168002081F85000DC
:1066300000F01AF9019804B080BD000000000000CD
:1066400083B001908DED000A019818B9FFE7002092
:10665000029005E000980199486001200290FFE750
:10666000029803B07047000083B001908DED000ADE
:10667000019818B9FFE70020029005E00098019901
:10668000486001200290FFE7029803B070470000C5
:1066900082B001900198006900900198416880687B
:1066A0008860019948688968486000984068019945
:1066B000884205D1FFE7019880680099486000E0B2
:1066C000FFE7019900200861009908680138086017
:1066D0000098006802B0704783B002900191009268
:1066E00002994AF29C50C2F20040086001994AF2B5
:1066F0009830C2F20040086000998020086003B022
:10670000704700000000000081B00090009901F186
:106710000800486000994FF0FF308860009901F14F
:106720000800C860009901F1080008610099002084
:10673000086001B07047000081B00090009900200F
:10674000086101B07047000084B003900291029884
:10675000006800900098013020B9FFE703980069B5
:10676000019010E0039808300190FFE7019840681D
:1067700000680099884205D8FFE7FFE70198406864
:106780000190F3E7FFE7019840680299486002989A
:106790004168886001980299886002980199486070
:1067A000039802990861039908680130086004B0F1
:1067B000704700000000000083B002900191029831
:1067C000406800900098019948600098806801999D
:1067D00088600198009989684860019800998860EC
:1067E000029801990861029908680130086003B0B5
:1067F0007047000000000000DFF80C00016841F461
:10680000700101607047000088ED00E000000000AA
:1068100082B04FF0500080F31188BFF36F8FBFF349
:106820004F8F019040F21820C2F200000168013140
:1068300001600068012814D1FFE74EF60450CEF243
:1068400000000068000658B1FFE74FF0500080F3E9
:106850001188BFF36F8FBFF34F8F0090FFE7FEE704
:10686000FFE702B07047000082B040F21820C2F289
:106870000000006858B9FFE74FF0500080F311881E
:10688000BFF36F8FBFF34F8F0090FFE7FEE740F23B
:106890001820C2F20000016801390160006830B9B7
:1068A000FFE700200190019880F31188FFE702B014
:1068B000704700000000000080B586B00390039888
:1068C0000290039800285CD0FFE7029808380290F5
:1068D00002980190019840684AF2C071C2F200012A
:1068E000096808420BD1FFE74FF0500080F3118890
:1068F000BFF36F8FBFF34F8F0590FFE7FEE701985F
:10690000006858B1FFE74FF0500080F31188BFF3E3
:106910006F8FBFF34F8F0490FFE7FEE70198406849
:106920004AF2C071C2F200010968084227D0FFE7AD
:106930000198006808BBFFE74AF2C070C2F200008D
:106940000268019948689043486000F0BDF90198D9
:1069500042684AF29431C2F200410868104408606B
:106960000198FFF7BDFA4AF2E471C2F2000108682B
:106970000130086000F0E8FC00E0FFE700E0FFE71E
:10698000FFE706B080BD00004EF21001CEF200011C
:10699000002008604EF21802CEF20002106040F2B1
:1069A0002400C2F20000006844F6D352C1F2620231
:1069B000A0FB02024FF0FF3000EB92104EF21402E7
:1069C000CEF200021060072008607047000000004F
:1069D00084B0EFF305800190019810281ED3FFE7E3
:1069E00001984EF2F031CEF20001405C8DF80300C8
:1069F0009DF803004AF24021C2F200410978884222
:106A00000BDAFFE74FF0500080F31188BFF36F8F70
:106A1000BFF34F8F0390FFE7FEE7FFE74EF60C5002
:106A2000CEF20000006800F4E0604AF24421C2F2B5
:106A30000041096888420BD9FFE74FF0500080F30E
:106A40001188BFF36F8FBFF34F8F0290FFE7FEE710
:106A500004B070470000000080B584B002900020B0
:106A600001900298E0B1FFE74AF2B870C2F200006C
:106A7000006858B1FFE74FF0500080F31188BFF372
:106A80006F8FBFF34F8F0390FFE7FEE700F01CF915
:106A900002980021FEF770FF00F056FC019000E024
:106AA000FFE7019860B9FFE74EF60451CEF200010E
:106AB0004FF080500860BFF34F8FBFF36F8F00E03F
:106AC000FFE704B080BD000080B58AB00490039158
:106AD000049858B9FFE74FF0500080F31188BFF3D6
:106AE0006F8FBFF34F8F0690FFE7FEE7FFF770FF52
:106AF00004980290EFF311814FF0500080F3118859
:106B0000BFF36F8FBFF34F8F0891079008980090E5
:106B1000029890F850008DF807000299022081F841
:106B200050000299C86C0130C8649DF80700012824
:106B300059D1FFE70298806A58B1FFE74FF0500043
:106B400080F31188BFF36F8FBFF34F8F0590FFE77E
:106B5000FEE74AF2B870C2F200000068F0B9FFE741
:106B600002980430FFF794FD0298C16A012000FAF0
:106B700001F24AF27C31C2F2004108681043086019
:106B80000299C86A00EB800246F2E870C2F2000087
:106B900000EB82000431FFF70FFE09E0029800F1DC
:106BA00018014AF2E870C2F20000FFF705FEFFE7A5
:106BB0000298C06A46F2E071C2F200010968C96A2F
:106BC00088420ED9FFE7039820B1FFE7039901201F
:106BD0000860FFE74AF61001C2F2000101200860D8
:106BE00000E0FFE7FFE700980990099880F311881B
:106BF0000AB080BD0000000080B58AB0002003907C
:106C00000690059006A805A904AAFFF765FD039B59
:106C1000049A0599DDF818C06846C0F808C04160BC
:106C2000036045F60150C0F6020048F6D971C0F67F
:106C3000020100F01DFA01464AF29850C2F20040EB
:106C40000160006818B1FFE70120079002E0002012
:106C50000790FFE70798012823D1FFE74FF0500086
:106C600080F31188BFF36F8FBFF34F8F09904AF203
:106C7000DC71C2F200014FF0FF3008604AF2F851B7
:106C8000C2F20041012008604AF21861C2F20041DC
:106C90000020086000F0F0F808B1FFE700E0FFE72F
:106CA0000FE00798013058B9FFE74FF0500080F32C
:106CB0001188BFF36F8FBFF34F8F0890FFE7FEE798
:106CC000FFE70AB080BD00004AF2B871C2F20001CD
:106CD000086801300860704785B04AF2B870C2F2A7
:106CE0000000006838B1FFE74AF61001C2F2000167
:106CF000012008604DE04AF61001C2F200010020B8
:106D000008604AF27C30C2F20040006804900498A7
:106D1000B0FA80F08DF80F009DF80F00C0F11F0051
:106D20000190019800EB800146F2E870C2F2000089
:106D300050F8210058B9FFE74FF0500080F3118858
:106D4000BFF36F8FBFF34F8F0290FFE7FEE701980D
:106D500000EB800146F2E870C2F2000000EB810017
:106D60000090009948684068486000994868083178
:106D7000884205D1FFE70099486840684860FFE70E
:106D800000984068C06846F2E071C2F200010860F5
:106D9000FFE705B07047000080B588B08DED070AA9
:106DA000CDED060A8DED051A049003919DED050ABF
:106DB00000F0F0FC8DED020A9DED050A01F0C4F82B
:106DC0008DED010A9DED071A9DED022A9DED060A43
:106DD0009DED013A20EE030AA1EE020A049880ED2F
:106DE000000A9DED071A9DED012A9DED060A9DED15
:106DF000023A20EE030AA1EE420A039880ED000A4F
:106E000008B080BD0000000081B08DED000AFFE7F2
:106E10009DED000A9FED141AB4EE410AF1EE10FA4E
:106E200009DDFFE79DED000A9FED121A30EE010A21
:106E30008DED000AECE7FFE79DED000A9FED0B1AD0
:106E4000B4EE410AF1EE10FA09DAFFE79DED000A0F
:106E50009FED071A30EE010A8DED000AECE79DED7B
:106E6000000A01B0704700BFDA0F4940DA0F49C08D
:106E7000DB0FC940DB0FC9C080B588B04EF60050AB
:106E8000CEF2000000684CF27121C4F20F1188426A
:106E90000BD1FFE74FF0500080F31188BFF36F8FE5
:106EA000BFF34F8F0790FFE7FEE74EF60050CEF29C
:106EB000000000684CF27021C4F20F1188420BD11F
:106EC000FFE74FF0500080F31188BFF36F8FBFF3DF
:106ED0004F8F0690FFE7FEE74EF20040CEF2000033
:106EE000039001780491FF21017000788DF80B0068
:106EF0009DF80B0000F050004AF24021C2F2004120
:106F000008704AF24421C2F2004107200860FFE7FE
:106F10009DF80B00000600280DD5FFE74AF244213A
:106F2000C2F200410868013808609DF80B0040007B
:106F30008DF80B00ECE74AF24420C2F200400068F2
:106F400003280BD0FFE74FF0500080F31188BFF308
:106F50006F8FBFF34F8F0590FFE7FEE74AF24421A2
:106F6000C2F20041086800020860086800F4E060AE
:106F7000086004984EF20041CEF2000108704EF60F
:106F80002051CEF20001086840F4700008600868E3
:106F900040F070400860FFF7F7FC40F21821C2F2A1
:106FA0000001002001900860FFF726FC4EF63471C6
:106FB000CEF20001086840F040400860FEF7F4FFA0
:106FC000FFF78AFEFFF728F8019808B080BD00009F
:106FD00070B58CB0DDF844C0DDF840C00B900A916C
:106FE000ADF826200893BDF826008000FFF73CF896
:106FF0000590059880B1FFE75420FFF735F807901A
:10700000079820B1FFE705980799086303E0059802
:10701000FFF752FCFFE702E000200790FFE7079828
:10702000F0B1FFE70798002680F851600B980A99A5
:10703000BDF82620089BDDF840C0119C079DEE4658
:10704000CEF80C60CEF80850CEF80440CEF800C060
:10705000FEF772FE0798FEF70BFD0120069003E095
:107060004FF0FF300690FFE706980CB070BD0000AF
:10707000B0B58EB0DDF850C0DDF84CC0DDF848C0CA
:107080000A90099108920793139858B9FFE74FF0B7
:10709000500080F31188BFF36F8FBFF34F8F0D90B7
:1070A000FFE7FEE7149858B9FFE74FF0500080F370
:1070B0001188BFF36F8FBFF34F8F0C90FFE7FEE790
:1070C00054200490049854280BD0FFE74FF0500050
:1070D00080F31188BFF36F8FBFF34F8F0B90FFE7E3
:1070E000FEE70498149820B3FFE7139808B3FFE76E
:1070F000149806901398069908630699022081F85F
:1071000051000A980999089A079BDDF848C0069C27
:10711000EE460025CEF80C50CEF8084005ACCEF86F
:107120000440CEF800C0FEF707FE0698FEF7A0FC6C
:1071300002E000200590FFE705980EB0B0BD00000A
:1071400081B046F2E070C2F2000000680090009842
:1071500001B070470000000081B04AF21860C2F22E
:10716000004000680090009801B0704700000000E7
:1071700080B582B0FFF72CFC002000904AF2186026
:10718000C2F2004000680190019802B080BD00008A
:1071900080B586B0002002904AF2B870C2F20000BA
:1071A0000068002840F0C580FFE74AF21861C2F28B
:1071B000004108680130019001980860019858BBAF
:1071C000FFE746F2E470C2F200000068006858B1C0
:1071D000FFE74FF0500080F31188BFF36F8FBFF3CC
:1071E0004F8F0590FFE7FEE746F2E472C2F200021D
:1071F0001068009046F2DC01C2F20041086810609D
:10720000009808604AF2E071C2F20001086801309B
:107210000860FEF7DDFE00E0FFE701984AF2DC714E
:10722000C2F200010968884262D3FFE7FFE746F235
:10723000E470C2F200000068006840B9FFE74AF25B
:10724000DC71C2F200014FF0FF3008604FE046F2FF
:10725000E470C2F200000068C068C068049004983E
:107260004068039001980399884207D2FFE703988A
:107270004AF2DC71C2F20001086038E0FFE70498CE
:107280000430FFF705FA0498806A28B1FFE70498F4
:107290001830FFF7FDF900E0FFE70498C16A01200C
:1072A00000FA01F24AF27C31C2F200410868104350
:1072B00008600499C86A00EB800246F2E870C2F2E6
:1072C000000000EB82000431FFF776FA0498C06AF0
:1072D00046F2E071C2F200010968C96A884203D32C
:1072E000FFE70120029000E0FFE7FFE79FE7FFE7ED
:1072F00046F2E070C2F200000068C06A00EB800154
:1073000046F2E870C2F2000050F82100022803D3D0
:10731000FFE70120029000E0FFE74AF61000C2F20A
:107320000000006818B1FFE70120029000E0FFE7CD
:1073300007E04AF2F451C2F20041086801300860E7
:10734000FFE7029806B080BD80B584B000200290AF
:1073500001904AF2B870C2F20000006858B9FFE725
:107360004FF0500080F31188BFF36F8FBFF34F8F42
:107370000390FFE7FEE7FFF74BFA4AF2B870C2F25C
:1073800000000168013901600068002840F0928027
:10739000FFE74AF2B470C2F200000068002800F073
:1073A0008880FFE7FFE74AF2E870C2F20000006859
:1073B000E0B3FFE74AF2E870C2F20000C068C068BC
:1073C000029002981830FFF763F902980430FFF733
:1073D0005FF90298C16A012000FA01F24AF27C3199
:1073E000C2F200410868104308600299C86A00EBC5
:1073F000800246F2E870C2F2000000EB8200043125
:10740000FFF7DAF90298C06A46F2E071C2F20001B1
:107410000968C96A884207D3FFE74AF61001C2F239
:1074200000010120086000E0FFE7BCE7029818B106
:10743000FFE7FEF7CDFDFFE74AF2F450C2F200404D
:10744000006800900098E0B1FFE7FFE7FFF7A0FEBB
:1074500038B1FFE74AF61001C2F2000101200860CE
:1074600000E0FFE7009801380090FFE7009800284F
:10747000ECD1FFE74AF2F451C2F20041002008606B
:1074800000E0FFE74AF61000C2F20000006870B1A9
:10749000FFE7012001904EF60451CEF200014FF0BB
:1074A00080500860BFF34F8FBFF36F8F00E0FFE79E
:1074B000FFE700E0FFE7FFF7D7F9019804B080BDD0
:1074C0004100080218BF04200A0E18BF40F0010056
:1074D0004FF07F4232EA010108BF40F0020001286C
:1074E00008BF05207047000070B54FF068422DEDD1
:1074F000048BF0EE408A18EE900AB0EE608A18EE27
:10750000101A02EB4003B3F1654F3CBF02EB41029E
:10751000B2F1654F7DD200BFC0F3C753C1F3C7526C
:107520009A1A1B2A09DD10F0004F14BF9FED830A41
:107530009FED830ABDEC048B70BD12F11A0F36DA91
:1075400011F0004F09D010F0004F0CBF9FED7D0AE5
:107550009FED7D0ABDEC048B70BD88EE889A19EE14
:10756000100AFFF7ADFF042808BF00F0F3FD18EE86
:10757000900AFFF7A5FF054618EE100AFFF7A0FFD7
:10758000044619EE100AFFF79BFF042D18BF052DC6
:1075900008D1042C18BF052C04D1002804BF0220F8
:1075A000D9F77EF8B0EE490ABDEC048B70BD4200FD
:1075B000B2EB410F3AD910F0004F19BFDFED630A6B
:1075C0009FED630ADFED630A9FED630AB0EE481A90
:1075D0000A46B1EE688A80F00041F0EE418A10461A
:1075E0000A1A5200B2F1807F34D2484010F0004FA6
:1075F000DFED5A1A9FED5A2A1DBFBEEE001A70EE3B
:10760000E10A30EE420AB6EE001A08BF70EEA10A97
:1076100000E040E008BF30EE020AB0EE682A01EE5A
:10762000482A08EE818AC2EE081A15E011F0004FD0
:1076300004BF9FED4C0AF0EE400AD1D010F0004F8D
:1076400019BFDFED490A9FED490ADFED490A9FEDB9
:10765000490AC5E7C8EE881A21EEA11A9FED462A0D
:10766000DFED462A41EE022A9FED452A01EE222A4D
:10767000DFED442A41EE022A9FED432ABDEC048B44
:1076800001EE222A21EE811A01EE020A30EE210AD1
:1076900030EE200A70BD4FF07F42B2EB400F28BFA2
:1076A000B2EB410F09D2F0EE480AB0EE680ABDEC29
:1076B000048BBDE8704000F03ABD40EA01035B0076
:1076C00008BF41F0FF410BD0B2EB400F08BFB2EB57
:1076D000410F08D120F0804008EE900A21F080414F
:1076E00008EE101A18E7B2EB400F12BF5FEA410331
:1076F00040F0FF4001F000413FF40EAFB2EB410F0C
:1077000012BF5FEA400200F0004041F0FF413FF449
:1077100003AF4A0092EA40033FF5FEAE002AACBF39
:107720009FED1A0A9FED1A0A68EE808A28EE008AF9
:1077300018EE900A18EE101AEEE60000DB0FC9BF33
:10774000DB0FC93FDB0F4940DB0F49C00000C9BF59
:1077500022AAFDB90000C93F22AAFD390060ED3E12
:10776000C30ACE3700000000000049C022AA7DBA3B
:107770000000494022AA7D3A2DAD65BD8FB8D53DA8
:107780000FB511BE61C84C3EA8AAAABE0000804F2A
:107790000000802F10EE101A08B5444A6846B2EB7C
:1077A000410F28D94FF0E640B0EB410F94BF0020C5
:1077B0004FF0FF3000900098002861DB60EE000A77
:1077C00010F0010F45D010F0020FDFED391A9FEDD8
:1077D000391A00EEA11ADFED381A40EE811A21EEB7
:1077E000A01AF0EE400A40EE010A08BFF1EE600A6E
:1077F000B0EE600A08BD314B21F0004293423CD903
:1078000011F0004FDFED2E0A20EE201ADFED2D0AD9
:1078100019BF31EE601A71EE200A31EE201A71EEB6
:10782000600ABDEEE01A11EE100A9FED271A00F073
:10783000030000EEC10A9FED251A009000EEC10A78
:107840009FED231A00EEC10A9FED221A00EEC10A35
:10785000B1E79FED211A9FED210A10F0020F00EE13
:10786000810A9FED1F1A00EE801AB7EE000A00EEA3
:10787000810A18BFB1EE400A08BD00F073FC9AE718
:1078800010EE100A4000B0F17F4F3CBFB7EE000A87
:1078900008BD07D14FF00100D8F702FFBDE808404E
:1078A00000F048BCBDE8084000F03EBCB61F927E28
:1078B000336D4CB9DA82083CA0AA2ABE490E49466B
:1078C00083F9223F0000004B0000C93F00A0FD39B2
:1078D0000020A2331A61342CB93AB2BACA9F2A3DA9
:1078E000DDFFFFBE10B510EE100A2DED068BB7EED2
:1078F000001A10EE901AB0EE418A0022A0F5000C9A
:10790000DFEDFE9A4FF00073BCF1FE4F4FF07F4465
:1079100003EB410C80F0B481BCF1804FC0F02082B9
:10792000F74901449FEDF73AB1F5005F40F2D48288
:1079300000F58021CB0C03F00F0101EE901AC3F388
:1079400007137F3BA0EBC350B8EEE12A00EE100A0C
:107950001A44DFEDED2AF0EE411A42EE221AF0EE63
:10796000613A70EE232A30EE632A12EE900A00F597
:1079700000606FF30B0001EE900A73EEE13A33EE14
:10798000804AC1EE223A22EE230A10EE100A00F5D8
:1079900000606FF30B0000EE100A00EE612A00EEAB
:1079A000442A62EE232A70EE221A21EEA12ADFED8C
:1079B000D73A02EE233A23EE023A20EE012A22EED3
:1079C000811A03EE211A32EE010A10EE100A00F5B8
:1079D00000606FF30B0000EE100A72EE401A31EEF9
:1079E000812A9FEDCB1A60EE011A9FEDCA1A20EE94
:1079F000011A9FEDC90A02EE001A31EE810A10EE5B
:107A0000100A00F500606FF30B0000EE100AC34887
:107A100071EEC01A31EE812A784400EBC10090ED7E
:107A2000003AD0ED011A100101EE100AF8EEC12A59
:107A300032EE211A31EE001A31EE031A31EE221A1B
:107A400011EE100A00F500606FF30B0009EE100A4A
:107A500039EE621A31EE431A31EE400A30EE610A15
:107A600032EE40AA10EE900A002100F500606FF39C
:107A70000B0008EE900A084670EEE8AA4FF00000EE
:107A800029EE280A00F00C01F0EEC00A10EE900A70
:107A9000B0F18B4F0DDD10EE900AB4EB400F08D320
:107AA00010EE100A4FF08B4262F31E0008EE900AAF
:107AB00013E069EE2A0A38EEAA1A4AEE010A30EEFD
:107AC000201A11EE100A00F500606FF30B0008EEAB
:107AD000900A30EE680A70EE209A0C204FF00000F9
:107AE00038EEA90AB5EEC00AF1EE10FA34BFFEEE88
:107AF000000AF6EE000A30EE800ABDEEC00A10EE73
:107B0000100A011100EE101AF8EEC00A00EE100A79
:107B1000B8EEC00A38EEC00A30EE290ADFED801A4E
:107B20009FED801A00EE211ADFED7F1A7F4900F0E9
:107B30000F0040EE011A21EE800A794401EB80012A
:107B400091ED001A7A49794401EB8001D1ED001AD8
:107B5000784901EE801A794401EB8000764990ED76
:107B6000000A31EE001AB0EEE00A10EE100A884268
:107B700015DA10EE100AB4EB400F10D39FED6F0A28
:107B800030EE800ADFED6E0A20EE200A68EE010A70
:107B9000BDEC068BBCEEC00A20EE200A10BD10EE34
:107BA000100A6849884243DA10EE100AB4EB400F1D
:107BB0003ED3BDEEE00A68EE010A10EE100A00EBBB
:107BC000D0725110C90501F17E5100EE101AA0EBE0
:107BD0006200C00560EE200A00F17E5000EE100A3F
:107BE00060EE808A18EE900AB4EB400F0FD10220AD
:107BF000D8F756FD00F0A6FA10EE101A18EE100A8B
:107C0000BDEC068B61F31E0000EE100A10BD18EEED
:107C1000900A400011D018EE900AFFF751FC04289A
:107C200008BF00F097FAB0EE680ABDEC068B10BDF5
:107C3000F5EEC00AF1EE10FA0FD20220D8F730FDAF
:107C400000F088FA10EE101A18EE100ABDEC068B40
:107C500061F31E0000EE100A10BD0220D8F720FDCF
:107C600000F070FA10EE101AB0EE480A10EE100A8A
:107C7000BDEC068B61F31E0000EE100A10BD00BFC4
:107C8000BCF1804F6CD300BF00F1FF43B3F1FE4F56
:107C900024D200BFB0EEC00A10EE100AC1F3C753E1
:107CA0007F2B0DDB972BBFF63BAEC3F196034FF056
:107CB000010C0CFA03F3A3F1010C1CEA010F08D02C
:107CC0000120D8F7EDFCBDEC068BBDE8104000F0BC
:107CD00031BA0B4218BFBFEE008A21E643001CBF39
:107CE0004FF08073B3EB400F34D96FF01A02DFED21
:107CF000161A20EE210A10EE100A27E000000000FC
:107D0000001080C0ABAAAA3E0000803D7EE24C3E3F
:107D100000B03842D49AB8BB3BAA3842B808000039
:107D2000FC596337C9FF753A1872313D5608000097
:107D30008A080000FA0700000000FC420000FE4232
:107D40000000004B000040430000004D10F0004FC9
:107D5000A0D1E5E5A0F50003B3F1FE4F21D2DFE5A8
:107D600003EB4103B3F1007F11D3F5EEC00AF1EE4E
:107D700010FA05D1430018BFB4EB400F76D883E763
:107D800001F0004141F0FC5100EE901A7CE7B3F1A4
:107D9000807F06D210EE903AA3F5000300EE903AF1
:107DA00072E720F000426FF0FF4C604C02EB0C03D6
:107DB000A34210D321F000439C44A4450BD3B0F15F
:107DC0007E5F18BF5FEA410C50D0B2F1FF4F98BF01
:107DD000B3F1FF4F05D9BDEC068BBDE8104000F0B4
:107DE000A6B9B0F1FF4F0FD0C1F3C7527F2A09DB0C
:107DF000972A11DAC2F19602012303FA02F2531E06
:107E00000B4205D0002208E011F0004F55D128E0C8
:107E10000A4218BF012200D1022210F5000F13D030
:107E200028B3B0F1004F26D010F1814F4FD04FF062
:107E3000FE42B2EB400F94BF01200020012202EB72
:107E4000E171884239D10CE011F0004F02D0012AD3
:107E500038D032E0012A02BF9FED350ABDEC068B17
:107E600010BD9FED340ABDEC068B10BD2FE011F064
:107E7000004F0CD121E0B1F1FF4F1ED011F5000FE2
:107E800005D011F0004F15D00AB1012A08D0022008
:107E9000D8F706FCBDEC068BBDE8104000F03AB9FF
:107EA0000220D8F7FDFB00F035F9BDEC068BB1EEF2
:107EB000400A10BD0AB1012A04D0B0EE690ABDEC37
:107EC000068B10BDBDEC068B9FED1B0A10BDBDECF3
:107ED000068BB7EE000A10BD30EE410AB5EE001A6F
:107EE0009FED172A00EE413AB6EE001A60EE001A36
:107EF00000EE431A61EEC11A9FED101A20EE011A2E
:107F000020EE020A9FED0F2A01EE820A71EE001A9E
:107F100011EE900A00F500606FF30B0009EE100AF5
:107F200031EE491A31EE00AA9CE50000FFFF3F0048
:107F3000000080FF0000807F0000008000B0B8419A
:107F4000D49A38BB3BAAB84100B510EE101A2DEDFB
:107F5000028B81B0524A6846B2EB410F2ED94FF0E6
:107F6000E640B0EB410F94BF00204FF0FF3000908F
:107F70000098B0EE408A00286ADB10F0010F4BD069
:107F800068EE080A9FED471A9FED470A00EE810A46
:107F90009FED461A10F0020F00EE801AB7EE000AAD
:107FA00000EE810A02BF01B0BDEC028B00BD00BF34
:107FB00001B0B1EE400ABDEC028B00BD3C4B21F09C
:107FC0000042934241D911F0004FDFED3A0A20EE12
:107FD000201ADFED390A19BF31EE601A71EE200A5E
:107FE00031EE201A71EE600ABDEEE01A11EE100AB1
:107FF0009FED321A00F0030000EEC10A9FED301A27
:10800000009000EEC10A9FED2F1A00EEC10A9FED0D
:108010002E1A00EEC10AABE728EE080A9FED2B1AD4
:10802000DFED2B0A10F0020F40EE010A9FED291A36
:1080300000EE201A61EE000AB0EE480A08EE200AAF
:10804000B6D101B0BDEC028B00BD00F08BF88FE71C
:1080500018EE100A4000B0F17F4F0DD218EE100A52
:10806000FFF72EFA042808BF00F074F8B0EE480AB3
:1080700001B0BDEC028B00BD09D10120D8F710FB87
:1080800001B0BDEC028B5DF804EB00F053B801B019
:10809000B0EE480ABDEC028B5DF804EB00F044B88A
:1080A000B61F927EB93AB2BACA9F2A3DDDFFFFBE23
:1080B000490E494683F9223F0000004B0000C93FAA
:1080C00000A0FD390020A2331A61342C336D4CB965
:1080D000DA82083CA0AA2ABE10B52DED028BB1EEC3
:1080E000C08A18EE100A20F00040C0F1FF40C00F17
:1080F0000AD010EE100A20F00040C0F1FF40C00F7F
:1081000004BF0120D8F7CCFAB0EE480ABDEC028BD0
:1081100010BD0000DFED030AB7EE001A81EE200A61
:10812000704700000000000030EE000A704730EE9B
:10813000200A7047DFED020A80EEA00A70470000B7
:10814000000000009FED020A20EE000A70470000C8
:10815000000000709FED020A20EE000A7047000048
:10816000000000102DE9F0014FF07F42B2EB410F0B
:108170009FBF4FF0FF310160BDE8F00170474FF045
:10818000004242EA0123C1F3C752783A551112F076
:108190001F0C434CCCF120067C44C1F3C752A2F122
:1081A00078024FEA621204EB820254F8254008BFBD
:1081B000D2E9015612D0556804FA0CF425FA06F7F4
:1081C0003C43976805FA0CF527FA06F8D26807FAD7
:1081D0000CFCF24045EA08054CEA0206A4FB034CFD
:1081E000A5FB0352A6FB03631D449D4234BF012639
:1081F00000261319334416B1934202D903E0934287
:1082000001D2012200E00022624402F1200C920619
:10821000DC0C42EA443200EE102A5B03DFED210A57
:10822000F8EEC01A00EE103A4FEA9C1C11F0004F15
:10823000B8EE400AC0F800C020EE201A00EE105A36
:10824000DFED190AB8EE400A20EE200A71EE810A2D
:1082500070EE800A10EE902A02F500626FF30B02B6
:1082600000EE902A70EEE11A31EEC11ADFED101A1D
:1082700030EE411A9FED0D0A20EE800A01EE210A30
:108280009FED0C1A00EE810A04BFBDE8F0017047B3
:10829000CCF180510160BDE8F001B1EE400A7047B9
:1082A00078020000000000360000802C22AAFD2980
:1082B000DB0FC92F0000C92FF1EE100A4FF6FF7136
:1082C000C0F2C03120EA010040F04070E1EE100A37
:1082D0007047000000000000000000000000B33FF5
:1082E000B2BE7D3A00002E40DFCF513800007E4004
:1082F000BF51FABA00E0A44019DAC3BA00E0C8409E
:10830000C2ED8AB90040EB40CD1F2CBA00100641E7
:108310002AFFFABA00C01541DFCFD13700D024417F
:108320009A97703A0050334189478E360040414158
:10833000E75B9D3800B04E41C00A98B900A05B4190
:10834000558F943A00306841DA92C0BA00407441C7
:1083500062B3C63A0000803F00A0853F00908B3F8B
:1083600000C0913F0030983F00F09E3F00F0A53FD5
:108370000050AD3F0000B53F0000BD3F0060C53F6D
:108380000020CE3F0040D73F00C0E03F00C0EA3FA2
:108390000020F53F000000007D36AC397D3C3839C7
:1083A000EBDCF438320A7E39124C26399B6AED39FF
:1083B000A4EE83397F661E39F6398A392B42653936
:1083C000A48211395B991F39C3EECD39DDE7C63779
:1083D000A5A22F390000803FC3AA853FC2958B3FDD
:1083E000D3C3913FF037983F32F59E3FD7FEA53F6C
:1083F0003F58AD3FF304B53FA408BD3F2A67C53FD2
:108400008C24CE3FFD44D73FDFCCE03FC7C0EA3FDE
:108410007D25F53F000000006E83F9A22915444E2A
:10842000D15727FCC0DD34F5999562DB4190433C80
:10843000AB6351FE000000000000000000000000DF
:108440000000000000000000010000000200000029
:108450000300000004000000000000000500000010
:108460000000000000000000000000000600000006
:1084700000000000000000000000000007000000F5
:10848000708C02087935000802000000000000002E
:1084900000080000C0810024C0A10024608C0208F4
:1084A0004143000803000000000000000008000035
:1084B0000C0300242C0200207F8C0208912B010861
:1084C0000200000000000000000800008002002000
:1084D000802200208E8C0208C94D01080100000096
:1084E00000000000000800001423002414430024AE
:1084F0009E8C0208414F01080000000000000000AF
:1085000000080000D8220020D8420020000000000F
:108510000102030401020304060708090001020323
:1085200004050607080C1014182030400006101629
:108530000006101685EB014000000000CDCC4C3D3C
:1085400000000000CDCC4C3F000000000000000007
:1085500000000000080402040801010101010103F8
:1085600007010000010002000400060008000A00E4
:108570000C001000200040008000000100C181407C
:1085800001C0804101C0804100C1814001C08041E3
:1085900000C1814000C1814001C0804101C08041D3
:1085A00000C1814000C1814001C0804100C18140C3
:1085B00001C0804101C0804100C1814001C08041B3
:1085C00000C1814000C1814001C0804100C18140A3
:1085D00001C0804101C0804100C1814000C1814093
:1085E00001C0804101C0804100C1814001C0804183
:1085F00000C1814000C1814001C0804101C0804173
:1086000000C1814000C1814001C0804100C1814062
:1086100001C0804101C0804100C1814000C1814052
:1086200001C0804101C0804100C1814001C0804142
:1086300000C1814000C1814001C0804100C1814032
:1086400001C0804101C0804100C1814001C0804122
:1086500000C1814000C1814001C0804101C0804112
:1086600000C1814000C1814001C0804100C1814002
:1086700001C0804101C0804100C1814000C0C101F2
:10868000C30302C2C60607C705C5C404CC0C0DCD82
:108690000FCFCE0E0ACACB0BC90908C8D81819D9F2
:1086A0001BDBDA1A1EDEDF1FDD1D1CDC14D4D51522
:1086B000D71716D6D21213D311D1D010F03031F112
:1086C00033F3F23236F6F737F53534F43CFCFD3D42
:1086D000FF3F3EFEFA3A3BFB39F9F83828E8E92932
:1086E000EB2B2AEAEE2E2FEF2DEDEC2CE42425E5E2
:1086F00027E7E62622E2E323E12120E0A06061A152
:1087000063A3A26266A6A767A56564A46CACAD6D01
:10871000AF6F6EAEAA6A6BAB69A9A86878B8B97971
:10872000BB7B7ABABE7E7FBF7DBDBC7CB47475B5A1
:1087300077B7B67672B2B373B17170B05090915191
:108740009353529296565797559594549C5C5D9DC1
:108750005F9F9E5E5A9A9B5B9959589888484989B1
:108760004B8B8A4A4E8E8F4F8D4D4C8C4484854561
:10877000874746868242438341818040268E020895
:1087800000090300000048430000F0C10000F0C1F0
:1087900000004843000000002E2200003490020830
:1087A0000006030000004843000000000000000035
:1087B0000000484300000000A60E0000058D0208DE
:1087C0000006030000004843000020410000204153
:1087D0000000484300000000B20C0000188D0208A1
:1087E000000F0300000052430000A0410000A04120
:1087F0000000524300000000B20C0000CA8C0208C6
:1088000001000300000052430000A0410000A0410D
:10881000000052430000FA43461E0000938D0208F8
:1088200001000300000052430000A0410000A041ED
:10883000000052430000A543F9150000D38D020843
:1088400001000300000052430000A0410000A041CD
:10885000000052430000A041D60600006C8F0208C1
:10886000000F0300000016430000F0C10000F0C13B
:108870000000164300000000941100009A8E0208C8
:1088800001000300000016430000F0C10000F0C129
:10889000000016430000B442410A0000E88C0208C0
:1088A00001000300000016430000F0C10000F0C109
:1088B000000016430000204159060000A28F020864
:1088C0000006030000001643000020430000204380
:1088D0000000164300000000461E0000BA8E020889
:1088E0000100030000001643000020430000204365
:1088F000000016430000F042B80B00005C90020834
:10890000000F030000000000000000000000000055
:1089100000000000000000001C2500005E8E020820
:10892000000F03000000F0C10000F0C10000F0C122
:108930000000F0C100000000A60E0000AE8C02088E
:10894000020003000000F0C10000F0C10000F0C10F
:108950000000F0C1CDCCCC3D88130000000080BFEA
:108960000000803FB85D00204C5E00209856002437
:108970000000803F000080BF0000803F000080BFFB
:108980002F8D0208000F030000005C4300005C43D1
:1089900000005C4300005C43000000001C25000058
:1089A0007A8E02080100030000005C4300005C4373
:1089B00000005C4300005C430000B442410A000038
:1089C0003E8E02080100030000005C4300005C438F
:1089D00000005C4300005C430000F04153070000CE
:1089E000318F0208000F030000002A4300002A43D1
:1089F00000002A4300002A43000000009A100000F3
:108A00007C8D0208000903000000F0C100002A4329
:108A100000002A430000F0C100000000401F0000D9
:108A2000DA8E0208010002000000F0C100002A43B3
:108A300000002A430000F0C10000F042B80B000023
:108A40000F8E020800090200000020C100002A4326
:108A500000002A43000020C100000000AC0D00000F
:108A6000888F0208000F02000000484200006643A1
:108A7000000066430000484200000000941100001E
:108A8000089002080100030000004842000066430D
:108A9000000066430000484200004843A00F000069
:108AA000DE8F020801000300000048420000664318
:108AB0000000664300004842000096438214000014
:108AC000B98F02080100030000004842000066431D
:108AD0000000664300004842000087430B1300007B
:108AE00046900208000F0300000000000000000094
:108AF0000000000000000000000000001C25000035
:108B0000F38D0208000F03000000A0C10000A0C107
:108B10000000A0C10000A0C100000000AC0D0000DA
:108B2000B48D0208020003000000A0C10000A0C133
:108B30000000A0C10000A0C1CDCC4C3E401F0000F1
:108B400000000000000000003333B33E00000000CE
:108B50000000000000000000000000000807000006
:108B6000E40C0000020000003333B33E00000000BC
:108B700000000000000000000000000000000000F5
:108B800008070000E40C00000100000000000000E5
:108B9000000000006666E63E0000000000000000E5
:108BA0000000000078050000B80B00000300000082
:108BB000000080BE0000803E6666E6BE0000000049
:108BC000000000000000000078050000B80B000065
:108BD0000400000000000000000000000000000091
:108BE000295C8FBE000000000000000000000000B3
:108BF00064190000060000000000000000000000F2
:108C000000000000000000007B142EBF00000000E8
:108C100000000000641900000500000000000000D2
:108C200000000000000000009A99993E9A9999BEB0
:108C3000960A063F00000000581B000007000000D5
:108C40000000000000000000000000009A9999BE9A
:108C500000000000960A06BF00000000581B00003C
:108C600053746172745F436F6E74726F6C5F540003
:108C700053746172745F43414E5F5461736B005370
:108C8000746172745F494E535F5461736B00537427
:108C90006172745F504352585F5461736B00537438
:108CA0006172745F504354585F5461736B00444F5A
:108CB000574E5F31355F434841535349535F464FE9
:108CC00052574152445F31303000444F574E5F306D
:108CD000355F414C4C5F44524956455F464F5257B1
:108CE0004152445F35303000444F574E5F31305F62
:108CF000414C4C5F44524956455F464F5257415292
:108D0000445F313000444F574E5F30335F5245412E
:108D1000525F55505F313000444F574E5F30345FE3
:108D2000414C4C5F4C4547535F55505F31300053C9
:108D30005445505F30315F414C4C5F4C4547535F69
:108D40003232300055505F505245504152455F43DA
:108D50004841535349535F464F52574152445F3342
:108D60003000505245504152455F414C4C5F4C459C
:108D700047535F4D494E55535F3330005354455070
:108D80005F30355F46524F4E545F4D494E55535FED
:108D9000333000444F574E5F30365F414C4C5F4498
:108DA000524956455F464F52574152445F33305FF8
:108DB00058313100535445505F31345F434841537B
:108DC0005349535F464F52574152445F3130305FF1
:108DD000583200444F574E5F30375F414C4C5F4430
:108DE000524956455F464F52574152445F31305FBA
:108DF000583200535445505F31335F414C4C5F4C07
:108E00004547535F444F574E5F31305F58320053F0
:108E10005445505F30375F46524F4E545F55505F58
:108E200031305F583200444F574E5F30315F465209
:108E30004F4E545F55505F31305F583233005354BA
:108E400045505F30335F414C4C5F44524956455F5B
:108E5000464F52574152445F31305F583300444FC0
:108E6000574E5F31345F414C4C5F4C4547535F4434
:108E70004F574E5F31305F583300535445505F3089
:108E8000325F414C4C5F44524956455F464F525702
:108E90004152445F33305F583300444F574E5F3088
:108EA000395F414C4C5F44524956455F464F5257DB
:108EB0004152445F33305F583300444F574E5F3167
:108EC000325F414C4C5F44524956455F464F5257C2
:108ED0004152445F33305F583400535445505F3043
:108EE000365F524541525F44524956455F464F52A4
:108EF000574152445F33305F58340055505F4C4106
:108F00005345525F415050524F4143485F585F4C68
:108F1000545F333500444F574E5F4C415345525FC9
:108F2000415050524F4143485F485F47545F363588
:108F300000535445505F30345F414C4C5F4C4547C3
:108F4000535F444F574E5F31305F583500444F57A1
:108F50004E5F505245504152455F4348415353493B
:108F6000535F464F52574152445F3500444F574E6E
:108F70005F30385F414C4C5F4C4547535F444F571F
:108F80004E5F31305F583600535445505F30385F84
:108F9000414C4C5F4C4547535F55505F31305F58F3
:108FA0003600444F574E5F31315F524541525F5555
:108FB000505F31305F58313900535445505F313183
:108FC0005F414C4C5F44524956455F464F525741B2
:108FD00052445F33305F58390049444C4500535484
:108FE00045505F31305F414C4C5F44524956455FBC
:108FF000464F52574152445F3330305F52455355CC
:109000004D4500444F4E4500535445505F30395F45
:10901000414C4C5F44524956455F464F525741526E
:10902000445F3230305F504155534500554E4B4EF2
:109030004F574E00444F574E5F30325F52454152BA
:109040005F5A45524F00535445505F31325F414C97
:109050004C5F4C4547535F5A45524F00444F574E63
:109060005F31335F414C4C5F4C4547535F5A45522B
:109070004F004552524F520043444320496E74659D
:1090800072666163650043444320436F6E6669679F
:109090000053544D6963726F656C656374726F6ED3
:1090A0006963730053544D3332205669727475618D
:1090B0006C20436F6D506F727400000000910208C5
:1090C00000000020200200003003000890910208F8
:1090D00000000024600200003003000890910208A4
:1090E00020020020F8A70000900300081092020858
:1090F00060020024C0A700009003000800000000E8
:1091000032011E31130208A1041AC1041AE904181D
:109110000A39140208E1120208510C511790D003C9
:1091200009024313020125C03209041B01020B137B
:10913000052416100105240110090104240202056A
:1091400024061701070582030815100904013302DC
:109150000A2E0705010240072A810711130A063269
:10916000022A40740A15FF0101C2471041CDCCCC40
:109170003D0D509A99993E202FA0400AD7A33C2438
:109180000C4FCDCC4C201BFF0182311AAA014100AB
:109190003382813590D00301400D91050208C10250
:1091A0000208F1080208180AB1030208590102086E
:1091B0005114C11EB104020841041A21301A2908B1
:1091C000131201140202021640830440572C0201BC
:1091D000024D13093C1B08010413713B2B08810C41
:1091E000123D00081A08040309041A032009E3A524
:1091F0009B3D560EAD3E1AC004112D40CDCC4C08FF
:1092000001190948200B52803F2001FF5100000046
:04000005080002CD20
:00000001FF
