:020000040800F2
:1000000090A80024DD030008F93C0108E10D010877
:10001000493C0108D11A0008716A0208000000007A
:1000200000000000000000000000000081D1010875
:10003000A94A000800000000714E010819EA0108F1
:10004000FB030008FB030008FB030008FB03000898
:10005000FB030008FB030008FB030008FB03000888
:10006000FB030008FB030008FB030008712D0008D8
:10007000FB030008FB030008FB030008FB03000868
:10008000FB030008FB030008FB030008514F0008B6
:1000900009500008614F000819500008FB030008D0
:1000A000FB030008FB030008FB030008FB03000838
:1000B00091EC0108A1EC0108FB030008FB03000818
:1000C000FB030008FB030008FB030008FB03000818
:1000D000FB03000879250208FB030008FB03000866
:1000E000FB030008FB03000800000000FB030008FE
:1000F000FB030008FB030008FB030008FB030008E8
:10010000FB030008FB030008B1EC0108FB03000837
:10011000FB030008FB030008FB030008FB030008C7
:10012000FB030008FB030008FB030008FB030008B7
:10013000FB030008FB030008FB030008FB030008A7
:1001400000000000000000000000000000000000AF
:10015000FB030008FB030008FB030008FB03000887
:10016000FB030008FB030008FB030008FB03000877
:10017000FB030008093F0108FB0300080000000022
:10018000FB030008FB0300083907020849070208BF
:10019000FB030008FB030008FB030008FB03000847
:1001A000FB030008FB030008FB030008000000003D
:1001B000FB030008FB030008FB030008FB03000827
:1001C000FB030008FB030008000000000000000023
:1001D0000000000000000000FB0300080000000019
:1001E000000000000000000000000000000000000F
:1001F0000000000000000000FB030008FB030008F3
:10020000FB030008FB03000800000000FB030008DC
:10021000FB030008FB030008FB030008FB030008C6
:10022000FB03000800000000FB03000800000000C2
:10023000FB030008FB03000800000000FB030008AC
:10024000FB030008FB030008FB030008FB03000896
:10025000FB030008FB030008FB030008FB03000886
:10026000FB030008FB030008FB030008FB03000876
:10027000FB030008FB030008FB030008000000006C
:10028000FB030008FB030008FB030008FB03000856
:1002900000000000FB030008FB0300080000000052
:1002A00000000000FB030008FB03000859070208D8
:1002B00069250208FB030008FB0300082950000819
:1002C00039500008FB030008FB03000800F002F8A7
:1002D00000F074F814A696E8000CB244B344DA4572
:1002E00001D100F06BF8BAE80F000FA696E83000D5
:1002F000A5EB040504EB0607AAEB0704A7F1010729
:100300004FEA15154FEA3414A4F10104AC4201D3AD
:1003100000F054F813F0010F18BFFB1A43F001036B
:1003200000F001F8DBE7184794C30200D4C30200D1
:100330000A444FF0000C10F8013B13F0070408BF0B
:1003400010F8014B1D1108BF10F8015B641E05D0A9
:1003500010F8016B641E01F8016BF9D113F0080F5E
:100360001EBF10F8014BAD1C0C1B09D16D1E58BFF0
:1003700001F801CBFAD505E014F8016B01F8016B27
:100380006D1EF9D59142D6D370470000704700002A
:100390000023002400250026103A28BF78C1FBD88E
:1003A000520728BF30C148BF0B6070471FB52AF005
:1003B000E7FF00F073F91FBD10B510BD00F098F90C
:1003C0001146FFF7F3FF28F0D3FA00F0B6F903B4B3
:1003D000FFF7F2FF03BC00F0B9F900000A488047BC
:1003E0000A4880470A480047FEE7FEE7FEE7FEE7C7
:1003F000FEE7FEE7FEE7FEE7FEE7FEE70548064903
:10040000064A074B70470000914E000829EB01088F
:10041000CD02000898A6002090A8002498A80020EB
:1004200090A4002453EA020C00F069802DE9F04BFF
:100430004FF00006002B1FBFB3FA83F503FA05F453
:1004400024FA05F65E4012BF1643B2FA82F502FAAC
:1004500005F4C5F120051EBF22FA05FC44EA0C0490
:10046000203556EA044C4FEA144418BF641C4FF080
:1004700000084FF00009904271EB030C39D30029BA
:1004800019BFB1FA81F701FA07F6B0FA80F700FA5E
:1004900007F6C7F120071EBF20FA07FC46EA0C0644
:1004A0002037B6FBF4FCA7EB0507103F07F01F0B46
:1004B000CBF120062CFA06F60CFA0BFB44BFB34630
:1004C0000026202FA4BF5E464FF0000B5BEA060C0F
:1004D00008BF4FF0010B19EB0B0948EB0608ABFB0B
:1004E000027C06FB02CC0BFB03CCC01B71EB0C01A6
:1004F000C1E70B46024641464846BDE8F08B13B5BE
:10050000084318BF4FF0FF300146AFF30080BDE84D
:100510001C407047032A40F2308010F0030C00F0BA
:10052000158011F8013BBCF1020F624498BF11F82D
:1005300001CB00F8013B38BF11F8013BA2F10402E6
:1005400098BF00F801CB38BF00F8013B11F003035E
:1005500000F02580083AC0F0088051F8043B083AC2
:1005600051F804CBA0E80810F5E7121D5CBF51F864
:10057000043B40F8043BAFF30080D20724BF11F8DE
:10058000013B11F801CB48BF11F8012B24BF00F843
:10059000013B00F801CB48BF00F8012B704710B5B4
:1005A000203AC0F00B80B1E81850A0E81850B1E82C
:1005B0001850A0E81850203ABFF4F5AF5FEA027C6B
:1005C00024BFB1E81850A0E8185044BF18C918C09B
:1005D000BDE810405FEA827C24BF51F8043B40F83C
:1005E000043B08BF7047D20728BF31F8023B48BF21
:1005F00011F8012B28BF20F8023B48BF00F8012B5F
:1006000070474FF000020429C0F0128010F0030C74
:1006100000F01B80CCF1040CBCF1020F18BF00F8F5
:10062000012BA8BF20F8022BA1EB0C0100F00DB8A4
:100630005FEAC17C24BF00F8012B00F8012B48BF02
:1006400000F8012B70474FF0000200B513469446A6
:100650009646203922BFA0E80C50A0E80C50B1F11A
:100660002001BFF4F7AF090728BFA0E80C5048BF2E
:100670000CC05DF804EB890028BF40F8042B08BFCC
:10068000704748BF20F8022B11F0804F18BF00F8C8
:10069000012B7047704770477047000008487CB5D1
:1006A0007844009007487844009C0546019004E097
:1006B0002046016808448047241DAC42F8D17CBD27
:1006C00058C0020056C0020010B500F009F80068DA
:1006D00010BD10B5044600F003F8046010BD000022
:1006E00000487047000200200048704700020020C8
:1006F0007546FFF7F9FFAE4605006946534620F000
:100700000700854618B020B5FFF778FEBDE8204009
:100710004FF000064FF000074FF000084FF0000BBD
:10072000AC46ACE8C009ACE8C009ACE8C009ACE82C
:10073000C00921F007018D46704710B50446AFF39C
:1007400000802046BDE81040FFF741BE0149182057
:10075000ABBEFEE72600020070470000000000006C
:1007600082B08DED010A9DED010AB5EE400AF1EE71
:1007700010FA07DAFFE79DED010AB1EE400A8DEDB0
:10078000000A04E09DED010A8DED000AFFE79DEDF2
:10079000000A02B07047000082B08DED010A9DEDA5
:1007A000010AB5EE400AF1EE10FA07DAFFE79DED17
:1007B000010AB1EE400A8DED000A04E09DED010A48
:1007C0008DED000AFFE79DED000A02B070470000C2
:1007D00080B582B00090009820B9FFE703208DF823
:1007E000070006E00098407E13F032FB8DF807000A
:1007F000FFE79DF8070002B080BD00000000000088
:1008000080B58AB08DED061ACDED050A8DED040A8E
:10081000CDED032A8DED022ACDED011A9DED040ADE
:100820009DED053A9DED061A9DED015A9DED024A9A
:100830009DED032A30EE050A73EE040A31EE021A2A
:1008400026F01AF98DED070ACDED080A8DED091A8B
:100850009DED070ADDED080A9DED091A0AB080BD7D
:1008600080B586B003AA01920246019805928DF8E0
:10087000131080ED000A00208DF80B00FFE79DF8B3
:100880000B00032825D8FFE79DF813009DF80B10F7
:10089000C840C00708B9FFE715E0019805999DF821
:1008A0000B2001EB820191ED1A0A90ED001A30EE57
:1008B000010A01F01DFE05989DF80B1000EB810068
:1008C00080ED140AFFE79DF80B0001308DF80B0056
:1008D000D5E706B080BD000083B002900191029878
:1008E00045F68411C2F2000188423DD1FFE701982C
:1008F000D0B3FFE70198006844F69861C2F2004166
:10090000009108600198406848600198806888609C
:100910000198C068C8600198006908610198406941
:1009200048610198806988610198C069C86101982F
:10093000006A08620198406A48620198806A886289
:100940000198C06AC8620198006B08630198406B07
:100950004863019890F8380081F83800019890F8C1
:10096000390081F83900FFE703B07047000000004C
:1009700080B582B00190019800F04EF80090009888
:1009800008B9FFE70FE00099C8680130C860009817
:1009900000F09AF80198009900F072F80198009917
:1009A000FFF79AFFFFE702B080BD000000000000E3
:1009B00080B584B003908DF80B108DF80A20039851
:1009C00000F02AF80190019808B9FFE722E09DF8AD
:1009D0000B0028B1FFE701990868013008600DE0BD
:1009E00001994868013048609DF80A0028B1FFE786
:1009F0000199886801308860FFE7FFE7019800F0FF
:100A000063F80398019900F03BF803980199FFF708
:100A100063FFFFE704B080BD82B00090009845F608
:100A2000E401C2F20001884206D1FFE744F64860C3
:100A3000C2F20000019020E0009845F2D841C2F2D5
:100A40000041884207D1FFE744F64860C2F2000047
:100A50003C30019011E0009845F68411C2F200018B
:100A6000884207D1FFE744F64860C2F200007830C0
:100A7000019002E000200190FFE7019802B070476A
:100A800080B58EB00D900C910D9818B1FFE70C98C1
:100A900008B9FFE713E00D9808F03EFD0C99486394
:100AA0000D9801A908F040FD48B9FFE701980C999D
:100AB00081F8380003980C9981F83900FFE70EB0EF
:100AC00080BD00000000000080B584B00390039852
:100AD00008B9FFE767E009F0EBFF02900398006AAE
:100AE000A0B9FFE702980399086203980068039988
:100AF0004862039840680399886203988068039964
:100B0000C8620398C068039908634CE0029803998F
:100B1000096A401A01900198C0087C2801D8FFE7B3
:100B200041E0039800680399496A401A4FF47A71CA
:100B30004843019AB0FBF2F0039A106103984068B1
:100B4000039A926A801A4843019AB0FBF2F0039A22
:100B5000506103988068039AD26A801A4843019AC8
:100B6000B0FBF2F0039A90610398C068039A126B8D
:100B7000801A48430199B0FBF1F00399C8610298CB
:100B800003990862039800680399486203984068D3
:100B900003998862039880680399C8620398C068C3
:100BA00003990863FFE704B080BD00000000000067
:100BB00082B00090009820B9FFE7FF208DF8070071
:100BC0002AE00098006841F20001C4F20101884265
:100BD00004D1FFE700208DF807001DE000980068B1
:100BE00047F60041C4F20001884204D1FFE701202A
:100BF0008DF8070010E00098006841F60001C4F28B
:100C00000101884204D1FFE702208DF8070003E0CC
:100C1000FF208DF80700FFE79DF8070002B070473E
:100C200080B582B08DF803009DF8030000F014F841
:100C300018B9FFE70020019009E09DF8031045F680
:100C40001560C2F2004000EB41100190FFE70198EF
:100C500002B080BD0000000081B08DF803009DF857
:100C600003100020032938BF012001B070470000A5
:100C700080B584B08DF80E009DF80E00FFF7ECFFF4
:100C800020B9FFE701208DF80F0026E09DF80E1037
:100C90004BF65020C0F6020050F8210002909DF85B
:100CA0000E0045F61561C2F2004101EB401243010E
:100CB00000200190C850D061906150611061D060F7
:100CC0009060506002989DF80E2001EB42112022A6
:100CD0000EF016FF8DF80F00FFE79DF80F0004B02F
:100CE00080BD00000000000080B584B08DF80E00CB
:100CF0000291ADF8062000939DF80E00FFF7ACFFBF
:100D000038B1FFE7029820B1FFE7BDF8060020B92F
:100D1000FFE701208DF80F0010E09DF80E104BF654
:100D20005020C0F6020050F821000299BDF80620BC
:100D3000009B0FF0B5FF8DF80F00FFE79DF80F0047
:100D400004B080BD0000000080B59CB00DF1240C03
:100D5000CDF81CC01A9019911892179344F695403B
:100D6000C2F20040007808B9FFE7EAE0EFF3108034
:100D700072B61B9044F60561C2F200010DA828224C
:100D8000FFF7C8FB44F69541C2F20041002008700D
:100D900062B6FF218DF833108DF82300FFE79DF830
:100DA0002300072813D8FFE79DF823100DA8405C07
:100DB000012805D1FFE79DF823008DF8330006E0F8
:100DC000FFE79DF8230001308DF82300E7E79DF849
:100DD0003D0044F28941C2F20041069108709DF83D
:100DE000410044F62F61C2F20001029108709DF8A3
:100DF000420044F65061C2F20041039108709DF830
:100E0000430044F62E61C2F20001049108700DA85F
:100E10000190103028F058FB0198079981ED020AE3
:100E2000143028F051FB0198079981ED010A183020
:100E300028F04AFB0799029B039A0498DDF818C032
:100E400081ED000A9DF833E044F65461C2F200419E
:100E5000059181F800E0DDF82CE0C1F804E0DDF850
:100E600028E0C1F808E0DDF824E0C1F80CE09CF8C7
:100E700000C081F810C01B784B7412788A74007817
:100E8000C8749DF83C0008759DF83E0048759DF8B3
:100E90003F0088759DF84000C875886901308861F9
:100EA00009F006FE059A01460698116201211177A4
:100EB000002182F82C1048F21802C2F20042117090
:100EC00000780138B0FA80F0400901F021FD40F2CD
:100ED0002800C2F200000078012825D1FFE707981A
:100EE0009DF8331090ED020AD0ED010A90ED001A42
:100EF00045F24410C2F2000016F0EAFC44F62F60FE
:100F0000C2F20000017844F65060C2F2004002785C
:100F100044F62E60C2F20000037845F22400C2F2CB
:100F2000000017F0C5F80CE045F24410C2F20000D2
:100F300018F00AFD45F22400C2F2000017F024F96F
:100F4000FFE71CB080BD000080B584B003908DF831
:100F50000B109DF80B001EF03FFC8DF80A009DF869
:100F60000A0001F005FB039801F08AF9039801904B
:100F70009DF80B001EF064FC01989DF80A101DF00E
:100F800077FA04B080BD000080B588B00790069164
:100F90008DF817200493079808B9FFE74AE20798ED
:100FA000007D90B1FFE707989DF817101DF07CFCBD
:100FB00058B9FFE7069820B1FFE7069818F0C4FC7F
:100FC000FFE7079900200875FFE79DF817000799CC
:100FD000087007990020029008710499079A11621D
:100FE0000799C87407998874079908750799C8758F
:100FF00007998862079908760799C86207980321BC
:101000001DF016FA9DF81700182805D0FFE79DF887
:1010100017001D2814D1FFE70F2001F0D1FA07981F
:10102000BBEE0E0A1DF0E0F9079801F029F90798C8
:101030009FEDD10A1DF010FA079825F001FCF9E1A7
:101040009DF817001E283CD1FFE70798BBEE0E0A5B
:101050001DF0CAF9079801F013F907989FEDC60A29
:101060001DF0FAF9069838B9FFE707980699049A2F
:1010700004231AF035FB20E0069818F065FC06986A
:1010800018F032FA0698042118F042FB0698DFEDBA
:10109000BB0A9FEDB91AB0EE410A18F035FA20B933
:1010A000FFE707990120087506E007980699049A5A
:1010B00004231AF015FBFFE7FFE7079825F0C0FBB4
:1010C000B8E19DF817001A283FD1FFE70798BBEE5B
:1010D0000E0A1DF089F9079801F0D2F807989FEDE4
:1010E000A60A1DF0B9F9069820B1FFE7069818F096
:1010F0002BFCFFE725F020FB18BBFFE7069838B96B
:10110000FFE707980699049A04231AF0E9FA17E012
:10111000069818F0E9F90698002118F0F9FA0698EF
:10112000DFEDC80A9FEDC41AB0EE410A18F08CFB3F
:101130000799012008750798049925F01DFBFFE722
:10114000FFE7079825F07CFB74E19DF817001B284A
:101150003FD1FFE70798BBEE0E0A1DF045F907984F
:1011600001F08EF807989FEDB40A1DF075F9069806
:1011700020B1FFE7069818F0E7FBFFE703F05CFDFE
:1011800018BBFFE7069838B9FFE707980699049A55
:1011900004231AF0A5FA17E0069818F0A5F90698A6
:1011A000002118F0B5FA0698DFEDA60A9FEDA21A05
:1011B000B0EE410A18F048FB07990120087507981E
:1011C000049903F0D5FCFFE7FFE7079825F038FB0B
:1011D00030E19DF817001C283CD1FFE70798BBEED3
:1011E0000E0A1DF001F9079801F04AF807989FEDE3
:1011F000920A1DF031F9069838B9FFE70798069969
:10120000049A04231AF06CFA20E0069818F09CFB6C
:10121000069818F069F90698042118F079FA0698EA
:10122000DFED870A9FED841AB0EE410A18F06CF9E1
:1012300020B9FFE707990120087506E0079806998D
:10124000049A04231AF04CFAFFE7FFE7079825F009
:10125000F7FAEFE09DF8170019283CD1FFE707984F
:10126000BBEE0E0A1DF0C0F8079801F009F80798C8
:101270009FED710A1DF0F0F8069838B9FFE707985E
:101280000699049A04231AF02BFA20E0069818F025
:101290005BFB069818F028F90698042118F038FA34
:1012A0000698DFED660A9FED641AB0EE410A18F069
:1012B0002BF920B9FFE707990120087506E0079888
:1012C0000699049A04231AF00BFAFFE7FFE7079840
:1012D00025F0B6FAAEE09DF81700002800F08080F7
:1012E000FFE79DF817000190079801F045FC0146C3
:1012F0000198884274D8FFE7079801F051FC9DF8E7
:10130000171000EB41102038039007980399897952
:101310001DF08EF80798039991ED020AD1ED030AAA
:1013200091ED041AD1ED051A1DF0CEF8039800795D
:1013300028B9FFE70398407901F042F94CE003989F
:10134000007901280FD1FFE70398807901F010F9A7
:10135000079800F095FF0798039991ED060A89799F
:101360001DF086F837E003980079022832D1FFE7B4
:10137000069860B904E000BF00000000CDCC4CBE70
:1013800007980699049A04231AF0AAF921E006980E
:1013900018F0DAFA069818F0A7F80698042118F061
:1013A000B7F906980399D1ED060A9FED231AB0EE1E
:1013B000410A18F0A9F820B9FFE70799012008753C
:1013C00006E007980699049A04231AF089F9FFE7C2
:1013D000FFE7FFE7FFE7FFE7079825F031FA29E08D
:1013E0009DF81700162821D1FFE7069828B1FFE7DE
:1013F0000698012118F08CF9FFE707990020C870C2
:10140000079988760799012008710798BBEE0E0AA4
:101410001CF0EAFF079800F033FF07989FED060ADB
:101420001DF01AF8079825F00BFA03E0079825F04D
:1014300007FAFFE708B080BD000000008FC2F53C4E
:101440000AD7A33B0AD7A33D80B58CB00B900A9175
:101450008DF8272008930B9808B9FFE79FE10B98B8
:1014600025F0EEF90B98007D58B1FFE70A9820B1FE
:10147000FFE70A9818F068FAFFE70B990020087553
:10148000FFE70B99012088700B990020C8700B9919
:1014900008730B9908720B9948720B9988720B9814
:1014A000807B30B1FFE70B990020C8720B9948731D
:1014B00003E00B9801F048F8FFE70B990020087053
:1014C0000B99087108990B9A11629DF827100B9AD5
:1014D00091740B9A0121D1740B9908750B9948717D
:1014E0009DF82700013801460691262800F2458123
:1014F0000699DFE811F02700390044004F004F0043
:101500004F00550070007B008600860086000801B1
:1015100023012E0139014F004F004F008600860045
:1015200086005E00670011011A014F004F004F0056
:101530004F004F004F004F004F004F004F004F0033
:101540004F0030000F2001F03BF80B989FED960AFA
:101550001CF04AFF1FE10F2001F032F80B989FEDBD
:10156000930A1CF041FF16E10F20059001F028F8C6
:1015700005990B98B2EE040AFFF772F90BE10F2000
:10158000049001F01DF804990B98BAEE040AFFF7D5
:1015900067F900E10B989DF82710FFF7D5FCFAE0FA
:1015A000092001F00DF80B989FED7E0A1CF078FFE2
:1015B000F1E0092001F004F80B989FED7B0A1CF084
:1015C0006FFFE8E0092000F0FBFF0B98BBEE0E0A6E
:1015D0001CF066FFDFE00920039000F0F1FF0399A3
:1015E0000B98B2EE040AFFF73BF9D4E00920029011
:1015F00000F0E6FF02990B98BAEE040AFFF730F903
:10160000C9E0002007900A9860B9FFE70B99487974
:1016100040F0040048710B990020C8740B99172002
:101620000870B8E00A9818F08FF90A9817F05CFF74
:101630000A98042118F06CF89DF827000A2806D1B2
:10164000FFE74CF6CD40C3F6CC5007903BE09DF849
:1016500027000B2806D1FFE74CF6CD40C3F64C50CF
:1016600007902FE09DF827000C2806D1FFE74CF6E5
:10167000CD40CBF64C50079023E09DF8270014286E
:1016800006D1FFE74CF6CD40CBF6CC50079017E0E3
:101690009DF82700152806D1FFE749F69A10C3F6F2
:1016A000996007900BE09DF82700162806D1FFE708
:1016B00049F69A10CBF699600790FFE7FFE7FFE73E
:1016C000FFE7FFE7FFE70A98DDED070A9FED351A10
:1016D000B0EE410A17F018FF20B9FFE70B9901207F
:1016E0000875FFE70B98007D60B9FFE70B99487913
:1016F00040F0040048710B990020C8740B99172022
:101700000870FFE747E0062000F05AFF0B989FEDB6
:10171000250A1CF005FF3EE0062000F051FF0B9863
:101720009FED210A1CF0FCFE35E0062000F048FF8A
:101730000B98BBEE0E0A1CF0F3FE2CE00620019085
:1017400000F03EFF01990B98B2EE040AFFF788F80B
:1017500021E00620009000F033FF00990B98BAEECC
:10176000040AFFF77DF816E00F2000F029FF0B9820
:101770009FED0C0A1CF038FE0DE00B99487940F003
:10178000040048710B990020C8740B9988740B9958
:1017900017200870FFE70B9825F052F8FFE70CB010
:1017A00080BD00BF0000000000005C4300009643C5
:1017B00080B586B005908DF81310039202930298BD
:1017C00008B9FFE780E10298B021FEF73CFF9DF8E1
:1017D0001300029908700298002100918171084657
:1017E0001CF05EFF0299C86113F03AFB01460098B5
:1017F000029AD172029A4FF24911C4F2E74111667E
:10180000029A45F6B401C4F2B74151668DF807005B
:10181000FFE79DF80700032813D8FFE79DF807208E
:101820004BF65C20C0F6020050F82200029901EB52
:1018300082018866FFE79DF8070001308DF80700F8
:10184000E7E700208DF80700FFE79DF80700012873
:1018500013D8FFE79DF807204BF64820C0F602009A
:1018600050F82200029901EB82018867FFE79DF89A
:10187000070001308DF80700E7E7039800284BD0F8
:10188000FFE700208DF80700FFE79DF80700032819
:1018900015D8FFE703989DF8071000EB4100B0F85A
:1018A000A00002999DF8072001EB4201A1F8A000D9
:1018B000FFE79DF8070001308DF80700E5E70020FD
:1018C0008DF80700FFE79DF80700012823D8FFE700
:1018D00003989DF8071000EB4100B0F8A8000299AA
:1018E0009DF8072001EB4201A1F8A80003989DF89C
:1018F000071000EB4100B0F8AC0002999DF80720FA
:1019000001EB4201A1F8AC00FFE79DF807000130B0
:101910008DF80700D7E7FFE7059808B9FFE7D3E0A0
:101920000598007802994870059880780299887027
:101930000598C0780299C8700598007902990871D5
:1019400005984079029948710598807902998871C3
:101950000598007A029908720598407A02994872AF
:101960000598807B029988720598006A029908613F
:101970000598406A029948610598017880791CF0C1
:101980008FFE0299C861059816F0FEF90299C87198
:101990000598FEF71DFF029908730598007828B195
:1019A000FFE705980078162808D1FFE70598C07C66
:1019B00020B9FFE702990020886106E00598016AD6
:1019C000406A401A02998861FFE700208DF80700FD
:1019D000FFE79DF80700032826D8FFE705989DF844
:1019E000072000EB8200806E029901EB8201086201
:1019F00005989DF8072000EB8200006D029901EB2D
:101A00008201086305989DF8072000EB8200006BB7
:101A1000029901EB8201C1F88000FFE79DF8070001
:101A200001308DF80700D4E700208DF80700FFE7AC
:101A30009DF80700012847D8FFE705989DF8072083
:101A400000EB8200806F029901EB82010864059827
:101A50009DF8072000EB8200D0F88000029901EB8E
:101A60008201886405989DF8072000EB8200D0F879
:101A70008800029901EB8201086505989DF807200E
:101A800000EB8200006E029901EB820188650598E7
:101A90009DF8072000EB8200006C029901EB8201A7
:101AA000C1F8900005989DF8072000EB8200806C3B
:101AB000029901EB8201C1F89800FFE79DF8070049
:101AC00001308DF80700B3E706B080BD00000000CC
:101AD000FFE7FEE70000000080B5BAB0399041F2A0
:101AE000883026F0A9FFFFE7002038903790369025
:101AF00035908DF82B008DF82A0002208DF82900F2
:101B000046F62260C3F6D610099027F0E5FE40F2B3
:101B10002800C2F200000078012821D1FFE745F239
:101B20004413C2F20003D3F8FC00D3F80011D3F839
:101B30000421D3F80831389337923691359045F225
:101B40002401C2F2000111A89022FEF728FD012015
:101B50008DF82B008DF82A0000208DF8290028E050
:101B600044F28840C2F200400078012820D1FFE70B
:101B700045F25423C2F20003D3F8FC00D3F800115D
:101B8000D3F80421D3F80831389337923691359041
:101B900045F2B401C2F2000111A89022FEF7FFFC49
:101BA00001208DF82B008DF82A008DF82900FFE721
:101BB000FFE727F0BDFE9DF82B00002841D0FFE78E
:101BC0009DED360AB1EE400A9DED091A80EE010A3C
:101BD000012013F03DF8BDEEC00A10EE100A069089
:101BE0009DED380AB1EE400A9DED091A80EE010A1A
:101BF000022013F02DF8BDEEC00A10EE100A079077
:101C00009DED370A9DED091A80EE010A032013F0BD
:101C10001FF8BDEEC00A10EE100A08909DED350ABF
:101C20009DED091A80EE010A042013F011F80698C0
:101C30000799089ABDEEC00A10EE103A03F03CF97D
:101C400006E00023184619461A4603F035F9FFE767
:101C50009DF82A0028B1FFE711A80BA915F0D8FEBE
:101C600075E09FED4D0A8DED040A012013F01CF87C
:101C7000B0EE401A9DED040ABDEEC11A11EE100A35
:101C8000ADF82C00022013F00FF8B0EE401A9DEDD5
:101C9000040ABDEEC11A11EE100AADF82E000320A1
:101CA00013F002F8B0EE401A9DED040ABDEEC11A21
:101CB00011EE100AADF83000042012F0F5FFB0EE7E
:101CC000401A9DED040ABDEEC11A11EE100AADF8DE
:101CD00032000520029012F0BBFFB0EE401A9DEDDD
:101CE000040ABDEEC11A11EE100AADF83400062048
:101CF000039012F0ADFF0298B0EE401A9DED040A79
:101D0000BDEEC11A11EE101AADF836100021059182
:101D1000ADF83810ADF83A1012F0C6FF0398B0EEE7
:101D2000401A9DED040ABDEEC11A11EE101AADF86D
:101D30003C1012F0B9FF0598BDEEC00A10EE101A63
:101D4000ADF83E10ADF84000ADF84200FFE79DF859
:101D500029000BA916F048F9BDF93400BDF9361079
:101D6000002301931A4603F0C7F8BDF92C00BDF912
:101D70002E10BDF93020BDF9323003F0F9F8019B87
:101D8000BDF93C00BDF93E101A4603F011F90120DF
:101D900026F052FEA8E600BF000000000000000090
:101DA00080B586B00490039100200290049818B189
:101DB000FFE7039818B9FFE70020059027E0FFE749
:101DC0000298039988421FD2FFE769460DF1070088
:101DD000086046F68460C2F2004046F6D011C2F2B6
:101DE000000145F68462C2F200424FF4805319F0BC
:101DF00003F908B9FFE707E09DF807000499029A84
:101E0000531C02938854DBE702980590FFE705987E
:101E100006B080BD0000000080B547F61070C2F229
:101E20000040006846F6E411C2F2000109684FF470
:101E3000805219F0D1F880BD80B584B045F20860B9
:101E4000C2F20000D0F8BC0208B9FFE77AE045F220
:101E50000860C2F20000D0F8BC02039046F6E01021
:101E6000C2F20000006808B1FFE76BE00398D0F809
:101E7000140208B1FFE765E047F61070C2F20040B7
:101E8000006846F6E411C2F2000109684FF480527E
:101E900019F022F90290029808B9FFE752E047F6DC
:101EA0001070C2F20040006846F6E411C2F2000170
:101EB000096888420DD9FFE747F61070C2F200406A
:101EC000006846F6E411C2F200010968401A019068
:101ED00008E046F6E410C2F200000068C0F5805049
:101EE0000190FFE701980299884203D9FFE7029821
:101EF0000190FFE70198B0F5007F04D9FFE74FF4A8
:101F000000700190FFE746F6E410C2F2000001689D
:101F100046F61070C2F200400144BDF8042045F2BC
:101F20000860C2F20000009020F02AFF009821F023
:101F300033F838B9FFE7019846F6E011C2F2000124
:101F40000860FFE704B080BD80B586B004900391BF
:101F5000049818B1FFE7039820B9FFE701208DF836
:101F600017003FE047F61070C2F20040006846F6E6
:101F7000E411C2F2000109684FF4805219F02CF804
:101F8000019003980199884204D9FFE700208DF859
:101F9000170027E000200290FFE70298039988428B
:101FA0001AD2FFE704980299405C6946086047F638
:101FB0001070C2F2004046F6E411C2F2000146F68B
:101FC0001072C2F200424FF4805319F055F8FFE747
:101FD000029801300290E0E7FFF72EFF01208DF814
:101FE0001700FFE79DF8170006B080BD0000000055
:101FF00084B08DF80F000291ADF80620FFE70120B4
:1020000008B9FFE7FBE79DF80F0001460091232880
:102010002FD80099DFE801F012131415162D2D2D7D
:102020002D2D2D2D2D2D2D2D2D2D2D2D2D2D2D2DE0
:102030002D2D2D2D2D2D2D2D17182B2C1AE019E0BF
:1020400018E017E016E015E0029900200870029AE7
:10205000C2215170029A012191700299C8700299AF
:1020600008710299487102990820887102E001E024
:1020700000E0FFE7002004B070470000000000000F
:10208000002070470000000080B582B045F2086073
:10209000C2F20000009044F28A41C2F200410022E4
:1020A000019220F06DFE009844F2B451C2F200019A
:1020B00020F046FE0199009846F68462C2F2004282
:1020C000116046F6D012C2F20002116047F610729B
:1020D000C2F20042116046F6E412C2F20002116040
:1020E00046F6E012C2F20002116045F68062C2F2CA
:1020F0000042116020F0C8FD019802B080BD0000D0
:1021000080B586B00590049100200390FFE7039806
:1021100004990968884224D2FFE705980399405C36
:102120006946086046F68460C2F2004046F6D01167
:10213000C2F2000145F68462C2F200424FF48053BD
:1021400018F09AFF40B9FFE745F68061C2F20041FE
:10215000086801300860FFE7FFE70398013003904B
:10216000D5E7059945F20860C2F20000029020F020
:10217000E7FD029820F088FD002006B080BD000039
:1021800080B584B0039002918DF8072000208DF86F
:10219000060046F6E413C2F200031A6846F6E011A0
:1021A000C2F20001D1F800C062446FF31F321A601E
:1021B0000860FFF741FE9DF9060004B080BD0000F5
:1021C00084B00290ADF806104FF6FF70ADF8040031
:1021D000029820B1FFE7BDF8060028B9FFE7BDF877
:1021E0000400ADF80E0047E00020ADF80200FFE764
:1021F000BDF80200BDF80610884238DAFFE7029801
:10220000BDF80210415CBDF804004840ADF8040080
:1022100000208DF80100FFE79DF8010007281FD876
:10222000FFE7BDF80400C00768B1FFE7BDF8040090
:102230004008ADF80400BDF804004AF2010148402E
:10224000ADF8040005E0BDF804004008ADF8040056
:10225000FFE7FFE79DF8010001308DF80100DBE7A3
:10226000FFE7BDF802000130ADF80200C0E7BDF89D
:102270000400ADF80E00FFE7BDF80E0004B0704793
:1022800081B0009046F2B000C2F20000C16F009A27
:102290001164D0F898000099486446F29010C2F298
:1022A0000000C16F009A9164D0F898000099C8644A
:1022B00001B070470000000082B0019000208DF84E
:1022C0000300FFE79DF80300032816D8FFE79DF8F9
:1022D0000320C2EBC20146F29010C2F2000000EBF4
:1022E0008100C068019901EB82010863FFE79DF856
:1022F000030001308DF80300E4E702B070470000EE
:1023000081B00090009808B9FFE720E046F27870AD
:10231000C2F200004168009A11608168009A516021
:10232000C168009A916000690099C86046F2C8705F
:10233000C2F200004168009A11618168009A5161FF
:10234000C168009A916100690099C861FFE701B016
:10235000704700000000000080B546F27870C2F2BD
:10236000000012F055FA46F2C870C2F2000012F0F6
:102370004FFA80BD0000000080B596B08DED150AC3
:1023800068460FF08DFB9DED0D0ADDED150A46F256
:10239000C870C2F2000012F007F916B080BD00004C
:1023A00080B582B00190019808B9FFE722E001985A
:1023B000006846F27871C2F20001486001984068F6
:1023C000886001988068C8600198C06808610198B9
:1023D000006946F2C871C2F2000148600198406984
:1023E000886001988069C8600198C0690861FFF73A
:1023F000B3FFFFE702B080BD80B598B08DED170A3E
:1024000002A80FF04DFB9DED170A9DED0C1A30EE62
:10241000410A8DED010A9DED010A03F0CDFC8DED21
:10242000010ADDED010A46F27870C2F200009FED6C
:10243000090A12F0B9F88DED000A9DED0F0ADDEDE5
:10244000000A46F2C870C2F2000012F0ADF818B0EF
:1024500080BD00BF0000000082B0ADF80400ADF800
:102460000210ADF80020BDF90400BDF90210884249
:102470000BDBFFE7BDF90400BDF90010884204DC66
:10248000FFE701208DF8070003E000208DF807002A
:10249000FFE79DF8070002B0704700000000000051
:1024A00084B08DED020ACDED010A8DED001A9DED8F
:1024B000020A9DED011AB4EE410AF1EE10FA03DAB8
:1024C000FFE7019803900FE09DED020A9DED001AD1
:1024D000B4EE410AF1EE10FA03DDFFE70098039035
:1024E00002E002980390FFE79DED030A04B07047F5
:1024F00082B08DED000A9DED000ABBEE0E1AB4EE1F
:10250000410AF1EE10FA05DAFFE70020CCF2F010F4
:10251000019011E09DED000A9FED091AB4EE410A09
:10252000F1EE10FA05DDFFE70020C4F2A0300190C3
:1025300002E000980190FFE79DED010A02B07047AC
:102540000000A0430000000081B00090009808B98E
:10255000FFE70BE000990020C872009948730099CA
:1025600088730099C87300994870FFE701B07047FD
:1025700080B582B08DF807009DF8070011F068FC67
:102580008DF807009DF80700C00738B1FFE7052068
:1025900011F0B2FF062011F0AFFFFFE79DF8070032
:1025A0008007002807D5FFE7052011F0D1FF06209E
:1025B00011F0CEFFFFE702B080BD00000000000078
:1025C00080B582B08DF8070000208DF80600FFE787
:1025D0009DF80600032816D8FFE79DF807009DF830
:1025E0000610C840C00738B1FFE79DF8060001306B
:1025F000C0B211F0ADFFFFE7FFE79DF80600013024
:102600008DF80600E4E702B080BD00000000000085
:1026100080B584B0029000208DF80600029820B9A1
:10262000FFE700208DF80F0065E00298407E00F083
:1026300003008DF805009DF8050020B9FFE7032091
:102640008DF80500FFE700208DF80700FFE79DF8F3
:10265000070001284AD8FFE701208DF804009DF803
:102660000500C00798B1FFE702989DF8071000EB3E
:102670008100D0ED180A90ED1E0AB1EE041A00F0A8
:102680001BF920B9FFE700208DF80400FFE79DF853
:1026900005008007002813D5FFE702989DF8071072
:1026A00000EB8100D0ED180A90ED200AB1EE041A7B
:1026B00000F002F920B9FFE700208DF80400FFE7E1
:1026C0009DF8040058B1FFE79DF80710012000FABB
:1026D00001F19DF8060008438DF80600FFE7FFE7CB
:1026E0009DF8070001308DF80700B0E79DF806005F
:1026F0008DF80F00FFE79DF80F0004B080BD0000CB
:1027000080B584B0029000208DF80600029820B9B0
:10271000FFE700208DF80F002EE000208DF8070065
:10272000FFE79DF80700032821D8FFE702989DF8EE
:10273000071000EB8100D0ED140A90ED1A0AB0EEFC
:10274000081A00F0B9F858B1FFE79DF8071001200A
:1027500000FA01F19DF8060008438DF80600FFE736
:10276000FFE79DF8070001308DF80700D9E79DF8D5
:1027700006008DF80F00FFE79DF80F0004B080BD44
:1027800080B582B046F29010C2F20000062111F02E
:1027900083FA8DF8070046F2B000C2F20000D0F8CC
:1027A0008800332806D3FFE79DF8070001308DF835
:1027B0000700FFE746F2B000C2F20000D0F8A40024
:1027C000332806D3FFE79DF8070001308DF8070096
:1027D000FFE79DF8070002B080BD00000000000088
:1027E00083B001908DF80310019820B9FFE7002015
:1027F0008DF80B0059E00198407928B9FFE701985E
:102800000078172804D1FFE704208DF80B004CE076
:1028100001980078162804D1FFE703208DF80B00FB
:1028200043E00198807B20B1FFE705208DF80B0085
:102830003BE00198C07840BBFFE70198C07C20BB1B
:10284000FFE70198007D00BBFFE70198007AE0B93F
:10285000FFE70198407AC0B9FFE70198807AA0B9F4
:10286000FFE70198C07A80B9FFE70198407C60B922
:10287000FFE70198007B40B9FFE70198007840B17D
:10288000FFE70198007920B9FFE702208DF80B00DF
:102890000BE09DF8030020B1FFE701208DF80B004D
:1028A00003E000208DF80B00FFE79DF80B0003B05C
:1028B000704700000000000084B08DED030ACDEDEC
:1028C000020A8DED011A9DED030A9DED021A30EE0C
:1028D000410A8DED000A9DED000AB5EE400AF1EEC9
:1028E00010FA07DAFFE79DED000AB1EE400A8DED20
:1028F000000AFFE79DED000A9DED011A0020B4EEED
:10290000410AF1EE10FAD8BF012004B07047000070
:1029100081B08DF803009DF8030001280DD1FFE779
:1029200044F28841C2F200410120087040F22801BF
:10293000C2F20001002008700CE040F22801C2F24F
:1029400000010120087044F28841C2F200410020D9
:102950000870FFE701B0704780B584B0039040F67F
:10296000B83026F069F811F05FF845F25C60C2F209
:10297000004044F60461C2F2000101220EF018F991
:1029800010F082FB45F24410C2F2000040F26811E0
:10299000C2F2000100919FED2B0A8DED010A16F0A5
:1029A000CBFB00999DED010A45F25420C2F20000D4
:1029B00016F0C2FB45F22400C2F2000015F0B0F997
:1029C00045F2B400C2F2000015F0AAF945F29000F9
:1029D000C2F2004012F020FF45F28C30C2F20040FB
:1029E00017F056FC18F07CF927F00EFC45F6106144
:1029F000C2F20041086045F60870C2F200000CF017
:102A00004BFAFFE70121084626F046FE02900298A5
:102A100018B9FFE701200290FFE7FFE7029830B105
:102A2000FFE715F0F9FE029801380290F6E746F646
:102A30002C20C2F20000011D00F108020023FEF765
:102A400083F9DFE76F12833A80B58AB08DF82700EB
:102A50000891079200200690059004900390089832
:102A60000290089806300190042004909DF82700F9
:102A70005038014600910F2842D80099DFE801F054
:102A80001A081D1122272A2D303336404040403984
:102A900034200690032004904020059001200390EC
:102AA0002FE03D200690032004902E200590012069
:102AB000039026E03020069023E037200690032084
:102AC00007901EE03A2006900320079019E041206D
:102AD000069016E04520069013E04920069010E08D
:102AE0004D2006900DE0512006900AE055200690FA
:102AF00007E046F6E810C2F200000068069000E029
:102B000038E00798032805D1FFE703200490002050
:102B10000390FFE70498A8B1FFE7069946F6AC00DA
:102B2000C2F2000000EB41000299049A5200FDF746
:102B3000F1FC45F62400C2F20040026806980499B0
:102B40009047FFE70398A8B1FFE7059946F6AC0068
:102B5000C2F2000000EB41000199039A5200FDF718
:102B6000D9FC45F62400C2F200400268059803999A
:102B70009047FFE70AB080BD80B582B00190019810
:102B800020B1FFE701988079009002E000200090DA
:102B9000FFE70098C0B203F0DFF802B080BD00008C
:102BA00080B582B00190019820B1FFE7019880794B
:102BB000009002E000200090FFE70098C0B203F010
:102BC000DFF802B080BD000080B588B006900591A6
:102BD0000698007804900698FFF7E2FF02900698A6
:102BE000FFF7CAFF019006980078182807D1FFE781
:102BF00006980F2110F0DCF98DF81F00A4E006986C
:102C000000781D2807D1FFE706980F2110F0D0F9B2
:102C10008DF81F0098E0069800781E2811D1FFE774
:102C2000059850B1FFE7059816F072FA022804D112
:102C3000FFE701208DF81F0086E000208DF81F00BF
:102C400082E0069800781A2805D1FFE723F074FD8A
:102C50008DF81F0078E0069800781B2805D1FFE763
:102C600001F0EAFF8DF81F006EE0069800781C283E
:102C700011D1FFE7059850B1FFE7059816F048FA23
:102C8000022804D1FFE701208DF81F005CE000203E
:102C90008DF81F0058E006980078192811D1FFE739
:102CA000059850B1FFE7059816F032FA022804D1D2
:102CB000FFE701208DF81F0046E000208DF81F007F
:102CC00042E0049828B1FFE704980199884204D9AA
:102CD000FFE700208DF81F0036E00298049900EB12
:102CE0004110203803900398007940B9FFE7069817
:102CF0000399497910F05CF98DF81F0024E00398DE
:102D00000079012806D1FFE7069802F005F88DF852
:102D10001F0019E003980079022811D1FFE70598F8
:102D200050B1FFE7059816F0F3F9022804D1FFE748
:102D300001208DF81F0007E000208DF81F0003E040
:102D400000208DF81F00FFE79DF81F0008B080BD30
:102D500080B502F0F1F802F04BF945F68410C2F2AA
:102D6000000002F009FB02F0CFFB80BD0000000074
:102D700080B545F26040C2F2004004F0DDF880BD4D
:102D800083B002900298016801201022C4F202026E
:102D90009142009000F0A380FFE7029801680120B3
:102DA0002822C4F202029142009000F09880FFE7CE
:102DB0000298016801204022C4F202029142009070
:102DC00000F08D80FFE70298016801205822C4F2CC
:102DD00002029142009000F08280FFE702980168B1
:102DE00001207022C4F202029142009077D0FFE7E6
:102DF0000298016801208822C4F2020291420090E8
:102E00006DD0FFE7029801680120A022C4F20202FF
:102E10009142009063D0FFE7029801680120B82238
:102E2000C4F202029142009059D0FFE70298016873
:102E3000012040F21042C4F20202914200904ED0B2
:102E4000FFE702980168012040F22842C4F2020222
:102E50009142009043D0FFE702980168012040F2C0
:102E60004042C4F202029142009038D0FFE702983B
:102E70000168012040F25842C4F2020291420090DF
:102E80002DD0FFE702980168012040F27042C4F2A1
:102E900002029142009022D0FFE7029801680120CF
:102EA00040F28842C4F202029142009017D0FFE73C
:102EB00002980168012040F2A042C4F2020291424D
:102EC00000900CD0FFE7029800684FF64831CBF62F
:102ED000FD710844B0FA80F040090090FFE70098C7
:102EE000C00740B3FFE70298007810384AF6AB21DC
:102EF000CAF6AA21A0FB011000090190019800F078
:102F000007014BF2F450C0F60200405C0299C8651C
:102F10000198042807D3FFE702990868042262F3A6
:102F20000900886506E00299086840F2FF32904384
:102F30008865FFE705E00299086820F0FF008865D2
:102F4000FFE70298806D03B07047000000000000AA
:102F500084B00390039800680190039801680120F1
:102F600045F20842C5F60202914200904ED0FFE7BA
:102F700003980168012045F21C42C5F60202914205
:102F8000009043D0FFE703980168012045F23042EA
:102F9000C5F602029142009038D0FFE7039801681D
:102FA000012045F24442C5F60202914200902DD024
:102FB000FFE703980168012045F25842C5F6020276
:102FC0009142009022D0FFE703980168012045F26A
:102FD0006C42C5F602029142009017D0FFE70398B9
:102FE0000168012045F28042C5F60202914200903C
:102FF0000CD0FFE7039800684AF66C31CAF2FD7105
:103000000844B0FA80F040090090FFE70098C0073C
:1030100010B3FFE70398007808384CF6CD41CCF6A2
:10302000CC41A0FB011000090290029945F6000076
:10303000C5F6020000EB810003990866039945F686
:103040008000C5F602004866029800F01F010120CA
:1030500088400399886635E00398007810384AF66E
:10306000AB21CAF6AA21A0FB011000090290019829
:1030700040F2B841C4F2020188420CD8FFE701983F
:1030800040F21041C4F20201884204D3FFE70298E3
:1030900008300290FFE7029940F60000C4F20200F7
:1030A00000EB810003990866039940F68000C4F2A2
:1030B00002004866029800F01F0101208840039931
:1030C0008866FFE704B0704783B0029002980079E9
:1030D00001900198002800F08A80FFE701980828F5
:1030E00000F28580FFE702980168012045F208425E
:1030F000C5F60202914200904ED0FFE702980168A7
:10310000012045F21C42C5F602029142009043D0D4
:10311000FFE702980168012045F23042C5F602023D
:103120009142009038D0FFE702980168012045F2F3
:103130004442C5F60202914200902DD0FFE702986A
:103140000168012045F25842C5F602029142009002
:1031500022D0FFE702980168012045F26C42C5F6D3
:1031600002029142009017D0FFE702980168012007
:1031700045F28042C5F60202914200900CD0FFE772
:10318000029800684AF66C31CAF2FD710844B0FA40
:1031900080F040090090FFE70098C00780B1FFE78A
:1031A000019945F6FC00C5F6020000EB810002998A
:1031B000C866029945F64010C5F6020008670FE0A0
:1031C000019940F6FC00C4F2020000EB8100029974
:1031D000C866029940F64010C4F202000867FFE793
:1031E0000198411E0120884002994867FFE703B01B
:1031F000704700000000000085B0049000208DF8AA
:103200000F000498806918BBFFE70498806A029059
:1032100003281BD80299DFE801F0020D0218049878
:1032200090F82F00C00720B1FFE701208DF80F00B4
:10323000FFE70CE00498C06AB0F1C07F04D1FFE75B
:1032400001208DF80F00FFE701E000E0FFE747E015
:1032500004988069B0F5005F26D1FFE70498806A82
:10326000019003281ED80199DFE801F0020602113F
:1032700001208DF80F0016E0049890F82F00C00789
:1032800020B1FFE701208DF80F00FFE70BE0049865
:10329000C06AB0F1C07F04D1FFE701208DF80F00B4
:1032A000FFE700E0FFE71AE00498806A0090032837
:1032B00004D3FFE70098032804D00EE001208DF826
:1032C0000F000BE0049890F82F00C00720B1FFE733
:1032D00001208DF80F00FFE700E0FFE7FFE7FFE7C1
:1032E0009DF80F0005B0704789B0089007910692CD
:1032F00005930898806D04900898806D0390089855
:10330000016801201022C4F202029142029000F0F2
:103310000381FFE70898016801202822C4F2020215
:103320009142029000F0F880FFE7089801680120C0
:103330004022C4F202029142029000F0ED80FFE7C9
:103340000898016801205822C4F2020291420290BA
:1033500000F0E280FFE70898016801207022C4F2C3
:1033600002029142029000F0D780FFE708980168BE
:1033700001208822C4F202029142029000F0CC8027
:10338000FFE7089801680120A022C4F202029142DE
:10339000029000F0C180FFE7089801680120B82280
:1033A000C4F202029142029000F0B680FFE7089852
:1033B0000168012040F21042C4F2020291420290E0
:1033C00000F0AA80FFE708980168012040F2284237
:1033D000C4F202029142029000F09E80FFE708983A
:1033E0000168012040F24042C4F202029142029080
:1033F00000F09280FFE708980168012040F25842EF
:10340000C4F202029142029000F08680FFE7089821
:103410000168012040F27042C4F20202914202901F
:103420007AD0FFE708980168012040F28842C4F290
:103430000202914202906FD0FFE7089801680120D4
:1034400040F2A042C4F202029142029064D0FFE72F
:1034500008980168012040F2B842C4F20202914289
:10346000029059D0FFE708980168012045F2084210
:10347000C5F60202914202904ED0FFE7089801681B
:10348000012045F21C42C5F602029142029043D04F
:10349000FFE708980168012045F23042C5F60202B4
:1034A0009142029038D0FFE708980168012045F268
:1034B0004442C5F60202914202902DD0FFE70898DF
:1034C0000168012045F25842C5F60202914202907D
:1034D00022D0FFE708980168012045F26C42C5F64A
:1034E00002029142029017D0FFE70898016801207C
:1034F00045F28042C5F60202914202900CD0FFE7ED
:10350000089800684AF66C31CAF2FD710844B0FAB6
:1035100080F040090290FFE70298C00770B1FFE712
:103520000898416E806E48600898C06E28B1FFE729
:103530000898016F406F4860FFE7FFE7089801684F
:1035400001201022C4F202029142019000F0A380F7
:10355000FFE70898016801202822C4F20202914284
:10356000019000F09880FFE7089801680120402250
:10357000C4F202029142019000F08D80FFE70898AA
:10358000016801205822C4F202029142019000F029
:103590008280FFE70898016801207022C4F20202CD
:1035A0009142019077D0FFE70898016801208822B6
:1035B000C4F20202914201906DD0FFE708980168C1
:1035C0000120A022C4F202029142019063D0FFE7E1
:1035D000089801680120B822C4F2020291420190C9
:1035E00059D0FFE708980168012040F21042C4F268
:1035F0000202914201904ED0FFE708980168012035
:1036000040F22842C4F202029142019043D0FFE707
:1036100008980168012040F24042C4F2020291423F
:10362000019038D0FFE708980168012040F2584225
:10363000C4F20202914201902DD0FFE70898016880
:10364000012040F27042C4F202029142019022D065
:10365000FFE708980168012040F28842C4F20202A4
:103660009142019017D0FFE708980168012040F2CD
:10367000A042C4F20202914201900CD0FFE70898E8
:1036800000684FF64831CBF6FD710844B0FA80F07F
:1036900040090190FFE70198C00750B3FFE7089881
:1036A000C06D00F01F013F20884004998860089891
:1036B0000168086820F48020086005980899096866
:1036C000486008988068402809D1FFE70698089963
:1036D00009688860079808990968C86008E0079831
:1036E000089909688860069808990968C860FFE722
:1036F00082E008980168012045F20842C5F60202FE
:10370000914200904ED0FFE708980168012045F2F1
:103710001C42C5F602029142009043D0FFE7089890
:103720000168012045F23042C5F602029142009044
:1037300038D0FFE708980168012045F24442C5F6F9
:103740000202914200902DD0FFE708980168012005
:1037500045F25842C5F602029142009022D0FFE79E
:1037600008980168012045F26C42C5F602029142B8
:10377000009017D0FFE708980168012045F28042C9
:10378000C5F60202914200900CD0FFE7089800684D
:103790004AF66C31CAF2FD710844B0FA80F0400973
:1037A0000090FFE70098C00720B3FFE70898C06DBE
:1037B00000F01F010120884003994860059808998E
:1037C0000968486008988068402809D1FFE7069892
:1037D000089909688860079808990968C86008E02E
:1037E0000798089909688860069808990968C86068
:1037F000FFE700E0FFE7FFE709B0704700000000C7
:1038000080B5A8B018AB15938DF89F0026918DF860
:103810009720002024902390229021908DF88300FF
:103820009DF89F0026999DF8972021F045FB9DF873
:103830009F00014616916B2801F231811699DFE84D
:1038400011F06C009C00B6002E092E09F800220130
:103850002E092E092E092E092E092E092E092E09B0
:103860002E092E01520162019A015B02F802160331
:103870002E092E092E092E092E092E092E092E0990
:103880002E0922038B03A9031C045C04AD05C705A4
:103890009304F3041D054B057D052E092E092E0901
:1038A0002E093E03D5031C042E092E09AD05D105B2
:1038B0002E092E092E092E092E092E092E092E0950
:1038C0002E092E092E092E092E092E092E09DB0597
:1038D000E50528063E062E092E092E092E092E0979
:1038E0002E0948066E068B06F0060B07F007470800
:1038F00016082807430760077D079A07B707D4070C
:103900002E0951085E082E096B08780885082409DD
:103910009208D6089F08AC08C1089DF8970021F0CE
:103920001BFA10B9FFE701F0BBB821F091FA25F0BE
:10393000D3FF17F031FB45F28C30C2F2004016F095
:10394000E7FE45F25420C2F2000015F0FDFF45F2FB
:10395000B400C2F2000014F017FC45F29000C2F26D
:10396000004011F065FC25F0E3FF40F2AC21C2F20B
:1039700000010020087001F093B89DF8970021F035
:10398000EBF910B9FFE701F08BB825F0A5FF45F280
:103990009000C2F2004011F06FFC25F0C9FF40F228
:1039A000AC21C2F200010120087001F079B826981C
:1039B0009DF8971021AA22F0BBFB10B9FFE701F098
:1039C0006FB8159890ED090ABCEEC00A10EE100A07
:1039D000002818BF0120FEF79BFF159890ED090AFB
:1039E000BCEEC00A10EE100A08BBFFE721F030FA67
:1039F00025F072FF17F0D0FA45F28C30C2F2004089
:103A000016F086FE45F25420C2F2000015F09CFF2D
:103A100045F2B400C2F2000014F0B6FB45F290008B
:103A2000C2F2004011F004FC25F082FFFFE701F034
:103A300037B89DF8970021F08FF910B9FFE701F032
:103A40002FB821F005FA25F047FF17F0A5FA45F247
:103A50008C30C2F2004016F05BFE45F25420C2F2F8
:103A6000000015F071FF45F2B400C2F2000014F03E
:103A70008BFB45F29000C2F2004013F029FA25F0CA
:103A800057FF01F00DB89DF8970021F065F910B9C6
:103A9000FFE701F005B810F0ABFC01F001B89DF8AC
:103AA000970021F059F910B9FFE700F0F9BF21F0B4
:103AB000CFF925F011FF17F06FFA45F28C30C2F202
:103AC000004016F025FE45F25420C2F2000015F029
:103AD0003BFF25F02DFF40F2AC21C2F20001002097
:103AE000087000F0DDBF9DF8970021F035F910B99E
:103AF000FFE700F0D5BF40F2AC21C2F20001012087
:103B0000087000F0CDBF26989DF8971021AA22F0EA
:103B10000FFB10B9FFE700F0C3BF159890ED090A3D
:103B2000BCEEC00A10EE100A072822D8FFE744F2C4
:103B30008840C2F200400078D8B1FFE740F2AC20E4
:103B4000C2F200000078A0B1FFE725F0C5FE17F033
:103B500023FA159890ED090ABCEEC00A10EE101A6F
:103B600045F25420C2F2000015F0D2FD25F0E0FE2F
:103B7000FFE700F095BF26989DF8971021AA22F044
:103B8000D7FA10B9FFE700F08BBF45F25420C2F21C
:103B90000000007815F050FB014615988DF8821052
:103BA00023991F9190ED090AF8EE000ACDED130A52
:103BB000B0EE001A8DED141AFEF772FCDDED130A5B
:103BC0009DED141A159880ED090A90ED0A0AFEF78A
:103BD00067FC159880ED0A0A9DF8820068B9FFE736
:103BE000159890ED0B0ADFEDD80A9FEDD81AFEF775
:103BF00057FC159880ED0B0AFFE721984AF2A401C3
:103C0000C2F200410860229848609DF8820028B105
:103C1000FFE79FEDCF0A8DED120A05E0159890EDB4
:103C20000B0A8DED120AFFE79DED120A4AF2A4007D
:103C3000C2F2004080ED020A44F28840C2F2004025
:103C40000078002856D0FFE740F2AC20C2F2000016
:103C5000007800284ED0FFE725F03EFE17F09CF9D3
:103C60009DF8820098B3FFE745F25420C2F20000AD
:103C7000007815F0C5FB70B1FFE7159890ED070AC5
:103C80009FEDB41A20EE010A45F25420C2F2000062
:103C900015F03EFE0DE0159890ED070A9FEDAD1A68
:103CA00020EE010A45F25420C2F2000015F09CFDFE
:103CB000FFE7159890ED090AD0ED0A0A45F2542065
:103CC000C2F200009FEDA21A15F0BEFD0DE015989E
:103CD00090ED090AD0ED0A0A90ED0B1A45F2542036
:103CE000C2F2000015F0B0FDFFE725F021FE21F043
:103CF000C7F8FFE700F0D4BE26989DF8971021AAD8
:103D000022F016FA10B9FFE700F0CABE45F25420BF
:103D1000C2F20000007815F08FFA8DF87B0023982E
:103D20001D9021984AF2A401C2F200410860229835
:103D300048609DF87B0028B1FFE79FED850A8DED77
:103D4000110A05E0159890ED0B0A8DED110AFFE7B9
:103D50009DED110A4AF2A400C2F2004080ED020A71
:103D600044F28840C2F20040007800285FD0FFE7AC
:103D700040F2AC20C2F200000078002857D0FFE7E4
:103D800025F0AAFD17F008F99DF87B00A8B3FFE71E
:103D900045F25420C2F20000007815F031FB70B1FA
:103DA000FFE7159890ED050A9FED6A1A20EE010ACB
:103DB00045F25420C2F2000015F0AAFD0DE015985E
:103DC00090ED050A9FED631A20EE010A45F254209A
:103DD000C2F2000015F008FDFFE7159890ED090A02
:103DE000D0ED0A0A45F25420C2F200009FED581AA5
:103DF00015F08AFB8DF873000FE0159890ED090A15
:103E0000D0ED0A0A90ED0B1A45F25420C2F20000E0
:103E100015F07AFB8DF87300FFE725F089FD9DF919
:103E2000730018B9FFE721F013F8FFE7FFE700F090
:103E300037BE9DF8970020F08FFF10B9FFE700F024
:103E40002FBE21F005F825F047FD17F0A5F845F243
:103E50008C30C2F2004016F05BFC45F25420C2F2F6
:103E6000000015F071FD25F063FD00F019BE9DF80E
:103E7000970020F071FF10B9FFE700F011BE10F0BD
:103E80009FFA00F00DBE9DF8970020F065FF10B975
:103E9000FFE700F005BE25F01FFD45F28C30C2F2B1
:103EA000004016F035FC45F29000C2F2004011F0DF
:103EB000BFF925F03DFD10F07BFA00F0F1BD9DF853
:103EC000970020F049FF10B9FFE700F0E9BD9DF829
:103ED000970010280AD1FFE726989DF8971021AA8D
:103EE00022F026F910B9FFE700F0DABD25F0F4FC66
:103EF00045F28C30C2F2004016F00AFC9DF89700A3
:103F000010280BD1FFE7159890ED090ABCEEC00A06
:103F100010EE100A002112F057FC06E045F2900066
:103F2000C2F2004011F084F9FFE725F001FD9DF891
:103F30009700102803D1FFE710F06AFA02E010F0B2
:103F400037FAFFE700F0ACBD7BD920BF7BD9203F1B
:103F50000000000039FA8E3C9DF8970020F0FCFE2E
:103F600010B9FFE700F09CBD44F28840C2F2004067
:103F7000007868B1FFE725F0AFFC45F29000C2F28F
:103F8000004011F079F925F0D3FC10F011FAFFE7A9
:103F900000F086BD26989DF8971021AA22F0C8F857
:103FA00010B9FFE700F07CBD44F28840C2F2004047
:103FB0000078C8B1FFE725F08FFC159890ED090A4D
:103FC000BCEEC00A10EE100A109006F071FD1099B8
:103FD000024645F29000C2F2004012F0ADFC25F01E
:103FE000A7FC10F0E5F9FFE700F05ABD9DF8970037
:103FF00020F0B2FE10B9FFE700F052BD9DF8970027
:1040000010280AD1FFE726989DF8971021AA22F0E0
:104010008FF810B9FFE700F043BD44F28840C2F2C8
:104020000040007838B3FFE725F056FC9DF8970074
:1040300010280BD1FFE7159890ED090ABCEEC00AD5
:1040400010EE100A012112F0BFFB06E045F29000CD
:10405000C2F2004011F010F9FFE725F069FC9DF86D
:104060009700102803D1FFE710F0D2F902E010F01A
:104070009FF9FFE7FFE700F013BD26989DF8971022
:1040800021AA22F055F810B9FFE700F009BD44F26B
:104090008840C2F20040007868B3FFE725F01CFCBE
:1040A000159890ED091A90ED0A0A90ED0B2A8DED06
:1040B0000E2A90ED0C2A8DED0F2ABCEEC11A11EEDE
:1040C000100A0C90BCEEC00A10EE100A0D9006F01B
:1040D000EFFC0C990D9A9DED0E0ADDED0F0A0346DB
:1040E00045F29000C2F2004012F0AAFB25F020FC3D
:1040F00010F05EF9FFE700F0D3BC26989DF897100A
:1041000021AA22F015F810B9FFE700F0C9BC44F26B
:104110008840C2F20040007820B3FFE72198199050
:1041200022981A9023981B9025F0D6FB45F2900018
:10413000C2F200400B9090F84C10099190F84D009D
:104140000A9006F0B5FC09990A9A03460B98EC46CA
:10415000CCF8003019AB12F093FB25F0E9FB10F01E
:1041600027F9FFE700F09CBC9DF8970020F0F4FDD4
:1041700010B9FFE700F094BC9DF8970010280AD111
:10418000FFE726989DF8971021AA21F0D1FF10B9DA
:10419000FFE700F085BC44F28840C2F2004000789E
:1041A00000283FD0FFE7002018909DF897001028C6
:1041B00011D1FFE7159890ED0A0AB5EE400AF1EE2D
:1041C00010FA08DDFFE7159890ED0A0ABCEEC00A68
:1041D00080ED000AFFE725F07FFB9DF8970010288F
:1041E00010D1FFE7159890ED090ABCEEC00A10EE59
:1041F000100A38B9FFE745F29000C2F2004012F011
:1042000087FE0AE006F054FC0146189A45F2900039
:10421000C2F2004012F050FDFFE725F089FB10F0DC
:10422000C7F8FFE700F03CBC26989DF8971021AA3C
:1042300021F07EFF10B9FFE700F032BC44F2884065
:10424000C2F200400078B8B1FFE725F045FB1598B1
:1042500090ED090A8DED080A06F02AFC9DED080A8A
:10426000014645F29000C2F2004011F04DFE25F0EB
:104270005FFB10F09DF8FFE700F012BC26989DF858
:10428000971021AA21F054FF10B9FFE700F008BCF5
:1042900044F28840C2F200400078E0B1FFE725F028
:1042A0001BFB159890ED090ABCEEC00A10EE100A2F
:1042B000002818BF0120079006F0FAFB0799024674
:1042C00045F29000C2F2004011F002FF25F030FBF1
:1042D00010F06EF8FFE7E3E326989DF8971021AA07
:1042E00021F026FF08B9FFE7DAE344F28840C2F282
:1042F0000040007808B3FFE725F0EEFA159890ED3E
:10430000091A90ED0A0ABCEEC11A11EE100A0590C6
:10431000BCEEC00A10EE100A069006F0C9FB059923
:10432000069A034645F29000C2F2004012F06CFA81
:1043300025F0FEFA10F03CF8FFE7B1E326989DF86F
:10434000971021AA21F0F4FE08B9FFE7A8E344F290
:104350008840C2F200400078F8B1FFE725F0BCFACF
:10436000159890ED090A90ED0A1A8DED041ABCEE2D
:10437000C00A10EE100A039006F09AFB03999DED17
:10438000040A024645F29000C2F2004011F0B0FB70
:1043900025F0CEFA10F00CF8FFE781E39DF89700C6
:1043A00020F0DAFC08B9FFE77AE325F095FA45F248
:1043B0008C30C2F2004016F0ABF945F29000C2F228
:1043C000004012F085FD25F0B3FA0FF0F1FF67E32E
:1043D0009DF8970020F0C0FC08B9FFE760E30FF0FC
:1043E000E7FF5DE39DF8970020F0B6FC08B9FFE712
:1043F00056E310F00DF853E39DF8970020F0ACFC65
:1044000008B9FFE74CE30FF0EBFF49E39DF8970095
:1044100020F0A2FC08B9FFE742E39DF897001028BE
:1044200009D1FFE726989DF8971021AA21F080FE78
:1044300008B9FFE734E344F28840C2F20040007854
:1044400030B3FFE740F2AC20C2F200000078F8B1D0
:10445000FFE7159890ED090ABCEEC00A10EE100AAD
:104460008DF85F0025F038FA9DF85F1045F2542072
:10447000C2F2000016F048FC8DF85E0025F058FAF4
:104480009DF85E0018B1FFE720F0E2FCFFE7FFE7D0
:1044900006E39DF8970020F05FFC08B9FFE7FFE214
:1044A00020F0D6FC25F018FA16F076FD45F25420DF
:1044B000C2F2000015F048FA25F03AFAF0E29DF851
:1044C000970020F049FC08B9FFE7E9E20FF0A8FFE8
:1044D000E6E29DF8970020F03FFC08B9FFE7DFE235
:1044E00025F0FAF945F28C30C2F2004016F010F9CE
:1044F00045F2B400C2F20000007D38B1FFE745F29A
:104500005420C2F2000015F01FFAFFE745F2B40094
:10451000C2F2000013F038FE25F00AFAC0E29DF85E
:10452000970020F019FC08B9FFE7B9E244F288408F
:10453000C2F20040007870B1FFE725F0CDF945F2F6
:10454000B400C2F20000012100231A4613F0B0FDAE
:1045500025F0EEF9FFE7A3E226989DF8971021AA2F
:1045600021F0E6FD08B9FFE79AE244F28840C2F282
:1045700000400078002853D0FFE7159890ED0B0A13
:10458000BCEEC00A10EE100A002818BF01208DF8FA
:10459000830025F0A1F9159890ED090ABCEEC00A38
:1045A00010EE100A70B9FFE745F2B400C2F2000045
:1045B000007D38B1FFE745F25420C2F2000015F04B
:1045C000C3F9FFE7159890ED091A90ED0A0ABCEEC1
:1045D000C11A11EE101A002918BF0121BCEEC00A41
:1045E00010EE102A002A18BF01229DF8833045F2F0
:1045F000B400C2F2000013F05BFD159890ED090ABB
:10460000BCEEC00A10EE100A38B1FFE79DF8830037
:1046100018B1FFE720F01CFCFFE725F089F9FFE760
:104620003EE29DF8970020F097FB08B9FFE737E2DC
:1046300044F28840C2F20040007860B1FFE725F004
:104640004BF945F2B400C2F20000002113F098FCCF
:1046500025F06EF9FFE723E29DF8970020F07CFB40
:1046600008B9FFE71CE244F28840C2F2004000783B
:1046700070B1FFE725F030F920F0EAFB45F2B40015
:10468000C2F20000002113F0BFFB25F051F9FFE753
:1046900006E29DF8970020F05FFB08B9FFE7FFE115
:1046A00044F28840C2F20040007860B1FFE725F094
:1046B00013F945F2B400C2F20000012113F060FCCE
:1046C00025F036F9FFE7EBE19DF8970020F044FB79
:1046D00008B9FFE7E4E144F28840C2F20040007804
:1046E00070B1FFE725F0F8F820F0B2FB45F2B40016
:1046F000C2F20000012113F087FB25F019F9FFE752
:10470000CEE19DF8970020F027FB08B9FFE7C7E14D
:1047100044F28840C2F20040007870B1FFE725F013
:10472000DBF820F095FB45F2B400C2F20000002156
:1047300013F0AAFB25F0FCF8FFE7B1E19DF8970024
:1047400020F00AFB08B9FFE7AAE144F28840C2F270
:104750000040007870B1FFE725F0BEF820F078FB4C
:1047600045F2B400C2F20000012113F08DFB25F0E8
:10477000DFF8FFE794E19DF8970020F0EDFA08B923
:10478000FFE78DE144F28840C2F20040007870B14A
:10479000FFE725F0A1F820F05BFB45F2B400C2F280
:1047A0000000002113F040FB25F0C2F8FFE777E19D
:1047B0009DF8970020F0D0FA08B9FFE770E144F2C5
:1047C0008840C2F20040007870B1FFE725F084F81D
:1047D00020F03EFB45F2B400C2F20000012113F0CC
:1047E00023FB25F0A5F8FFE75AE19DF8970020F09C
:1047F000B3FA08B9FFE753E144F28840C2F200403F
:10480000007868B1FFE725F067F820F021FB45F25A
:10481000B400C2F2000013F0E3FA25F089F8FFE7D4
:104820003EE19DF8970020F097FA08B9FFE737E1DD
:1048300025F052F845F28C30C2F2004015F068FFC6
:1048400045F2B400C2F20000007D38B1FFE745F246
:104850005420C2F2000015F077F8FFE745F2B400EB
:10486000C2F2000013F090FC25F062F818E12698DF
:104870009DF8971021AA21F05BFC08B9FFE70FE132
:1048800044F28840C2F20040007800B3FFE725F010
:1048900023F845F2B400C2F20000007D38B1FFE712
:1048A00045F25420C2F2000015F04EF8FFE71598CB
:1048B00090ED090ABCEEC00A10EE101A45F2B400E1
:1048C000C2F2000013F078FB25F032F8FFE7E7E0D2
:1048D0009DF8970020F040FA08B9FFE7E0E00FF0FC
:1048E00077FDDDE09DF8970020F036FA08B9FFE784
:1048F000D6E0012021F0ACFE0FF082FDD0E09DF863
:10490000970020F029FA08B9FFE7C9E0022021F05A
:104910009FFE0FF075FDC3E09DF8970020F01CFA94
:1049200008B9FFE7BCE0042021F092FE0FF068FD1B
:10493000B6E09DF8970020F00FFA08B9FFE7AFE066
:10494000052021F085FE0FF05BFDA9E09DF89700A2
:1049500020F002FA08B9FFE7A2E0062021F078FE75
:104960000FF04EFD9CE09DF8970020F0F5F908B996
:10497000FFE795E0072021F053FE0FF041FD8FE0A7
:104980009DF8970020F0E8F908B9FFE788E00920D2
:1049900021F046FE0FF034FD82E09DF8970020F0F4
:1049A000DBF908B9FFE77BE024F096FF45F28C3095
:1049B000C2F20040012115F0DBFB24F0B9FF0FF03B
:1049C0001FFD6DE09DF8970020F0C6F908B9FFE7DC
:1049D00066E024F081FF45F28C30C2F200400221F3
:1049E00015F0C6FB24F0A4FF0FF00AFD58E026984E
:1049F0009DF8971021AA21F09BFB08B9FFE74FE033
:104A00001598FF218DF85D1090ED090AB7EE001A98
:104A1000B4EE410AF1EE10FA04D1FFE701208DF85F
:104A20005D000FE0159890ED090AB0EE001AB4EEA3
:104A3000410AF1EE10FA04D1FFE702208DF85D0083
:104A4000FFE7FFE720F004FA24F046FF0120019081
:104A5000FDF75EFF019840F2AC21C2F20001087040
:104A600016F09AFA9DF85D00029006F021F8029A7D
:104A7000034645F28C30C2F20040082115F048FD93
:104A800024F056FF0FF0BCFC0AE09DF8970020F0E0
:104A900063F908B9FFE703E00FF0B2FC00E0FFE7BD
:104AA00028B080BD0000000070470000000000003A
:104AB00080B582B0019005F0FBFF0090FFE705F0A4
:104AC000F7FF0099401A0199884201D2FFE7F6E703
:104AD00002B080BD0000000080B584B08DED020AF8
:104AE0009DED020A0FF0D8F98DED010A9DED010A46
:104AF0009FED1A1AB4EE410AF1EE10FA0EDDFFE74F
:104B00009DED010A9FED161AB4EE410AF1EE10FA7E
:104B100004DCFFE702208DF80F001BE09DED010A89
:104B20009FED101AB4EE410AF1EE10FA0EDAFFE72B
:104B30009DED010A9FED0C1AB4EE410AF1EE10FA58
:104B400004DBFFE701208DF80F0003E000208DF863
:104B50000F00FFE79DF80F0004B080BDDB0F493F59
:104B6000E4CB1640DB0F49BFE4CB16C000000000C9
:104B700080B5BAB038903791389820B9FFE7012056
:104B80008DF8E7002AE001A8009014F011F90098D0
:104B900000F02AF840B1FFE73899002008763899EC
:104BA000C8628DF8E70019E03898007E50B9FFE739
:104BB00038990120087637983899C86200208DF816
:104BC000E7000BE037983899C96A411A0020B1F51F
:104BD0007A7F88BF01208DF8E700FFE79DF8E700A6
:104BE0003AB080BD0000000082B00090009820B96B
:104BF000FFE700208DF8070019E00098807E20B1C3
:104C0000FFE70098407F20B9FFE700208DF80700FC
:104C10000DE000988068B0F1FF3F04DCFFE7002062
:104C20008DF8070003E001208DF80700FFE79DF8ED
:104C3000070002B07047000080B5B8B001A800902E
:104C400014F0B6F80098FFF7CFFF20B9FFE7002077
:104C50008DF8DF0007E0039900204129C8BF01203B
:104C60008DF8DF00FFE79DF8DF0038B080BD000061
:104C700080B586B004908DF80F109DF80F0002905B
:104C8000029802280ED3FFE7029801900498FDF7DE
:104C900073FF01460198884204D8FFE701208DF890
:104CA000170003E000208DF81700FFE79DF81700BC
:104CB00006B080BD0000000080B584B003908DF880
:104CC0000B109FED140A18F08BFA8DED010A039872
:104CD0009DF80B1000EB810090ED120A90ED182A60
:104CE000B8EEC00A4BF64820C0F6020000EB810087
:104CF00090ED001A21EE021A9DED012AA1EE020AA2
:104D00008DED000A9DED000ABDEEC00A10EE100AFE
:104D100004B080BDB458B74480B584B00290029806
:104D2000FBF756FD8DF8060000208DF80700FFE721
:104D30009DF80700012844D8FFE79DF80600C0074A
:104D4000C8B1FFE702989DF8071000EB810090EDD5
:104D5000181A90ED1E0A30EE410AFBF71DFDB1EE68
:104D6000041AB4EE410AF1EE10FA04DDFFE7002068
:104D70008DF80F0029E09DF806008007002819D55E
:104D8000FFE702989DF8071000EB810090ED181ADC
:104D900090ED200A30EE410AFBF7FEFCB1EE041A5A
:104DA000B4EE410AF1EE10FA04DDFFE700208DF8C1
:104DB0000F000AE0FFE79DF8070001308DF80700BB
:104DC000B6E701208DF80F00FFE79DF80F0004B053
:104DD00080BD00000000000081B000909DED000A41
:104DE000B8EEC00A9FED021A20EE010A01B070472A
:104DF000400749360000000080B584B0039002915E
:104E00008DF80720039808B9FFE736E00398029968
:104E100019F096FD9DF807200399487910434871D1
:104E20000398807E20B9FFE70398C07E30B1FFE78A
:104E30000399487940F010004871FFE7039900207A
:104E40000090C87003990873039908720399487217
:104E5000039988720399C872039948740399C874B6
:104E60000399887403990871039988760398FDF76C
:104E70006BFB039917200870FFE704B080BD0000AA
:104E800081B0EFF3108072B60090FFE7FEE70000FC
:104E900044F60C01C5F60201086840F00200086003
:104EA000FFE744F60400C5F602000068800400280D
:104EB00001D4FFE7F5E7704780B584B0ADF80E0088
:104EC000ADF80C10ADF80A20ADF80830BDF90E2091
:104ED000BDF90C30BDF90A00BDF908C06946C1F83A
:104EE00004C0086045F6E400C2F200004FF400710F
:104EF00000F072FB04B080BD80B584B0ADF80E0048
:104F0000ADF80C10ADF80A20ADF80830BDF90E2050
:104F1000BDF90C30BDF90A00BDF908C06946C1F8F9
:104F200004C0086045F6E400C2F2000040F2FF1140
:104F300000F052FB04B080BD80B545F6E400C2F23B
:104F40000000012100F0B8FA80BD00000000000060
:104F500080B545F6E400C2F2000004F0D1FC80BD4B
:104F600080B545F6E400C2F2000004F0C9FC80BD43
:104F700080B584B0ADF80E00ADF80C10ADF80A2085
:104F8000ADF80830BDF90E20BDF90C30BDF90A00AE
:104F9000BDF908C06946C1F804C0086045F2D840B0
:104FA000C2F200404FF4007100F016FB04B080BD67
:104FB00080B584B0ADF80E00ADF80C10ADF80A2045
:104FC000ADF80830BDF90E20BDF90C30BDF90A006E
:104FD000BDF908C06946C1F804C0086045F2D84070
:104FE000C2F2004040F2FF1100F0F6FA04B080BDBA
:104FF00080B545F2D840C2F20040012100F05CFAD1
:1050000080BD00000000000080B545F2D840C2F22B
:10501000004004F075FC80BD80B545F2D840C2F276
:10502000004004F06DFC80BD80B545F68410C2F2EE
:10503000000004F065FC80BD80B545F68410C2F226
:10504000000004F05DFC80BD80B590B0FFE745F640
:105050008410C2F20000412104F0AAFAB8B1FFE7BF
:1050600045F68410C2F20000412106AA6B4604F006
:10507000BBFA08B1FFE70AE045F68410C2F200006F
:10508000FBF776FC06A8694600F006F8DFE710B0EB
:1050900080BD00000000000080B582B0019000914A
:1050A0000198009916F04CFE02B080BD000000008F
:1050B00084B002900298406B009002980068D0F88B
:1050C00084004FF6FC718843009940EA8100029900
:1050D0000968C1F8840002980068D0F8840020F4C0
:1050E0007F00029A1168926B40EA0240C1F8840086
:1050F0000298816B00980844009002980068D0F8EC
:1051000088006FF38F00009940EA810002990968D6
:10511000C1F8880002980068D0F8880020F4FE00EA
:10512000029A1168D26B40EA0240C1F888000298E6
:10513000C16B009800EB4100009002980068D0F825
:10514000A0006FF38F00009940EA8100029909687E
:10515000C1F8A00002980068D0F8A00020F4FE007A
:10516000029A1168126C40EA0240C1F8A00002994C
:10517000086C496C009A00FB0120009002980068BE
:10518000D0F8B0006FF38F00009940EA81000299D7
:105190000968C1F8B00002980068D0F8B00020F4A7
:1051A000FE00029A1168926C40EA0240C1F8B00019
:1051B0000299886CC96C009A00FB0120009002984B
:1051C0000068D0F8AC006FF38F00009940EA8100CE
:1051D00002990968C1F8AC000299086D496D009AFE
:1051E00000FB0120009002980068D0F8F0006FF3F7
:1051F0008F00009940EA810002990968C1F8F00027
:1052000002980068D0F8F00020F47C10029A11682F
:10521000926D40EA0240C1F8F0000298816D00985A
:1052200000EB4100009002980068D0F8C0006FF3D6
:105230008F00009940EA810002990968C1F8C00016
:1052400002980068D0F8C00020F47C10029A11681F
:10525000D26D40EA0240C1F8C00002980068D0F860
:10526000C00020F07C50029A1168126E40EA026081
:10527000C1F8C00002994A6B4AF60040C4F200002F
:1052800000EB8200C86602998A6BC86E00EB820050
:1052900008670299CA6B086F00EBC2004867029961
:1052A0000A6C4B6C486F5A4300EB82008867029986
:1052B0008A6CCB6C886F5A4300EB8200C8670299F6
:1052C0000A6D4B6DC86F5A4300EB8200C1F8800035
:1052D00002998A6DD1F8800000EBC200C1F8840009
:1052E0000299CA6D8B6ED1F884005A4300EB82009C
:1052F000C1F8880002990A6E8B6ED1F888005A4373
:1053000000EB8200C1F890000298D0F890004DF2B6
:10531000FD31C4F2000188420FD3FFE70299D1F8B2
:105320009C0040F02000C1F89C000299032081F805
:10533000980001208DF80F0017E00298C06E0190D0
:10534000FFE701980299D1F89010884208D2FFE750
:10535000019900200860FFE7019804300190F0E710
:10536000FFE700208DF80F00FFE79DF80F0004B065
:10537000704700000000000080B58CB00B9000204A
:1053800002900A900990089007900690059004906A
:1053900003900B9808B9FFE72FE0002003900490DA
:1053A000022105910691079008900B9803A903F03C
:1053B000EBFF18B1FFE7FFF763FDFFE70B986946C6
:1053C00001230B600222194604F06AF818B1FFE7C6
:1053D000FFF756FDFFE70B9805F012F918B1FFE74C
:1053E000FFF74EFDFFE70B981021002203F0DCFED3
:1053F00018B1FFE7FFF744FDFFE70CB080BD0000E8
:1054000088B007900691059204930698406848B9C1
:10541000FFE70698016882680069104340EA81400E
:10542000039009E006980168826800691043084308
:1054300040F080400390FFE70698D0F820C0C16894
:1054400042698369C06940EA0C601843104340EA2E
:10545000014002900798826ED0F88400049951436D
:1054600000EB8100019003980199086001980430D5
:105470000190029801990860019804300190002081
:105480000090FFE700980699CA684BF2E451C0F615
:105490000201895C88420DD2FFE7059800994058C7
:1054A00001990860019804300190FFE700980430EA
:1054B0000090E7E708B0704780B58CB00B900A9178
:1054C00000200190099008900790069005900490A4
:1054D0000390029002900390022004900A98059095
:1054E0004FF4007006904FF4FE6007900B9802A9ED
:1054F00003F04AFF18B1FFE7FFF7C2FCFFE70CB06B
:1055000080BD00000000000080B545F6E400C2F256
:10551000000000F0E5F845F2D840C2F2004000F08B
:10552000DFF880BD0000000080B590B00F900E91B4
:105530000D92FFE70F980E9904F03AF8002846D034
:10554000FFE70F980E9903AA01AB04F04DF808B1DC
:10555000FFE73CE00F98FBF70BFA049850B9FFE720
:105560000398B0F5007F05D9FFE70398B0F5027FF7
:1055700001D9FFE7DEE70398A0F2012000900D9823
:105580000099C1EBC10100EB81018869013088619C
:105590000D980099C1EBC10100EB810080693228B0
:1055A0000AD8FFE70D980099C1EBC10100EB81001B
:1055B00001A923F0B1F909E00D980099C1EBC101EF
:1055C00000EB810001A923F05BF9FFE7B2E710B01F
:1055D00080BD00000000000010B596B08C468646E5
:1055E00019981899CDF850E0ADF84EC0ADF84C20A0
:1055F000ADF84A30ADF84810ADF84600149820B91F
:10560000FFE700208DF8570066E0149804F068F971
:1056100050B9FFE71498002103910122FBF7C8F964
:1056200003988DF8570057E0BDF84E000890002011
:1056300009900A9008210B910C900D900E900F90FC
:105640001090BDF84C00ADF81600BDF84A00ADF85A
:105650001400BDF84800ADF81200BDF84600ADF8E2
:1056600010009DF817008DF81800BDF816008DF891
:1056700019009DF815008DF81A00BDF814008DF87A
:105680001B009DF813008DF81C00BDF812008DF86A
:105690001D009DF811008DF81E00BDF810008DF85A
:1056A0001F00149808A906AA03F0FEFD50B1FFE7F9
:1056B0001498002202921146FBF77AF902988DF8AD
:1056C000570009E01498012101910022FBF770F9BD
:1056D00001988DF85700FFE79DF8570016B010BDF0
:1056E00080B582B0019000200090019808B9FFE7D2
:1056F00025E0019845F6E401C2F20001884208D095
:10570000FFE7019845F2D841C2F20041884203D137
:10571000FFE70120009000E011E0019804F070FF25
:1057200018B1FFE7FFF7ACFBFFE7019800990022F3
:1057300003F03AFD18B1FFE7FFF7A2FBFFE702B065
:1057400080BD00000000000080B5E6B0DDF8A0C11B
:105750008DF897018DF8961164928DED630A62932E
:1057600064986190629800686090629840685F9069
:10577000629880685E909DED5F0A9DED5E1A30EE46
:10578000010A8DED5D0A9DED5F0A9FEDA41A30EED2
:10579000010A8DED5C0A9DED5C0A8DED010A0DF0AC
:1057A00047FCB0EE401A9DED010A30EE010A8DED86
:1057B0005B0A9DED5C0A25F051F89FED991A8DED7D
:1057C000021A20EE010A8DED5A0A9DED5C0A25F0C1
:1057D0001FFC9DED021A20EE010A8DED590A9DED88
:1057E000600A25F03BF88DED580A9DED600A25F022
:1057F0000FFC8DED570A9DED5D0A25F02FF88DED1C
:10580000560A9DED5D0A25F003FC8DED550A9DEDD0
:10581000580ADDED570A9FED831A8DED031A21F02A
:105820002BF9B0EE402AB0EE410A9DED031A8DED42
:10583000522ACDED530A8DED540A9DED570AB1EE73
:10584000400ADDED580A21F017F9B0EE402AB0EE1B
:10585000600ADDED030A8DED4F2A8DED500A8DEDC6
:10586000511AB7EE001AB0EE600A21F005F98DED7D
:105870004C0ACDED4D0A8DED4E1ADDED561A9DED1B
:105880004F0ADDED500A9DED511A17F0C9FC8DED60
:10589000460ACDED470A8DED481ADDED551A9DED0E
:1058A0004C0ADDED4D0A9DED4E1A17F0B9FC8DED59
:1058B000430ACDED440A8DED451A9DED460ADDED16
:1058C000470A9DED481ADDED431A9DED442ADDEDB2
:1058D000452AFAF795FF8DED490ACDED4A0A8DED7F
:1058E0004B1A9DED550AF1EE401A9DED4F0ADDED84
:1058F000500A9DED511A17F093FC8DED3D0ACDED48
:105900003E0A8DED3F1ADDED561A9DED4C0ADDED98
:105910004D0A9DED4E1A17F083FC8DED3A0ACDED40
:105920003B0A8DED3C1A9DED3D0ADDED3E0A9DEDF5
:105930003F1ADDED3A1A9DED3B2ADDED3C2AFAF7E0
:105940005FFF8DED400ACDED410A8DED421A9DEDD0
:10595000570A9FEDE51A20EE010A9DED581A9FEDBA
:10596000E32A61EE020A9FEDE21A21F085F88DED3F
:10597000370ACDED380A8DED391ADDED5A1A9DED55
:105980004F0ADDED500A9DED511A17F049FC8DEDDF
:105990002E0ACDED2F0A8DED301ADDED591A9DED51
:1059A0004C0ADDED4D0A9DED4E1A17F039FC8DEDD8
:1059B0002B0ACDED2C0A8DED2D1A9DED2E0ADDED75
:1059C0002F0A9DED301ADDED2B1A9DED2C2ADDED11
:1059D0002D2AFAF715FF8DED310ACDED320A8DED46
:1059E000331A9DED370ADDED380A9DED391ADDEDEC
:1059F000311A9DED322ADDED332AFAF701FF8DEDE4
:105A0000340ACDED350A8DED361A34983599369A2B
:105A10002A92299128906198B8B905E0DB0FC93F17
:105A20008922DD43000000009DF897014CF2FC0242
:105A3000C0F60202642110FB01209DF8961101EBD3
:105A4000810100EB81006190FFE76198D0ED001AC1
:105A50009DED520ADDED530A9DED541A17F0E0FB5F
:105A60008DED220ACDED230A8DED241A9DED280A35
:105A7000DDED290A9DED2A1ADDED221A9DED232A7E
:105A8000DDED242AFAF7BCFE8DED250ACDED260AC0
:105A90008DED271A25982699279A2A9229912890E0
:105AA0006198D0ED011A9DED490ADDED4A0A9DEDA0
:105AB0004B1A17F0B5FB8DED1C0ACDED1D0A8DEDCF
:105AC0001E1A9DED280ADDED290A9DED2A1ADDED4D
:105AD0001C1A9DED1D2ADDED1E2AFAF791FE8DEDB3
:105AE0001F0ACDED200A8DED211A1F982099219AC9
:105AF0002A92299128906198D0ED021A9DED400AD2
:105B0000DDED410A9DED421A17F08AFB8DED160A74
:105B1000CDED170A8DED181A9DED280ADDED290A45
:105B20009DED2A1ADDED161A9DED172ADDED182AD6
:105B3000FAF766FE8DED190ACDED1A0A8DED1B1AE6
:105B400019981A991B9A2A92299128909DED370A43
:105B5000DDED380A9DED391A0EF07AF88DED130A55
:105B6000CDED140A8DED151A13981499159A3992E2
:105B7000389137909DED340ADDED350A9DED361AEA
:105B80000EF066F88DED100ACDED110A8DED121AAA
:105B900010981199129A3692359134909DED280AF9
:105BA000DDED290A9DED2A1A0EF052F88DED0D0A51
:105BB000CDED0E0A8DED0F1A0D980E990F9A2A92BF
:105BC000299128909DED520ADDED530A9DED541A5E
:105BD0000EF03EF88DED0A0ACDED0B0A8DED0C1A94
:105BE0000A980B990C9A5492539152909DED490A40
:105BF000DDED4A0A9DED4B1A0EF02AF88DED070AED
:105C0000CDED080A8DED091A07980899099A4B926B
:105C10004A9149909DED400ADDED410A9DED421A01
:105C20000EF016F88DED040ACDED050A8DED061A7D
:105C300004980599069A4292419140909DF89701E7
:105C4000689988709DF896016899C8709DED600A02
:105C5000FEF742FF689908715B98689988606398BD
:105C60006899C86060986899086162980068689946
:105C7000486162984068689988616298806868990C
:105C8000C86168993798389A399B8B624A62086272
:105C900068993498359A369B4B630A63C862689951
:105CA0003498359A369B0B64CA6388636899289840
:105CB000299A2A9BCB648A64486468995298539ABB
:105CC000549B8B654A650865689949984A9A4B9B2D
:105CD0004B660A66C86568994098419A429B0B6773
:105CE000CA66886666B080BD5C8F2AC25C8F2A4215
:105CF000295CC4420000000083B001908DF80310BD
:105D0000019820B9FFE700208DF80B0020E00198F2
:105D100080799DF80310884204D1FFE701208DF8B7
:105D20000B0015E00198007850B1FFE7019800786A
:105D3000162805D0FFE701980078172804D1FFE75F
:105D400001208DF80B0003E000208DF80B00FFE729
:105D50009DF80B0003B0704780B582B08DF803004A
:105D60009DF803000EF08CF8012803D1FFE70F2007
:105D7000019002E00E200190FFE7019802B080BD83
:105D800080B582B08DF803009DF803000EF078F81E
:105D9000012806D1FFE74BF66800C0F6020001902B
:105DA00005E04BF66C20C0F602000190FFE7019879
:105DB00002B080BD0000000081B08DED000AFFE759
:105DC0009DED000A9FED141AB4EE410AF1EE10FAAF
:105DD00009DDFFE79DED000A9FED121A30EE010A82
:105DE0008DED000AECE7FFE79DED000A9FED0B1A31
:105DF000B4EE410AF1EE10FA09DAFFE79DED000A70
:105E00009FED071A30EE010A8DED000AECE79DEDDB
:105E1000000A01B0704700BF00003443000034C3E3
:105E20000000B4430000B4C380B584B003908DF883
:105E30000B109FED140A17F0D3F98DED010A0398AA
:105E40009DF80B1000EB810090ED100A90ED182AE0
:105E5000B8EEC00A4BF64820C0F6020000EB810005
:105E600090ED001A21EE021A9DED012AA1EE020A20
:105E70008DED000A9DED000ABDEEC00A10EE100A7D
:105E800004B080BDB458B74480B584B04EF600006D
:105E9000C1F6F170006803904EF60400C1F6F1708F
:105EA000006802904EF60800C1F6F170006801909B
:105EB0000199039808440390039888B1FFE7039879
:105EC00040F25801C2F200410091023108220CF068
:105ED000B7F900990298123104220CF0B1F9FFE7EA
:105EE00004B080BD0000000080B540F60000C5F69B
:105EF00002004FF46041012204F0C2FD80BD0000A9
:105F000080B58AB0089004F0D3FD0490089828B9B1
:105F1000FFE701208DF8270000F0AABC089890F850
:105F2000350002280ED0FFE7089980204865FFE77A
:105F30000899002081F83400FFE701208DF8270040
:105F400000F096BC0898016801201022C4F20202F9
:105F50009142039000F0A380FFE7089801680120B8
:105F60002822C4F202029142039000F09880FFE7D9
:105F70000898016801204022C4F202029142039075
:105F800000F08D80FFE70898016801205822C4F2D4
:105F900002029142039000F08280FFE708980168B6
:105FA00001207022C4F202029142039077D0FFE7F1
:105FB0000898016801208822C4F2020291420390ED
:105FC0006DD0FFE7089801680120A022C4F2020208
:105FD0009142039063D0FFE7089801680120B8223E
:105FE000C4F202029142039059D0FFE70898016879
:105FF000012040F21042C4F20202914203904ED0BE
:10600000FFE708980168012040F22842C4F202022A
:106010009142039043D0FFE708980168012040F2C5
:106020004042C4F202029142039038D0FFE7089840
:106030000168012040F25842C4F2020291420390EA
:106040002DD0FFE708980168012040F27042C4F2A9
:1060500002029142039022D0FFE7089801680120D4
:1060600040F28842C4F202029142039017D0FFE747
:1060700008980168012040F2A042C4F20202914255
:1060800003900CD0FFE7089800684FF64831CBF634
:10609000FD710844B0FA80F040090390FFE70398CF
:1060A000C00780B1FFE708980168086820F01E006B
:1060B000086008980168486920F0800048610898E5
:1060C0000068059009E008980168086820F00E0053
:1060D0000860089800680590FFE7089801680120AB
:1060E0001022C4F202029142029000F00381FFE705
:1060F0000898016801202822C4F20202914202900D
:1061000000F0F880FFE70898016801204022C4F2FF
:1061100002029142029000F0ED80FFE708980168CA
:1061200001205822C4F202029142029000F0E28063
:10613000FFE70898016801207022C4F20202914230
:10614000029000F0D780FFE70898016801208822BC
:10615000C4F202029142029000F0CC80FFE708985E
:1061600001680120A022C4F202029142029000F0D4
:10617000C180FFE7089801680120B822C4F202023A
:106180009142029000F0B680FFE708980168012074
:1061900040F21042C4F202029142029000F0AA8042
:1061A000FFE708980168012040F22842C4F2020289
:1061B0009142029000F09E80FFE70898016801205C
:1061C00040F24042C4F202029142029000F09280FA
:1061D000FFE708980168012040F25842C4F2020229
:1061E0009142029000F08680FFE708980168012044
:1061F00040F27042C4F20202914202907AD0FFE76C
:1062000008980168012040F28842C4F202029142DB
:1062100002906FD0FFE708980168012040F2A04289
:10622000C4F202029142029064D0FFE7089801682C
:10623000012040F2B842C4F202029142029059D0C9
:10624000FFE708980168012045F20842C5F60202FE
:10625000914202904ED0FFE708980168012045F274
:106260001C42C5F602029142029043D0FFE7089813
:106270000168012045F23042C5F6020291420290C7
:1062800038D0FFE708980168012045F24442C5F67E
:106290000202914202902DD0FFE708980168012088
:1062A00045F25842C5F602029142029022D0FFE721
:1062B00008980168012045F26C42C5F6020291423D
:1062C000029017D0FFE708980168012045F280424C
:1062D000C5F60202914202900CD0FFE708980068D0
:1062E0004AF66C31CAF2FD710844B0FA80F04009F8
:1062F0000290FFE70298C00738B1FFE70898016EE7
:10630000086820F480700860FFE708980068102192
:10631000C4F20201884200F08180FFE7089800681B
:106320002821C4F20201884278D0FFE7089800686B
:106330004021C4F20201884270D0FFE7089800684B
:106340005821C4F20201884268D0FFE7089800682B
:106350007021C4F20201884260D0FFE7089800680B
:106360008821C4F20201884258D0FFE708980068EB
:10637000A021C4F20201884250D0FFE708980068CB
:10638000B821C4F20201884248D0FFE708980068AB
:1063900040F21041C4F2020188423FD0FFE7089862
:1063A000006840F22841C4F20201884236D0FFE77B
:1063B0000898006840F24041C4F2020188422DD0A2
:1063C000FFE70898006840F25841C4F20201884291
:1063D00024D0FFE70898006840F27041C4F202013F
:1063E00088421BD0FFE70898006840F28841C4F259
:1063F0000201884212D0FFE70898006840F2A041ED
:10640000C4F20201884209D0FFE70898006840F210
:10641000B841C4F20201884207D1FFE70898016839
:10642000086820F00100086006E008980168086824
:1064300020F001000860FFE7FFE705980068C0074B
:10644000C8B1FFE704F034FB0499401A062811D3C1
:10645000FFE70899202048650899032081F8350056
:10646000FFE70899002081F83400FFE701208DF84C
:106470002700FDE1E1E70898016801201022C4F23D
:1064800002029142019000F0A380FFE708980168A2
:1064900001202822C4F202029142019000F098806B
:1064A000FFE70898016801204022C4F202029142ED
:1064B000019000F08D80FFE70898016801205822C4
:1064C000C4F202029142019000F08280FFE7089836
:1064D000016801207022C4F202029142019077D03B
:1064E000FFE70898016801208822C4F20202914265
:1064F00001906DD0FFE7089801680120A022C4F246
:1065000002029142019063D0FFE7089801680120E0
:10651000B822C4F202029142019059D0FFE70898D4
:106520000168012040F21042C4F20202914201903F
:106530004ED0FFE708980168012040F22842C4F2DB
:1065400002029142019043D0FFE7089801680120C0
:1065500040F24042C4F202029142019038D0FFE77B
:1065600008980168012040F25842C4F202029142A8
:1065700001902DD0FFE708980168012040F2704299
:10658000C4F202029142019022D0FFE7089801680C
:10659000012040F28842C4F202029142019017D0D9
:1065A000FFE708980168012040F2A042C4F202020D
:1065B000914201900CD0FFE7089800684FF64831EF
:1065C000CBF6FD710844B0FA80F040090190FFE776
:1065D0000198C00760B1FFE70898806D07900898A0
:1065E000C06D00F01F013F208840079988600BE0D4
:1065F0000898806D06900898C06D00F01F0101207A
:10660000884006994860FFE7089801680120102239
:10661000C4F202029142009000F00381FFE7089863
:10662000016801202822C4F202029142009000F089
:10663000F880FFE70898016801204022C4F20202B6
:106640009142009000F0ED80FFE70898016801207A
:106650005822C4F202029142009000F0E280FFE76B
:106660000898016801207022C4F202029142009051
:1066700000F0D780FFE70898016801208822C4F263
:1066800002029142009000F0CC80FFE70898016878
:106690000120A022C4F202029142009000F0C180C9
:1066A000FFE7089801680120B822C4F20202914273
:1066B000009000F0B680FFE708980168012040F2E2
:1066C0001042C4F202029142009000F0AA80FFE75B
:1066D00008980168012040F22842C4F20202914267
:1066E000009000F09E80FFE708980168012040F2CA
:1066F0004042C4F202029142009000F09280FFE713
:1067000008980168012040F25842C4F20202914206
:10671000009000F08680FFE708980168012040F2B1
:106720007042C4F20202914200907AD0FFE70898CA
:106730000168012040F28842C4F2020291420090B6
:106740006FD0FFE708980168012040F2A042C4F230
:1067500002029142009064D0FFE70898016801208E
:1067600040F2B842C4F202029142009059D0FFE7D1
:1067700008980168012045F20842C5F602029142DC
:1067800000904ED0FFE708980168012045F21C42B6
:10679000C5F602029142009043D0FFE708980168D5
:1067A000012045F23042C5F602029142009038D0F5
:1067B000FFE708980168012045F24442C5F602024D
:1067C000914200902DD0FFE708980168012045F222
:1067D0005842C5F602029142009022D0FFE7089885
:1067E0000168012045F26C42C5F602029142009018
:1067F00017D0FFE708980168012045F28042C5F6EE
:106800000202914200900CD0FFE7089800684AF617
:106810006C31CAF2FD710844B0FA80F04009009072
:10682000FFE70098C007A0B1FFE70898416E806EAF
:1068300048600898C06E58B1FFE70898C16E0868B4
:1068400020F4807008600898016F406F4860FFE78F
:10685000FFE70899012081F83500FFE7089900203B
:1068600081F83400FFE7FFE700208DF82700FFE7FD
:106870009DF827000AB080BD80B586B004900498CA
:1068800020B9FFE701208DF8170046E3049890F83F
:106890003500022807D0FFE70499802048650120D1
:1068A0008DF8170039E30498016801201022C4F222
:1068B00002029142029000F0A380FFE70498016871
:1068C00001202822C4F202029142029000F0988036
:1068D000FFE70498016801204022C4F202029142BD
:1068E000029000F08D80FFE7049801680120582293
:1068F000C4F202029142029000F08280FFE7049805
:10690000016801207022C4F202029142029077D005
:10691000FFE70498016801208822C4F20202914234
:1069200002906DD0FFE7049801680120A022C4F214
:1069300002029142029063D0FFE7049801680120AF
:10694000B822C4F202029142029059D0FFE70498A3
:106950000168012040F21042C4F20202914202900A
:106960004ED0FFE704980168012040F22842C4F2AB
:1069700002029142029043D0FFE70498016801208F
:1069800040F24042C4F202029142029038D0FFE746
:1069900004980168012040F25842C4F20202914278
:1069A00002902DD0FFE704980168012040F2704268
:1069B000C4F202029142029022D0FFE704980168DB
:1069C000012040F28842C4F202029142029017D0A4
:1069D000FFE704980168012040F2A042C4F20202DD
:1069E000914202900CD0FFE7049800684FF64831BE
:1069F000CBF6FD710844B0FA80F040090290FFE741
:106A00000298C007002800F09D80FFE70499042049
:106A100081F83500049800681021C4F20201884210
:106A200000F08180FFE7049800682821C4F2020189
:106A3000884278D0FFE7049800684021C4F2020140
:106A4000884270D0FFE7049800685821C4F2020120
:106A5000884268D0FFE7049800687021C4F2020100
:106A6000884260D0FFE7049800688821C4F20201E0
:106A7000884258D0FFE704980068A021C4F20201C0
:106A8000884250D0FFE704980068B821C4F20201A0
:106A9000884248D0FFE70498006840F21041C4F2F1
:106AA000020188423FD0FFE70498006840F2284185
:106AB000C4F20201884236D0FFE70498006840F231
:106AC0004041C4F2020188422DD0FFE704980068DB
:106AD00040F25841C4F20201884224D0FFE70498F2
:106AE000006840F27041C4F2020188421BD0FFE707
:106AF0000498006840F28841C4F20201884212D032
:106B0000FFE70498006840F2A041C4F20201884205
:106B100009D0FFE70498006840F2B841C4F20201CE
:106B2000884207D1FFE704980168086820F0010057
:106B3000086006E004980168086820F00100086019
:106B4000FFE7E5E104980168086820F00E0008609E
:106B5000049800681021C4F20201884200F081808C
:106B6000FFE7049800682821C4F20201884278D027
:106B7000FFE7049800684021C4F20201884270D007
:106B8000FFE7049800685821C4F20201884268D0E7
:106B9000FFE7049800687021C4F20201884260D0C7
:106BA000FFE7049800688821C4F20201884258D0A7
:106BB000FFE704980068A021C4F20201884250D087
:106BC000FFE704980068B821C4F20201884248D067
:106BD000FFE70498006840F21041C4F202018842C5
:106BE0003FD0FFE70498006840F22841C4F2020158
:106BF000884236D0FFE70498006840F24041C4F272
:106C0000020188422DD0FFE70498006840F2584105
:106C1000C4F20201884224D0FFE70498006840F2E1
:106C20007041C4F2020188421BD0FFE7049800685B
:106C300040F28841C4F20201884212D0FFE7049872
:106C4000006840F2A041C4F20201884209D0FFE787
:106C50000498006840F2B841C4F20201884207D1AA
:106C6000FFE704980168086820F00100086006E06A
:106C700004980168086820F001000860FFE70498A4
:106C8000016801201022C4F202029142019000F03A
:106C90000381FFE70498016801202822C4F2020260
:106CA0009142019000F0F880FFE70498016801200C
:106CB0004022C4F202029142019000F0ED80FFE711
:106CC0000498016801205822C4F202029142019006
:106CD00000F0E280FFE70498016801207022C4F20E
:106CE00002029142019000F0D780FFE7049801680A
:106CF00001208822C4F202029142019000F0CC806F
:106D0000FFE7049801680120A022C4F20202914228
:106D1000019000F0C180FFE7049801680120B822CB
:106D2000C4F202029142019000F0B680FFE704989D
:106D30000168012040F21042C4F202029142019027
:106D400000F0AA80FFE704980168012040F2284281
:106D5000C4F202029142019000F09E80FFE7049885
:106D60000168012040F24042C4F2020291420190C7
:106D700000F09280FFE704980168012040F2584239
:106D8000C4F202029142019000F08680FFE704986D
:106D90000168012040F27042C4F202029142019067
:106DA0007AD0FFE704980168012040F28842C4F2DB
:106DB0000202914201906FD0FFE704980168012020
:106DC00040F2A042C4F202029142019064D0FFE777
:106DD00004980168012040F2B842C4F202029142D4
:106DE000019059D0FFE704980168012045F208425C
:106DF000C5F60202914201904ED0FFE70498016867
:106E0000012045F21C42C5F602029142019043D096
:106E1000FFE704980168012045F23042C5F60202FE
:106E20009142019038D0FFE704980168012045F2B3
:106E30004442C5F60202914201902DD0FFE704982A
:106E40000168012045F25842C5F6020291420190C4
:106E500022D0FFE704980168012045F26C42C5F694
:106E600002029142019017D0FFE7049801680120C7
:106E700045F28042C5F60202914201900CD0FFE734
:106E8000049800684AF66C31CAF2FD710844B0FA01
:106E900080F040090190FFE70198C00728B3FFE7A1
:106EA0000498016E086820F4807008600498806D72
:106EB00003900498C06D00F01F01012088400399E1
:106EC00048600498416E806E48600498C06E58B166
:106ED000FFE70498C16E086820F480700860049889
:106EE000016F406F4860FFE7FFE70499012081F8D8
:106EF0003500FFE70499002081F83400FFE704988B
:106F0000006D20B1FFE70498016D8847FFE7FFE7B8
:106F1000FFE700208DF81700FFE79DF8170006B087
:106F200080BD00000000000081B000900098406D1E
:106F300001B070470000000080B590B00F900020B5
:106F40000B9040F20400C2F20040006848F2B51114
:106F5000C1F64E31A0FB0110800A0A900F98806D97
:106F600009900F98806D0890099800680E90089815
:106F700000680D900F98016801201022C4F20202EF
:106F80009142079000F0A380FFE70F98016801206D
:106F90002822C4F202029142079000F09880FFE795
:106FA0000F98016801204022C4F20202914207902A
:106FB00000F08D80FFE70F98016801205822C4F28D
:106FC00002029142079000F08280FFE70F9801686B
:106FD00001207022C4F202029142079077D0FFE7AD
:106FE0000F98016801208822C4F2020291420790A2
:106FF0006DD0FFE70F9801680120A022C4F20202C1
:107000009142079063D0FFE70F9801680120B822F2
:10701000C4F202029142079059D0FFE70F9801682D
:10702000012040F21042C4F20202914207904ED079
:10703000FFE70F980168012040F22842C4F20202E3
:107040009142079043D0FFE70F980168012040F27A
:107050004042C4F202029142079038D0FFE70F98F5
:107060000168012040F25842C4F2020291420790A6
:107070002DD0FFE70F980168012040F27042C4F262
:1070800002029142079022D0FFE70F980168012089
:1070900040F28842C4F202029142079017D0FFE703
:1070A0000F980168012040F2A042C4F2020291420E
:1070B00007900CD0FFE70F9800684FF64831CBF6E9
:1070C000FD710844B0FA80F040090790FFE7079887
:1070D000C007002800F01385FFE70E980F99C96DCF
:1070E00001F01F01C8400007002840F1B080FFE711
:1070F0000F9800681021C4F20201884200F08180DC
:10710000FFE70F9800682821C4F20201884278D076
:10711000FFE70F9800684021C4F20201884270D056
:10712000FFE70F9800685821C4F20201884268D036
:10713000FFE70F9800687021C4F20201884260D016
:10714000FFE70F9800688821C4F20201884258D0F6
:10715000FFE70F980068A021C4F20201884250D0D6
:10716000FFE70F980068B821C4F20201884248D0B6
:10717000FFE70F98006840F21041C4F20201884214
:107180003FD0FFE70F98006840F22841C4F20201A7
:10719000884236D0FFE70F98006840F24041C4F2C1
:1071A000020188422DD0FFE70F98006840F2584155
:1071B000C4F20201884224D0FFE70F98006840F231
:1071C0007041C4F2020188421BD0FFE70F980068AB
:1071D00040F28841C4F20201884212D0FFE70F98C2
:1071E000006840F2A041C4F20201884209D0FFE7E2
:1071F0000F98006840F2B841C4F20201884207D1FA
:10720000FFE70F980068006800F00400069006E0B1
:107210000F980068006800F008000690FFE70698E5
:10722000A0B1FFE70F980168086820F0040008602B
:107230000F98C06D00F01F010820884009998860F0
:107240000F99486D40F001004865FFE7FFE70E9891
:107250000F99C96D01F01F01C840C007002800F058
:10726000A980FFE70F9800681021C4F2020188424C
:1072700000F08180FFE70F9800682821C4F2020126
:10728000884278D0FFE70F9800684021C4F20201DD
:10729000884270D0FFE70F9800685821C4F20201BD
:1072A000884268D0FFE70F9800687021C4F202019D
:1072B000884260D0FFE70F9800688821C4F202017D
:1072C000884258D0FFE70F980068A021C4F202015D
:1072D000884250D0FFE70F980068B821C4F202013D
:1072E000884248D0FFE70F98006840F21041C4F28E
:1072F000020188423FD0FFE70F98006840F2284122
:10730000C4F20201884236D0FFE70F98006840F2CD
:107310004041C4F2020188422DD0FFE70F98006877
:1073200040F25841C4F20201884224D0FFE70F988E
:10733000006840F27041C4F2020188421BD0FFE7AE
:107340000F98006840F28841C4F20201884212D0CE
:10735000FFE70F98006840F2A041C4F202018842A2
:1073600009D0FFE70F98006840F2B841C4F202016B
:10737000884207D1FFE70F980068406900F080005D
:10738000059005E00F980068006800200590FFE771
:10739000059870B1FFE70F98C06D00F01F01012044
:1073A0008840099988600F99486D40F0020048654F
:1073B000FFE7FFE70E980F99C96D01F01F01C84064
:1073C0004007002840F1A980FFE70F9800681021CE
:1073D000C4F20201884200F08180FFE70F98006844
:1073E0002821C4F20201884278D0FFE70F98006894
:1073F0004021C4F20201884270D0FFE70F98006874
:107400005821C4F20201884268D0FFE70F98006853
:107410007021C4F20201884260D0FFE70F98006833
:107420008821C4F20201884258D0FFE70F98006813
:10743000A021C4F20201884250D0FFE70F980068F3
:10744000B821C4F20201884248D0FFE70F980068D3
:1074500040F21041C4F2020188423FD0FFE70F988A
:10746000006840F22841C4F20201884236D0FFE7AA
:107470000F98006840F24041C4F2020188422DD0CA
:10748000FFE70F98006840F25841C4F202018842B9
:1074900024D0FFE70F98006840F27041C4F2020167
:1074A00088421BD0FFE70F98006840F28841C4F281
:1074B0000201884212D0FFE70F98006840F2A04115
:1074C000C4F20201884209D0FFE70F98006840F239
:1074D000B841C4F20201884207D1FFE70F98006863
:1074E000006800F00200049005E00F980068006852
:1074F00000200490FFE7049870B1FFE70F98C06D7B
:1075000000F01F0104208840099988600F99486D98
:1075100040F004004865FFE7FFE70E980F99C96D3A
:1075200001F01F01C840C006002840F1DE80FFE7DF
:107530000F9800681021C4F20201884200F0818097
:10754000FFE70F9800682821C4F20201884278D032
:10755000FFE70F9800684021C4F20201884270D012
:10756000FFE70F9800685821C4F20201884268D0F2
:10757000FFE70F9800687021C4F20201884260D0D2
:10758000FFE70F9800688821C4F20201884258D0B2
:10759000FFE70F980068A021C4F20201884250D092
:1075A000FFE70F980068B821C4F20201884248D072
:1075B000FFE70F98006840F21041C4F202018842D0
:1075C0003FD0FFE70F98006840F22841C4F2020163
:1075D000884236D0FFE70F98006840F24041C4F27D
:1075E000020188422DD0FFE70F98006840F2584111
:1075F000C4F20201884224D0FFE70F98006840F2ED
:107600007041C4F2020188421BD0FFE70F98006866
:1076100040F28841C4F20201884212D0FFE70F987D
:10762000006840F2A041C4F20201884209D0FFE79D
:107630000F98006840F2B841C4F20201884207D1B5
:10764000FFE70F980068006800F00800039006E06C
:107650000F980068006800F004000390FFE70398AB
:10766000002841D0FFE70F98C06D00F01F011020E7
:107670008840099988600F980068006840030028D6
:107680001AD5FFE70F98006800680003002809D4A6
:10769000FFE70F98006C20B1FFE70F98016C884757
:1076A000FFE708E00F98806C20B1FFE70F98816C2E
:1076B0008847FFE7FFE716E00F9800680068C005FD
:1076C000002807D4FFE70F980168086820F0080039
:1076D0000860FFE70F98006C20B1FFE70F98016C7E
:1076E0008847FFE7FFE7FFE7FFE70E980F99C96DAF
:1076F00001F01F01C8408006002840F12681FFE705
:107700000F9800681021C4F20201884200F08180C5
:10771000FFE70F9800682821C4F20201884278D060
:10772000FFE70F9800684021C4F20201884270D040
:10773000FFE70F9800685821C4F20201884268D020
:10774000FFE70F9800687021C4F20201884260D000
:10775000FFE70F9800688821C4F20201884258D0E0
:10776000FFE70F980068A021C4F20201884250D0C0
:10777000FFE70F980068B821C4F20201884248D0A0
:10778000FFE70F98006840F21041C4F202018842FE
:107790003FD0FFE70F98006840F22841C4F2020191
:1077A000884236D0FFE70F98006840F24041C4F2AB
:1077B000020188422DD0FFE70F98006840F258413F
:1077C000C4F20201884224D0FFE70F98006840F21B
:1077D0007041C4F2020188421BD0FFE70F98006895
:1077E00040F28841C4F20201884212D0FFE70F98AC
:1077F000006840F2A041C4F20201884209D0FFE7CC
:107800000F98006840F2B841C4F20201884207D1E3
:10781000FFE70F980068006800F01000029006E093
:107820000F980068006800F002000290FFE70298DD
:10783000002800F08980FFE70F98C06D00F01F015D
:1078400020208840099988600F9890F83500042816
:1078500037D1FFE70F980168086820F0160008602C
:107860000F980168486920F0800048610F98006C0B
:1078700020B9FFE70F98806C38B1FFE70F980168D7
:10788000086820F008000860FFE70F98C06D00F05E
:107890001F013F208840099988600F99012081F8D5
:1078A0003500FFE70F99002081F83400FFE70F98BB
:1078B000006D20B1FFE70F98016D8847FFE700F0EA
:1078C00019BC0F9800680068400300281AD5FFE72C
:1078D0000F98006800680003002809D4FFE70F989C
:1078E000406C20B1FFE70F98416C8847FFE708E044
:1078F0000F98C06B20B1FFE70F98C16B8847FFE777
:10790000FFE720E00F9800680068C005002811D448
:10791000FFE70F980168086820F0100008600F99D1
:10792000012081F83500FFE70F99002081F834002D
:10793000FFE7FFE70F98C06B20B1FFE70F98C16B1F
:107940008847FFE7FFE7FFE7FFE70F98406D002854
:1079500000F0D480FFE70F98406DC007002800F0CA
:10796000C480FFE70F99042081F835000F98006864
:107970001021C4F20201884200F08180FFE70F98D5
:1079800000682821C4F20201884278D0FFE70F98EE
:1079900000684021C4F20201884270D0FFE70F98CE
:1079A00000685821C4F20201884268D0FFE70F98AE
:1079B00000687021C4F20201884260D0FFE70F988E
:1079C00000688821C4F20201884258D0FFE70F986E
:1079D0000068A021C4F20201884250D0FFE70F984E
:1079E0000068B821C4F20201884248D0FFE70F982E
:1079F000006840F21041C4F2020188423FD0FFE724
:107A00000F98006840F22841C4F20201884236D043
:107A1000FFE70F98006840F24041C4F2020188423B
:107A20002DD0FFE70F98006840F25841C4F20201E0
:107A3000884224D0FFE70F98006840F27041C4F2FA
:107A4000020188421BD0FFE70F98006840F288418E
:107A5000C4F20201884212D0FFE70F98006840F29A
:107A6000A041C4F20201884209D0FFE70F980068E4
:107A700040F2B841C4F20201884207D1FFE70F98F3
:107A80000168086820F00100086006E00F980168AE
:107A9000086820F001000860FFE7FFE70B9801305D
:107AA0000B900A99884201D9FFE707E0FFE70F989A
:107AB00000680068C0070028F0D1FFE70F98006851
:107AC0000068C00728B1FFE70F99032081F835004F
:107AD00004E00F99012081F83500FFE7FFE70F99D7
:107AE000002081F83400FFE7FFE70F98C06C20B159
:107AF000FFE70F98C16C8847FFE7FFE7FAE20F98AE
:107B00000168012045F20842C5F602029142019047
:107B10004ED0FFE70F980168012045F21C42C5F6E0
:107B200002029142019043D0FFE70F9801680120C3
:107B300045F23042C5F602029142019038D0FFE78B
:107B40000F980168012045F24442C5F602029142B5
:107B500001902DD0FFE70F980168012045F25842AF
:107B6000C5F602029142019022D0FFE70F9801680A
:107B7000012045F26C42C5F602029142019017D0F5
:107B8000FFE70F980168012045F28042C5F6020226
:107B9000914201900CD0FFE70F9800684AF66C31D3
:107BA000CAF2FD710844B0FA80F040090190FFE785
:107BB0000198C007002800F09B82FFE70F9800683B
:107BC00000680C900D980F99C96D01F01F01C84015
:107BD0004007002840F1D780FFE79DF830004007BC
:107BE000002840F1D080FFE70F98C06D00F01F0122
:107BF00004208840089948609DF83100000600285C
:107C000018D5FFE79DF83200C00748B9FFE70F9885
:107C1000806C20B1FFE70F98816C8847FFE708E090
:107C20000F98006C20B1FFE70F98016C8847FFE7C1
:107C3000FFE7A7E09DF830008006002800F199805A
:107C4000FFE70F9800681021C4F20201884200F09B
:107C50008180FFE70F9800682821C4F20201884262
:107C600078D0FFE70F9800684021C4F202018842F3
:107C700070D0FFE70F9800685821C4F202018842D3
:107C800068D0FFE70F9800687021C4F202018842B3
:107C900060D0FFE70F9800688821C4F20201884293
:107CA00058D0FFE70F980068A021C4F20201884273
:107CB00050D0FFE70F980068B821C4F20201884253
:107CC00048D0FFE70F98006840F21041C4F202016B
:107CD00088423FD0FFE70F98006840F22841C4F285
:107CE0000201884236D0FFE70F98006840F2404119
:107CF000C4F2020188422DD0FFE70F98006840F2DD
:107D00005841C4F20201884224D0FFE70F9800686E
:107D100040F27041C4F2020188421BD0FFE70F9885
:107D2000006840F28841C4F20201884212D0FFE7A5
:107D30000F98006840F2A041C4F20201884209D0C5
:107D4000FFE70F98006840F2B841C4F20201884290
:107D500007D1FFE70F980168086820F00800086065
:107D600006E00F980168086820F004000860FFE74B
:107D7000FFE70F98006C20B1FFE70F98016C884770
:107D8000FFE7FFE7B3E10D980F99C96D01F01F01FF
:107D9000C8408007002840F1E180FFE79DF83000EF
:107DA0008007002840F1DA80FFE70F98C06D00F0EF
:107DB0001F0102208840089948609DF831000006A4
:107DC000002818D5FFE79DF83200C00748B9FFE743
:107DD0000F98406C20B1FFE70F98416C8847FFE790
:107DE00008E00F98C06B20B1FFE70F98C16B884780
:107DF000FFE7FFE7B1E09DF830008006002800F1C2
:107E0000A380FFE70F9800681021C4F202018842A6
:107E100000F08180FFE70F9800682821C4F202017A
:107E2000884278D0FFE70F9800684021C4F2020131
:107E3000884270D0FFE70F9800685821C4F2020111
:107E4000884268D0FFE70F9800687021C4F20201F1
:107E5000884260D0FFE70F9800688821C4F20201D1
:107E6000884258D0FFE70F980068A021C4F20201B1
:107E7000884250D0FFE70F980068B821C4F2020191
:107E8000884248D0FFE70F98006840F21041C4F2E2
:107E9000020188423FD0FFE70F98006840F2284176
:107EA000C4F20201884236D0FFE70F98006840F222
:107EB0004041C4F2020188422DD0FFE70F980068CC
:107EC00040F25841C4F20201884224D0FFE70F98E3
:107ED000006840F27041C4F2020188421BD0FFE703
:107EE0000F98006840F28841C4F20201884212D023
:107EF000FFE70F98006840F2A041C4F202018842F7
:107F000009D0FFE70F98006840F2B841C4F20201BF
:107F1000884207D1FFE70F980168086820F0140035
:107F2000086006E00F980168086820F00A00086001
:107F3000FFE70F99012081F83500FFE70F99002036
:107F400081F83400FFE7FFE70F98C06B20B1FFE72F
:107F50000F98C16B8847FFE7FFE7C7E00D980F99BF
:107F6000C96D01F01F01C8400007002840F1BC8026
:107F7000FFE79DF830000007002840F1B580FFE7DB
:107F80000F9800681021C4F20201884200F081803D
:107F9000FFE70F9800682821C4F20201884278D0D8
:107FA000FFE70F9800684021C4F20201884270D0B8
:107FB000FFE70F9800685821C4F20201884268D098
:107FC000FFE70F9800687021C4F20201884260D078
:107FD000FFE70F9800688821C4F20201884258D058
:107FE000FFE70F980068A021C4F20201884250D038
:107FF000FFE70F980068B821C4F20201884248D018
:10800000FFE70F98006840F21041C4F20201884275
:108010003FD0FFE70F98006840F22841C4F2020108
:10802000884236D0FFE70F98006840F24041C4F222
:10803000020188422DD0FFE70F98006840F25841B6
:10804000C4F20201884224D0FFE70F98006840F292
:108050007041C4F2020188421BD0FFE70F9800680C
:1080600040F28841C4F20201884212D0FFE70F9823
:10807000006840F2A041C4F20201884209D0FFE743
:108080000F98006840F2B841C4F20201884207D15B
:10809000FFE70F980168086820F01C00086006E000
:1080A0000F980168086820F00E000860FFE70F983D
:1080B000C06D00F01F01012000FA01F1089A516023
:1080C0000F9948650F9981F83500FFE70F99002057
:1080D00081F83400FFE70F98C06C20B1FFE70F98DC
:1080E000C16C8847FFE700E0FFE7FFE7FFE700E03C
:1080F000FFE7FFE710B080BD10B58EB00C9002F026
:10810000D7FC0A900C9828B9FFE701208DF83700BA
:1081100000F09EBC0C98016801201022C4F20202FB
:108120009142079000F0A380FFE70C9801680120BE
:108130002822C4F202029142079000F09880FFE7E3
:108140000C98016801204022C4F20202914207907B
:1081500000F08D80FFE70C98016801205822C4F2DE
:1081600002029142079000F08280FFE70C980168BC
:1081700001207022C4F202029142079077D0FFE7FB
:108180000C98016801208822C4F2020291420790F3
:108190006DD0FFE70C9801680120A022C4F2020212
:1081A0009142079063D0FFE70C9801680120B82244
:1081B000C4F202029142079059D0FFE70C9801687F
:1081C000012040F21042C4F20202914207904ED0C8
:1081D000FFE70C980168012040F22842C4F2020235
:1081E0009142079043D0FFE70C980168012040F2CC
:1081F0004042C4F202029142079038D0FFE70C9847
:108200000168012040F25842C4F2020291420790F4
:108210002DD0FFE70C980168012040F27042C4F2B3
:1082200002029142079022D0FFE70C9801680120DA
:1082300040F28842C4F202029142079017D0FFE751
:108240000C980168012040F2A042C4F2020291425F
:1082500007900CD0FFE70C9800684FF64831CBF63A
:10826000FD710844B0FA80F040090790FFE70798D5
:10827000C007002800F07881FFE70C98406A08B139
:10828000FFE7FFE70C99022081F83500FFE70C9922
:10829000002081F83400FFE70C9800681021C4F238
:1082A0000201884200F08180FFE70C9800682821D5
:1082B000C4F20201884278D0FFE70C9800684021A0
:1082C000C4F20201884270D0FFE70C980068582180
:1082D000C4F20201884268D0FFE70C980068702160
:1082E000C4F20201884260D0FFE70C980068882140
:1082F000C4F20201884258D0FFE70C980068A02120
:10830000C4F20201884250D0FFE70C980068B821FF
:10831000C4F20201884248D0FFE70C98006840F29E
:108320001041C4F2020188423FD0FFE70C98006878
:1083300040F22841C4F20201884236D0FFE70C988F
:10834000006840F24041C4F2020188422DD0FFE7AC
:108350000C98006840F25841C4F20201884224D0CF
:10836000FFE70C98006840F27041C4F202018842B5
:108370001BD0FFE70C98006840F28841C4F202016C
:10838000884212D0FFE70C98006840F2A041C4F286
:108390000201884209D0FFE70C98006840F2B8411A
:1083A000C4F20201884207D1FFE70C98016808680F
:1083B00020F00100086006E00C980168086820F0D1
:1083C00001000860FFE7FFE70C9800680068C0073D
:1083D00098B1FFE702F06CFB0A99401A06280BD30C
:1083E000FFE70C99202048650C99032081F835009F
:1083F00001208DF837002BE3E6E70C980068006851
:108400000B900B9848F23F01CFF6106108400B909B
:108410000C998868D1F80CC00B694A6940EA0C00D5
:10842000184310438A691043CA691043096A01431B
:108430000B9808430B900C98406A042808D1FFE77A
:108440000C99C86A096B01430B9808430B90FFE72E
:108450000C984068292807D3FFE70C984168012051
:108460002F29069036D3FFE70C9840683F2807D3A2
:10847000FFE70C9841680120432906902AD3FFE7C3
:108480000C984068472807D3FFE70C984168012003
:10849000492906901ED3FFE70C9840684F2807D360
:1084A000FFE70C98416801205329069012D3FFE79B
:1084B0000C98416800207429059008D3FFE70C98B8
:1084C00041680020782938BF01200590FFE7059812
:1084D0000690FFE70698C00728B1FFE70B9840F425
:1084E00080100B90FFE70B980C99096808600C98B6
:1084F000006840690B900B9820F007000B900C98D7
:10850000416A0B9808430B900C98406A04281AD1D2
:10851000FFE70C98816A0B9808430B900C98C06A8F
:1085200080B1FFE70C98FAF767FE50B1FFE70C99AE
:10853000402048650C99012081F835008DF83700FE
:1085400086E2FFE7FFE70B980C99096848610C98F1
:10855000FAF716FC09900C98C06D00F01F013F203F
:1085600088400999886026E10C980168012045F24D
:108570000842C5F60202914204904ED0FFE70C98E3
:108580000168012045F21C42C5F6020291420490A6
:1085900043D0FFE70C980168012045F23042C5F650
:1085A00002029142049038D0FFE70C980168012044
:1085B00045F24442C5F60202914204902DD0FFE7F5
:1085C0000C980168012045F25842C5F6020291421A
:1085D000049022D0FFE70C980168012045F26C421C
:1085E000C5F602029142049017D0FFE70C9801688B
:1085F000012045F28042C5F60202914204900CD05F
:10860000FFE70C9800684AF66C31CAF2FD71084425
:10861000B0FA80F040090490FFE70498C0070028F2
:1086200000F0BD80FFE70C980168012045F2084288
:10863000C5F60202914203904ED0FFE70C98016804
:10864000012045F21C42C5F602029142039043D03C
:10865000FFE70C980168012045F23042C5F602029E
:108660009142039038D0FFE70C980168012045F251
:108670004442C5F60202914203902DD0FFE70C98C8
:108680000168012045F25842C5F60202914203906A
:1086900022D0FFE70C980168012045F26C42C5F634
:1086A00002029142039017D0FFE70C980168012065
:1086B00045F28042C5F60202914203900CD0FFE7DA
:1086C0000C9800684AF66C31CAF2FD710844B0FAA1
:1086D00080F040090390FFE70398C00708B1FFE767
:1086E000FFE70C99022081F83500FFE70C99002084
:1086F00081F83400FFE70C98006800680B900B9835
:108700006FF310100B900C988068402803D1FFE79E
:108710001020029008E00C9880688038B0FA80F051
:10872000400980030290FFE702980C99CA680B6920
:10873000D1F814C0D1F818E0CC694EEA040E4CEA26
:108740000E0C43EA0C031A4340EAD200096A40EADD
:1087500011110B9808430B900B980C99096808604D
:108760000C9908684AF6F832CAF2FD7210444CF6C9
:10877000CD42CCF6CC42A0FB02026FF0030000EA2F
:108780009200C8650C98FAF7FBFA08900C98C06D37
:1087900000F01F0101208840089948600AE00C9908
:1087A000402048650C99032081F8350001208DF8A0
:1087B00037004DE1FFE70C98016801201022C4F258
:1087C00002029142019000F00381FFE70C980168DA
:1087D00001202822C4F202029142019000F0F880A8
:1087E000FFE70C98016801204022C4F20202914286
:1087F000019000F0ED80FFE70C98016801205822FD
:10880000C4F202029142019000F0E280FFE70C986E
:10881000016801207022C4F202029142019000F02E
:10882000D780FFE70C98016801208822C4F2020279
:108830009142019000F0CC80FFE70C980168012084
:10884000A022C4F202029142019000F0C180FFE731
:108850000C9801680120B822C4F2020291420190F2
:1088600000F0B680FFE70C980168012040F210424A
:10887000C4F202029142019000F0AA80FFE70C9836
:108880000168012040F22842C4F2020291420190A4
:1088900000F09E80FFE70C980168012040F2404202
:1088A000C4F202029142019000F09280FFE70C981E
:1088B0000168012040F25842C4F202029142019044
:1088C00000F08680FFE70C980168012040F27042BA
:1088D000C4F20202914201907AD0FFE70C9801683D
:1088E000012040F28842C4F20202914201906FD00E
:1088F000FFE70C980168012040F2A042C4F2020296
:108900009142019064D0FFE70C980168012040F289
:10891000B842C4F202029142019059D0FFE70C988C
:108920000168012045F20842C5F602029142019019
:108930004ED0FFE70C980168012045F21C42C5F6B5
:1089400002029142019043D0FFE70C980168012098
:1089500045F23042C5F602029142019038D0FFE75D
:108960000C980168012045F24442C5F6020291428A
:1089700001902DD0FFE70C980168012045F2584284
:10898000C5F602029142019022D0FFE70C980168DF
:10899000012045F26C42C5F602029142019017D0C7
:1089A000FFE70C980168012045F28042C5F60202FB
:1089B000914201900CD0FFE70C9800684AF66C31A8
:1089C000CAF2FD710844B0FA80F040090190FFE757
:1089D0000198C00790B3FFE70C98FAF7B9FA0C9822
:1089E0008068802804D1FFE70C9900204860FFE7E9
:1089F0000C990879096E08600C98416E806E486089
:108A00000C98406888B1FFE70C98406808280CD89B
:108A1000FFE70C98FAF758FB0C98C16E002008602D
:108A20000C98016F406F486007E00C990020C86601
:108A30000C9908670C994867FFE7FFE70C9900203D
:108A400048650C9A012182F835108DF83700FFE750
:108A50009DF837000EB010BD80B588B00690059126
:108A60000492039300208DF80B00069820B9FFE7CD
:108A700001208DF81F006CE3FFE7069890F83400A2
:108A8000012804D1FFE702208DF81F0061E3069959
:108A9000012081F83400FFE7FFE7069890F83500E1
:108AA000012840F04383FFE70699022081F8350052
:108AB000069900204865069800681021C4F202015A
:108AC000884200F08180FFE7069800682821C4F200
:108AD0000201884278D0FFE7069800684021C4F27E
:108AE0000201884270D0FFE7069800685821C4F25E
:108AF0000201884268D0FFE7069800687021C4F23E
:108B00000201884260D0FFE7069800688821C4F21D
:108B10000201884258D0FFE706980068A021C4F2FD
:108B20000201884250D0FFE706980068B821C4F2DD
:108B30000201884248D0FFE70698006840F21041E1
:108B4000C4F2020188423FD0FFE70698006840F275
:108B50002841C4F20201884236D0FFE70698006837
:108B600040F24041C4F2020188422DD0FFE706984E
:108B7000006840F25841C4F20201884224D0FFE765
:108B80000698006840F27041C4F2020188421BD08E
:108B9000FFE70698006840F28841C4F2020188426B
:108BA00012D0FFE70698006840F2A041C4F202012B
:108BB000884209D0FFE70698006840F2B841C4F245
:108BC0000201884207D1FFE706980168086820F093
:108BD0000100086006E006980168086820F00100BE
:108BE0000860FFE706980599049A039BFAF77CFB57
:108BF0000698016801201022C4F2020291420190FD
:108C000000F0A380FFE70698016801202822C4F243
:108C100002029142019000F09880FFE706980168F7
:108C200001204022C4F202029142019000F08D80A6
:108C3000FFE70698016801205822C4F2020291421F
:108C4000019000F08280FFE7069801680120702201
:108C5000C4F202029142019077D0FFE706980168C2
:108C600001208822C4F20202914201906DD0FFE7F8
:108C7000069801680120A022C4F2020291420190EC
:108C800063D0FFE7069801680120B822C4F202020F
:108C90009142019059D0FFE706980168012040F207
:108CA0001042C4F20202914201904ED0FFE70698B2
:108CB0000168012040F22842C4F202029142019070
:108CC00043D0FFE706980168012040F24042C4F219
:108CD00002029142019038D0FFE706980168012016
:108CE00040F25842C4F20202914201902DD0FFE7B7
:108CF00006980168012040F27042C4F202029142DB
:108D0000019022D0FFE706980168012040F28842D6
:108D1000C4F202029142019017D0FFE70698016861
:108D2000012040F2A042C4F20202914201900CD014
:108D3000FFE7069800684FF64831CBF6FD7108440E
:108D4000B0FA80F040090190FFE70198C007A8B190
:108D5000FFE70698006800680B2161F3440006995C
:108D6000096808600698006C38B1FFE7069801684A
:108D7000086840F008000860FFE714E00698006803
:108D80000068052161F343000699096808600698A8
:108D9000006C38B1FFE706980168086840F00400ED
:108DA0000860FFE7FFE70698016801201022C4F27F
:108DB00002029142009000F00381FFE706980168EB
:108DC00001202822C4F202029142009000F0F880B3
:108DD000FFE70698016801204022C4F20202914296
:108DE000009000F0ED80FFE706980168012058220E
:108DF000C4F202029142009000F0E280FFE7069880
:108E0000016801207022C4F202029142009000F039
:108E1000D780FFE70698016801208822C4F2020289
:108E20009142009000F0CC80FFE706980168012095
:108E3000A022C4F202029142009000F0C180FFE73C
:108E4000069801680120B822C4F202029142009003
:108E500000F0B680FFE706980168012040F210425A
:108E6000C4F202029142009000F0AA80FFE7069847
:108E70000168012040F22842C4F2020291420090AF
:108E800000F09E80FFE706980168012040F2404212
:108E9000C4F202029142009000F09280FFE706982F
:108EA0000168012040F25842C4F20202914200904F
:108EB00000F08680FFE706980168012040F27042CA
:108EC000C4F20202914200907AD0FFE7069801684E
:108ED000012040F28842C4F20202914200906FD019
:108EE000FFE706980168012040F2A042C4F20202A6
:108EF0009142009064D0FFE706980168012040F29B
:108F0000B842C4F202029142009059D0FFE706989D
:108F10000168012045F20842C5F602029142009024
:108F20004ED0FFE706980168012045F21C42C5F6C5
:108F300002029142009043D0FFE7069801680120A9
:108F400045F23042C5F602029142009038D0FFE768
:108F500006980168012045F24442C5F6020291429A
:108F600000902DD0FFE706980168012045F2584295
:108F7000C5F602029142009022D0FFE706980168F0
:108F8000012045F26C42C5F602029142009017D0D2
:108F9000FFE706980168012045F28042C5F602020B
:108FA000914200900CD0FFE7069800684AF66C31B9
:108FB000CAF2FD710844B0FA80F040090090FFE762
:108FC0000098C007D0B1FFE70698006E0068C003A4
:108FD000002807D5FFE70698016E086840F4807006
:108FE0000860FFE70698C06E38B1FFE70698C16ECB
:108FF000086840F480700860FFE7FFE706980068A3
:109000001021C4F20201884200F08180FFE7069837
:1090100000682821C4F20201884278D0FFE7069850
:1090200000684021C4F20201884270D0FFE7069830
:1090300000685821C4F20201884268D0FFE7069810
:1090400000687021C4F20201884260D0FFE70698F0
:1090500000688821C4F20201884258D0FFE70698D0
:109060000068A021C4F20201884250D0FFE70698B0
:109070000068B821C4F20201884248D0FFE7069890
:10908000006840F21041C4F2020188423FD0FFE77D
:109090000698006840F22841C4F20201884236D0A6
:1090A000FFE70698006840F24041C4F2020188429E
:1090B0002DD0FFE70698006840F25841C4F2020143
:1090C000884224D0FFE70698006840F27041C4F25D
:1090D000020188421BD0FFE70698006840F28841F1
:1090E000C4F20201884212D0FFE70698006840F2FD
:1090F000A041C4F20201884209D0FFE70698006847
:1091000040F2B841C4F20201884207D1FFE7069855
:109110000168086840F00100086006E006980168F0
:10912000086840F001000860FFE70DE006994FF481
:1091300000604865FFE70699002081F83400FFE7EA
:1091400001208DF80B00FFE79DF80B008DF81F0044
:10915000FFE79DF81F0008B080BD00000000000080
:1091600080B584B0039001F0A3FC029003980190B5
:109170000198013048B1FFE740F2F400C2F200402C
:109180000178019808440190FFE7FFE701F090FCA7
:109190000299401A0199884201D2FFE7F6E704B02C
:1091A00080BD00000000000085B003900291019294
:1091B000039890F898008DF803009DF803000128AB
:1091C00005D0FFE79DF8030002285DD1FFE7029874
:1091D00003990968896D084207D1FFE70398016880
:1091E000C86D40F00100C86515E002980399096850
:1091F000896D08400299884207D1FFE7039801680A
:10920000C86D40F00200C86504E0039801680320BF
:10921000C865FFE7FFE79DF809008007002809D52A
:10922000FFE7019A03980168D1F8E0001043C1F804
:10923000E000FFE79DF809004007002809D5FFE797
:10924000019A03980168D1F8E4001043C1F8E400E2
:10925000FFE7FFE702984FF6FF71C3F6CF7100EA10
:10926000010203980168486D10434865029A4AF666
:109270001401C4F20001086840EA92700860FFE738
:1092800000208DF813000AE00399D1F89C0040F00B
:109290000200C1F89C0001208DF81300FFE79DF843
:1092A000130005B07047000080B586B004900391AC
:1092B00002920398406808B9FFE700E0FFE70498CE
:1092C00090F89800022845D1FFE704980068D0F88C
:1092D000C00010F07C5F0BD1FFE70499D1F89C002F
:1092E00040F02000C1F89C0001208DF817003CE000
:1092F00004980068D0F8C400800200280BD5FFE76E
:109300000499D1F89C0040F40070C1F89C00012041
:109310008DF8170029E004980068D0F8C400C0F365
:109320000440019004980399029A019BFCF768F8A5
:109330000199012000FA01F1049A1268C2F8D010D4
:10934000019988400499C1F89400FFE700208DF846
:1093500017000AE00499D1F89C0040F00800C1F819
:109360009C0001208DF81700FFE79DF8170006B05C
:1093700080BD00000000000082B00190009102B0AA
:10938000704700000000000087B005900491059828
:1093900090F898008DF803009DF80300012805D08F
:1093A000FFE79DF8030002286AD1FFE70498C06830
:1093B000072801D1FFE7FFE70498006878BBFFE7C3
:1093C0000498C068072801D0FFE7FFE70498C06849
:1093D00007280CD1FFE7049A10699169D26900044B
:1093E00040EA0220084340F0605003900CE00499EA
:1093F0008868CB680A694969800740EAC36040EA27
:10940000024008430390FFE70598C06E049949683D
:1094100000EB810001900398019908602CE004980A
:10942000C068072801D0FFE7FFE70498C16800691A
:1094300040EA417003900498C068072804D1FFE710
:1094400004988069029006E004988168406940EAC7
:1094500081700290FFE70598006F0499496800EB5E
:10946000C1000190039801990860019804300190AF
:10947000029801990860FFE700208DF81B000AE0C0
:109480000599D1F89C0040F00200C1F89C00012031
:109490008DF81B00FFE79DF81B0007B07047000028
:1094A00085B0DDF814C003900291019200930398F7
:1094B00090F89800012812D1FFE702980001019965
:1094C00040EA8100009940EA410005990843039968
:1094D0000968C1F8800000208DF813000AE00399A4
:1094E000D1F89C0040F00400C1F89C0001208DF8E8
:1094F0001300FFE79DF8130005B07047000000005F
:1095000081B0009001B0704782B00190009102B02C
:10951000704700000000000081B000900098D0F873
:109520009C0001B07047000083B002900191029846
:109530000068406C0090009800F0070001990860F6
:109540000098C0F3022001994860009800F01800CC
:10955000019988600098C0F340100199C860009894
:10956000C0F38010019908619DF80000C0090199BD
:1095700048610098C0F3C020019988610098C0F349
:1095800000300199C8610098C0F340300199086229
:109590000098C0F38030019948620098C0F30640FB
:1095A00001998862002003B07047000000000000AD
:1095B00083B0029001910198402808D1FFE70298FA
:1095C0000068D0F8A40000F07F00009007E0029847
:1095D0000068D0F8B40000F07F000090FFE700982A
:1095E00003B07047000000008AB00890079106920F
:1095F000059300200190089890F898008DF80300DA
:109600009DF80300022840F05C81FFE7079840289E
:1096100051D1FFE708980068D0F8A00010F4FE0FC1
:109620000BD1FFE70899D1F89C0040F02000C1F869
:109630009C0001208DF827004EE108980068D0F8C2
:10964000A400400658B9FFE70899D1F89C0040F4FF
:109650008070C1F89C0001208DF827003CE108983B
:109660000068D0F8A40000F080710120B0EB116F09
:109670000DD1FFE708980068D0F8A0100120B0EBEA
:10968000D17F03D1FFE701200190FFE7FFE70898B2
:109690000068D0F8A40000F47C51019800EB112080
:1096A00001900898426C406F0199514300EB810092
:1096B0000490FFE770E00798412851D1FFE7089830
:1096C0000068D0F8B00010F4FE0F0BD1FFE7089946
:1096D000D1F89C0040F02000C1F89C0001208DF8DA
:1096E0002700F9E008980068D0F8B400400658B99F
:1096F000FFE70899D1F89C0040F48070C1F89C0005
:1097000001208DF82700E7E008980068D0F8B40041
:1097100000F080710120B0EB116F0DD1FFE70898C8
:109720000068D0F8B0100120B0EBD17F03D1FFE783
:1097300001200190FFE7FFE708980068D0F8B40027
:1097400000F47C51019800EB112001900898C26C44
:10975000806F0199514300EB81000490FFE71AE00C
:1097600007980899096D88420BD3FFE70899D1F84B
:109770009C0040F02000C1F89C0001208DF82700DB
:10978000AAE00898426DC06F0799514300EB810031
:109790000490FFE7FFE7FFE70498006800F08040CF
:1097A000069948600698406838B9FFE70498006851
:1097B000C0F38A400699086006E00498006820F02B
:1097C000604006990860FFE70498006800F00050C8
:1097D000069988600498006800F0004006990861C6
:1097E000049804300490049800880699C86104988D
:1097F0000068C0F303400699C8600498006800F44C
:109800008010069948610498006800F400100699D9
:10981000886104980068C0F306600699086204989D
:109820000068C00F069948620498043004900498B8
:10983000039000200290FFE702980699CA684BF255
:10984000E451C0F60201895C88420AD2FFE703981E
:10985000029A805C05998854FFE7029801300290D3
:10986000EAE70798402806D1FFE7019808990968B8
:10987000C1F8A80021E00798412806D1FFE7019828
:1098800008990968C1F8B80016E007981F2808D899
:10989000FFE707990120884008990968C1F89800F6
:1098A00009E0079800F01F01012088400899096825
:1098B000C1F89C00FFE7FFE7FFE700208DF82700D5
:1098C0000AE00899D1F89C0040F00800C1F89C001B
:1098D00001208DF82700FFE79DF827000AB07047A8
:1098E00082B0019001980068D0F8C40000F03F00F9
:1098F0000090009802B0704781B0009001B07047AE
:1099000080B594B013904AF61000C4F200000068CD
:10991000800712904AF61400C4F200000168129801
:1099200000EA8170129013980068006D00F4704096
:10993000119013980068416D119808401190139888
:109940000068006D00F00F00109013980068416DE2
:1099500010980840109013980068006D00F0F00017
:109960000F9013980068416D0F9808400F9013985E
:109970000068006D00F071500E9013980068416D02
:109980000E9808400E9013980068006D00F060700B
:109990000D9013980068416D0D9808400D90139834
:1099A0000068406D039013980068006D01909DF869
:1099B0000D00C007B8B1FFE79DF80500C00788B1EA
:1099C000FFE7FFE7139801684FF4807008654AF6D7
:1099D0001001C4F2000100200860FFE71398FFF7B0
:1099E0008BFFFFE7FFE79DF80D0000F0040100206A
:1099F000B0EB910F28D0FFE79DF8050000F00401BF
:109A00000020B0EB910F1ED0FFE713980068D0F84C
:109A1000DC000B9013980068D0F8E4100B98084015
:109A20000B90FFE7139801684FF4806008654AF6D1
:109A30001001C4F2000100200860FFE713980B99A1
:109A400000F02EFEFFE7FFE71298B8B1FFE7FFE74F
:109A500012984FF6FF71C3F6CF7108401399096849
:109A600008651298800F4AF61001C4F200010860E0
:109A7000FFE713981299FFF77FFCFFE71198B8B141
:109A8000FFE7FFE711984FF6FF71C3F6CF7108406B
:109A90001399096808651198800F4AF61001C4F2FD
:109AA00000010860FFE71398119900F009FEFFE735
:109AB0001098B8B1FFE7FFE710984FF6FF71C3F6B3
:109AC000CF7108401399096808651098800F4AF60D
:109AD0001001C4F200010860FFE71398109900F02C
:109AE00043FDFFE70F98B8B1FFE7FFE70F984FF688
:109AF000FF71C3F6CF7108401399096808650F9884
:109B0000800F4AF61001C4F200010860FFE71398C5
:109B10000F9900F05DFDFFE79DF80D0000F00801D2
:109B20000020B0EBD10F1BD0FFE79DF8050000F03F
:109B300008010020B0EBD10F11D0FFE7FFE7139829
:109B400001684FF4006008654AF61001C4F2000194
:109B500000200860FFE7139800F0BAFDFFE7FFE779
:109B60009DF80D0000F002010020B0EB510F28D04D
:109B7000FFE79DF8050000F002010020B0EB510F57
:109B80001ED0FFE713980068D0F8D8000C90139807
:109B90000068D0F8E0100C9808400C90FFE713988C
:109BA00001684FF4007008654AF61001C4F2000124
:109BB00000200860FFE713980C9900F079FDFFE79B
:109BC000FFE79DF80E0000F008010020B0EBD10F78
:109BD0001BD0FFE79DF8060000F008010020B0EB65
:109BE000D10F11D0FFE7FFE7139801684FF4002071
:109BF00008654AF61001C4F2000100200860FFE782
:109C0000139800F0ADFCFFE7FFE79DF80E00C007DA
:109C1000B8B1FFE79DF80600C00788B1FFE7FFE78E
:109C2000139801684FF4803008654AF61001C4F2B9
:109C3000000100200860FFE7139800F02DFDFFE70A
:109C4000FFE79DF80E0000F004010020B0EB910F3B
:109C50001BD0FFE79DF8060000F004010020B0EBE8
:109C6000910F11D0FFE7FFE7139801684FF48020B0
:109C700008654AF61001C4F2000100200860FFE701
:109C8000139800F005FDFFE7FFE79DF80E0000F0D8
:109C900002010020B0EB510F1FD0FFE79DF8060036
:109CA00000F002010020B0EB510F15D0FFE7FFE7F5
:109CB000139801684FF4003008654AF61001C4F2A9
:109CC000000100200860FFE71399D1F89C0040F0E4
:109CD0008000C1F89C00FFE7FFE70D98B8B1FFE7EF
:109CE000FFE70D984FF6FF71C3F6CF710840139947
:109CF000096808650D98800F4AF61001C4F200014A
:109D00000860FFE713980D99FFF7FEFBFFE70E9839
:109D1000D0B1FFE7FFE70E984FF6FF71C3F6CF71A2
:109D200008401399096808650E98800F4AF61001DB
:109D3000C4F200010860FFE70E9A1399D1F89C0065
:109D40001043C1F89C00FFE7139800684AF2000135
:109D5000C4F20001884240F0B980FFE713984068E0
:109D600080688007002800F0B080FFE71398406803
:109D7000006A00F00F000A9013984068416A0A9840
:109D800008400A9013984068006A00F0300009907B
:109D900013984068416A09980840099013984068F0
:109DA000006A00F4C070089013984068416A0898EF
:109DB0000840089013984068006A00F4FC4007903F
:109DC00013984068416A07980840079013984068C4
:109DD000006A00F4F020069013984068416A0698E3
:109DE0000840069013984068406A029013984068B3
:109DF000006A00900A9848B1FFE70A9813994968E9
:109E0000086213980A9900F02BFCFFE7099848B103
:109E1000FFE709981399496808621398099900F0B7
:109E20002FFCFFE79DF8080000F040010020B0EB98
:109E3000911F1FD0FFE79DF8000000F040010020B7
:109E4000B0EB911F15D0FFE713984068C06B000C72
:109E5000059013984068C06B00F03F000490139881
:109E600041684020086213980599049A00F000FCAC
:109E7000FFE7FFE7089848B1FFE70898139949689A
:109E800008621398089900F0E3FBFFE7079860B1B8
:109E9000FFE70798139949680862079A1399D1F860
:109EA0009C001043C1F89C00FFE7069860B1FFE7F3
:109EB0000698139949680862069A1399D1F89C008C
:109EC0001043C1F89C00FFE7FFE7FFE71398D0F8C5
:109ED0009C0020B1FFE71398FFF712FBFFE714B0D7
:109EE00080BD00000000000080B598B016904BF2D5
:109EF000FC41C0F6020101A84C22F6F750FB16986F
:109F000020B9FFE701208DF85F00D9E116980068BD
:109F10004AF20001C4F20001884206D1FFE7169917
:109F2000086800F580704860FFE716988068B0F513
:109F3000407F01D1FFE7FFE71698006C08B1FFE70B
:109F4000FFE71698806C08B1FFE7FFE71698006DF1
:109F500008B1FFE7FFE71698006E08B1FFE7FFE7DB
:109F60001699C86D096E084408B1FFE7FFE7169817
:109F700090F8980040B9FFE71699002081F8990001
:109F8000169800F0A1F9FFE716980168886920F09B
:109F90001000886100F08CFD1590FFE716980068AE
:109FA00080690007002817D5FFE700F081FD1599AB
:109FB000401A0B280FD3FFE71699D1F89C0040F008
:109FC0000100C1F89C001699032081F89800012037
:109FD0008DF85F0074E1E1E716980168886940F048
:109FE0000100886100F064FD1590FFE71698006895
:109FF0008069C007B8B9FFE700F05AFD1599401A0B
:10A000000B280FD3FFE71699D1F89C0040F0010010
:10A01000C1F89C001699032081F8980001208DF862
:10A020005F004DE1E2E716980168886940F00200A0
:10A0300088611698007C012807D1FFE7169801680F
:10A04000886920F04000886106E0169801688869F8
:10A0500040F040008861FFE71698407C012807D156
:10A06000FFE716980168886940F48040886106E03F
:10A0700016980168886920F480408861FFE7169887
:10A08000807C012807D1FFE716980168886920F4D1
:10A090008050886106E016980168886940F4805015
:10A0A0008861FFE716980068806920F44070169A6E
:10A0B000116892681043886116980168886920F0D9
:10A0C000A400886116980168086920F010000861F2
:10A0D0001698C068012807D1FFE7169801688869BB
:10A0E00040F0040088612BE01698C06830B3FFE7A9
:10A0F0001698C068022819D0FFE716980168886989
:10A1000040F08000886116980168086940F01000EE
:10A1100008611698C068032807D1FFE71698016800
:10A12000886940F020008861FFE706E01698016822
:10A13000886940F020008861FFE700E0FFE7FFE763
:10A14000169A116853699069D2F81CE0A0F1010CCD
:10A150006FF0FF0000EB0E2040EA4C60126A013AFB
:10A1600010430022CFF6FF7202EB03421043C86196
:10A1700016988068B0F5407F1CD1FFE7169A1168E9
:10A18000536A906AD2F82CE001386FF0FF0C0CEBA8
:10A190000E2C40EA0C00D2F830C06FF00F0202EB38
:10A1A0000C1210430022CFF6FF7202EB0342104361
:10A1B000C860FFE71698006E48B1FFE7169801687F
:10A1C000426ED1F8C0001043C1F8C000FFE71699F5
:10A1D000C86D096E084480B1FFE716980068D0F892
:10A1E000C80020F00700169A1168936E01AA52F871
:10A1F00023201043C1F8C800FFE71698006C80B117
:10A20000FFE716980068D0F8BC0020F00700169A07
:10A210001168536C01AA52F823201043C1F8BC0006
:10A22000FFE71698806C88B1FFE716980068D0F8B1
:10A23000BC0020F07000169A1168D36C01AA52F885
:10A24000232040EA0210C1F8BC00FFE71698006D19
:10A2500088B1FFE716980068D0F8BC0020F4E060F1
:10A26000169A1168536D01AA52F8232040EA022081
:10A27000C1F8BC00FFE7169800684AF20001C4F27A
:10A280000001884207D1FFE716984168886820F0EE
:10A2900003008860FFE716990020C1F89400169922
:10A2A000C1F89C001699012081F898001698FAF7D9
:10A2B000FFFE8DF853009DF853008DF85F00FFE717
:10A2C0009DF85F0018B080BD80B5C6B045900020F5
:10A2D0004490439042904190409012A8B821F6F7E4
:10A2E000B2F9459800684AF20001C4F200018842C0
:10A2F0005FD1FFE7002013904FF4004012904FF021
:10A3000080502D9012A802F037FA18B1FFE7FAF743
:10A31000B7FDFFE740F20020C2F2004001680131C2
:10A3200001600068012810D1FFE7FFE744F2EC402C
:10A33000C5F60200016841F480710160006800F414
:10A34000807011901198FFE7FFE7FFE744F2E040CB
:10A35000C5F60200016841F008010160006800F0E4
:10A36000080010901098FFE70320409002204190D1
:10A3700000200A90429043900920449040F600400B
:10A38000C5F6020040A900F0A7F90A9A1320089028
:10A390000521099100F0E4FC089800F0D5FC09992A
:10A3A0000A9A15200B9000F0DBFC0B9800F0CCFC17
:10A3B000D2E0459800684AF20041C4F200018842A8
:10A3C0005FD1FFE7002013904FF4004012904FF050
:10A3D00080502D9012A802F0CFF918B1FFE7FAF7DC
:10A3E0004FFDFFE740F20020C2F20040016801315A
:10A3F00001600068012810D1FFE7FFE744F2EC405C
:10A40000C5F60200016841F480710160006800F443
:10A4100080700F900F98FFE7FFE7FFE744F2E040FE
:10A42000C5F60200016841F002010160006800F019
:10A4300002000E900E98FFE76020409002204190AD
:10A4400000200690429043900920449040F2004042
:10A45000C5F6020040A900F03FF9069A14200490C6
:10A460000521059100F07CFC049800F06DFC059935
:10A47000069A1620079000F073FC079800F064FC21
:10A4800069E0459800684DF20041C4F2000188423D
:10A4900060D1FFE7002013904FF4004012904FF07E
:10A4A00080502D9012A802F067F918B1FFE7FAF773
:10A4B000E7FCFFE740F20020C2F2004001680131F2
:10A4C00001600068012810D1FFE7FFE744F2EC408B
:10A4D000C5F60200016841F480710160006800F473
:10A4E00080700D900D98FFE7FFE7FFE744F2E04032
:10A4F000C5F60200016841F008010160006800F043
:10A5000008000C900C98FFE74FF440504090022058
:10A510004190002002904290439005200190449089
:10A5200040F60040C5F6020040A900F0D5F80199B8
:10A53000029A9F20009000F013FC009800F004FCA9
:10A540000199029AA020039000F00AFC039800F001
:10A55000FBFBFFE7FFE7FFE746B080BD0000000020
:10A5600081B0009001B0704780B582B00190009139
:10A57000019845F6E401C2F2000188420ED1FFE7DE
:10A580009DF80000C00748B1FFE7019846F2B0020D
:10A59000C2F200024021FAF7C7FF16E0019845F227
:10A5A000D841C2F2004188420ED1FFE79DF8000079
:10A5B000C00748B1FFE7019846F29012C2F20002CC
:10A5C0004021FAF7B1FFFFE7FFE702B080BD0000CE
:10A5D00080B582B0019000919DF80000C00600286F
:10A5E00001D4FFE70AE0019845F68411C2F20001A8
:10A5F000884203D1FFE7FAF727FDFFE702B080BDED
:10A6000082B00090009890F89800012811D1FFE7DF
:10A610000099022081F8980000980168886920F06C
:10A620000100886100990020C1F89C008DF80700A6
:10A630000AE00099D1F89C0040F00400C1F89C00A9
:10A6400001208DF80700FFE79DF8070002B0704772
:10A6500082B00190009102B070470000000000003D
:10A6600082B00190009102B070470000000000002D
:10A6700083B002900191009203B070470000000087
:10A6800082B00190009102B070470000000000000D
:10A6900081B0009001B0704781B0009001B0704768
:10A6A00082B00190009102B07047000000000000ED
:10A6B00082B00190009102B07047000000000000DD
:10A6C00082B00190009102B07047000000000000CD
:10A6D00081B0009001B070478FB00E900D910020B6
:10A6E0000C908020C5F600000990FFE70D980068E7
:10A6F0000C99C840002800F0C181FFE70D98006860
:10A700000C9A0121914008400B900B98002800F012
:10A71000B181FFE70D98406800F00300012807D0E1
:10A72000FFE70D98406800F0030002282FD1FFE7F3
:10A730000E9880680A900C984100032000FA01F1FD
:10A740000A9888430A900D98C0680C99490000FA4D
:10A7500001F10A9808430A900A980E9988600E98A9
:10A7600040680A900C99012000FA01F10A98884388
:10A770000A900D984068C0F300100C9900FA01F19E
:10A780000A9808430A900A980E994860FFE70D98C6
:10A79000406800F00300032818D0FFE70E98C06857
:10A7A0000A900C984100032000FA01F10A988843AE
:10A7B0000A900D9880680C99490000FA01F10A98F6
:10A7C00008430A900A980E99C860FFE70D98406800
:10A7D00000F00300022826D1FFE70E980C996FF0D5
:10A7E000030202EA51010844006A0A900C9800F042
:10A7F000070081000F2000FA01F10A9888430A90AF
:10A800000D9800690C9901F00701890000FA01F127
:10A810000A9808430A900A980E990C9B02EA530280
:10A8200011440862FFE70E9800680A900C984100F6
:10A83000032000FA01F10A9888430A900D984068B5
:10A8400000F003000C99490000FA01F10A9808434E
:10A850000A900A980E9908600D9880798007002860
:10A8600000F00781FFE7FFE744F2F440C5F602007D
:10A87000016841F002010160006800F002000890E8
:10A880000898FFE70C9820F0030040F20841C5F655
:10A89000000140580A900C9800F0030081000F203E
:10A8A00000FA01F10A9888430A900E980021C5F633
:10A8B0000201884203D1FFE7002007906CE00E9868
:10A8C00040F20041C5F60201884203D1FFE70120B2
:10A8D00006905EE00E9840F60001C5F6020188423F
:10A8E00003D1FFE70220059050E00E9840F60041AA
:10A8F000C5F60201884203D1FFE70320049042E03D
:10A900000E9841F20001C5F60201884203D1FFE72B
:10A910000420039034E00E9841F20041C5F6020194
:10A92000884203D1FFE70520029026E00E9841F609
:10A930000001C5F60201884203D1FFE7062001901D
:10A9400018E00E9841F60041C5F60201884203D195
:10A95000FFE7072000900AE00E9942F20042C5F698
:10A9600002020A20914208BF09200090FFE70098E8
:10A970000190FFE701980290FFE702980390FFE73C
:10A9800003980490FFE704980590FFE70598069068
:10A99000FFE706980790FFE707980C9901F003017D
:10A9A000890000FA01F10A9808430A900A980C9964
:10A9B00021F0030140F20842C5F6000288504FF032
:10A9C000B04000680A900B990A9888430A900D9845
:10A9D0008079C006002805D5FFE70B990A9808433F
:10A9E0000A90FFE70A984FF0B04108600420C5F6CE
:10A9F000000000680A900B990A9888430A900D9805
:10AA000080798006002805D5FFE70B990A9808434E
:10AA10000A90FFE70A980421C5F60001086009982A
:10AA200040680A900B990A9888430A900D9880799B
:10AA30008007002805D5FFE70B990A9808430A907C
:10AA4000FFE70A9809994860099800680A900B99ED
:10AA50000A9888430A900D988079C00728B1FFE7CB
:10AA60000B990A9808430A90FFE70A980999086029
:10AA7000FFE7FFE70C9801300C9037E60FB0704706
:10AA800082B00190ADF802108DF801209DF8010010
:10AA900028B1FFE7BDF802000199886105E0BDF823
:10AAA0000200000401998861FFE702B070470000CE
:10AAB0004AF24060C2F200000068704700000000E7
:10AAC00040F2F400C2F2004002784AF24061C2F261
:10AAD0000001086810440860704700000000000092
:10AAE00080B582B0032000F053F903F021F944F25D
:10AAF0001842C5F602021168C1F303234BF2D45188
:10AB0000C0F60201CB5C03F01F03D8400090009810
:10AB1000126802F00F02895C01F01F01C84040F288
:10AB20002401C2F200010860009840F20401C2F260
:10AB3000004108600F2000F013F820B1FFE701206A
:10AB40008DF8070005E000F0E3F800208DF807001D
:10AB5000FFE79DF8070002B080BD00000000000084
:10AB600080B590B00E900E980F2810D8FFE70E9980
:10AB70001C200090002200F0F3F8009800F0E4F8A8
:10AB80000E9840F2F801C2F20041086003E0012093
:10AB90008DF83F004CE0FFE744F2E840C5F60200C4
:10ABA000016841F001010160006800F001000190BE
:10ABB0000198FFE706A802A903F022F80B98049079
:10ABC000049820B9FFE703F08BF8059004E003F048
:10ABD00087F840000590FFE705984DF68361C4F2C1
:10ABE0001B31A0FB01014FF0FF3000EB91400390BF
:10ABF00045F2C450C2F200404FF08041016040F283
:10AC0000E731C1600399416000210161816004F076
:10AC10008BF848B9FFE745F2C450C2F2004004F097
:10AC20003BF98DF83F0003E001208DF83F00FFE77E
:10AC30009DF83F0010B080BD10B581B00090009825
:10AC400040784EF69851CEF2000108604EF6A051C1
:10AC5000CEF20001086820F001000860009840680A
:10AC60004EF69C52CEF200021060DDF800E09EF835
:10AC70000C0000079EF80B2040EA02609EF80020BE
:10AC80009EF808309EF809C09EF80A4040EAC44089
:10AC90009EF80D4040EA84409EF80E4040EA444051
:10ACA0009EF80FE040EA0E4040EA0C2040EA4300E4
:10ACB0001043086001B010BDBFF35F8F4EF6245102
:10ACC000CEF20001086820F4803008604EF69451FE
:10ACD000CEF2000100200860704700000000000074
:10ACE00081B00090009840F001004EF69451CEF2F1
:10ACF000000108604EF62451CEF20001086840F4CD
:10AD000080300860BFF34F8FBFF36F8F01B0704783
:10AD100080B582B0FFE744F2F440C5F60200016856
:10AD200041F002010160006800F00200019001980A
:10AD3000FFE76FF001000F21002200F011F802B0D0
:10AD400080BD00000000000080B582B0ADF80600B4
:10AD5000BDF906001DF064FA02B080BD00000000DD
:10AD600080B586B0ADF81600049103921DF070FA1C
:10AD70000290BDF91600019002980499039A08F018
:10AD8000BFFF014601981DF06BFA06B080BD0000C0
:10AD900080B582B0019001981DF086FA02B080BDA6
:10ADA00082B0019001980068009001990120C1F8DB
:10ADB000D8040199002081F8CC04009A916941F0EF
:10ADC00000619161009A516D0323C1F200031943A0
:10ADD000516502B07047000082B001908DF80310F9
:10ADE00002B070470000000082B00190ADF8021080
:10ADF000BDF80200019909684862002002B070475E
:10AE000084B003908DF80B10ADF80820039800680B
:10AE1000406A00909DF80B0048B9FFE7BDF80810A4
:10AE2000009840EA014003990968886233E003987A
:10AE30000068816A009800EB1140009000208DF8B6
:10AE40000700FFE79DF807009DF80B1001398842C5
:10AE500013D2FFE7039800689DF8071000EB81000C
:10AE6000D0F80411009800EB11400090FFE79DF826
:10AE7000070001308DF80700E4E7BDF808100098DE
:10AE800040EA0140039909689DF80B2001EB82011B
:10AE9000C1F80001FFE7002004B070470000000087
:10AEA00080B582B001900198D0F8E00418F05CFF02
:10AEB00002B080BD0000000080B582B001908DF826
:10AEC0000310019AD2F8E0049DF8031001EBC103CE
:10AED00002EB8302126A18F0A3FD02B080BD0000ED
:10AEE00080B582B001908DF80310019AD2F8E00489
:10AEF0009DF8031001EBC10302EB8302D2F860223C
:10AF000018F056FE02B080BD80B582B00190019865
:10AF1000D0F8E00418F030FF02B080BD000000005F
:10AF200080B584B003908DF80B109DF80B000006DF
:10AF300000280CD5FFE703989DF80B1001F00F01D6
:10AF400001EBC10100EB8100143001900CE003988B
:10AF50009DF80B1001F00F0101EBC10100EB810026
:10AF600000F515700190FFE70398006801991AF049
:10AF700047FE8DF80A009DF80A0004B080BD00006D
:10AF800080B584B002908DF807109DF80700000688
:10AF900000280FD5FFE702989DF8071001F00F0178
:10AFA00001EBC10100EB81001430009000990120F9
:10AFB00048700FE002989DF8071001F00F0101EBB7
:10AFC000C10100EB810000F5157000900099002090
:10AFD0004870FFE79DF8070000F00F000099087027
:10AFE000FFE7029890F89404012804D1FFE70220BB
:10AFF0008DF80F0014E00299012081F89404FFE716
:10B00000FFE70298006800991AF0EAF8FFE7029952
:10B01000002081F89404FFE700208DF80F00FFE77F
:10B020009DF80F0004B080BD80B584B002908DF80B
:10B0300007109DF8070000F00F0002990979884277
:10B0400004D9FFE701208DF80F004DE09DF80700BF
:10B05000000600280FD5FFE702989DF8071001F0C1
:10B060000F0101EBC10100EB810014300090009949
:10B07000012048700FE002989DF8071001F00F01C1
:10B0800001EBC10100EB810000F515700090009903
:10B0900000204870FFE70099002088709DF80700A5
:10B0A00000F00F0000990870FFE7029890F89404F0
:10B0B000012804D1FFE702208DF80F0014E0029967
:10B0C000012081F89404FFE7FFE7029800680099E7
:10B0D0001AF0F6FAFFE70299002081F89404FFE7DE
:10B0E00000208DF80F00FFE79DF80F0004B080BD31
:10B0F00082B001908DF8031001989DF8031001F0C3
:10B100000F0101EBC10100EB8100D0F8680202B031
:10B11000704700000000000080B586B004908DF8F4
:10B120000F10ADF80C208DF80B3000208DF80A00C0
:10B130009DF80F00000600280FD5FFE704989DF842
:10B140000F1001F00F0101EBC10100EB8100143081
:10B1500001900199012048700FE004989DF80F10AC
:10B1600001F00F0101EBC10100EB810000F515704A
:10B170000190019900204870FFE79DF80F0000F052
:10B180000F0001990870BDF80C006FF3DF200199E2
:10B1900088609DF80B00019908710198407820B1F2
:10B1A000FFE7019908784883FFE79DF80B00022824
:10B1B00004D1FFE7019900204871FFE7FFE70498F9
:10B1C00090F89404012804D1FFE702208DF81700BD
:10B1D00015E00499012081F89404FFE7FFE7049843
:10B1E0000068019919F030FDFFE70499002081F80B
:10B1F0009404FFE79DF80A008DF81700FFE79DF81B
:10B20000170006B080BD000080B586B005908DF8AF
:10B2100013100392029305989DF8131001F00F018B
:10B2200001EBC10100EB810000F51570019003985E
:10B230000199C8600298019908610199002048614C
:10B24000019948709DF8130000F00F0001990870F3
:10B2500005988079012804D1FFE703980199C86116
:10B26000FFE7059A1068019992791AF0CDFA00204B
:10B2700006B080BD0000000080B584B002908DF85B
:10B2800007109DF8070000F00F0002990979884225
:10B2900004D9FFE701208DF80F0058E09DF8070062
:10B2A000000600280FD5FFE702989DF8071001F06F
:10B2B0000F0101EBC10100EB8100143000900099F7
:10B2C000012048700DE002989DF8071001EBC101C4
:10B2D00000EB810000F51570009000990020487087
:10B2E000FFE70099012088709DF8070000F00F002B
:10B2F00000990870FFE7029890F89404012804D19F
:10B30000FFE702208DF80F0021E00299012081F86B
:10B310009404FFE7FFE70298006800991AF020FA0A
:10B320009DF80700000740B9FFE7029A106891797D
:10B3300002F29C421AF074F9FFE7FFE7029900203D
:10B3400081F89404FFE700208DF80F00FFE79DF8D7
:10B350000F0004B080BD000080B586B005908DF868
:10B3600013100392029305989DF8131001F00F013A
:10B3700001EBC10100EB81001430019003980199A9
:10B38000C8600298019908610199002048610199FB
:10B39000012048709DF8130000F00F00019908701B
:10B3A00005988079012804D1FFE703980199C861C5
:10B3B000FFE7059A1068019992791AF025FA0020A2
:10B3C00006B080BD0000000080B58CB00B900B98DB
:10B3D00000680A900A9809900B9800681AF0C4FD5A
:10B3E000002840F03484FFE70B9800681AF02CFF27
:10B3F00010B9FFE700F02BBC0998D0F80808C0F39B
:10B400000D200B99C1F8D4040B9800681AF01CFFAA
:10B410008007002807D5FFE70B980168486900F00E
:10B4200002004861FFE70B9800681AF00DFFC006A4
:10B43000002862D5FFE70B980168886920F01000AA
:10B4400088610A98006A02900B98029901F00F0136
:10B4500001EBC10100EB810000F515700890029826
:10B4600000F4F0110220B0EB514F23D1FFE7BDF8FB
:10B47000080047F6F07108421BD0FFE70A980899C8
:10B48000C968029AC2F30A121AF0EEFE029847F651
:10B49000F07100EA0103089AD06800EB1310D06045
:10B4A000029800EA01020899486900EB121048610D
:10B4B000FFE71BE0029800F4F0110620B0EB514FBB
:10B4C00012D1FFE70A980B9901F29C4108221AF069
:10B4D000CBFE029847F6F07100EA0102089948692C
:10B4E00000EB1210486100E0FFE7FFE70B980168EE
:10B4F000886940F010008861FFE70B9800681AF037
:10B50000A3FE0003002840F1A680FFE7002004907E
:10B510000B9800681AF044FE0690FFE70698002892
:10B5200000F09880FFE79DF81800C007002800F0A1
:10B530008A80FFE70B9800689DF810101AF06CFEE7
:10B5400005909DF81400C00760B1FFE709980499C1
:10B5500000EB41110120C1F8080B0B98049908F089
:10B5600023FDFFE79DF81400000700280CD5FFE736
:10B570000998049900EB41110820C1F8080B0B98B9
:10B58000049908F0C9FCFFE79DF81400C0060028E4
:10B5900008D5FFE70998049900EB41111020C1F884
:10B5A000080BFFE79DF81400800700282DD5FFE762
:10B5B0000A9840690006002808D5FFE70999D1F8E4
:10B5C000040840F48060C1F80408FFE70B98049970
:10B5D00001EBC10100EB810000F51570089008989F
:10B5E000C078012809D1FFE708990020C8700B989E
:10B5F0009DF8101000F040FBFFE70998049900EB5C
:10B6000041110220C1F8080BFFE79DF814008006E5
:10B61000002808D5FFE70998049900EB4111202084
:10B62000C1F8080BFFE79DF815008006002809D532
:10B63000FFE70998049900EB41114FF40050C1F85D
:10B64000080BFFE7FFE704980130049006984008D4
:10B65000069063E7FFE70B9800681AF0F5FD4003DA
:10B66000002840F1C680FFE70B9800681AF084FDBF
:10B67000069000200490FFE70698002800F0B880AC
:10B68000FFE79DF81800C007002800F0AA80FFE738
:10B690000B9800689DF810101AF096FD05909DF823
:10B6A0001400C00700283ED0FFE7049800F00F0107
:10B6B000012000FA01F10391039B099AD2F8341892
:10B6C0009943C2F834180999049A01EB4211C1F860
:10B6D00008090B98807901281FD1FFE70B9804997E
:10B6E00001EBC10100EB8101CA69086A10440862DC
:10B6F000049888B9FFE70B98049901EBC10100EBAE
:10B700008100406A40B9FFE70B99086801F29C424A
:10B71000012119F085FFFFE7FFE70B989DF8101056
:10B72000FFF7CAFBFFE79DF814000007002808D5C3
:10B73000FFE70998049900EB41110820C1F80809B6
:10B74000FFE79DF81400C006002808D5FFE7099818
:10B75000049900EB41111020C1F80809FFE79DF89A
:10B7600014004006002808D5FFE70998049900EB6B
:10B7700041114020C1F80809FFE79DF81400800737
:10B78000002822D5FFE70A9804991AF011FB0B98BC
:10B79000049901EBC10100EB810014300890089876
:10B7A000C078012809D1FFE708990020C8700B98DC
:10B7B0009DF8101000F050FAFFE70998049900EB8B
:10B7C00041110220C1F80809FFE79DF814000006A6
:10B7D000002805D5FFE70B98049908F0C9FCFFE79E
:10B7E000FFE704980130049006984008069043E76C
:10B7F000FFE70B9800681AF027FDC00F00B3FFE7C2
:10B800000999D1F8040820F00100C1F804080B9848
:10B8100090F8CC04012808D1FFE70B98002180F8AC
:10B82000CC140B98FFF7D8FA03E00B9800F0CCFB90
:10B83000FFE70B980168486900F000404861FFE7A6
:10B840000B9800681AF000FD0005002811D5FFE7ED
:10B850000998D0F80808C00720B1FFE70B9800F05E
:10B8600047FCFFE70B980168486900F400604861F5
:10B87000FFE70B9800681AF0E7FC0001002820D5CC
:10B88000FFE70B980168486900F0006048610B9879
:10B8900090F8CC0480B9FFE70B98012180F8CC1414
:10B8A0000B980068406DC0F383000B9AC2F8D00477
:10B8B0000B98FFF791FA03E00B9800F019FCFFE7F3
:10B8C000FFE70B9800681AF0BFFCC004002840F1A5
:10B8D0008680FFE70999D1F8040820F00100C1F83B
:10B8E00004080B98006810211AF062FA00200790F3
:10B8F000FFE707980B990979884231D2FFE7099849
:10B90000079900EB41114FF67F30C1F808090999FA
:10B91000079A01EB4212D2F8001921F40011C2F883
:10B9200000190999079A01EB4211C1F8080B09980F
:10B93000079900EB4111D1F8000B20F40010C1F879
:10B94000000B0998079900EB4111D1F8000B40F06A
:10B950000060C1F8000BFFE7079801300790C8E7C7
:10B960000999D1F81C0840F00110C1F81C080B9887
:10B97000C07B78B1FFE70999D1F8840840F00B004B
:10B98000C1F884080999D1F8440840F00B00C1F8C7
:10B9900044080FE00999D1F8140842F22B02104331
:10B9A000C1F814080999D1F8100840F00B00C1F84B
:10B9B0001008FFE70999D1F8000820F4FE60C1F8EB
:10B9C00000080B9A1068917902F29C4219F028FE47
:10B9D0000B980168486900F480504861FFE70B98B4
:10B9E00000681AF031FC800400281FD5FFE70B988F
:10B9F000006819F099F90B9800681AF08DFA0B9904
:10BA0000C8710B980068019002F03EF90146019858
:10BA10000B9AD2791AF024FD0B9800F0A9FA0B9832
:10BA20000168486900F400504861FFE70B9800681E
:10BA30001AF00AFC000700280AD5FFE70B9800F06F
:10BA4000CFFA0B980168486900F008004861FFE7E9
:10BA50000B9800681AF0F8FB0006002825D5FFE7D0
:10BA60000A99886920F08000886101200490FFE72E
:10BA700004980B990979884216D2FFE70B9804992C
:10BA800001EBC10100EB810090F85702012806D1BB
:10BA9000FFE70B989DF81010FFF742FAFFE7FFE76A
:10BAA000049801300490E3E7FFE70B9800681AF070
:10BAB000CBFBC00200283CD5FFE701200490FFE744
:10BAC00004980B99097988422CD2FFE709980499C8
:10BAD00000EB4110D0F8000902900B98049901EB9B
:10BAE000C10100EB8100007E012816D1FFE79DF81F
:10BAF0000B000006002810D5FFE70B98049901EB16
:10BB0000C10100EB81010120C8750B989DF8101050
:10BB100041F08001FFF704FAFFE7FFE704980130E6
:10BB20000490CDE70B980168486900F480104861E3
:10BB3000FFE70B9800681AF087FB8002002856D5B3
:10BB4000FFE701200490FFE704980B9909798842E8
:10BB500046D2FFE70998049900EB4110D0F8000B9A
:10BB600002900B98049901EBC10100EB810090F861
:10BB7000580201282FD1FFE79DF80B00000600288E
:10BB800029D5FFE7029800F480310B98D0F8D4044F
:10BB900000F00100B0EB114F1DD1FFE70B980499A5
:10BBA00001EBC10100EB8101012081F857020A99E4
:10BBB000886940F0800088610A9840690006002882
:10BBC00008D4FFE70999D1F8040840F40070C1F8DF
:10BBD000040805E0FFE7FFE7049801300490B3E7AD
:10BBE0000B980168486900F400104861FFE70B9862
:10BBF00000681AF029FB400000280AD5FFE70B98DF
:10BC0000FFF74EF90B980168486900F080404861E1
:10BC1000FFE70B9800681AF017FB4007002815D5BE
:10BC2000FFE70B980068406802909DF80800400705
:10BC3000002804D5FFE70B98FFF766F9FFE7029AA3
:10BC40000B980168486810434860FFE7FFE70CB0B5
:10BC500080BD00000000000080B582B001908DF82A
:10BC600003100198D0F8E0049DF8031018F028F9AB
:10BC700002B080BD0000000080B582B001908DF858
:10BC800003100198D0F8E0049DF8031018F050F963
:10BC900002B080BD0000000080B58CB00A900A9808
:10BCA00020B9FFE701208DF82F000EE10A9890F8E7
:10BCB000950440B9FFE70A99002081F894040A9896
:10BCC00000F00AF9FFE70A99032081F895040A9821
:10BCD000006819F099FC0A9B1868197C8DF82010EF
:10BCE00059689A68DB680793069205910599069A48
:10BCF000079BDDF820C0EE46CEF800C019F0BCF975
:10BD000040B1FFE70A99022081F8950401208DF8DF
:10BD10002F00DAE00A98006800211AF001FB40B118
:10BD2000FFE70A99022081F8950401208DF82F0081
:10BD3000CBE000208DF82700FFE79DF827000A9947
:10BD40000979884241DAFFE70A989DF8271001EB4C
:10BD5000C10100EB8101012048759DF827000A9977
:10BD600000EBC00201EB820108759DF827000A99DB
:10BD700000EBC00201EB8201C8850A989DF82710EC
:10BD800001EBC10100EB8101002008760A999DF8C2
:10BD9000272002EBC20201EB8201C8610A999DF8DB
:10BDA000272002EBC20201EB820108620A999DF88A
:10BDB000272002EBC20201EB82014862FFE79DF8F7
:10BDC000270001308DF82700B7E700208DF8270005
:10BDD000FFE79DF827000A99097988423EDAFFE7D4
:10BDE0000A989DF8271001EBC10100EB81010020AA
:10BDF00081F855029DF827100A9A01EBC10302EB66
:10BE0000830282F854120A999DF8272002EBC2029D
:10BE100001EB820181F858020A999DF8272002EB74
:10BE2000C20201EB8201C1F85C020A999DF8272049
:10BE300002EBC20201EB8201C1F860020A999DF88F
:10BE4000272002EBC20201EB8201C1F86402FFE786
:10BE50009DF8270001308DF82700BAE70A9B186883
:10BE6000197C8DF8101059689A68DB680393029268
:10BE700001910199029A039BDDF810C0EE46CEF8BD
:10BE800000C019F079FA40B1FFE70A99022081F861
:10BE9000950401208DF82F0017E00A9900204874BE
:10BEA0000A99012081F895040A98007B012804D1A1
:10BEB000FFE70A98FEF774FFFFE70A98006819F099
:10BEC00043FA00208DF82F00FFE79DF82F000CB0FB
:10BED00080BD00000000000080B5B2B0319002A823
:10BEE000B821F4F7B0FB319800680021C4F20401D6
:10BEF00088423AD1FFE7002003904FF4802102915D
:10BF000010210C914FF480710D9102210E910822A5
:10BF10000F92109111904FF40071129113904FF401
:10BF20000010239002A800F027FC18B1FFE7F8F7F3
:10BF3000A7FFFFE700F050F9FFE744F2D840C5F64D
:10BF40000200016841F000710160006800F00070BB
:10BF500001900198FFE74D20009005210022FEF797
:10BF6000FFFE0098FEF7F0FEFFE732B080BD000054
:10BF700080B582B0019001208DF803000198C0794E
:10BF800020B9FFE700208DF803000CE00198C0798C
:10BF9000022804D1FFE701208DF8030002E0F8F742
:10BFA0006FFFFFE7FFE70198D0F8E0049DF803106A
:10BFB00018F0C6F80198D0F8E00418F03DF802B087
:10BFC00080BD00000000000080B582B001900198A3
:10BFD000D0F8E00418F080F802B080BD0000000046
:10BFE00080B582B001900198D0F8E00418F088F88C
:10BFF00002B080BD0000000080B584B002908DF8D2
:10C000000710FFE7029890F89404012804D1FFE795
:10C0100002208DF80F0019E00299012081F89404A4
:10C02000FFE7FFE79DF8070002994874029800684F
:10C030009DF807101AF0E4F9FFE70299002081F853
:10C040009404FFE700208DF80F00FFE79DF80F0034
:10C0500004B080BD0000000080B582B0019001995D
:10C06000D1F8E00401F29C4118F096F802B080BDCE
:10C0700080B584B00290029800680190FFE70298B2
:10C0800090F89404012804D1FFE702208DF80F00F6
:10C0900028E00299012081F89404FFE7FFE7019866
:10C0A000C068400600280BD5FFE70298407B0128B6
:10C0B00006D1FFE70199886B40F480308863FFE781
:10C0C0000298006819F02CFE0298006819F024F913
:10C0D000FFE70299002081F89404FFE700208DF823
:10C0E0000F00FFE79DF80F0004B080BD00000000C6
:10C0F00080B582B001900198D0F8E00418F0D4F82F
:10C1000001980168D1F8000E40F00100C1F8000E5E
:10C110000198C07A48B1FFE74EF61051CEF2000107
:10C12000086840F006000860FFE702B080BD00002C
:10C1300080B584B0029044F60C00C5F60200006899
:10C1400000F004010020B0EB910F13D1FFE744F69B
:10C150000C00C5F60200006800F007000299884252
:10C1600004D0FFE701208DF80F002EE000208DF8AD
:10C170000F002AE044F60C01C5F60201086820F021
:10C180000700029A10430860FEF792FC0190FFE757
:10C1900044F60400C5F60200006800F400510020D7
:10C1A000B0EB513F0DD1FFE7FEF782FC0199401A39
:10C1B000B0F57A7F04D9FFE701208DF80F0004E085
:10C1C000E6E700208DF80F00FFE79DF80F0004B0B0
:10C1D00080BD00000000000044F60C01C5F602011D
:10C1E000086840F0807008607047000000000000A0
:10C1F00080B501F049FD44F22041C5F6020109680D
:10C20000C1F302124BF2D451C0F60201895C01F075
:10C210001F01C84080BD000088B0079044F228404C
:10C22000C5F60200016801F0030106910068C0F341
:10C230000530059044F22C40C5F602000068C0F3BA
:10C2400000100490049844F23C41C5F602010968CC
:10C2500089B2C908484300EE100AB8EE400A8DEDD5
:10C26000020A0598002800F01B81FFE7069800905D
:10C2700048B1FFE70098012869D0FFE7009802283D
:10C2800000F08980ABE044F20040C5F6020000688F
:10C2900000F020010020B0EB511F33D0FFE744F243
:10C2A0000040C5F602000068C0F3C10149F2000079
:10C2B000C0F2D030C84003909DED030AB8EE400AAA
:10C2C0009DED051AB8EE411A80EE010A44F238409D
:10C2D000C5F6020000686FF35F2001EE100AB8EEA9
:10C2E000411A9DED022A9FED743A82EE032A31EE47
:10C2F000021AB7EE002A31EE021A20EE010A8DED85
:10C30000010A23E09DED050AB8EE401A9FED6C0A84
:10C3100080EE010A44F23840C5F6020000686FF36F
:10C320005F2001EE100AB8EE411A9DED022A9FED42
:10C33000623A82EE032A31EE021AB7EE002A31EE9B
:10C34000021A20EE010A8DED010AFFE76BE09DED78
:10C35000050AB8EE401A9FED590A80EE010A44F230
:10C360003840C5F6020000686FF35F2001EE100A46
:10C37000B8EE411A9DED022A9FED4F3A82EE032A54
:10C3800031EE021AB7EE002A31EE021A20EE010A4F
:10C390008DED010A47E09DED050AB8EE401A9FEDCC
:10C3A000450A80EE010A44F23840C5F602000068F2
:10C3B0006FF35F2001EE100AB8EE411A9DED022ADC
:10C3C0009FED3D3A82EE032A31EE021AB7EE002AC3
:10C3D00031EE021A20EE010A8DED010A23E09DEDF7
:10C3E000050AB8EE401A9FED350A80EE010A44F2C4
:10C3F0003840C5F6020000686FF35F2001EE100AB6
:10C40000B8EE411A9DED022A9FED2B3A82EE032AE7
:10C4100031EE021AB7EE002A31EE021A20EE010ABE
:10C420008DED010AFFE79DED010A44F23840C5F6A3
:10C430000200016889B2490A01EE101AB8EE411AE9
:10C44000B7EE002A31EE021A80EE010A0799BCEE1F
:10C45000C00A81ED000A9DED010A0168C1F30641A1
:10C4600001EE101AB8EE411A31EE021A80EE010AFE
:10C470000799BCEEC00A81ED010A9DED010A006832
:10C48000C0F3066001EE100AB8EE411A31EE021A4E
:10C4900080EE010A0798BCEEC00A80ED020A07E0B0
:10C4A0000799002008600799486007998860FFE7AE
:10C4B00008B07047001BB74B000000460024744AC8
:10C4C0000024744C0000000088B0079044F228401B
:10C4D000C5F60200016801F0030106910068C0F38F
:10C4E0000550059044F22C40C5F602000068C0F3E8
:10C4F00000200490049844F24441C5F60201096802
:10C5000089B2C908484300EE100AB8EE400A8DED22
:10C51000020A0598002800F01B81FFE706980090AA
:10C5200048B1FFE70098012869D0FFE7009802288A
:10C5300000F08980ABE044F20040C5F602000068DC
:10C5400000F020010020B0EB511F33D0FFE744F290
:10C550000040C5F602000068C0F3C10149F20000C6
:10C56000C0F2D030C84003909DED030AB8EE400AF7
:10C570009DED051AB8EE411A80EE010A44F24040E2
:10C58000C5F6020000686FF35F2001EE100AB8EEF6
:10C59000411A9DED022A9FED743A82EE032A31EE94
:10C5A000021AB7EE002A31EE021A20EE010A8DEDD2
:10C5B000010A23E09DED050AB8EE401A9FED6C0AD2
:10C5C00080EE010A44F24040C5F6020000686FF3B5
:10C5D0005F2001EE100AB8EE411A9DED022A9FED90
:10C5E000623A82EE032A31EE021AB7EE002A31EEE9
:10C5F000021A20EE010A8DED010AFFE76BE09DEDC6
:10C60000050AB8EE401A9FED590A80EE010A44F27D
:10C610004040C5F6020000686FF35F2001EE100A8B
:10C62000B8EE411A9DED022A9FED4F3A82EE032AA1
:10C6300031EE021AB7EE002A31EE021A20EE010A9C
:10C640008DED010A47E09DED050AB8EE401A9FED19
:10C65000450A80EE010A44F24040C5F60200006837
:10C660006FF35F2001EE100AB8EE411A9DED022A29
:10C670009FED3D3A82EE032A31EE021AB7EE002A10
:10C6800031EE021A20EE010A8DED010A23E09DED44
:10C69000050AB8EE401A9FED350A80EE010A44F211
:10C6A0004040C5F6020000686FF35F2001EE100AFB
:10C6B000B8EE411A9DED022A9FED2B3A82EE032A35
:10C6C00031EE021AB7EE002A31EE021A20EE010A0C
:10C6D0008DED010AFFE79DED010A44F24040C5F6E9
:10C6E0000200016889B2490A01EE101AB8EE411A37
:10C6F000B7EE002A31EE021A80EE010A0799BCEE6D
:10C70000C00A81ED000A9DED010A0168C1F30641EE
:10C7100001EE101AB8EE411A31EE021A80EE010A4B
:10C720000799BCEEC00A81ED010A9DED010A00687F
:10C73000C0F3066001EE100AB8EE411A31EE021A9B
:10C7400080EE010A0798BCEEC00A80ED020A07E0FD
:10C750000799002008600799486007998860FFE7FB
:10C7600008B07047001BB74B000000460024744A15
:10C770000024744C0000000080B59AB0189000208E
:10C780008DF857008DF856001898C07800070028DB
:10C7900048D5FFE71898406E149078B1FFE71498D9
:10C7A000B0F5801F13D0FFE71498B0F5001F16D026
:10C7B000FFE71498B0F5401F19D019E044F22C415E
:10C7C000C5F60201086840F40030086014E01898CB
:10C7D000083002210EF098FC8DF857000CE01898F4
:10C7E000283002210EF078FD8DF8570004E003E0B8
:10C7F00001208DF85700FFE79DF8570060B9FFE76B
:10C8000044F25041C5F60201086820F44010189A1D
:10C81000526E1043086004E09DF857008DF85600F2
:10C82000FFE7FFE718984078C007002840D0FFE7EF
:10C830001898806D1390042820D81399DFE801F030
:10C84000030C141C1D0044F22C41C5F602010868BB
:10C8500040F40030086015E01898083000210EF010
:10C8600053FC8DF857000DE01898283000210EF089
:10C8700033FD8DF8570005E004E003E001208DF85A
:10C880005700FFE79DF8570060B9FFE744F25041B9
:10C89000C5F60201086820F00700189A926D10434F
:10C8A000086004E09DF857008DF85600FFE7FFE7A9
:10C8B000189840784007002856D5FFE71898D0F818
:10C8C000A4001290C8B1FFE71298B0F5001F1DD068
:10C8D000FFE71298B0F5800F20D0FFE71298B0F56F
:10C8E000C00F23D0FFE71298B0F5000F1FD0FFE76D
:10C8F0001298B0F5200F1BD01BE044F22C41C5F676
:10C900000201086840F40030086016E0189808300A
:10C9100000210EF0F9FB8DF857000EE01898283032
:10C9200000210EF0D9FC8DF8570006E005E004E088
:10C9300003E001208DF85700FFE79DF8570068B924
:10C94000FFE744F25841C5F60201086820F4600090
:10C95000189AD2F8A4201043086004E09DF857000C
:10C960008DF85600FFE7FFE7189840780007002889
:10C9700056D5FFE71898D0F8A8001190C8B1FFE786
:10C980001198B0F1807F1DD0FFE71198B0F1007FC2
:10C9900020D0FFE71198B0F1407F23D0FFE7119836
:10C9A000B0F1806F1FD0FFE71198B0F1A06F1BD0DE
:10C9B0001BE044F22C41C5F60201086840F4003047
:10C9C000086016E01898083000210EF09DFB8DF8E5
:10C9D00057000EE01898283000210EF07DFC8DF8ED
:10C9E000570006E005E004E003E001208DF8570061
:10C9F000FFE79DF8570068B9FFE744F25841C5F6D4
:10CA00000201086820F0E060189AD2F8A8201043CC
:10CA1000086004E09DF857008DF85600FFE7FFE737
:10CA20001898C078800700283ED5FFE71898C06C9A
:10CA30001090F0B1FFE71098102808D0FFE7109889
:10CA400020280DD0FFE71098302811D012E044F2D2
:10CA50002C41C5F60201086840F4003008600DE082
:10CA60001898083002210EF04FFB8DF8570005E0B2
:10CA700004E003E001208DF85700FFE79DF8570020
:10CA800060B9FFE744F24C41C5F60201086820F0A6
:10CA90003000189AD26C1043086004E09DF85700EB
:10CAA0008DF85600FFE7FFE718984078C006002889
:10CAB0004ED5FFE71898C06D0F90A0B1FFE70F9813
:10CAC000B0F5805F18D0FFE70F98B0F5005F1BD07E
:10CAD000FFE70F98B0F5405F1ED0FFE70F98B0F565
:10CAE000804F1AD01AE044F22C41C5F602010868C2
:10CAF00040F40030086015E01898083000210EF06E
:10CB000003FB8DF857000DE01898283000210EF037
:10CB1000E3FB8DF8570005E004E003E001208DF809
:10CB20005700FFE79DF8570060B9FFE744F2504116
:10CB3000C5F60201086820F4E040189AD26D10434F
:10CB4000086004E09DF857008DF85600FFE7FFE706
:10CB500018984078800600284CD5FFE71898006E9A
:10CB60000E90C8B1FFE70E98B0F5803F15D0FFE7F3
:10CB70000E98B0F5003F18D0FFE70E98B0F5403F93
:10CB80001BD0FFE70E98B0F5802F17D0FFE70E9867
:10CB9000B0F5A02F13D013E016E01898083001214B
:10CBA0000EF0B2FA8DF857000EE0189828300121E7
:10CBB0000EF092FB8DF8570006E005E004E003E07C
:10CBC00001208DF85700FFE79DF8570060B9FFE797
:10CBD00044F25041C5F60201086820F4E020189A9A
:10CBE000126E1043086004E09DF857008DF856005F
:10CBF000FFE7FFE718984078400600284ED5FFE78A
:10CC00001898D0F8AC000D90C8B1FFE70D98B0F1BE
:10CC1000805F15D0FFE70D98B0F1005F18D0FFE7F7
:10CC20000D98B0F1405F1BD0FFE70D98B0F1804F39
:10CC300017D0FFE70D98B0F1A04F13D013E016E026
:10CC40001898083001210EF05FFA8DF857000EE0B9
:10CC50001898283001210EF03FFB8DF8570006E0B0
:10CC600005E004E003E001208DF85700FFE79DF8A0
:10CC7000570068B9FFE744F25841C5F60201086859
:10CC800020F0E040189AD2F8AC201043086004E08D
:10CC90009DF857008DF85600FFE7FFE71898407899
:10CCA000000600283BD5FFE71898C06E0C90D8B15D
:10CCB000FFE70C98B0F1805F05D0FFE70C98B0F16A
:10CCC000005F09D011E044F22C41C5F6020108686A
:10CCD00040F4003008600CE01898083001210EF094
:10CCE00013FA8DF8570004E003E001208DF8570097
:10CCF000FFE79DF8570060B9FFE744F25041C5F6E1
:10CD00000201086820F04050189AD26E1043086063
:10CD100004E09DF857008DF85600FFE7FFE71898EC
:10CD2000C078C007002837D0FFE71898806C0B90B8
:10CD3000032817D80B99DFE801F014020B1344F213
:10CD40002C41C5F60201086840F4003008600DE08F
:10CD50001898083002210EF0D7F98DF8570005E039
:10CD600004E003E001208DF85700FFE79DF857002D
:10CD700060B9FFE744F24C41C5F60201086820F0B3
:10CD80000300189A926C1043086004E09DF8570065
:10CD90008DF85600FFE7FFE71898807840060028D6
:10CDA00040F1B480FFE744F60001C5F602010868CF
:10CDB00040F480700860FDF77BFE1690FFE744F6B4
:10CDC0000000C5F602000068C00500280CD4FFE78B
:10CDD000FDF76EFE1699401A652804D3FFE703207D
:10CDE0008DF8570000E0EAE79DF85700002840F072
:10CDF0008780FFE744F27040C5F60200006800F447
:10CE000040701899D1F8B01001F44071884213D0E5
:10CE1000FFE744F27041C5F60201086820F4407053
:10CE20001790086840F480300860086820F480306B
:10CE3000086017980860FFE71898D0F8B000B0F5C0
:10CE4000807F1FD1FFE7FDF733FE1690FFE744F226
:10CE50007040C5F60200006800F002010020B0EB4F
:10CE6000510F0ED1FFE7FDF723FE1699401A41F24C
:10CE70008931884204D3FFE703208DF8570000E092
:10CE8000E5E7FFE79DF85700A0BBFFE7FFE718982D
:10CE9000D0F8B00000F44070B0F5407F13D1FFE748
:10CEA00044F21041C5F60201086820F47C50189A3B
:10CEB000D2F8B0204FF6F043C0F6FF731A4040EAB4
:10CEC0001210086008E044F21041C5F6020108683B
:10CED00020F47C500860FFE71898D0F8B0206FF37A
:10CEE0001F3244F27041C5F6020108681043086021
:10CEF000FFE704E09DF857008DF85600FFE704E0D7
:10CF00009DF857008DF85600FFE7FFE71898006876
:10CF1000C007002800F04C80FFE71898806F0A9047
:10CF200028282BD80A99DFE801F015292929292971
:10CF3000292916292929292929291E29292929297F
:10CF40002929262929292929292927292929292956
:10CF50002929280016E01898083001210EF0D4F88D
:10CF60008DF857000EE01898283001210EF0B4F922
:10CF70008DF8570006E005E004E003E001208DF89D
:10CF80005700FFE79DF8570060B9FFE744F25441AE
:10CF9000C5F60201086820F03800189A926F104315
:10CFA000086004E09DF857008DF85600FFE7FFE7A2
:10CFB000189800788007002839D5FFE71898406F47
:10CFC0000990052819D80999DFE801F003040C1429
:10CFD000151616E01898083001210EF095F88DF816
:10CFE00057000EE01898283001210EF075F98DF8E1
:10CFF000570006E005E004E003E001208DF857004B
:10D00000FFE79DF8570060B9FFE744F25441C5F6C9
:10D010000201086820F00700189A526F1043086058
:10D0200004E09DF857008DF85600FFE7FFE71898D9
:10D030000078400700283BD5FFE71898D0F890000B
:10D040000890052819D80899DFE801F003040C14AA
:10D05000151616E01898083001210EF055F88DF8D5
:10D0600057000EE01898283001210EF035F98DF8A0
:10D07000570006E005E004E003E001208DF85700CA
:10D08000FFE79DF8570068B9FFE744F25841C5F63D
:10D090000201086820F00700189AD2F89020104387
:10D0A000086004E09DF857008DF85600FFE7FFE7A1
:10D0B00018980078800600284ED5FFE71898D0F819
:10D0C0008C000790C8B1FFE70798B0F1805F15D0DA
:10D0D000FFE70798B0F1005F18D0FFE70798B0F1BD
:10D0E000405F1BD0FFE70798B0F1804F17D0FFE7F4
:10D0F0000798B0F1A04F13D013E016E0189808304D
:10D1000000210EF001F88DF857000EE01898283035
:10D1100002210EF0E1F88DF8570006E005E004E08A
:10D1200003E001208DF85700FFE79DF8570068B92C
:10D13000FFE744F25441C5F60201086820F0E040E0
:10D14000189AD2F88C201043086004E09DF857002C
:10D150008DF85600FFE7FFE7189800784006002892
:10D160004ED5FFE71898D0F898000690C8B1FFE7B1
:10D170000698B0F5806F15D0FFE70698B0F5006F00
:10D1800018D0FFE70698B0F5406F1BD0FFE7069870
:10D19000B0F5805F17D0FFE70698B0F5A05F13D019
:10D1A00013E016E01898083000210DF0ADFF8DF85F
:10D1B00057000EE01898283002210EF08DF88DF8F7
:10D1C000570006E005E004E003E001208DF8570079
:10D1D000FFE79DF8570068B9FFE744F25841C5F6EC
:10D1E0000201086820F4E050189AD2F89820104301
:10D1F000086004E09DF857008DF85600FFE7FFE750
:10D2000018980078000600284ED5FFE71898D0F847
:10D210009C000590C8B1FFE70598B0F5005F15D0F8
:10D22000FFE70598B0F5804F18D0FFE70598B0F5F7
:10D23000C04F1BD0FFE70598B0F5004F17D0FFE7B0
:10D240000598B0F5204F13D013E016E01898083079
:10D2500000210DF059FF8DF857000EE01898283086
:10D2600002210EF039F88DF8570006E005E004E0E1
:10D2700003E001208DF85700FFE79DF8570068B9DB
:10D28000FFE744F25841C5F60201086820F4604007
:10D29000189AD2F89C201043086004E09DF85700CB
:10D2A0008DF85600FFE7FFE7189800780007002880
:10D2B00020D5FFE71898D0F88000B0F5805F0CD13A
:10D2C000FFE71898283002210EF006F820B1FFE79A
:10D2D00001208DF85600FFE7FFE744F25441C5F600
:10D2E0000201086820F44050189AD2F880201043B8
:10D2F0000860FFE718980078C006002820D5FFE7EF
:10D300001898D0F89400B0F5807F0CD1FFE71898FA
:10D31000283002210DF0E0FF20B1FFE701208DF859
:10D320005600FFE7FFE744F25841C5F602010868DE
:10D3300020F44070189AD2F8942010430860FFE758
:10D3400018988078000700283CD5FFE71898D0F897
:10D35000A000049050B1FFE70498B0F5803F0DD0D5
:10D36000FFE70498B0F5003F10D010E0189808309F
:10D3700000210DF0C9FE8DF857000CE018982830F8
:10D3800002210DF0A9FF8DF8570004E003E0012011
:10D390008DF85700FFE79DF8570068B9FFE744F2A2
:10D3A0005841C5F60201086820F44030189AD2F8B6
:10D3B000A0201043086004E09DF857008DF8560047
:10D3C000FFE7FFE718988078400700283FD5FFE780
:10D3D0001898D0F884000390B0F5801F0AD0FFE7BA
:10D3E0000398B0F5001F0ED0FFE70398B0F5401F7B
:10D3F00011D011E044F22C41C5F60201086840F456
:10D40000003008600CE01898283001210DF064FF0E
:10D410008DF8570004E003E001208DF85700FFE786
:10D420009DF8570068B9FFE744F25441C5F6020180
:10D43000086820F44010189AD2F88420104308603D
:10D4400004E09DF857008DF85600FFE7FFE71898B5
:10D450008078C007A8B3FFE71898006D029028B144
:10D46000FFE70298B0F5803F09D010E044F22C416C
:10D47000C5F60201086840F4003008600BE0189817
:10D48000083002210DF040FE8DF8570003E0012026
:10D490008DF85700FFE79DF8570060B9FFE744F2A9
:10D4A0004C41C5F60201086820F48030189A126DCC
:10D4B0001043086004E09DF857008DF85600FFE720
:10D4C000FFE71898C078800600280CD5FFE7189869
:10D4D000283002210DF000FF20B1FFE701208DF878
:10D4E0005600FFE7FFE718988078800700283AD5B4
:10D4F000FFE71898C06F0190D0B1FFE70198B0F531
:10D50000807F0AD0FFE70198B0F5007F0ED0FFE7DB
:10D510000198B0F5407F0AD00BE044F22C41C5F6EB
:10D520000201086840F40030086006E005E004E00D
:10D5300003E001208DF85700FFE79DF8570060B920
:10D54000FFE744F25441C5F60201086820F4407038
:10D55000189AD26F1043086004E09DF857008DF8C8
:10D560005600FFE7FFE718988078C00600280CD522
:10D57000FFE744F25041C5F60201086820F0004080
:10D58000189A126F10430860FFE718988078800699
:10D5900000280CD5FFE744F25041C5F602010868A7
:10D5A00020F08070189A926E10430860FFE7189878
:10D5B000C0784006002811D5FFE7FFE744F210418C
:10D5C000C5F60201086820F4004008601898D0F8F9
:10D5D000B420086810430860FFE7FFE71898C07898
:10D5E000000600280CD5FFE744F24C41C5F60201C5
:10D5F000086820F04050189A526D10430860FFE709
:10D6000018988078000600280DD5FFE744F25441B1
:10D61000C5F60201086820F44000189AD2F8882064
:10D6200010430860FFE718980079C00790B1FFE742
:10D630001898083000210DF067FD8DF857009DF80F
:10D64000570008B9FFE704E09DF857008DF8560031
:10D65000FFE7FFE7189800798007002812D5FFE759
:10D660001898083001210DF04FFD8DF857009DF8F6
:10D67000570008B9FFE704E09DF857008DF8560001
:10D68000FFE7FFE7189800794007002812D5FFE769
:10D690001898083002210DF037FD8DF857009DF8DD
:10D6A000570008B9FFE704E09DF857008DF85600D1
:10D6B000FFE7FFE7189800790007002812D5FFE779
:10D6C0001898283000210DF007FE8DF857009DF8BE
:10D6D000570008B9FFE704E09DF857008DF85600A1
:10D6E000FFE7FFE718980079C006002812D5FFE78A
:10D6F0001898283001210DF0EFFD8DF857009DF8A6
:10D70000570008B9FFE704E09DF857008DF8560070
:10D71000FFE7FFE7189800798006002812D5FFE799
:10D720001898283002210DF0D7FD8DF857009DF88C
:10D73000570008B9FFE704E09DF857008DF8560040
:10D74000FFE7FFE79DF8560020B9FFE700208DF8BE
:10D75000670003E001208DF86700FFE79DF8670090
:10D760001AB080BD0000000080B586B0049003911F
:10D77000049820B9FFE701208DF817003CE20398D8
:10D7800042F20001C5F20021096801F00F01884250
:10D7900016D9FFE742F20000C5F20020016821F02F
:10D7A0000F01039A11430160006800F00F00039914
:10D7B000884204D0FFE701208DF817001CE2FFE744
:10D7C000049800784007002819D5FFE704980069FD
:10D7D00044F21841C5F60201096801F0700188425F
:10D7E0000CD9FFE744F21841C5F60201086820F0A1
:10D7F0007000049A126910430860FFE7FFE704987D
:10D8000000780007002819D5FFE70498406944F222
:10D810001C41C5F60201096801F0700188420CD96B
:10D82000FFE744F21C41C5F60201086820F07000D1
:10D83000049A526910430860FFE7FFE704980078F4
:10D84000C006002819D5FFE70498806944F21C41FE
:10D85000C5F60201096801F4E06188420CD9FFE7CE
:10D8600044F21C41C5F60201086820F4E060049A05
:10D87000926910430860FFE7FFE70498007880068C
:10D88000002819D5FFE70498C06944F22041C5F685
:10D890000201096801F0700188420CD9FFE744F2E7
:10D8A0002041C5F60201086820F07000049AD26990
:10D8B00010430860FFE7FFE704980078800700281E
:10D8C00019D5FFE70498C06844F21841C5F6020173
:10D8D000096801F00F0188420CD9FFE744F21841B2
:10D8E000C5F60201086820F00F00049AD2681043C0
:10D8F0000860FFE7FFE704980078C007002800F001
:10D900008C80FFE744F21841C5F60201086820F454
:10D910007060049A92681043086004984068022876
:10D9200011D1FFE744F20040C5F60200006800F4A0
:10D9300000310020B0EB514F04D1FFE701208DF8FA
:10D94000170059E13EE004984068032811D1FFE731
:10D9500044F20040C5F60200006800F000710020AB
:10D96000B0EB516F04D1FFE701208DF8170043E1C0
:10D9700027E004984068012811D1FFE744F20040F5
:10D98000C5F60200006800F480710020B0EB112F92
:10D9900004D1FFE701208DF817002DE110E044F2DB
:10D9A0000040C5F60200006800F004010020B0EB62
:10D9B000910F04D1FFE701208DF817001CE1FFE76C
:10D9C000FFE7FFE744F21041C5F60201086820F0C6
:10D9D0000700049A526810430860FDF769F8019047
:10D9E000FFE744F21040C5F60200006800F038007E
:10D9F00004994968B0EBC10F0ED0FFE7FDF758F866
:10DA00000199401A41F28931884204D3FFE703208B
:10DA10008DF81700F0E0E4E7FFE70498007880074E
:10DA2000002819D5FFE70498C06844F21841C5F6EC
:10DA30000201096801F00F0188420CD2FFE744F2AD
:10DA40001841C5F60201086820F00F00049AD26858
:10DA500010430860FFE7FFE7039842F20001C5F2B8
:10DA60000021096801F00F01884216D2FFE742F257
:10DA70000000C5F20020016821F00F01039A114354
:10DA80000160006800F00F000399884204D0FFE7AE
:10DA900001208DF81700AFE0FFE7049800784007F9
:10DAA000002819D5FFE70498006944F21841C5F62B
:10DAB0000201096801F0700188420CD2FFE744F2CC
:10DAC0001841C5F60201086820F07000049A126936
:10DAD00010430860FFE7FFE704980078000700287C
:10DAE00019D5FFE70498406944F21C41C5F60201CC
:10DAF000096801F0700188420CD2FFE744F21C4132
:10DB0000C5F60201086820F07000049A52691043BB
:10DB10000860FFE7FFE704980078C006002819D5E1
:10DB2000FFE70498806944F21C41C5F602010968C8
:10DB300001F4E06188420CD2FFE744F21C41C5F6D3
:10DB40000201086820F4E060049A926910430860BA
:10DB5000FFE7FFE7049800788006002819D5FFE763
:10DB60000498C06944F22041C5F60201096801F039
:10DB7000700188420CD2FFE744F22041C5F6020151
:10DB8000086820F07000049AD26910430860FFE72B
:10DB9000FFE700F0CDF844F21842C5F60202116822
:10DBA000C1F303234BF2D451C0F60201CB5C03F066
:10DBB0001F03D84000900098126802F00F02895CA1
:10DBC00001F01F01C84040F22401C2F200010860C8
:10DBD000009840F20401C2F20041086040F2F800EF
:10DBE000C2F200400068FCF7BBFF8DF80B009DF807
:10DBF0000B008DF81700FFE79DF8170006B080BDF9
:10DC000082B00190009101993F20086044F21040D9
:10DC1000C5F60200006800F007000199486044F270
:10DC20001840C5F60200016801F47061019A916024
:10DC3000016801F00F01019AD160006800F07000E6
:10DC40000199086144F21C40C5F60200016801F028
:10DC50007001019A5161006800F4E06001998861E7
:10DC600044F22040C5F60200006800F070000199FF
:10DC7000C86142F20000C5F20020006800F00F0009
:10DC80000099086002B0704780B582B000F050F88B
:10DC900044F21842C5F602021168C1F303234BF2A5
:10DCA000D451C0F60201CB5C03F01F03D8400190B1
:10DCB0000198126802F00F02895C01F01F0120FA3E
:10DCC00001F140F22400C2F200000160019940F22B
:10DCD0000402C2F200421160006802B080BD000080
:10DCE00080B5FFF7D1FF44F21C41C5F60201096877
:10DCF000C1F302124BF2D451C0F60201895C01F06B
:10DD00001F01C84080BD000080B5FFF7BDFF44F291
:10DD10001C41C5F602010968C1F302224BF2D4513D
:10DD2000C0F60201895C01F01F01C84080BD0000FF
:10DD30008AB044F21040C5F60200006800F03800D6
:10DD400001460191182800F269810199DFE811F07C
:10DD500019006601660166016601660166016601D9
:10DD60003A006601660166016601660166016601A8
:10DD70004000660166016601660166016601660192
:10DD8000460044F20040C5F60200006800F02001A1
:10DD90000020B0EB511F0ED0FFE744F20040C5F663
:10DDA00002000068C0F3C10149F20000C0F2D030A7
:10DDB000C840029005E049F20000C0F2D030029065
:10DDC000FFE731E140F60010C0F23D0002902BE188
:10DDD00043F20060C0F26E10029025E144F2284048
:10DDE000C5F60200016801F0030108910068C0F364
:10DDF0000510079044F22C40C5F60200006800F0C0
:10DE000001000690069844F23441C5F60201096803
:10DE100089B2C908484300EE100AB8EE400A8DEDF9
:10DE2000040A0798002800F0F580FFE708980090A2
:10DE300048B1FFE70098012869D0FFE70098022861
:10DE400000F08980ABE044F20040C5F602000068B3
:10DE500000F020010020B0EB511F33D0FFE744F267
:10DE60000040C5F602000068C0F3C10149F200009D
:10DE7000C0F2D030C84005909DED050AB8EE400ACA
:10DE80009DED071AB8EE411A80EE010A44F23040C7
:10DE9000C5F6020000686FF35F2001EE100AB8EECD
:10DEA000411A9DED042A9FED633A82EE032A31EE7A
:10DEB000021AB7EE002A31EE021A20EE010A8DEDA9
:10DEC000030A23E09DED070AB8EE401A9FED5B0AB6
:10DED00080EE010A44F23040C5F6020000686FF39C
:10DEE0005F2001EE100AB8EE411A9DED042A9FED65
:10DEF000513A82EE032A31EE021AB7EE002A31EED1
:10DF0000021A20EE010A8DED030AFFE76BE09DED9A
:10DF1000070AB8EE401A9FED480A80EE010A44F263
:10DF20003040C5F6020000686FF35F2001EE100A72
:10DF3000B8EE411A9DED042A9FED3E3A82EE032A87
:10DF400031EE021AB7EE002A31EE021A20EE010A73
:10DF50008DED030A47E09DED070AB8EE401A9FEDEC
:10DF6000340A80EE010A44F23040C5F6020000682F
:10DF70006FF35F2001EE100AB8EE411A9DED042AFE
:10DF80009FED2C3A82EE032A31EE021AB7EE002AF8
:10DF900031EE021A20EE010A8DED030A23E09DED19
:10DFA000070AB8EE401A9FED240A80EE010A44F2F7
:10DFB0003040C5F6020000686FF35F2001EE100AE2
:10DFC000B8EE411A9DED042A9FED1A3A82EE032A1B
:10DFD00031EE021AB7EE002A31EE021A20EE010AE3
:10DFE0008DED030AFFE744F23040C5F602000068F9
:10DFF00081B2012000EB512009909DED030A9DEDB7
:10E00000091AB8EE411A80EE010ABCEEC00A8DED85
:10E01000020A02E000200290FFE705E040F600104F
:10E02000C0F23D000290FFE702980AB0704700BFBF
:10E03000001BB74B000000460024744A0024744CB7
:10E0400080B58CB00A900A9828B9FFE701208DF8B6
:10E050002F0000F001BD0A980078C007002800F0EA
:10E06000B980FFE744F21040C5F60200006800F0F6
:10E070003800069044F22840C5F60200006805907A
:10E08000069810280AD0FFE7069818281CD1FFE749
:10E09000059800F00300022816D1FFE744F2004083
:10E0A000C5F60200006800F400310020B0EB514FCB
:10E0B00009D0FFE70A98406828B9FFE701208DF8EA
:10E0C0002F0000F0C9BC84E0FFE70A984068B0F573
:10E0D000803F09D1FFE744F20041C5F6020108681C
:10E0E00040F48030086032E00A98406868B9FFE781
:10E0F00044F20041C5F60201086820F4803008604F
:10E10000086820F48020086020E00A984068B0F594
:10E11000A02F0DD1FFE744F20041C5F602010868C7
:10E1200040F480200860086840F4803008600CE00B
:10E1300044F20041C5F60201086820F4803008600E
:10E14000086820F480200860FFE7FFE7FFE7FFE7AB
:10E150000A984068F0B1FFE7FCF7AAFC0990FFE7D6
:10E1600044F20040C5F60200006800F400310020CF
:10E17000B0EB514F0DD1FFE7FCF79AFC0999401A1B
:10E18000652805D3FFE703208DF82F0000F064BC5D
:10E19000E6E71DE0FCF78CFC0990FFE744F2004045
:10E1A000C5F60200006800F400310020B0EB514FCA
:10E1B0000DD0FFE7FCF77CFC0999401A652805D3D0
:10E1C000FFE703208DF82F0000F046BCE6E7FFE7ED
:10E1D000FFE7FFE70A9800788007002840F1C58034
:10E1E000FFE744F21040C5F60200006800F0380076
:10E1F000049044F22840C5F6020000680390049899
:10E2000050B1FFE70498182850D1FFE79DF80C00A3
:10E21000800700284AD1FFE744F20040C5F602001B
:10E22000006800F004010020B0EB910F09D0FFE777
:10E230000A98C06828B9FFE701208DF82F0000F088
:10E240000BBC44F20041C5F60201086820F0190039
:10E250000A9AD26810430860FCF72AFC0990FFE78D
:10E2600044F20040C5F60200006800F004010020FE
:10E27000B0EB910F0CD1FFE7FCF71AFC0999401A9B
:10E28000032804D3FFE703208DF82F00E4E3E7E73A
:10E2900044F20441C5F60201086820F0FE400A9AE3
:10E2A000126940EA02600860FFE75DE00A98C06812
:10E2B000A0B3FFE744F20041C5F60201086820F070
:10E2C00019000A9AD26810430860FCF7F1FB099024
:10E2D000FFE744F20040C5F60200006800F00401C8
:10E2E0000020B0EB910F0CD1FFE7FCF7E1FB09999F
:10E2F000401A032804D3FFE703208DF82F00ABE377
:10E30000E7E744F20441C5F60201086820F0FE4048
:10E310000A9A126940EA0260086024E044F200416F
:10E32000C5F60201086820F001000860FCF7C0FB98
:10E330000990FFE744F20040C5F60200006800F0D3
:10E3400004010020B0EB910F0CD0FFE7FCF7B0FB0D
:10E350000999401A032804D3FFE703208DF82F0002
:10E360007AE3E7E7FFE7FFE7FFE70A980078C006F0
:10E37000002840F1A080FFE744F21040C5F60200FB
:10E38000006800F03800029044F22840C5F6020010
:10E3900000680190029808280AD0FFE70298182820
:10E3A0002BD1FFE7019800F00300012825D1FFE7FA
:10E3B00044F20040C5F60200006800F480710020BD
:10E3C000B0EB112F09D0FFE70A98C069802804D06C
:10E3D000FFE701208DF82F003EE3FFE744F20C41F8
:10E3E000C5F60201086820F07C500A9A126A40EAD9
:10E3F00002600860FFE7FFE75CE00A98C06998B335
:10E40000FFE744F20041C5F60201086840F08000D1
:10E410000860FCF74DFB0990FFE744F20040C5F6A9
:10E420000200006800F480710020B0EB112F0CD1C5
:10E43000FFE7FCF73DFB0999401A032804D3FFE7E7
:10E4400003208DF82F0007E3E7E7FFE744F20C41D4
:10E45000C5F60201086820F07C500A9A126A40EA68
:10E4600002600860FFE724E044F20041C5F60201C3
:10E47000086820F080000860FCF71AFB0990FFE7AD
:10E4800044F20040C5F60200006800F480710020EC
:10E49000B0EB112F0CD0FFE7FCF70AFB0999401AEB
:10E4A000032804D3FFE703208DF82F00D4E2E7E729
:10E4B000FFE7FFE7FFE70A980078000700284FD53D
:10E4C000FFE70A98406928B3FFE744F27441C5F6B4
:10E4D0000201086840F001000860FCF7E9FA0990C1
:10E4E000FFE744F27440C5F60200006800F0020144
:10E4F0000020B0EB510F0CD1FFE7FCF7D9FA0999D6
:10E50000401A032804D3FFE703208DF82F00A3E26D
:10E51000E7E724E044F27441C5F60201086820F000
:10E5200001000860FCF7C4FA0990FFE744F2744068
:10E53000C5F60200006800F002010020B0EB510FA8
:10E540000CD0FFE7FCF7B4FA0999401A032804D36A
:10E55000FFE703208DF82F007EE2E7E7FFE7FFE704
:10E560000A980078800600284FD5FFE70A9880694E
:10E5700028B3FFE744F20041C5F60201086840F401
:10E5800080500860FCF794FA0990FFE744F20040DD
:10E59000C5F60200006800F400510020B0EB513FC6
:10E5A0000CD1FFE7FCF784FA0999401A032804D339
:10E5B000FFE703208DF82F004EE2E7E724E044F266
:10E5C0000041C5F60201086820F480500860FCF79D
:10E5D0006FFA0990FFE744F20040C5F602000068B8
:10E5E00000F400510020B0EB513F0CD0FFE7FCF7E6
:10E5F0005FFA0999401A032804D3FFE703208DF836
:10E600002F0029E2E7E7FFE7FFE70A9800784007D5
:10E61000002840F1A780FFE744F60001C5F602019B
:10E62000086840F480700860FCF742FA0990FFE740
:10E6300044F60000C5F602000068C00500280CD4AE
:10E64000FFE7FCF735FA0999401A652804D3FFE77C
:10E6500003208DF82F00FFE1EAE7FFE70A988068C2
:10E66000012809D1FFE744F27041C5F602010868AC
:10E6700040F00100086031E00A98806868B9FFE75F
:10E6800044F27041C5F60201086820F001000860FC
:10E69000086820F0040008601FE00A9880680528D8
:10E6A0000DD1FFE744F27041C5F60201086840F061
:10E6B00004000860086840F0010008600CE044F2C3
:10E6C0007041C5F60201086820F001000860086882
:10E6D00020F004000860FFE7FFE7FFE7FFE70A9884
:10E6E0008068F8B1FFE7FCF7E3F90990FFE744F22F
:10E6F0007040C5F60200006800F002010020B0EB97
:10E70000510F0ED1FFE7FCF7D3F90999401A41F2F6
:10E710008931884204D3FFE703208DF82F009BE165
:10E72000E5E71EE0FCF7C4F90990FFE744F270400A
:10E73000C5F60200006800F002010020B0EB510FA6
:10E740000ED0FFE7FCF7B4F90999401A41F289317C
:10E75000884204D3FFE703208DF82F007CE1E5E732
:10E76000FFE7FFE70A98406A002800F07181FFE7A1
:10E7700044F21040C5F60200006800F03800182886
:10E7800000F0E080FFE70A98406A022840F0B48079
:10E79000FFE744F20041C5F60201086820F08070EE
:10E7A0000860FCF785F90990FFE744F20040C5F6E0
:10E7B0000200006800F000710020B0EB516F0CD037
:10E7C000FFE7FCF775F90999401A032804D3FFE71E
:10E7D00003208DF82F003FE1E7E7FFE744F22841EF
:10E7E000C5F60201086840F2F33290430A9B9A6A28
:10E7F000DB6A42EA0312104308600A99086BD1F8F9
:10E8000034C08B6BCA6B01386FF35F204FF6006129
:10E81000CFF6FF7101EB4C2189B208440021CFF6FD
:10E82000FF7101EB034101F4FE0108444FF07F4109
:10E8300001EB026101F0FE41084444F23041C5F6AB
:10E8400002010860FFE744F22C41C5F60201009185
:10E85000086820F00100086044F23442C5F6020264
:10E8600010684FF6F87398430A9B9B6C40EAC3000C
:10E870001060086820F00C000A9A126C10430860BF
:10E88000086820F002000A9A526C10430860086879
:10E8900040F480300860086840F400300860086880
:10E8A00040F480200860086840F00100086044F2ED
:10E8B0000041C5F60201086840F080700860FCF76E
:10E8C000F7F80990FFE744F20040C5F6020000683F
:10E8D00000F000710020B0EB516F0CD1FFE7FCF7A6
:10E8E000E7F80999401A032804D3FFE703208DF8BD
:10E8F0002F00B1E0E7E724E044F20041C5F6020151
:10E90000086820F080700860FCF7D2F80990FFE7F3
:10E9100044F20040C5F60200006800F000710020DB
:10E92000B0EB516F0CD0FFE7FCF7C2F80999401A21
:10E93000032804D3FFE703208DF82F008CE0E7E7DE
:10E94000FFE784E044F22840C5F602000068089022
:10E9500044F23040C5F60200006807900A98406A09
:10E96000012837D0FFE7089800F003000A99896A68
:10E9700088422FD1FFE7089800F47C710A98C06A9A
:10E98000B0EB111F26D1FFE707986FF35F200A99BC
:10E99000096B013988421DD1FFE7BDF81C100A98A8
:10E9A000406B0138B0EB512F14D1FFE7079800F40A
:10E9B000FE010A98806B0138B0EB114F0AD1FFE7D6
:10E9C000079800F0FE410A98C06B0138B0EB116F58
:10E9D00004D0FFE701208DF82F003DE044F23440E1
:10E9E000C5F60200006880B2C00808900A98806CE2
:10E9F0000899884229D0FFE744F22C41C5F602016C
:10EA0000086820F001000860FCF752F80990FFE761
:10EA1000FCF74EF80999401A08B9FFE7F8E744F205
:10EA20003441C5F6020108684FF6F87290430A9A1D
:10EA3000926C40EAC200086044F22C41C5F6020123
:10EA4000086840F001000860FFE7FFE7FFE7FFE725
:10EA500000208DF82F00FFE79DF82F000CB080BD3F
:10EA600081B0009001B0704781B0009001B0704754
:10EA700081B0009001B0704784B0029001910020F5
:10EA80000090FFE7029890F83C00012804D1FFE7CE
:10EA900002208DF80F0082E00299012081F83C00ED
:10EAA000FFE7FFE7009820F0FF000199C9680843DD
:10EAB0000090009820F44070019989680843009004
:10EAC000009820F4806001994968084300900098FC
:10EAD00020F400600199096808430090009820F430
:10EAE00080500199096908430090009820F4005073
:10EAF0000199496908430090009820F480400199E9
:10EB0000096B08430090009820F4702001998969EE
:10EB100040EA01400090009820F080500199C969B6
:10EB200008430090029800680021C4F20101884265
:10EB300009D0FFE70298006840F20041C4F20101E9
:10EB400088421ED1FFE7009820F470000199896A7D
:10EB500040EA01500090009820F080700199096A05
:10EB600008430090009820F000700199496A08431A
:10EB70000090009820F000500199C96A0843009065
:10EB8000FFE70098029909684864FFE702990020AE
:10EB900081F83C00FFE700208DF80F00FFE79DF8AB
:10EBA0000F0004B07047000085B003900291FFE7AA
:10EBB000039890F83C00012804D1FFE702208DF86B
:10EBC0001300ABE00399012081F83C00FFE7FFE769
:10EBD0000399022081F83D00039800684068019085
:10EBE0000398006880680090039800680021C4F2D0
:10EBF0000101884209D0FFE70398006840F2004114
:10EC0000C4F2010188420AD1FFE7019820F47000A4
:10EC1000019002984168019808430190FFE701982C
:10EC200020F070000190029801680198084301905B
:10EC30000198039909684860039800680021C4F2AC
:10EC4000010188424ED0FFE703980068B0F1804F81
:10EC500048D0FFE70398006840F20041C4F2000189
:10EC600088423FD0FFE70398006840F60001C4F2F5
:10EC70000001884236D0FFE70398006840F6004163
:10EC8000C4F2000188422DD0FFE70398006840F2EB
:10EC90000041C4F20101884224D0FFE703980068D4
:10ECA00041F60001C4F2000188421BD0FFE703983F
:10ECB000006844F20001C4F20101884212D0FFE76B
:10ECC000039800684EF20001C4F20001884209D0A6
:10ECD000FFE7039800684EF20041C4F20001884249
:10ECE0000ED1FFE7009820F0800000900298816824
:10ECF0000098084300900098039909688860FFE72E
:10ED00000399012081F83D00FFE70399002081F875
:10ED10003C00FFE700208DF81300FFE79DF813008B
:10ED200005B070470000000080B582B000900098E8
:10ED300020B9FFE701208DF8070045E0009890F822
:10ED40003D0040B9FFE70099002081F83C000098A1
:10ED500000F03EF8FFE70099022081F83D0000999D
:10ED600051F8040B0FF0ACFF0099012081F8480026
:10ED7000FFE70099012081F83E00009981F83F00EB
:10ED8000009981F84000009981F84100009981F8CC
:10ED90004200009981F84300FFE7FFE70099012056
:10EDA00081F84400009981F84500009981F84600F7
:10EDB000009981F84700FFE70099012081F83D00A4
:10EDC00000208DF80700FFE79DF8070002B080BD26
:10EDD00080B586B00590059800680021C4F2010155
:10EDE000884210D1FFE7FFE744F2F040C5F6020089
:10EDF000016841F001010160006800F00100049029
:10EE00000498FFE745E00598006840F20041C4F22D
:10EE10000001884219D1FFE7FFE744F2E840C5F658
:10EE20000200016841F002010160006800F0020088
:10EE300003900398FFE71D20019005210022FBF7B6
:10EE40008FFF0198FBF780FF22E00598006840F6ED
:10EE50000041C4F20001884219D1FFE7FFE744F204
:10EE6000E840C5F60200016841F008010160006851
:10EE700000F0080002900298FFE732200090052180
:10EE80000022FBF76DFF0098FBF75EFFFFE7FFE74F
:10EE9000FFE706B080BD000083B00190019890F8B4
:10EEA0003D00012804D0FFE701208DF80B0083E02E
:10EEB0000199022081F83D0001980168C86840F07E
:10EEC0000100C860019800680021C4F20101884275
:10EED0004ED0FFE701980068B0F1804F48D0FFE7BF
:10EEE0000198006840F20041C4F2000188423FD01E
:10EEF000FFE70198006840F60001C4F20001884273
:10EF000036D0FFE70198006840F60041C4F20001E6
:10EF100088422DD0FFE70198006840F20041C4F21A
:10EF20000101884224D0FFE70198006841F6000102
:10EF3000C4F2000188421BD0FFE70198006844F248
:10EF40000001C4F20101884212D0FFE70198006875
:10EF50004EF20001C4F20001884209D0FFE7019897
:10EF600000684EF20041C4F20001884219D1FFE767
:10EF70000198006880680721C0F2010108400090F4
:10EF8000009806280CD0FFE70098B0F5803F07D026
:10EF9000FFE701980168086840F001000860FFE79A
:10EFA00006E001980168086840F001000860FFE78A
:10EFB00000208DF80B00FFE79DF80B0003B07047B1
:10EFC00080B586B00490039100208DF80B00FFE718
:10EFD000049890F83C00012804D1FFE702208DF846
:10EFE0001700D1E00499012081F83C00FFE7FFE71A
:10EFF0000499022081F83D0004980068806801901F
:10F0000001984FF68871CFF6CE71084001900198B3
:10F0100020F47F4001900198049909688860039862
:10F0200000680090002800F09580FFE70098102805
:10F0300000F09080FFE70098202800F08B80FFE729
:10F040000098302800F08680FFE70098402874D0B0
:10F05000FFE70098502856D0FFE7009860285FD05F
:10F06000FFE7009870282AD0FFE70098B0F5805F8E
:10F0700024D0FFE70098B0F5005F35D0FFE7009897
:10F08000B0F5801F66D0FFE70098B0F1101F61D087
:10F09000FFE700982021C0F2100188425AD0FFE714
:10F0A00000983021C0F21001884253D0FFE7009849
:10F0B0004021C0F2100188424CD052E055E0049843
:10F0C0000068039B5A689968DB680FF0F9FE0498A2
:10F0D000006880680190019840F0770001900198E5
:10F0E00004990968886040E004980068039B5A68A6
:10F0F0009968DB680FF0E4FE04980168886840F4C2
:10F100008040886031E004980068039A5168D268B2
:10F1100010F066FA0498006850210FF0EDFE24E02C
:10F1200004980068039A5168D26810F081FA049834
:10F13000006860210FF0E0FE17E004980068039A71
:10F140005168D26810F04CFA0498006840210FF022
:10F15000D3FE0AE004980068039909680FF0CCFE1A
:10F1600003E001208DF80B00FFE70499012081F8EE
:10F170003D00FFE70499002081F83C00FFE79DF87F
:10F180000B008DF81700FFE79DF8170006B080BD53
:10F1900081B0009001B0704780B584B003900398AF
:10F1A0000068C068029003980068006901909DF8AB
:10F1B00004008007002824D5FFE79DF80800800799
:10F1C00000281DD5FFE7039801686FF00200086171
:10F1D000039901200877039800688069800720B1AF
:10F1E000FFE70398FFF7D4FF06E0039800F030F93B
:10F1F000039800F061FAFFE7039900200877FFE722
:10F20000FFE79DF804004007002825D5FFE79DF89B
:10F210000800400700281ED5FFE7039801686FF03B
:10F220000400086103990220087703980068806948
:10F2300010F4407F04D0FFE70398FFF7A9FF06E032
:10F24000039800F005F9039800F036FAFFE70399F8
:10F2500000200877FFE7FFE79DF80400000700287B
:10F2600024D5FFE79DF80800000700281DD5FFE71B
:10F27000039801686FF0080008610399042008777B
:10F2800003980068C069800720B1FFE70398FFF783
:10F290007FFF06E0039800F0DBF8039800F00CFA1B
:10F2A000FFE7039900200877FFE7FFE79DF80400D8
:10F2B000C006002825D5FFE79DF80800C0060028F5
:10F2C0001ED5FFE7039801686FF0100008610399ED
:10F2D0000820087703980068C06910F4407F04D0C4
:10F2E000FFE70398FFF754FF06E0039800F0B0F83B
:10F2F000039800F0E1F9FFE7039900200877FFE7A2
:10F30000FFE79DF80400C00778B1FFE79DF808000B
:10F31000C00748B1FFE7039801686FF0010008617A
:10F32000039800F021FBFFE7FFE7019800F0800061
:10F33000802806D0FFE79DF805008006002810D53C
:10F34000FFE79DF808000006002809D5FFE70398AD
:10F3500001686FF4025008610398FFF785FBFFE72F
:10F36000FFE79DF80500C00780B1FFE79DF80800A2
:10F370000006002809D5FFE7039801686FF4807044
:10F3800008610398FFF76CFBFFE7FFE79DF80400B7
:10F390004006002810D5FFE79DF808004006002829
:10F3A00009D5FFE7039801686FF0400008610398F2
:10F3B00000F002FBFFE7FFE79DF80400800600284D
:10F3C00010D5FFE79DF808008006002809D5FFE763
:10F3D000039801686FF0200008610398FFF748FB6D
:10F3E000FFE7FFE704B080BD80B588B0079000203C
:10F3F0000690059004900390029007980068002101
:10F40000C4F20101884221D1FFE7FFE744F2E04066
:10F41000C5F60200016841F010010160006800F0CB
:10F42000100001900198FFE74FF400700290022055
:10F4300003900020049005900120069041F2000006
:10F44000C5F6020002A9FBF747F9FFE708B080BD47
:10F4500081B0009001B0704780B586B004900391F0
:10F46000029200208DF80700FFE7049890F83C0016
:10F47000012804D1FFE702208DF81700C0E00499AD
:10F48000012081F83C00FFE7FFE702980090142874
:10F4900000F2A7800099DFE801F00BA4A4A424A443
:10F4A000A4A43EA4A4A457A4A4A471A4A4A48A00C0
:10F4B0000498006803990FF037FD04980168886983
:10F4C00040F00800886104980168886920F0040011
:10F4D000886103980269049801688869104388610B
:10F4E00083E00498006803990FF0C6FD0498016852
:10F4F000886940F40060886104980168886920F494
:10F50000806088610398026904980168886940EA0C
:10F510000220886169E00498006803990FF064FE96
:10F5200004980168C86940F00800C861049801683F
:10F53000C86920F00400C861039802690498016852
:10F54000C8691043C86150E00498006803990FF03F
:10F5500003FF04980168C86940F40060C86104981A
:10F560000168C86920F48060C86103980269049842
:10F570000168C86940EA0220C86136E00498006862
:10F5800003990FF059FF04980168486D40F0080096
:10F59000486504980168486D20F0040048650398A8
:10F5A000026904980168486D104348651DE004989D
:10F5B000006803990FF0A8FF04980168486D40F4B3
:10F5C0000060486504980168486D20F480604865D3
:10F5D0000398026904980168486D40EA0220486572
:10F5E00003E001208DF80700FFE7FFE70499002002
:10F5F00081F83C00FFE79DF807008DF81700FFE752
:10F600009DF8170006B080BD80B582B000900098CC
:10F6100020B9FFE701208DF8070045E0009890F839
:10F620003D0040B9FFE70099002081F83C000098B8
:10F6300000F03EF8FFE70099022081F83D000099B4
:10F6400051F8040B0FF03CFB0099012081F84800B1
:10F65000FFE70099012081F83E00009981F83F0002
:10F66000009981F84000009981F84100009981F8E3
:10F670004200009981F84300FFE7FFE7009901206D
:10F6800081F84400009981F84500009981F846000E
:10F69000009981F84700FFE70099012081F83D00BB
:10F6A00000208DF80700FFE79DF8070002B080BD3D
:10F6B00081B0009001B0704781B0009001B07047F8
:10F6C00080B590B00E900D910D9828B9FFE70E9877
:10F6D00090F83E000B9034E00D98042805D1FFE728
:10F6E0000E9890F83F000A9028E00D98082805D160
:10F6F000FFE70E9890F8400009901CE00D980C2848
:10F7000005D1FFE70E9890F84100089010E00D98A1
:10F71000102805D1FFE70E9890F84200079004E00A
:10F720000E9890F843000790FFE707980890FFE7CE
:10F7300008980990FFE709980A90FFE70A980B904C
:10F74000FFE70B98012804D0FFE701208DF83F0068
:10F7500003E10D9828B9FFE70E99022081F83E00D9
:10F7600038E00D98042806D1FFE70E99022081F8B1
:10F770003F0006902CE00D98082806D1FFE70E996F
:10F78000022081F8400005901FE00D980C2806D15A
:10F79000FFE70E99022081F84100049012E00D98D5
:10F7A000102806D1FFE70E99022081F8420003904D
:10F7B00005E00E99022081F843000390FFE70398CB
:10F7C0000490FFE704980590FFE705980690FFE78F
:10F7D0000698FFE70E9800680D99012201920FF03C
:10F7E00053FB01980E9909680022C4F2010291426C
:10F7F00002902DD0FFE70E980168012040F20042F0
:10F80000C4F201029142029022D0FFE70E980168F3
:10F81000012044F20002C4F201029142029017D08A
:10F82000FFE70E980168012044F20042C4F2010291
:10F83000914202900CD0FFE70E9800684BF6000151
:10F84000CBF6FE710844B0FA80F040090290FFE761
:10F850000298C00738B1FFE70E980168486C40F481
:10F8600000404864FFE70E9800680021C4F20101DF
:10F8700088424ED0FFE70E980068B0F1804F48D024
:10F88000FFE70E98006840F20041C4F20001884290
:10F890003FD0FFE70E98006840F60001C4F2000177
:10F8A000884236D0FFE70E98006840F60041C4F267
:10F8B000000188422DD0FFE70E98006840F2004119
:10F8C000C4F20101884224D0FFE70E98006841F697
:10F8D0000001C4F2000188421BD0FFE70E980068C7
:10F8E00044F20001C4F20101884212D0FFE70E98F1
:10F8F00000684EF20001C4F20001884209D0FFE71F
:10F900000E9800684EF20041C4F20001884219D1FD
:10F91000FFE70E98006880680721C0F201010840E7
:10F920000C900C9806280CD0FFE70C98B0F5803F9F
:10F9300007D0FFE70E980168086840F001000860F2
:10F94000FFE706E00E980168086840F001000860D3
:10F95000FFE700208DF83F00FFE79DF83F0010B063
:10F9600080BD00000000000080B582B001900198C9
:10F970000068B0F1804F03D1FFE7FBF7A1F8FFE784
:10F980000198006840F20041C4F20001884201D1B0
:10F99000FFE7FFE70198006840F60041C4F200016C
:10F9A000884205D1FFE70CF07BFB18F085FDFFE7EF
:10F9B00002B080BD0000000081B0009001B070472F
:10F9C00083B00190FFE7019890F88400012804D1EA
:10F9D000FFE702208DF80B002CE00199012081F84F
:10F9E0008400FFE7FFE701992420C1F8880001980F
:10F9F00000680068009001980168086820F0010024
:10FA00000860009820F0005000900199002048669E
:10FA1000009801990968086001992020C1F88800C0
:10FA2000FFE70199002081F88400FFE700208DF8AE
:10FA30000B00FFE79DF80B0003B0704700000000CB
:10FA400081B000900098006F01B070470000000086
:10FA500080B586B004900391ADF80A200498D0F8E0
:10FA60008C00202844D1FFE7039820B1FFE7BDF8C0
:10FA70000A0020B9FFE701208DF817003CE0049947
:10FA80000120C86604990020086704980399BDF80E
:10FA90000A2012F035FB8DF809009DF8090010BB13
:10FAA000FFE70498C06E012818D1FFE704980168A9
:10FAB00010200862FFE7FFE70498006850E8000F95
:10FAC00040F010000190FFE701990498026842E8B5
:10FAD00000100028F0D1FFE7FFE703E001208DF8D8
:10FAE0000900FFE7FFE79DF809008DF8170003E024
:10FAF00002208DF81700FFE79DF8170006B080BDC3
:10FB000080B586B004900391ADF80A2000208DF8EE
:10FB100009000498D0F88C0020283DD1FFE7039815
:10FB200020B1FFE7BDF80A0020B9FFE701208DF8FA
:10FB3000170035E004990120C86604990020086781
:10FB400004980399BDF80A2012F072FB0498C06E65
:10FB5000012818D1FFE70498016810200862FFE728
:10FB6000FFE70498006850E8000F40F01000019093
:10FB7000FFE701990498026842E800100028F0D1DC
:10FB8000FFE7FFE703E001208DF80900FFE79DF89C
:10FB900009008DF8170003E002208DF81700FFE739
:10FBA0009DF8170006B080BD80B582B00190ADF819
:10FBB00002100198006847F60001C4F20001884273
:10FBC00005D1FFE7BDF8020001F0F6FA21E0019847
:10FBD000006841F20001C4F20101884212D0FFE73F
:10FBE0000198006847F60041C4F20001884209D03C
:10FBF000FFE70198006841F60001C4F20101884264
:10FC000006D1FFE70198BDF8021003F04DF8FFE7B9
:10FC1000FFE702B080BD000081B0009001B07047E6
:10FC200080B584B002900191FFE7029890F88400BB
:10FC3000012804D1FFE702208DF80F0032E002997D
:10FC4000012081F88400FFE7FFE702992420C1F832
:10FC500088000298006800680090029801680868AF
:10FC600020F00100086002980068806820F0606061
:10FC700001990843029909688860029810F074FDA0
:10FC8000009802990968086002992020C1F888004C
:10FC9000FFE70299002081F88400FFE700208DF83B
:10FCA0000F00FFE79DF80F0004B080BD00000000CA
:10FCB00080B584B002900191FFE7029890F884002B
:10FCC000012804D1FFE702208DF80F0032E00299ED
:10FCD000012081F88400FFE7FFE702992420C1F8A2
:10FCE000880002980068006800900298016808681F
:10FCF00020F00100086002980068806820F06040F1
:10FD000001990843029909688860029810F02CFD57
:10FD1000009802990968086002992020C1F88800BB
:10FD2000FFE70299002081F88400FFE700208DF8AA
:10FD30000F00FFE79DF80F0004B080BD0000000039
:10FD400081B0009001B0704781B0009001B0704761
:10FD500080B586B00490FFE7FFE70498006850E89C
:10FD6000000F20F490700390FFE703990498026855
:10FD700042E800100028F0D1FFE7FFE7FFE7FFE7C8
:10FD80000498006850E8020F4FF6FE71CEF6FF713E
:10FD900008400290FFE702990498026842E80210C6
:10FDA0000028EDD1FFE7FFE70498C06E012814D1C9
:10FDB000FFE7FFE7FFE70498006850E8000F20F036
:10FDC00010000190FFE701990498026842E80010D2
:10FDD0000028F0D1FFE7FFE7FFE70498006880689C
:10FDE0004006002837D5FFE7FFE7FFE704980068E3
:10FDF00050E8020F20F040000090FFE700990498BF
:10FE0000026842E802100028F0D1FFE7FFE70498FB
:10FE1000D0F88000F0B1FFE70498D0F880100020FF
:10FE200008650498D0F88000F6F76AF888B1FFE713
:10FE30000498D0F88000F7F777F8202808D1FFE77A
:10FE400004991020C1F8900003208DF8170019E0E4
:10FE5000FFE7FFE7FFE704990020A1F85E0004999F
:10FE60000A680F21116204990A68916941F008013A
:10FE70009161049A2021C2F88C100499C8668DF80B
:10FE80001700FFE79DF8170006B080BD00000000D6
:10FE900080B586B004900498D0F888000390049848
:10FEA000D0F88C0002900498006880680006002852
:10FEB00036D5FFE70398212832D1FFE7FFE7FFE7B8
:10FEC0000498006850E8020F20F080000190FFE7DE
:10FED00001990498026842E802100028F0D1FFE777
:10FEE000FFE70498C06FB8B1FFE70498C06FF6F75A
:10FEF00007F880B1FFE70498C06FF7F715F82028DE
:10FF000008D1FFE704991020C1F8900003208DF874
:10FF1000170049E0FFE7FFE7049810F00DFFFFE747
:10FF20000498006880684006002839D5FFE70298E9
:10FF3000222835D1FFE7FFE7FFE70498006850E883
:10FF4000020F20F040000090FFE70099049802683B
:10FF500042E802100028F0D1FFE7FFE70498D0F84C
:10FF60008000C8B1FFE70498D0F88000F5F7C8FF1B
:10FF700088B1FFE70498D0F88000F6F7D5FF202875
:10FF800008D1FFE704991020C1F8900003208DF8F4
:10FF9000170009E0FFE7FFE7049810F059FEFFE7BC
:10FFA00000208DF81700FFE79DF8170006B080BD10
:10FFB00080B582B001900198006847F60001C4F254
:10FFC0000001884203D1FFE701F0CAF8FFE701987A
:10FFD000006841F60041C4F2010188420CD1FFE7FC
:10FFE00045F25C60C2F2004044F60461C2F20001D6
:10FFF000012200F0DDFDFFE70198006841F20001F9
:020000040801F1
:10000000C4F20101884212D0FFE70198006847F668
:100010000041C4F20001884209D0FFE7019800685E
:1000200041F60001C4F20101884204D1FFE70198C2
:1000300002F0A2FAFFE702B080BD0000000000005D
:1000400080B592B0119011980068C0691090119815
:10005000006800680F901198006880680E901098F2
:1000600040F60F0108400D900D98E0B9FFE79DF8AC
:1000700040008006002815D5FFE79DF83C0080066B
:10008000002806D4FFE79DF83B00C006002809D5EC
:10009000FFE71198406F20B1FFE71198416F884743
:1000A000FFE74AE3FFE70D98002800F00C81FFE727
:1000B0000E980121C1F20001084209D1FFE70F9813
:1000C00040F22011C0F20041084200F0FC80FFE73E
:1000D0009DF84000C00788B1FFE79DF83D00C007CC
:1000E00060B1FFE711980168012008621199D1F809
:1000F000900040F00100C1F89000FFE79DF840003B
:100100008007002811D5FFE79DF83800C00760B1CF
:10011000FFE711980168022008621199D1F8900058
:1001200040F00400C1F89000FFE79DF84000400750
:10013000002811D5FFE79DF83800C00760B1FFE740
:1001400011980168042008621199D1F8900040F0DC
:100150000200C1F89000FFE79DF84000000700286A
:1001600019D5FFE79DF83C008006002807D4FFE77B
:100170000E980121C1F2000108420CD0FFE711984E
:100180000168082008621199D1F8900040F0080039
:10019000C1F89000FFE79DF841000007002813D543
:1001A000FFE79DF83F00400700280DD5FFE71198B5
:1001B00001684FF4006008621199D1F8900040F096
:1001C0002000C1F89000FFE71198D0F890000028B7
:1001D00078D0FFE79DF840008006002815D5FFE79E
:1001E0009DF83C008006002806D4FFE79DF83B0000
:1001F000C006002809D5FFE71198406F20B1FFE73E
:100200001198416F8847FFE7FFE71198D0F89000F9
:100210000C9011980068806800F04000402806D0DB
:10022000FFE79DF8300010F0280F42D0FFE711984B
:1002300010F00EFD1198006880684006002833D544
:10024000FFE7FFE7FFE71198006850E8020F20F092
:1002500040000B90FFE70B991198026842E80210EA
:100260000028F0D1FFE7FFE71198D0F88000B0B187
:10027000FFE71198D0F8801040F68120C0F6020008
:1002800008651198D0F88000F6F7F6FA30B1FFE76C
:100290001198D0F88000016D8847FFE703E01198BE
:1002A000FFF786FEFFE703E01198FFF781FEFFE707
:1002B00007E01198FFF77CFE11990020C1F890002B
:1002C000FFE7FFE739E21198C06E012840F0D681C0
:1002D000FFE79DF84000C006002840F1CF81FFE70E
:1002E0009DF83C00C006002840F1C881FFE7119846
:1002F0000168102008621198006880684006002894
:1003000040F15A81FFE71198D0F880000068102171
:10031000C4F20201884200F0A280FFE71198D0F8F1
:10032000800000682821C4F20201884200F0978012
:10033000FFE71198D0F8800000684021C4F2020164
:10034000884200F08C80FFE71198D0F880000068A8
:100350005821C4F20201884200F08180FFE7119821
:10036000D0F8800000687021C4F20201884276D083
:10037000FFE71198D0F8800000688821C4F20201DC
:1003800088426CD0FFE71198D0F880000068A02167
:10039000C4F20201884262D0FFE71198D0F88000D1
:1003A0000068B821C4F20201884258D0FFE71198D2
:1003B000D0F88000006840F21041C4F20201884287
:1003C0004DD0FFE71198D0F88000006840F2284136
:1003D000C4F20201884242D0FFE71198D0F88000B1
:1003E000006840F24041C4F20201884237D0FFE782
:1003F0001198D0F88000006840F25841C4F2020120
:1004000088422CD0FFE71198D0F88000006840F2B5
:100410007041C4F20201884221D0FFE71198D0F860
:100420008000006840F28841C4F20201884216D080
:10043000FFE71198D0F88000006840F2A041C4F2B4
:10044000020188420BD0FFE71198D0F880000068C5
:1004500040F2B841C4F20201884207D1FFE7119887
:10046000D0F8800000684068019006E01198D0F84C
:100470008000006840680190FFE70198ADF82A000D
:10048000BDF82A0000287BD0FFE7BDF82A001199AB
:10049000B1F85C10884273DAFFE7BDF82A001199C1
:1004A000A1F85E001198D0F88000C069B0F5807F97
:1004B00059D0FFE7FFE7FFE71198006850E8000F09
:1004C00020F480700990FFE709991198026842E8CA
:1004D00000100028F0D1FFE7FFE7FFE7FFE71198E2
:1004E000006850E8020F20F001000890FFE708992B
:1004F0001198026842E802100028F0D1FFE7FFE7F8
:10050000FFE7FFE71198006850E8020F20F0400075
:100510000790FFE707991198026842E80210002847
:10052000F0D1FFE7FFE711992020C1F88C00119965
:100530000020C866FFE7FFE71198006850E8000F49
:1005400020F010000690FFE706991198026842E833
:1005500000100028F0D1FFE7FFE71198D0F88000E5
:10056000F5F7CEFCFFE71199022008671198B0F863
:100570005C10B0F85E20891A89B2FFF715FB1AE00B
:10058000BDF82A001199B1F85C10884212D1FFE73A
:100590001198D0F88000C069B0F5807F09D1FFE7DD
:1005A0001199022008671198B0F85C10FFF7FCFA67
:1005B000FFE7FFE7FFE7C0E01199B1F85C00B1F891
:1005C0005E10401AADF816001198B0F85E000028D1
:1005D00053D0FFE7BDF8160000284ED0FFE7FFE735
:1005E000FFE71198006850E8000F20F49070049025
:1005F000FFE704991198026842E800100028F0D142
:10060000FFE7FFE7FFE7FFE71198006850E8020FF8
:100610004FF6FE71CEF6FF7108400390FFE7039995
:100620001198026842E802100028EDD1FFE7FFE7C9
:1006300011992020C1F88C0011990020C8661199E9
:100640004867FFE7FFE71198006850E8000F20F0C7
:1006500010000290FFE702991198026842E800102A
:100660000028F0D1FFE7FFE71199022008671198F1
:10067000BDF81610FFF798FAFFE75EE09DF842001C
:10068000C00600280FD5FFE79DF83A004006002875
:1006900009D5FFE7119801684FF48010086211989E
:1006A000FFF752FB49E09DF840000006002815D5F1
:1006B000FFE79DF83C000006002806D4FFE79DF800
:1006C0003A000006002809D5FFE71198806F20B195
:1006D000FFE71198816F8847FFE72EE09DF8400003
:1006E000400600280AD5FFE79DF83C004006002898
:1006F00004D5FFE7119810F0FBFA1EE09DF84200C8
:10070000000600280AD5FFE79DF83F0040060028B4
:1007100004D5FFE71198FFF713FB0EE09DF84300A7
:10072000C00750B1FFE79DF83F000006002804D540
:10073000FFE71198FFF770FAFFE712B080BD0000E5
:1007400080B582B00090009820B9FFE701208DF8B5
:10075000070046E00098806908B1FFE700E0FFE786
:100760000098D0F8880040B9FFE70099002081F890
:100770008400009800F03CF8FFE700992420C1F8BD
:10078000880000980168086820F00100086000985F
:10079000806A20B1FFE7009810F02AF8FFE7009880
:1007A00010F086FF012804D1FFE701208DF8070033
:1007B00017E000980168486820F49040486000986D
:1007C0000168886820F02A0088600098016808683D
:1007D00040F001000860009810F0AEF88DF80700B6
:1007E000FFE79DF8070002B080BD00000000000098
:1007F00080B5CCB04B9000204A90499048904790EB
:10080000469018A8B821EFF71EFF4B98006847F6EE
:100810000001C4F20001884273D1FFE70020199063
:1008200002211891359018A8FBF7A6FF18B1FFE731
:10083000F4F726FBFFE7FFE744F2E840C5F60200C5
:10084000016841F080410160006800F0804017902D
:100850001798FFE7FFE744F2E040C5F602000168A1
:1008600041F010010160006800F010001690169829
:10087000FFE74FF4C07046900220479000200C9094
:100880004890499007204A9041F20000C5F60200C6
:1008900046A9F9F721FF0C9945F26040C2F20040E9
:1008A0000D901022C4F2020202604F224260816069
:1008B000C1604FF480620261416181614FF48072D6
:1008C000C2614FF4003202624162F7F715FC18B1C1
:1008D000FFE7F4F7D5FAFFE7FFE74B9845F26041F1
:1008E000C2F20041C0F880104B988863FFE75220A5
:1008F0000B9005210022FAF733FA0B98FAF724FA45
:1009000051E14B98006847F60041C4F2000188426B
:1009100046D1FFE70020199002211891359018A8C0
:10092000FBF72AFF18B1FFE7F4F7AAFAFFE7FFE7A2
:1009300044F2E840C5F60200016841F00041016060
:10094000006800F0004015901598FFE7FFE744F2BB
:10095000E040C5F60200016841F010010160006846
:1009600000F0100014901498FFE703204690022036
:100970004790002009904890499008204A9041F201
:100980000000C5F6020046A9F9F7A6FE099A532011
:100990000A900521FAF7E4F90A98FAF7D5F901E186
:1009A0004B98006841F60001C4F20101884247D12A
:1009B000FFE70020199001211891369018A8FBF745
:1009C000DBFE18B1FFE7F4F75BFAFFE7FFE744F25D
:1009D000F040C5F60200016841F040010160006886
:1009E00000F0400013901398FFE7FFE744F2E04067
:1009F000C5F60200016841F008010160006800F0DE
:100A0000080012901298FFE74FF4404046900220F1
:100A1000479000200790489049900B204A9040F65C
:100A20000040C5F6020046A9F9F756FE079A9B203A
:100A300008900521FAF794F90898FAF785F9B0E0DB
:100A40004B98006841F20001C4F20101884246D18E
:100A5000FFE70020199001211891369018A8FBF7A4
:100A60008BFE18B1FFE7F4F70BFAFFE7FFE744F25C
:100A7000F040C5F60200016841F010010160006815
:100A800000F0100011901198FFE7FFE744F2E040FA
:100A9000C5F60200016841F001010160006800F044
:100AA000010010901098FFE74FF4C06046900220BC
:100AB0004790002005904890499007204A900020D8
:100AC000C5F6020046A9F9F707FE059A252006900B
:100AD0000521FAF745F90698FAF736F960E04B98E0
:100AE000006841F60041C4F20101884257D1FFE796
:100AF0000020199001211891369018A8FBF73CFEB0
:100B000018B1FFE7F4F7BCF9FFE7FFE744F2F04064
:100B1000C5F60200016841F080010160006800F044
:100B200080000F900F98FFE7FFE744F2E040C5F622
:100B30000200016841F010010160006800F010003F
:100B40000E900E98FFE704204690022100914791F5
:100B500000210391489149914A9041F20000C5F665
:100B60000200019046A90291F9F7B6FD009B019899
:100B70000299039A4FF0080CCDF818C14793489298
:100B800049920B224A92F9F7A7FD039A9C20049000
:100B90000521FAF7E5F80498FAF7D6F8FFE7FFE73A
:100BA000FFE7FFE7FFE74CB080BD0000000000005A
:100BB00080B586B004900391ADF80A200498D0F86F
:100BC0008C0020283CD1FFE7039820B1FFE7BDF857
:100BD0000A0020B9FFE701208DF8170034E00499DE
:100BE0000020C8660498006840F60041C5F6000180
:100BF00088421CD0FFE70498006840680002002883
:100C000014D5FFE7FFE7FFE70498006850E8000FFE
:100C100040F080600190FFE701990498026842E883
:100C200000100028F0D1FFE7FFE7FFE7FFE7049897
:100C30000399BDF80A2011F0FBFA8DF8170003E0C4
:100C400002208DF81700FFE79DF8170006B080BD61
:100C500080B582B001900198006841F60041C4F26D
:100C60000101884216D1FFE744F60460C2F2000099
:100C7000009000780FF09CFC009945F25C60C2F295
:100C800000400122FFF794FF18B1FFE7F4F7F8F8EE
:100C9000FFE7FFE702B080BD81B0009001B0704770
:100CA00080B58AB008900791ADF81A20059308988E
:100CB000D0F88800202840F08780FFE7079820B10F
:100CC000FFE7BDF81A0020B9FFE701208DF82700E3
:100CD0007EE008990020C1F8900008992120C1F811
:100CE0008800F9F7E5FE0290BDF81A000899A1F80E
:100CF0005400BDF81A000899A1F8560008988068B9
:100D0000B0F5805F09D1FFE70898006928B9FFE7CF
:100D1000002004900798039004E0079804900020B6
:100D20000390FFE7FFE70898B0F8560088B3FFE7A5
:100D30000898029B05996A4611608021002211F0F3
:100D40008BFB40B1FFE708992020C1F88800032001
:100D50008DF827003CE0049858B9FFE70398008815
:100D60006FF35F2008990968886203980230039046
:100D700008E00498007808990968886204980130AE
:100D80000490FFE70899B1F856000138A1F8560021
:100D9000C9E70898029B05996A4611604021002224
:100DA00011F05AFB40B1FFE708992020C1F88800F4
:100DB00003208DF827000BE008992020C1F8880057
:100DC00000208DF8270003E002208DF82700FFE7C0
:100DD0009DF827000AB080BD81B0009001B0704737
:100DE000FFE7FEE70000000080B582B001900198A7
:100DF000F3F75EFE02B080BD80B545F61800C2F282
:100E00000040007808B1FFE73EE041F24150C0F6F3
:100E1000010016F001F840F62170C0F6010015F04F
:100E20007FFE40F6E950C0F6010015F03DFE0020BF
:100E3000FF2115F051FE18B1FFE7F4F721F8FFE7A5
:100E400000F08EFB18B1FFE7F4F71AF8FFE70B206C
:100E500016F046F818B1FFE7F4F712F8FFE70E2096
:100E600015F0F2FF18B1FFE7F4F70AF8FFE745F6CF
:100E70001801C2F200410120087044F6FC61C2F280
:100E8000000181F83100FFE780BD00000000000094
:100E900080B582B0ADF80600ADF80410FFE7BDF8EC
:100EA0000600BDF8041088421CDAFFE7BDF8060012
:100EB0004FF60071C2F20141415C46F2A800C2F255
:100EC00000000170017844F6FC62C2F2000282F870
:100ED0003210007815F03CFEBDF806000130ADF888
:100EE0000600DCE702B080BD84B00390029101925D
:100EF0000199039A0020914200900AD3FFE70199DB
:100F00000398029A02440020914238BF01200090C9
:100F1000FFE7009800F0010004B0704700000000F7
:100F200080B586B003900291F9F7C2FD0090EFF30F
:100F30001080049004980190EFF3108072B6059031
:100F400044F6FC61C2F200010869013008610098B2
:100F500008620398486202988862039802993422D2
:100F6000FFF7C2FF002848D0FFE746F6AC00C2F208
:100F70000000B0F8682044F6FC61C2F200018A86E5
:100F8000B0F86A20CA86B0F86C200A87B0F96820E9
:100F900000EE102AB8EEC00A9FED6D2A80EE020A1C
:100FA000B3EE001A20EE010A46F27C02C2F2000201
:100FB00082ED000AB0F96A3000EE103AB8EEC00ACD
:100FC00080EE020A20EE010A82ED010AB0F96C00FF
:100FD00000EE100AB8EEC00A80EE020A20EE010A06
:100FE00082ED020A00985062012082F8280082F8FF
:100FF0002900486901304861FFE7039802993722C8
:10100000FFF772FF002848D0FFE746F6AC00C2F2B7
:101010000000B0F86E2044F6FC61C2F200014A877D
:10102000B0F870208A87B0F87220CA87B0F96E20B5
:1010300000EE102AB8EEC00A9FED452A80EE020AA3
:101040009FED441A20EE010A46F27C02C2F2000231
:1010500082ED030AB0F9703000EE103AB8EEC00A23
:1010600080EE020A20EE010A82ED040AB0F9720055
:1010700000EE100AB8EEC00A80EE020A20EE010A65
:1010800082ED050A00985062012082F8280082F85B
:101090002900886901308861FFE7039802993D22A1
:1010A000FFF722FF00284BD0FFE746F6AC00C2F264
:1010B0000000B0F87A2044F6FC61C2F20001A1F809
:1010C0004020B0F87C20A1F84220B0F87E20A1F8A2
:1010D0004420B0F97A2000EE102AB8EEC00A9FED45
:1010E0001C2A80EE020A9FED1C1A20EE010A46F22D
:1010F0007C02C2F2000282ED060AB0F97C3000EEFA
:10110000103AB8EEC00A80EE020A20EE010A82ED23
:10111000070AB0F97E0000EE100AB8EEC00A80EEB1
:10112000020A20EE010A82ED080A009850620120AE
:1011300082F8280082F82900C8690130C861FFE7F9
:10114000019810B9FFE762B6FFE706B080BD00BFA7
:10115000000000470000FA44000034430000000093
:1011600080B582B044F6FC62C2F20002D068013061
:10117000D06045F2F060C2F200400190D0F89010CB
:1011800082F8331046F2AC02C2F200020021117064
:10119000FEF77EFE0198FEF7DBFD00F0E1F940B1BD
:1011A000FFE744F6FC61C2F20001486D013048657A
:1011B000FFE702B080BD000080B588B0ADF80E003A
:1011C000BDF80E00ADF80C0046F2AC00C2F2000013
:1011D000007830B1FFE7BDF80C00B0F5807F08D98A
:1011E000FFE744F6FC61C2F20001886D01308865BA
:1011F000A4E144F6FC61C2F20001019148680130AB
:101200004860BDF80E00888546F2AA00C2F20000D0
:101210000088C88545F2F060C2F200400290FEF7F7
:101220000FFC019A014602981165D0F88000002851
:1012300000F0FA80FFE745F2F060C2F20040D0F81B
:10124000800000681021C4F20201884200F0D180C1
:10125000FFE745F2F060C2F20040D0F8800000687D
:101260002821C4F20201884200F0C380FFE745F262
:10127000F060C2F20040D0F8800000684021C4F263
:101280000201884200F0B580FFE745F2F060C2F24B
:101290000040D0F8800000685821C4F20201884262
:1012A00000F0A780FFE745F2F060C2F20040D0F8FE
:1012B000800000687021C4F20201884200F0998029
:1012C000FFE745F2F060C2F20040D0F8800000680D
:1012D0008821C4F20201884200F08B80FFE745F2CA
:1012E000F060C2F20040D0F880000068A021C4F293
:1012F000020188427DD0FFE745F2F060C2F2004073
:10130000D0F880000068B821C4F20201884270D091
:10131000FFE745F2F060C2F20040D0F880000068BC
:1013200040F21041C4F20201884262D0FFE745F268
:10133000F060C2F20040D0F88000006840F228411E
:10134000C4F20201884254D0FFE745F2F060C2F2D5
:101350000040D0F88000006840F24041C4F2020131
:10136000884246D0FFE745F2F060C2F20040D0F874
:101370008000006840F25841C4F20201884238D02F
:10138000FFE745F2F060C2F20040D0F8800000684C
:1013900040F27041C4F2020188422AD0FFE745F2D0
:1013A000F060C2F20040D0F88000006840F288414E
:1013B000C4F2020188421CD0FFE745F2F060C2F29D
:1013C0000040D0F88000006840F2A041C4F2020161
:1013D00088420ED0FFE745F2F060C2F20040D0F83C
:1013E0008000006840F2B841C4F2020188420AD18C
:1013F000FFE745F2F060C2F20040D0F880000068DC
:101400004068009009E045F2F060C2F20040D0F878
:101410008000006840680090FFE7009844F6FC6197
:10142000C2F20001C864FFE74FF60070C2F201404B
:1014300007904FF4807006900698012820DBFFE7A4
:101440000698079901F01F01084405900798049039
:10145000BFF34F8FFFE704984EF65C71CEF20001A8
:10146000086004982030049005982038059005986D
:101470000028F0DCFFE7BFF34F8FBFF36F8FFFE76C
:10148000BDF80C0046F2AA01C2F2000109888842A8
:1014900001D1FFE752E0BDF80C0046F2AA01C2F20A
:1014A00000010988884215DDFFE7BDF80C1046F2FF
:1014B000AA00C2F2000002888B1A44F6FC62C2F253
:1014C00000029168194491600088BDF80C10FFF784
:1014D000DFFC20E046F2AA00C2F200000288BDF85C
:1014E0000C10891A44F6FC62C2F200029368194497
:1014F00001F58071916000884FF48071FFF7C8FC9E
:10150000BDF80C0030B1FFE7BDF80C100020FFF76C
:10151000BFFCFFE7FFE7BDF80C1046F2AA00C2F2DD
:10152000000001800088B0F5807F07D3FFE746F216
:10153000AA01C2F2000100200880FFE708B080BDC8
:1015400080B582B0019000910199BDF8002045F26C
:10155000F060C2F200401423FFF7A2FB02B080BD8E
:1015600080B588B046F2AA01C2F2000100200880CE
:1015700044F6FC62C2F200024FF60070C2F2014073
:1015800001909064022182F85C104FF48071029106
:10159000EFF737F80199029807910690069801280D
:1015A00020DBFFE70698079901F01F01084405902A
:1015B00007980490BFF34F8FFFE704984EF67071C1
:1015C000CEF200010860049820300490059820387D
:1015D000059005980028F0DCFFE7BFF34F8FBFF3BD
:1015E0006F8FFFE745F2F060C2F200404FF60071E6
:1015F000C2F201414FF48072FEF72AFA8DF80F0013
:101600009DF80F00002840F00A82FFE746F2AC0187
:10161000C2F200010120087044F6FC61C2F2000130
:1016200081F8300008680130086045F2F060C2F2CD
:101630000040D0F88000002800F0F081FFE745F27C
:10164000F060C2F20040D0F8800000681021C4F2BF
:101650000201884200F0D180FFE745F2F060C2F25B
:101660000040D0F8800000682821C4F202018842BE
:1016700000F0C380FFE745F2F060C2F20040D0F80E
:10168000800000684021C4F20201884200F0B58069
:10169000FFE745F2F060C2F20040D0F88000006839
:1016A0005821C4F20201884200F0A780FFE745F20A
:1016B000F060C2F20040D0F8800000687021C4F2EF
:1016C0000201884200F09980FFE745F2F060C2F223
:1016D0000040D0F8800000688821C4F202018842EE
:1016E00000F08B80FFE745F2F060C2F20040D0F8D6
:1016F00080000068A021C4F2020188427DD0FFE78B
:1017000045F2F060C2F20040D0F880000068B821D5
:10171000C4F20201884270D0FFE745F2F060C2F2E5
:101720000040D0F88000006840F21041C4F202018D
:10173000884262D0FFE745F2F060C2F20040D0F884
:101740008000006840F22841C4F20201884254D06F
:10175000FFE745F2F060C2F20040D0F88000006878
:1017600040F24041C4F20201884246D0FFE745F210
:10177000F060C2F20040D0F88000006840F25841AA
:10178000C4F20201884238D0FFE745F2F060C2F2AD
:101790000040D0F88000006840F27041C4F20201BD
:1017A00088422AD0FFE745F2F060C2F20040D0F84C
:1017B0008000006840F28841C4F2020188421CD0D7
:1017C000FFE745F2F060C2F20040D0F88000006808
:1017D00040F2A041C4F2020188420ED0FFE745F278
:1017E000F060C2F20040D0F88000006840F2B841DA
:1017F000C4F2020188420CD1FFE745F2F060C2F268
:101800000040D0F880000168086820F008000860F7
:101810000BE045F2F060C2F20040D0F880000168B1
:10182000086820F004000860FFE745F2F060C2F2AB
:101830000040D0F8800000681021C4F20201884204
:1018400000F0D180FFE745F2F060C2F20040D0F82E
:10185000800000682821C4F20201884200F0C380A1
:10186000FFE745F2F060C2F20040D0F88000006867
:101870004021C4F20201884200F0B580FFE745F242
:10188000F060C2F20040D0F8800000685821C4F235
:101890000201884200F0A780FFE745F2F060C2F243
:1018A0000040D0F8800000687021C4F20201884234
:1018B00000F09980FFE745F2F060C2F20040D0F8F6
:1018C000800000688821C4F20201884200F08B8009
:1018D000FFE745F2F060C2F20040D0F880000068F7
:1018E000A021C4F2020188427DD0FFE745F2F060FA
:1018F000C2F20040D0F880000068B821C4F20201B2
:10190000884270D0FFE745F2F060C2F20040D0F8A4
:101910008000006840F21041C4F20201884262D0A7
:10192000FFE745F2F060C2F20040D0F880000068A6
:1019300040F22841C4F20201884254D0FFE745F248
:10194000F060C2F20040D0F88000006840F24041F0
:10195000C4F20201884246D0FFE745F2F060C2F2CD
:101960000040D0F88000006840F25841C4F2020103
:10197000884238D0FFE745F2F060C2F20040D0F86C
:101980008000006840F27041C4F2020188422AD00F
:10199000FFE745F2F060C2F20040D0F88000006836
:1019A00040F28841C4F2020188421CD0FFE745F2B0
:1019B000F060C2F20040D0F88000006840F2A04120
:1019C000C4F2020188420ED0FFE745F2F060C2F295
:1019D0000040D0F88000006840F2B841C4F2020133
:1019E00088420AD1FFE745F2F060C2F20040D0F829
:1019F000800000684068009009E045F2F060C2F2A3
:101A00000040D0F88000006840680090FFE7009830
:101A100044F6FC61C2F20001C864FFE70CE046F244
:101A2000AC01C2F200010020087044F6FC61C2F271
:101A3000000181F83000FFE79DF80F0008B080BD7D
:101A400080B586B0EFF31080049004980090EFF317
:101A5000108072B6059046F27C00C2F20000406A27
:101A60000290009810B9FFE762B6FFE7F9F720F897
:101A70000190029820B9FFE700208DF80F0009E0DF
:101A800001980299411A0020652938BF01208DF87C
:101A90000F00FFE79DF80F0006B080BD00000000BA
:101AA00080B584B00190019808B9FFE715E0EFF325
:101AB0001080029002980090EFF3108072B60390AD
:101AC000019844F68871C2F200415422EEF767FD96
:101AD000009810B9FFE762B6FFE704B080BD0000D0
:101AE00085B08DED030A02900191029818B1FFE7CD
:101AF000019818B9FFE7039804903AE09DED030AB6
:101B0000029890ED001A30EE410A8DED000A9DED2D
:101B1000000A9FED1A1AB4EE410AF1EE10FA05DA46
:101B2000FFE701990888013008800FE09DED000A69
:101B30009FED131AB4EE410AF1EE10FA05DDFFE74E
:101B40000199088801380880FFE7FFE703980299A8
:101B500008609DED030A0198B0F9000001EE100A3B
:101B6000B8EEC11A9FED072AA1EE020A8DED040A14
:101B7000FFE79DED040A05B0704700BF000034C3C5
:101B8000000034430000B44381B08DED000AFFE74C
:101B90009DED000A9FED141AB4EE410AF1EE10FA21
:101BA00009DDFFE79DED000A9FED121A30EE010AF4
:101BB0008DED000AECE7FFE79DED000A9FED0B1AA3
:101BC000B4EE410AF1EE10FA09DAFFE79DED000AE2
:101BD0009FED071A30EE010A8DED000AECE79DED4E
:101BE000000A01B0704700BF00003443000034C356
:101BF0000000B4430000B4C380B586B08DF80F0078
:101C0000EFF31080049004980290EFF3108072B606
:101C100005909DF80F0046F27C01C2F2000181F8A8
:101C200028009DF80F0044F68871C2F2004101912E
:101C300081F84400F8F73CFF01998864029810B9D4
:101C4000FFE762B6FFE7002000F0D2F806B080BDE3
:101C500080B58AB08DED070ACDED060A8DED051A27
:101C6000CDED041A8DED032AF8F722FF0190EFF372
:101C70001080089008980290EFF3108072B60990D7
:101C8000079844F65C71C2F200010860069848604B
:101C9000059888600498C8600398086101984861B5
:101CA000079844F68871C2F20041086006984860BF
:101CB000059808610498486103988861019808654F
:101CC00001988864029810B9FFE762B6FFE7002028
:101CD00000F08EF80AB080BDB0B588B004900498CA
:101CE00020B9FFE700208DF8170047E0EFF31080E0
:101CF000069006980290EFF3108072B6079046F2B5
:101D00007C00C2F2000090F829008DF80F009DF8C9
:101D10000F0048B3FFE7049A009246F27C01C2F23A
:101D20000001019108684B68D1F808C0D1F80CE0B7
:101D30000C694D6955611461C2F80CE0C2F808C025
:101D4000536010608869CB69D1F820C0D1F824E0D5
:101D50008C6A9462C2F824E0C2F820C0D36190611A
:101D6000002081F82900FFE7029810B9FFE762B66A
:101D7000FFE79DF80F008DF81700FFE79DF81700AB
:101D800008B0B0BD0000000080B58CB00B90FFF72C
:101D900033F8FFE744F6D461C2F2004148680130ED
:101DA00048606846FFF798FF78B1FFE744F6D461D2
:101DB000C2F20041886801308860684600F01CF972
:101DC00000F0F2F900F054F90BE044F6D461C2F2ED
:101DD0000041C8680130C860FFF732FEFFF70CFF12
:101DE000FFE7012016F028FED4E700000000000005
:101DF00010B5DEB08DF86701F8F75AFE0490EFF3E6
:101E000010805B905B980590EFF3108072B65D9048
:101E100044F6D461C2F200412CA8B422EEF7BFFB15
:101E200044F68871C2F2004117A85422EEF7B7FBBE
:101E300044F65C7EC2F2000EDEF80000DEF804100C
:101E4000DEF80820DEF80C30DEF810C0DEF814E012
:101E5000CDF858E0CDF854C014931392129111901C
:101E600046F27C0CC2F2000CCDF80CC0DCF800008D
:101E7000DCF80410DCF80820DCF80C30DCF810E0AA
:101E8000DCF814400B94CDF828E0099308920791F0
:101E90000690DCF81800DCF81C10DCF82020DCF8D8
:101EA0002430DCF828C0CDF840C00F930E920D917D
:101EB0000C90059810B9FFE762B6FFE704982C90E4
:101EC0009DF8A0008DF8C0009DF840008DF8C1007D
:101ED0009DF841008DF8C2009DF867018DF8C300A0
:101EE00045F61900C2F2004000788DF8C4000F9842
:101EF00032900F9828B1FFE704980F99401A02908A
:101F000003E04FF0FF300290FFE7029833902998EA
:101F100034902A9835902B983690169828B1FFE780
:101F200004981699401A019003E04FF0FF30019099
:101F3000FFE70198379006983890079839900898ED
:101F40003A9009983B900A983C900B983D900C98D9
:101F50003E900D983F900E98409017984190189899
:101F60004290199843901A9844901B9845901C9859
:101F700046901D9847901E9848901F984990209829
:101F80004A9021984B9022984C9023984D902498F9
:101F90004E9025984F9026985090279851901198E0
:101FA00052901298539013985490149855901598F5
:101FB000569040F26420C2F20000016C5791B0F8D4
:101FC0004400ADF86001EFF310805A905A980590E4
:101FD000EFF3108072B65C9044F6D460C2F2004019
:101FE0002CA9B422EEF7DBFA059810B9FFE762B628
:101FF000FFE75EB010BD000082B00190019808B903
:10200000FFE732E00198806940F26421C2F20001EA
:102010000091C8600198C06908600198006A486032
:102020000198C06888610198006908610198406959
:102030004861019800684863019840688863019886
:102040008068C8630198C068886201980069C862A6
:102050000198406908630198006AC8610198806925
:1020600008620198C0694862FFE702B0704700004B
:1020700080B5A6B0EFF31080239023980690EFF37D
:10208000108072B6259044F65C7EC2F2000EDEF837
:102090000000DEF80410DEF80820DEF80C30DEF870
:1020A00010C0DEF814E0CDF830E0CDF82CC00A9373
:1020B000099208910790069810B9FFE762B6FFE70A
:1020C0000DA8019054210291EEF7BDFA40F2642070
:1020D000C2F20000009090ED010AFFF755FD009854
:1020E0008DED050A8168049107990D9108990E916B
:1020F000099911910A9912910B991391C168149140
:102100000168159105991691049917919DED050A9D
:102110009FED231A20EE010A8DED0F0A9DED040AB2
:1021200020EE010A8DED100A81691891016919915B
:1021300041691A91416B1B91816B1C91C06B1D9081
:10214000FFF77EFC8DF8780046F27C00C2F20000BA
:102150000390406A20900C982190F8F7A9FC01990F
:10216000029A1F90EFF31080229022980690EFF3CE
:10217000108072B6249044F68870C2F20040EEF7E8
:102180000EFA03999DF8780081F82800069810B996
:10219000FFE762B6FFE70120FFF72AFE26B080BD09
:1021A00035FA8E3C0000000080B582B045F619007B
:1021B000C2F20040007890B9FFE740F26421C2F219
:1021C0000001486808640020A1F84400486888605D
:1021D00045F61901C2F20041012008700FE040F2FB
:1021E0006421C2F20001019191ED010A01F1400068
:1021F0004431FFF775FC019880ED020AFFE702B059
:1022000080BD00000000000080B582B00090009802
:1022100058B1FFE70098807901F032FE012804D11F
:10222000FFE71B208DF8070003E01A208DF8070058
:10223000FFE79DF8070002B080BD0000000000002D
:1022400083B0029001918DF8032000208DF80200E8
:102250008DF80200FFE79DF802009DF80310884208
:1022600029DAFFE70298000F092809D8FFE702984A
:10227000000F303001999DF8022001F8120009E0AA
:102280000299372000EB117001999DF8022001F8A6
:102290001200FFE702980001029001989DF80210D9
:1022A00000EB410100204870FFE79DF8020001307B
:1022B0008DF80200CFE703B0704700000000000077
:1022C00082B08DED010A9DED010A0020B4EE400AB6
:1022D000F1EE10FA009019D1FFE79DED010A002000
:1022E0009FED0D1AB4EE410AF1EE10FA00900DDCEC
:1022F000FFE79DED010A9FED091A0020B4EE410AA7
:10230000F1EE10FAA8BF01200090FFE7009800F05E
:10231000010002B0704700BFFFFF7F7FFFFF7FFF1C
:1023200081B08DF803009DF803100020052938BF07
:10233000012001B07047000082B08DF806009DF8C2
:102340000610081F009103280AD3FFE700981138F0
:10235000032805D3FFE700981B380B2804D8FFE7B4
:1023600001208DF8070003E000208DF80700FFE74B
:102370009DF8070002B0704780B582B08DF8060066
:102380008DF805109DF8060000F026F830B1FFE743
:102390009DF80500FFF7C4FF20B9FFE700208DF886
:1023A000070012E09DF806004CF2FC02C0F60202A3
:1023B000642110FB01209DF8051001EB810100EB69
:1023C0008100407C8DF80700FFE79DF8070002B010
:1023D00080BD00000000000081B08DF803009DF872
:1023E00003100020032938BF012001B0704700000E
:1023F00080B584B08DF80F0002919DF80F0002990E
:102400000870029903204870029900208870029A8F
:102410000F21D17002990871029902204871029827
:10242000062100F05DF8ADF80600BDF8060002993F
:1024300088719DF807000299C87104B080BD000042
:1024400080B582B0F8F734FB019000200090FFE7E0
:102450000098022842D8FFE70098C0EB001144F62C
:10246000DC70C2F2004000EB810090F8350080B3D0
:10247000FFE701980099C1EB011244F6DC71C2F24A
:10248000004101EB8201C968401AB0F5FA7F20D9FA
:10249000FFE70098C0EB001144F6DC70C2F2004088
:1024A00000EB8102116A013111620199009AC2EBBD
:1024B000021200EB820251610099C1EB011100EBA5
:1024C0008100002180F835109DF8000000F090F99F
:1024D000FFE7FFE7009801300090B9E702B080BD48
:1024E00083B00290ADF806104FF6FF70ADF804000F
:1024F0000020ADF80200FFE7BDF80200BDF80610AD
:10250000884234DAFFE70298BDF80210415CBDF85A
:1025100004004840ADF8040000208DF80100FFE7FA
:102520009DF8010007281BD8FFE7BDF80400C0078D
:1025300048B1FFE7BDF804104AF2010080EA5100FB
:10254000ADF8040005E0BDF804004008ADF8040053
:10255000FFE7FFE79DF8010001308DF80100DFE79C
:10256000FFE7BDF802000130ADF80200C4E7BDF896
:10257000040003B07047000080B584B00390039856
:10258000EEF716FB8DF80B009DF80B0000F098F8A5
:102590008DF80A009DF80A0000F01EF908B9FFE75F
:1025A00037E09DF80A00C0EB001044F6DC71C2F27F
:1025B0000041019101EB8002D06A0130D0620398A2
:1025C000D0F890009DF80A20C2EB021201EB8201C4
:1025D0008863F8F76DFA014601989DF80A20C2EB6E
:1025E000021200EB820251619DF80A10C1EB011149
:1025F00000EB8100002180F835109DF80A0000F002
:10260000F7F80398FDF7A4FB9DF80B00EEF730FBFD
:10261000FFE704B080BD0000B0B588B08DF81700AA
:1026200004919DF8170000F0D7F818B1FFE704985F
:1026300008B9FFE741E0EFF3108006900698039099
:10264000EFF3108072B60790049901919DF817007E
:10265000C0EB001244F6DC70C2F2004000EB8203D3
:10266000029350F822005A68D3F808C0D3F80CE05F
:102670001C695D694D610C61C1F80CE0C1F808C0CE
:102680004A6008609869DA69D3F820C0D3F824E07A
:102690009C6ADD6ACD628C62C1F824E0C1F820C07A
:1026A000CA618861186B5A6B9B6B8B634A630863C2
:1026B000039810B9FFE762B6FFE708B0B0BD0000AD
:1026C00081B08DF802009DF80200032804D3FFE7D3
:1026D00003208DF8030004E09DF802008DF803004C
:1026E000FFE79DF8030001B0704700000000000004
:1026F00080B582B045F61460C2F20040007808B19F
:10270000FFE736E044F6DC70C2F20040B421EDF79A
:102710009AFF00200190FFE70198022822D8FFE7E6
:102720000198C0EB001244F6DC70C2F200404FF09A
:10273000FF3140F82210019AC2EB021200EB820234
:1027400051600199C1EB011100EB8101012081F879
:1027500032009DF80400EEF78BFAFFE70198013094
:102760000190D9E745F61461C2F2004101200870DA
:10277000FFE702B080BD000082B08DF80600009136
:102780009DF80600C0EB001144F6DC70C2F2004078
:1027900000EB8100C06920B9FFE701208DF8070038
:1027A00014E000989DF80610C1EB011244F6DC71AC
:1027B000C2F2004101EB82010969411A0020B1F522
:1027C0007A7F88BF01208DF80700FFE79DF807009A
:1027D00002B070470000000081B08DF803009DF842
:1027E00003100020032938BF012001B0704700000A
:1027F00080B584B08DF80F008DF80E10F8F758F9F9
:1028000002909DF80F00FFF7E7FF08B9FFE73DE0F2
:102810009DF80F000299FFF7AFFF8DF807009DF8B4
:102820000E0020B9FFE79DF8070070B1FFE79DF8A3
:102830000F00C0EB001144F6DC70C2F2004000EB68
:102840008101002081F83300FFE79DF80700E8B11F
:10285000FFE79DF80F00C0EB001244F6DC70C2F2F7
:1028600000404FF0FF3140F822109DF80F20C2EBDE
:10287000021200EB820251609DF80F10C1EB0111B2
:1028800000EB8101002081F83400FFE704B080BD37
:1028900080B58EB08DF837000C91ADF82E209DF8E4
:1028A0003700C0EB001044F6DC71C2F2004101EBCE
:1028B000800090F832008DF81B00BDF82E009DF8C6
:1028C0003720C2EB021201EB820108860020ADF82E
:1028D0002C00FFE7BDF82C00053080B2BDF82E10AB
:1028E000884200F38E80FFE70C98BDF82C10405C06
:1028F0009DF81B10884208D1FFE70C99BDF82C0009
:1029000008444078832801D0FFE774E00C98BDF8B4
:102910002C1008440321FFF7E3FDADF82A000C99C1
:10292000BDF82C000144C878097940EA0120ADF8CF
:102930002800BDF82A00BDF82810884227D0FFE7FC
:102940009DF83700C0EB001144F6DC70C2F2004085
:10295000059000EB8101486A01304862F8F7A8F859
:10296000014605989DF83720C2EB021200EB820267
:1029700051619DF83710C1EB011100EB810000217E
:1029800080F835109DF83700FFF732FF60E19DF8C1
:102990003700C0EB001044F6DC71C2F20041049134
:1029A00001EB8002906A013090620C9ABDF82C0015
:1029B000104480789DF83720C2EB021201EB8201AF
:1029C0008863F8F775F8014604989DF83720C2EB44
:1029D000021200EB820251619DF83710C1EB011128
:1029E00000EB8101002081F835009DF837000121BE
:1029F000FFF7FEFE2CE1BDF82C000130ADF82C00F5
:102A000068E70020ADF82C00FFE7BDF82C00093086
:102A100080B2BDF82E10884200F3F380FFE70C98D7
:102A2000BDF82C10405C9DF81B10884210D1FFE7C8
:102A30000C99BDF82C0008444078032808D1FFE722
:102A40000C99BDF82C0008448078042801D0FFE7D9
:102A5000D1E00C98BDF82C1008440721FFF740FD89
:102A6000ADF82A000C99BDF82C000144C879097A08
:102A700040EA0120ADF82800BDF82A00BDF8281072
:102A8000884227D0FFE79DF83700C0EB001144F6DD
:102A9000DC70C2F20040039000EB8101486A013013
:102AA0004862F8F705F8014603989DF83720C2EB15
:102AB000021200EB820251619DF83710C1EB011147
:102AC00000EB8100002180F835109DF83700FFF7FA
:102AD0008FFEBDE00C99BDF82C000844D0F803002F
:102AE00000BA09909DF827000006002832D5FFE7BC
:102AF0009DF83700C0EB001044F6DC71C2F20041D3
:102B0000029101EB8002906A01309062099820F0F6
:102B100000409DF83720C2EB021201EB820188636E
:102B2000F7F7C6FF014602989DF83720C2EB021264
:102B300000EB820251619DF83710C1EB011100EBEF
:102B40008101002081F835009DF837000121FFF751
:102B50004FFE7DE0099800F09FF8089008999DF8D5
:102B60003700C0EB001244F6DC70C2F20040019066
:102B700000EB82029268891A079108999DF8372024
:102B8000C2EB021200EB8202516007999DF83720D8
:102B9000C2EB021240F822109DF83710C1EB011170
:102BA00000EB8102012182F833109DF83720C2EB3F
:102BB000021200EB820282F834109DF83710C1EB4C
:102BC000011100EB8101002081F83500F7F770FF5B
:102BD000014601989DF83720C2EB021200EB8202F9
:102BE00011619DF83710C1EB011100EB8101C8693B
:102BF0000130C8612CE0BDF82C000130ADF82C008C
:102C000003E79DF83700C0EB001144F6DC70C2F218
:102C10000040009000EB8101886A01308862F7F77C
:102C200047FF014600989DF83720C2EB021200EBE7
:102C3000820251619DF83710C1EB011100EB810058
:102C4000002180F835109DF83700FFF7D1FDFFE730
:102C50000EB080BD0000000080B582B045F6146063
:102C6000C2F20040007818B9FFE7FFF741FDFFE727
:102C7000FFF7E6FB00200190FFE70198022809D842
:102C8000FFE79DF8040000F05BF8FFE701980130D2
:102C90000190F2E702B080BD81B00090009801B0D1
:102CA000704700000000000080B584B00390ADF8CC
:102CB0000A100398EDF77CFF8DF809009DF80900D4
:102CC000FFF7FEFC8DF808009DF80800FFF784FD73
:102CD00008B9FFE730E09DF80900EDF7A1FF01908A
:102CE000019848B1FFE7BDF80A0028B1FFE7BDF839
:102CF0000A00212813D3FFE79DF80800C0EB00115C
:102D000044F6DC70C2F2004000EB8101886A0130B9
:102D100088629DF808000021FFF76AFD07E09DF832
:102D200008000199BDF80A20FFF7B2FDFFE79DF802
:102D30000900EDF79DFFFFE704B080BD0000000033
:102D400080B58AB08DF82700F7F7B2FE06909DF89F
:102D50002700FFF741FD08B9FFE78FE09DF8270046
:102D6000C0EB001144F6DC70C2F2004000EB8100C1
:102D700090F8350008B1FFE780E09DF82700C0EB30
:102D8000001144F6DC70C2F2004000EB8100806963
:102D900090B1FFE706989DF82710C1EB011244F6A9
:102DA000DC71C2F2004101EB8201C968401A80085F
:102DB0004A2801D8FFE761E09DF82700C0EB001129
:102DC00044F6DC70C2F20040039000EB810090F802
:102DD00032000DF11F010491FFF70AFB03980499DB
:102DE0009DF82720C2EB021200EB8203012283F838
:102DF0003520069A9DF82730C3EB031300EB8303BD
:102E0000DA609DF82720C2EB021200EB8202906983
:102E1000013090619DF8270008220523EDF764FF3B
:102E20008DF817009DF8170040B3FFE79DF82700C5
:102E3000C0EB001144F6DC70C2F20040019000EBE0
:102E400081020021029182F835109DF82710C1EB14
:102E5000011100EB8101C86A0130C862F7F728FE52
:102E6000019A02999DF82730C3EB031302EB83020A
:102E700050619DF82700FFF7BBFCFFE70AB080BD5B
:102E800080B582B08DF807008DF806109DF8070018
:102E9000FFF7A2FC20B1FFE79DF8060008B9FFE7A5
:102EA0000EE09DF806009DF80710C1EB011244F6F4
:102EB000DC71C2F2004101EB820181F83200FFE7D0
:102EC00002B080BD0000000080B586B08DF80F0014
:102ED00002919DF80F00FFF77FFC08B9FFE733E090
:102EE000EFF31080049004980190EFF3108072B615
:102EF000059002999DF80F00C0EB001244F6DC70BB
:102F0000C2F2004000EB820291609DF80F10C1EB0D
:102F1000011100EB81004068002810D4FFE79DF804
:102F20000F00C0EB001244F6DC71C2F2004101EB6D
:102F300082004068029BC01A41F82200FFE7019816
:102F400010B9FFE762B6FFE706B080BD00000000E1
:102F500080B584B003908DF80B109FED140A0AF031
:102F60003FF98DED010A03989DF80B1000EB8100ED
:102F700090ED0C0A90ED142AB8EEC00A4BF65C20D6
:102F8000C0F6020000EB810090ED001A21EE021A5B
:102F90009DED012AA1EE020A8DED000A9DED000AC9
:102FA000BDEEC00A10EE100A04B080BD49F1E7443E
:102FB00080B584B002908DF8071000208DF80600CF
:102FC000FFE79DF80600032829D8FFE79DF80700D2
:102FD0009DF80610C840C00708B9FFE719E002983D
:102FE0009DF8061000EB810090ED141A90ED1A0A7E
:102FF00030EE410AEDF7D0FBB0EE081AB4EE410A0C
:10300000F1EE10FA04DDFFE700208DF80F000AE072
:10301000FFE79DF8060001308DF80600D1E701209A
:103020008DF80F00FFE79DF80F0004B080BD000091
:1030300080B584B09FED110A8DED000A17F00EFCEB
:10304000B0EE402A9DED000A9FED0D3A8DED013A5C
:103050009FED0C1AA2EE031A8DED031A17F0D8FF9C
:103060009DED011A20EE010A8DED020A9DED020A86
:10307000DDED030A17F09CFA04B080BD920A063F0A
:103080009A19F9420000A54380B5F2F72DFFEFF73A
:103090005FFE01F0E1FB80BD80B586B000200190AD
:1030A0000590049003900290F7F706FE0198012125
:1030B0008DF808108DF8090003901F228DF810205C
:1030C00087228DF811208DF812008DF813008DF8ED
:1030D00014108DF815108DF816008DF8170002A841
:1030E000F7F7AAFD0420F7F7FBFD06B080BD00004E
:1030F00080B582B0FFE744F2D840C5F6020001680F
:1031000041F001010160006800F0010001900198A8
:10311000FFE70B20009005210022F7F721FE009821
:10312000F7F712FE02B080BD80B582B045F6E4002C
:10313000C2F2000001904AF20001C4F200010160F5
:1031400000228260C2600121017442748274416174
:10315000142383614FF03B0CC0F81CC00362416232
:103160004FF0020CC0F828C00D21C162C0F830C079
:10317000426304218163C1630A230364416483645D
:10318000C164C0F850C041658365C365036642668B
:103190008166F6F7A9FE18B1FFE7F1F771FEFFE7C8
:1031A00002B080BD0000000080B582B045F2D8407A
:1031B000C2F2004001904AF20041C4F200010160F5
:1031C00000228260C26001210174427482744161F4
:1031D000142383614FF03B0CC0F81CC003624162B2
:1031E0004FF0020CC0F828C00D21C162C0F830C0F9
:1031F00040F25231416304218163C1630A230364B5
:1032000041648364C164C0F850C041658365C3658F
:10321000036642668166F6F767FE18B1FFE7F1F7CD
:103220002FFEFFE702B080BD80B582B045F6841066
:10323000C2F2000000904DF20041C4F200010160B2
:10324000002201928260C260012101744274827482
:103250004161142383614FF03B0CC0F81CC0036232
:103260004162022181620D23C36201634FF4C86190
:10327000416305218163C263026408214164042320
:103280008364C164026543658265C2650166426606
:103290008166F6F729FE18B1FFE7F1F7F1FDFFE7C8
:1032A00002B080BD00000000B0B5A4B04BF2645085
:1032B000C0F60200016842688368D0F80CC0D0F8FC
:1032C00010E044692294CDF884E0CDF880C01F93CB
:1032D0001E921D91806923901DA80021009115F078
:1032E000DBFB009942F20822C2F2004210604BF26E
:1032F0004850C0F6020002684368D0F808C0D0F811
:103300000CE0046945691B951A94CDF864E0CDF88A
:1033100060C01793169280691C9016A815F0BCFB2C
:10332000009940F20422C2F2004210604BF2B85001
:10333000C0F6020002684368D0F808C0D0F80CE07C
:103340000469456914951394CDF848E0CDF844C05C
:1033500010930F92806915900FA815F09DFB0099AE
:1033600044F2B032C2F2000210604BF29C50C0F640
:10337000020002684368D0F808C0D0F80CE0046985
:1033800045690D950C94CDF82CE0CDF828C0099333
:10339000089280690E9008A815F07EFB009944F20F
:1033A0006022C2F2004210604BF28050C0F6020070
:1033B00002684368D0F808C0D0F80CE00469456999
:1033C00006950594CDF810E0CDF80CC0029301925B
:1033D0008069079001A815F05FFB42F25831C2F2F4
:1033E0000001086024B0B0BD80B592B000201190FB
:1033F00010900F900E900D90FFE744F2E040C5F65C
:103400000200016841F010010160006800F0100046
:103410000C900C98FFE7FFE744F2E040C5F602008D
:10342000016841F004010160006800F004000B90A5
:103430000B98FFE7FFE744F2E040C5F602000168A1
:1034400041F080010160006800F080000A900A9855
:10345000FFE7FFE744F2E040C5F60200016841F0F3
:1034600008010160006800F0080009900998FFE772
:10347000FFE744F2E040C5F60200016841F00101B7
:103480000160006800F0010008900898FFE7FFE77E
:1034900044F2E040C5F60200016841F0020101601B
:1034A000006800F0020007900798FFE740F6000070
:1034B000C5F6020001904FF4604100910022049291
:1034C000F7F7DEFA049A41F20000C5F60200059013
:1034D0004FF400510291F7F7D3FA009A019804993A
:1034E0000D92012203920E920F9110910DA9069157
:1034F000F7F7F2F8DDF808C0039B049A05980699DF
:10350000CDF834C00E930F921092F7F7E5F812B091
:1035100080BD00000000000080B59EB0002001903A
:103520001D901C901B901A9019901890179016904F
:1035300015901490139012901190109003A83421BC
:10354000EDF781F8019945F27850C2F200400290FF
:103550000022C4F201020260EF224260816044F660
:103560001F62C260016141618161FBF7DDFB18B13F
:10357000FFE7F1F785FCFFE74FF480501A9045F222
:103580007850C2F200401AA9FBF71AFD18B1FFE704
:10359000F1F776FCFFE745F27850C2F20040FCF705
:1035A00033F818B1FFE7F1F76BFCFFE70020179045
:1035B0001890199045F27850C2F2004017A9FBF715
:1035C000F3FA18B1FFE7F1F75BFCFFE7602010901A
:1035D000002211921292139214921592169245F2B1
:1035E0007850C2F2004010A9FBF736FF18B1FFE790
:1035F000F1F746FCFFE7002000900390049005904F
:10360000069007904FF40051089109900B904FF0ED
:1036100000710C910D904FF480400F9045F278505E
:10362000C2F2004003A9FBF727FA18B1FFE7F1F750
:1036300027FCFFE745F27850C2F20040FBF7D4FECA
:103640001EB080BD0000000080B588B00021009150
:10365000079106910591049103910291019145F220
:103660001060C2F2004040F20042C4F20002026068
:10367000EF224260816040F2E732C2600161816105
:10368000FBF752FB18B1FFE7F1F7FAFBFFE74FF446
:103690008050049045F21060C2F2004004A9FBF78C
:1036A0008FFC18B1FFE7F1F7EBFBFFE7002001907B
:1036B000039045F21060C2F2004001A9FBF774FAD2
:1036C00018B1FFE7F1F7DCFBFFE708B080BD0000B1
:1036D00080B588B000210091079106910591049171
:1036E00003910291019145F60870C2F2000040F684
:1036F0000042C4F200020260EF224260816040F2A8
:10370000E732C26001618161FBF70EFB18B1FFE790
:10371000F1F7B6FBFFE74FF48050049045F60870D0
:10372000C2F2000004A9FBF74BFC18B1FFE7F1F768
:10373000A7FBFFE700200190039045F60870C2F256
:10374000000001A9FBF730FA18B1FFE7F1F798FB89
:10375000FFE708B080BD000080B582B045F2F060A0
:10376000C2F20040009047F60001C4F2000101607F
:103770004FF4E1314160002101918160C16001613C
:103780000C2242618161C161016241628162FCF788
:10379000D7FF18B1FFE7F1F773FBFFE745F2F060E1
:1037A000C2F200400021FCF783FA18B1FFE7F1F7FD
:1037B00067FBFFE745F2F060C2F200400021FCF732
:1037C0002FFA18B1FFE7F1F75BFBFFE745F2F06076
:1037D000C2F20040FCF7F4F818B1FFE7F1F750FB34
:1037E000FFE702B080BD000080B582B045F6E8700A
:1037F000C2F20000009047F60041C4F200010160EF
:103800004FF4E1314160002101918160C1600161AB
:103810000C2242618161C161016241628162FCF7F7
:103820008FFF18B1FFE7F1F72BFBFFE745F6E870D4
:10383000C2F200000021FCF73BFA18B1FFE7F1F7F4
:103840001FFBFFE745F6E870C2F200000021FCF71D
:10385000E7F918B1FFE7F1F713FBFFE745F6E8706A
:10386000C2F20000FCF7ACF818B1FFE7F1F708FB73
:10387000FFE702B080BD000080B582B045F28470E1
:10388000C2F20040009041F60001C4F20101016063
:103890004FF4E1314160002101918160C16001611B
:1038A0000C2242618161C161016241628162FCF767
:1038B00047FF18B1FFE7F1F7E3FAFFE745F284703D
:1038C000C2F200400021FCF7F3F918B1FFE7F1F76D
:1038D000D7FAFFE745F28470C2F200400021FCF7FE
:1038E0009FF918B1FFE7F1F7CBFAFFE745F28470D3
:1038F000C2F20040FCF764F818B1FFE7F1F7C0FA34
:10390000FFE702B080BD000080B582B045F25C6088
:10391000C2F20040009041F60041C4F20101016092
:103920004FF4E1314160002101918160C16001618A
:103930000C2242618161C161016241628162FCF7D6
:10394000FFFE18B1FFE7F1F79BFAFFE745F25C6075
:10395000C2F200400021FCF7ABF918B1FFE7F1F724
:103960008FFAFFE745F25C60C2F200400021FCF7ED
:1039700057F918B1FFE7F1F783FAFFE745F25C600A
:10398000C2F20040FCF71CF818B1FFE7F1F778FA33
:10399000FFE702B080BD000080B582B045F65470EC
:1039A000C2F20000009041F20001C4F20101016086
:1039B0004FF4E1314160002101918160C1600161FA
:1039C0000C2242618161C161016241628162FCF746
:1039D000B7FE18B1FFE7F1F753FAFFE745F6547069
:1039E000C2F200000021FCF763F918B1FFE7F1F71C
:1039F00047FAFFE745F65470C2F200000021FCF7D9
:103A00000FF918B1FFE7F1F73BFAFFE745F65470FD
:103A1000C2F20000FBF7D4FF18B1FFE7F1F730FA6C
:103A2000FFE702B080BD000080B545F20860C2F239
:103A3000000040F20401C2F2000101220FF078FF01
:103A400018B1FFE7F1F71CFAFFE745F20860C2F290
:103A5000000040F22C01C2F2000110F095FC18B1F8
:103A6000FFE7F1F70DFAFFE745F20860C2F2000048
:103A700040F27801C2F200010FF046F918B1FFE7F9
:103A8000F1F7FEF9FFE745F20860C2F2000010F01E
:103A90000BFE18B1FFE7F1F7F3F9FFE7F8F79CFB2E
:103AA00080BD00000000000080B592B01190109120
:103AB0000F92119800680E90119840680D9011981F
:103AC00080680C90109890ED010A90ED021A30EE8B
:103AD000010A9DED0C1A20EE010A8DED0B0A9DEDF9
:103AE0000D0A9DED0E1A30EE010A9DED0B1A30EE17
:103AF000410A8DED0A0A9DED0D0A9DED0E1A30EE7C
:103B0000410A9DED0B1A30EE010A8DED090A9DED7B
:103B10000D0A9DED0E1A30EE410A9DED0B1A30EEA6
:103B2000410A8DED080A9DED0D0A9DED0E1A30EE4D
:103B3000010A9DED0B1A30EE010A8DED070A0020F7
:103B400006909DED060A8DED010A9DED0A0A14F01E
:103B5000D7FBF0EE400A9DED010A14F04DFF8DED0C
:103B6000060A9DED060A8DED020A9DED090A14F084
:103B7000C7FBF0EE400A9DED020A14F03DFF8DED0B
:103B8000060A9DED060A8DED030A9DED080A14F064
:103B9000B7FBF0EE400A9DED030A14F02DFF8DED0A
:103BA000060A9DED060A8DED040A9DED070A14F044
:103BB000A7FBF0EE400A9DED040A14F01DFF8DED09
:103BC000060A9DED060A109890ED031AB4EE410A1C
:103BD000F1EE10FA2ADDFFE7109890ED030A9DED53
:103BE000061A80EE010A8DED050A9DED051A9DED80
:103BF0000A0A20EE010A8DED0A0A9DED051A9DEDD7
:103C0000090A20EE010A8DED090A9DED051A9DEDC8
:103C1000080A20EE010A8DED080A9DED051A9DEDBA
:103C2000070A20EE010A8DED070AFFE70A980F99AF
:103C3000086009980F99486008980F99886007985C
:103C40000F99C86012B080BDFFE7FEE700000000DA
:103C500080B586B08DED021ACDED010A8DED000A1A
:103C60009DED000A9DED012A9DED021AB1EE400A7C
:103C7000F1EE420A12F000FF8DED030ACDED040AC9
:103C80008DED051A9DED030ADDED040A9DED051A83
:103C900006B080BD0000000082B001908DF80310D6
:103CA00000208DF802008DF80100FFE79DF801006B
:103CB0009DF80310884218DAFFE701989DF801107B
:103CC000C1EBC10100EB81008069332806D3FFE717
:103CD0009DF8020001308DF80200FFE7FFE79DF834
:103CE000010001308DF80100E0E79DF8020002B00C
:103CF0007047000000000000FFE7FEE70000000042
:103D000088B0079006910592079800F0070004908C
:103D10000498C0F10700052803D3FFE704200190B1
:103D200004E00498C0F107000190FFE701980390B8
:103D300004980430062803D8FFE70020009003E031
:103D4000049803380090FFE70098029006980399C2
:103D5000012202FA01F101390840029B98400599BD
:103D60009A40013A1140084308B070470000000033
:103D700080B586B004908DF80F109DF80F0002906A
:103D80000498EEF7F9FE01909DF80F001A2804D16F
:103D9000FFE718208DF8170055E09DF80F001B284D
:103DA00004D1FFE71C208DF817004CE09DF80F00B0
:103DB0001C2804D1FFE718208DF8170043E09DF878
:103DC0000F001D2804D1FFE71E208DF817003AE0F0
:103DD0009DF80F001E2806D1FFE70498FEF714FA9D
:103DE0008DF817002FE09DF80F00182811D1FFE77C
:103DF000049850B1FFE70498807900F041F820B9A9
:103E0000FFE719208DF817001DE001208DF817003D
:103E100019E09DF80F00192804D1FFE701208DF863
:103E2000170010E0029850B1FFE70298019988420C
:103E300005D2FFE7029801308DF8170003E0162045
:103E40008DF81700FFE79DF8170006B080BD000051
:103E500082B08DF807009DF8070000F003008DF890
:103E600007009DF8070020B1FFE79DF807000090CC
:103E700002E003200090FFE70098C0B202B0704754
:103E800081B08DF803009DF803000138B0FA80F08E
:103E9000400901B07047000081B08DED000AFFE7D6
:103EA0009DED000A9FED141AB4EE410AF1EE10FAEE
:103EB00009DDFFE79DED000A9FED121A30EE010AC1
:103EC0008DED000AECE7FFE79DED000A9FED0B1A70
:103ED000B4EE410AF1EE10FA09DAFFE79DED000AAF
:103EE0009FED071A30EE010A8DED000AECE79DED1B
:103EF000000A01B0704700BFDB0F4940DB0F49C02B
:103F0000DB0FC940DB0FC9C080B545F62420C2F2E3
:103F10000000F7F759FA80BD80B586B0059004918E
:103F2000059800680390039802900398006C019034
:103F30000298049900EB4110D0F8080B009001980A
:103F400043F20B01C4F6547188420FD3FFE79DF88A
:103F500001000006002809D5FFE70298049900EB4C
:103F600041114FF40040C1F8080BFFE70598F8F73E
:103F700073F8019843F20B01C4F6547188420DD3D3
:103F8000FFE705988079012808D1FFE705990868BF
:103F900001F29C42012111F043FBFFE7002006B033
:103FA00080BD00000000000080B588B00790069139
:103FB000079800680490049803900498006C02909D
:103FC0000398069900EB4110D0F8080B0190079870
:103FD0008079012840F08180FFE79DF80400000708
:103FE000002818D5FFE7029843F20B01C4F654717C
:103FF00088420FD3FFE79DF805000006002809D589
:10400000FFE70398069900EB41114FF40040C1F817
:10401000080BFFE760E09DF804008006002808D543
:10402000FFE70398069900EB41112020C1F8080B27
:1040300051E09DF8040010F0280F4AD1FFE70298E4
:1040400043F20B01C4F6547188420FD3FFE79DF889
:1040500005000006002809D5FFE70398069900EB44
:1040600041114FF40040C1F8080B31E00798069960
:1040700001EBC10100EB810000F51570059005987A
:10408000006A0399069A01EB4211D1F8101B6FF3F5
:10409000DF41401A05994861069898B9FFE70598ED
:1040A000006940B9FFE70799086801F29C420121C5
:1040B00011F0B6FA05E00599C8684A691044C8606D
:1040C000FFE7FFE707989DF81810F6F709FFFFE7ED
:1040D00000E0FFE7FFE7FFE747E0029843F20A113D
:1040E000C4F65471884224D1FFE79DF8050000060C
:1040F000002809D5FFE70398069900EB41114FF41A
:104100000040C1F8080B13E09DF804008006002869
:1041100008D5FFE70398069900EB41112020C1F86C
:10412000080BFFE707989DF81810F6F7D9FEFFE790
:104130001AE0069890B9FFE70798069901EBC101CC
:1041400000EB8100D0F8640240B9FFE707990868E6
:1041500001F29C42002111F063FAFFE707989DF8F5
:104160001810F6F7BDFEFFE7FFE7002008B080BD9E
:1041700080B58CB00A9009910A9800680890089858
:1041800007900A98099901EBC10100EB81001430F6
:104190000690069801694069884204D9FFE701202A
:1041A0008DF82F0079E0069908694969401A059051
:1041B000059806998968884204D9FFE706988068BF
:1041C0000590FFE70598033080080490FFE7079803
:1041D000099900EB4110D0F8180981B2049A002027
:1041E000914202900FD3FFE70698026941690020CF
:1041F0009142029007D2FFE706980069002818BF95
:1042000001200290FFE70298C00770B3FFE706990C
:1042100008694969401A0590059806998968884295
:1042200004D9FFE7069880680590FFE705980330FA
:104230008008049008980699C9689DF82420BDF864
:104240001430DDF828C09CF806C0EE46CEF800C059
:1042500012F02EFA059A0699C8681044C860059AAB
:104260000699486910444861B1E7069908694969A7
:1042700088420ED8FFE7099800F00F01012088401E
:104280000390039A0799D1F834089043C1F8340891
:10429000FFE700208DF82F00FFE79DF82F000CB0FE
:1042A00080BD00000000000080B582B00190FFE7F3
:1042B00011F0C6FE012014F0BFFBF9E7000000007A
:1042C00080B582B0019000208DF8030015F004FB4A
:1042D00046F6D410C2F20000007828B3FFE746F695
:1042E000DC10C2F20000027846F68961C2F2004199
:1042F000895C019A117001780131017000781028F1
:1043000007D3FFE746F6DC11C2F200010020087077
:10431000FFE746F6D411C2F20001087801380870B0
:1043200001208DF80300FFE715F002FB9DF8030064
:1043300002B080BD0000000080B582B08DF807009B
:1043400015F0CAFA46F6D410C2F2000000780F2821
:1043500022D8FFE79DF8071046F68860C2F20040B9
:10436000037846F68962C2F20042D15401780131E5
:1043700001700078102807D3FFE746F68861C2F283
:10438000004100200870FFE746F6D411C2F2000198
:1043900008780130087007E046F6D811C2F2000133
:1043A000086801300860FFE715F0C2FA02B080BD6E
:1043B00080B52620FFF7C0FF80BD00000000000090
:1043C00080B51620FFF7B8FF80BD00000000000098
:1043D00080B55620FFF7B0FF80BD00000000000050
:1043E00080B54620FFF7A8FF80BD00000000000058
:1043F00080B50620FFF7A0FF80BD00000000000090
:1044000080B56620FFF798FF80BD00000000000027
:1044100080B53620FFF790FF80BD0000000000004F
:1044200080B54920FFF788FF80BD00000000000034
:1044300080B586B0059004F0DBFC14F019FB039006
:10444000FFE714F015FB029002980399401A0A281E
:1044500005D3FFE70298039004F0F6FCFFE707F0AE
:104460004FFE0DF11300FFF72BFF00283FD0FFE7B1
:104470009DF813000146019106281CD0FFE7019822
:1044800016281BD0FFE7019826281AD0FFE70198CD
:1044900036281AD0FFE7019846281AD0FFE701987E
:1044A00049281FD0FFE70198562818D0FFE7019848
:1044B000662811D019E009F097FD17E008F0DCFF3D
:1044C00014E0262008F010FF10E0362008F00CFF62
:1044D0000CE009F025FB09E009F0C2FD06E009F057
:1044E00087F903E009F048FE00E0FFE7FFE7052059
:1044F00014F0A2FAA5E7000080B582B08DF807009D
:104500009DF8070028B1FFE79DF80700092801D3AF
:10451000FFE71AE09DF8070000EB800146F27820E3
:10452000C2F2000000EB0110503800F071F99DF864
:10453000070000EB800145F62800C2F2004000EBC6
:104540000110503800F064F9FFE702B080BD0000B0
:1045500080B582B08DF807009DF8070028B1FFE70D
:104560009DF80700092801D3FFE71AE09DF807002E
:1045700000EB800146F2F840C2F2000000EB0110AF
:10458000503800F045F99DF8070000EB800145F632
:10459000A820C2F2004000EB0110503800F038F9BA
:1045A000FFE702B080BD000084B002908DED010AEB
:1045B000CDED000A029818B9FFE70020039020E132
:1045C0000299886CC8640299486C886400980299C2
:1045D000C8610198029908629DED000A9DED011ADB
:1045E00030EE410A029880ED110A02980078002806
:1045F00040F09280FFE7029890ED010A90ED111AC9
:1046000020EE010A80ED0B0A029890ED021A90ED5F
:104610000C0A90ED112AA1EE020A80ED0C0A029913
:10462000C86B08640299886BC863029890ED110A00
:1046300090ED121A30EE410A80ED0E0A029890EDCC
:10464000030A90ED0E1A20EE010A80ED0D0A029881
:1046500090ED061A90ED0C0AB4EE410AF1EE10FA54
:1046600004DDFFE702998869086315E0029890ED80
:10467000061A90ED0C0AB1EE411AB4EE410AF1EEC1
:1046800010FA08DAFFE7029890ED060AB1EE400A48
:1046900080ED0C0AFFE7FFE7029890ED040A90ED29
:1046A000071A20EE010A80ED090A029890ED091A16
:1046B00090ED0B0A90ED0C3A90ED0D2A30EE030AC6
:1046C00030EE020A30EE010A80ED0A0A029890EDFF
:1046D000051A90ED0A0AB4EE410AF1EE10FA04DD73
:1046E000FFE702994869886215E0029890ED051A83
:1046F00090ED0A0AB1EE411AB4EE410AF1EE10FA59
:1047000008DAFFE7029890ED050AB1EE400A80ED65
:104710000A0AFFE7FFE770E00298007801286BD1F2
:10472000FFE7029890ED010A90ED111A90ED122A20
:1047300031EE421A20EE010A80ED0B0A029890ED4C
:10474000020A90ED111A20EE010A80ED0C0A02997E
:10475000C86B08640299886BC863029890ED110ACF
:1047600090ED122A90ED131AB8EE003AA2EE030A69
:1047700030EE010A80ED0E0A029890ED030A90EDEA
:104780000E1A20EE010A80ED0D0A029890ED0A0A39
:1047900090ED0B1A90ED0C3A90ED0D2A31EE031AC4
:1047A00031EE021A30EE010A80ED0A0A029890ED0D
:1047B000051A90ED0A0AB4EE410AF1EE10FA04DD92
:1047C000FFE702994869886215E0029890ED051AA2
:1047D00090ED0A0AB1EE411AB4EE410AF1EE10FA78
:1047E00008DAFFE7029890ED050AB1EE400A80ED85
:1047F0000A0AFFE7FFE7FFE7FFE70298806A0390F6
:10480000FFE79DED030A04B07047000000000000C0
:1048100082B00190019808B9FFE71AE001990020E1
:104820000090C864019988640199486401990864FA
:104830000199C863019988630199486301990863E4
:104840000199C862019988620199C8610199086259
:10485000FFE702B07047000080B58CB000200B90DD
:10486000FFE70B9803285CDCFFE70B9800EB800167
:1048700046F27820C2F2000000EB011040F2B812BC
:10488000C2F20002002108919FED9C0A8DED060AFC
:10489000DFED9B0ACDED070A00F03EF908990B9871
:1048A00000EB800245F62800C2F2004000EB021047
:1048B00040F2B402C2F200429FED920ADFED920A8A
:1048C000CDED090A00F028F99DED060ADDED070A95
:1048D00008990B9800EB800246F2F840C2F2000003
:1048E00000EB021040F2D812C2F2000200F014F9FC
:1048F0000899DDED090A0B9800EB800245F6A82027
:10490000C2F2004000EB021040F2D402C2F20042B8
:104910009FED7F0A00F000F9FFE70B9801300B9044
:104920009FE704200A90FFE70A98072800F3BD805C
:10493000FFE70A9800EB800146F27820C2F20000FF
:1049400000EB011040F2B812C2F200020021059102
:104950009FED6A0ADFED6A0A00F0DEF805990A9811
:1049600000EB800245F62800C2F2004000EB021086
:1049700040F2B402C2F200429FED620ADFED620A29
:1049800000F0CAF80A98042804D0FFE70A9805281E
:104990002AD1FFE70A9800EB800146F27820C2F2A4
:1049A000000000EB011040F27812C2F20002002178
:1049B00004919FED520ADFED520A00F0ADF8049920
:1049C0000A9800EB800245F62800C2F2004000EB96
:1049D000021040F27402C2F200429FED4C0ADFED79
:1049E0004A0A00F099F8FFE70A98042804D0FFE784
:1049F0000A9805282AD1FFE70A9800EB800146F2C1
:104A0000F840C2F2000000EB011040F29812C2F22E
:104A10000002002103919FED390ADFED390A00F011
:104A20007BF803990A9800EB800245F6A820C2F2B1
:104A3000004000EB021040F29402C2F200429FEDEF
:104A4000330ADFED310A00F067F829E00A9800EB3D
:104A5000800146F2F840C2F2000000EB011040F283
:104A6000D812C2F20002002102919FED240ADFED6C
:104A7000240A00F051F802990A9800EB800245F6EA
:104A8000A820C2F2004000EB021040F2D402C2F2B1
:104A900000429FED1F0ADFED1C0A00F03DF8FFE722
:104AA000FFE70A9801300A903EE746F27870C2F2BA
:104AB00000004BF2FC52C0F60202002101919FED72
:104AC0000B0ADFED0B0A00F027F8019946F2C870D7
:104AD000C2F200004BF20C62C0F602029FED050A22
:104AE000DFED050A00F018F80CB080BD000034437B
:104AF0000000A0420000B4430000704200401C4689
:104B00000080BB4500007A44000096430040834586
:104B1000004003450000000086B005908DF813109A
:104B200003928DED020ACDED010A059818B1FFE759
:104B3000039808B9FFE730E09DF813000599087065
:104B40000398006805994860039840680599886053
:104B5000039880680599C8600398C0680599086142
:104B60000298059948610198059988610599002086
:104B7000009008640599C86305998863059988625F
:104B800005994863059908630599C8620599C86441
:104B90000599886405994864FFE706B070470000EE
:104BA00080B584B08DED030A02900298411E01EB9E
:104BB000810245F62800C2F20040019000EB02108D
:104BC000C1EBC10246F2B001C2F2000101EB820169
:104BD00091ED030AB8EEC00ADDED030AFFF7E4FC2D
:104BE0000198029901EB810100EB011010ED0A0A16
:104BF00004B080BD0000000080B584B08DED030AD4
:104C000002900298411E01EB810245F6A820C2F2F3
:104C10000040019000EB0210C1EBC10246F290117E
:104C2000C2F2000101EB820191ED030AB8EEC00A65
:104C3000DDED030AFFF7B8FC0198029901EB810151
:104C400000EB011010ED0A0A04B080BD0000000066
:104C500080B584B08DED030A02900298411E01EBED
:104C6000810246F27820C2F20000019000EB0210AF
:104C7000C1EBC10246F2B001C2F2000101EB8201B8
:104C8000B1F9021000EE101AB8EEC00ADDED030A09
:104C9000FFF78AFC0198029901EB810100EB0110FA
:104CA00010ED0A0A04B080BD80B584B08DED030A12
:104CB00002900298411E01EB810246F2F840C2F2D6
:104CC0000000019000EB0210C1EBC10246F290110E
:104CD000C2F2000101EB8201B1F9021000EE101ADC
:104CE000B8EEC00ADDED030AFFF75EFC01980299F9
:104CF00001EB810100EB011010ED0A0A04B080BD48
:104D000083B00190019820B9FFE700208DF80B00D7
:104D10002BE00198407D00F00F008DF80300019812
:104D2000007D38B1FFE79DF8030040F080008DF86A
:104D30000300FFE70198807D38B1FFE79DF803008D
:104D400040F040008DF80300FFE70198C07D38B1C6
:104D5000FFE79DF8030040F020008DF80300FFE717
:104D60009DF803008DF80B00FFE79DF80B0003B0E2
:104D7000704700000000000084B08DED030A02902F
:104D8000ADF80610039800909DF800000299BDF858
:104D9000062088549DF80100029ABDF806101144BF
:104DA00048709DF80200029ABDF806101144887000
:104DB0009DF80300029ABDF806101144C87004B0B3
:104DC000704700000000000080B584B0039002919D
:104DD000ADF8062003980299BDF8062000F01CF8F3
:104DE00004B080BD0000000083B0ADF80A0001915E
:104DF000ADF80220BDF80A000199BDF802208854E0
:104E00009DF80B00019ABDF802101144487003B0E0
:104E1000704700000000000083B002900191ADF8DF
:104E2000022002980199BDF8022088540298000AD5
:104E3000019ABDF8021011444870BDF80A00019AA9
:104E4000BDF80210114488709DF80B00019ABDF85E
:104E500002101144C87003B0704700000000000049
:104E6000012070470000000000000000000000006A
:104E7000EFF30980BFF36F8F154B1A681EF0100F08
:104E800008BF20ED108A20E9F04F10602DE90900DD
:104E90004FF0500080F31188BFF34F8FBFF36F8F37
:104EA00014F07EFF4FF0000080F31188BDE8090088
:104EB00019680868B0E8F04F1EF0100F08BFB0EC9A
:104EC000108A80F30988BFF36F8F704700BF00BF5F
:104ED000285D00240000000080B582B08DED010A3D
:104EE0009DED010A8DED000A01F052F8B0EE401A76
:104EF0009DED000A30EE410A9FED031A30EE010AE3
:104F000001F002F902B080BDDB0FC9BF0000000054
:104F100080B584B003908DF80B100192039818B1FE
:104F2000FFE7019808B9FFE750E000208DF8030083
:104F3000FFE79DF80300022810D8FFE703989DF8CB
:104F4000032000EB8200806A019941F82200FFE70C
:104F50009DF8030001308DF80300EAE79DF80B008F
:104F600001280AD0FFE79DF80B00022805D0FFE7D3
:104F70009DF80B00032809D1FFE7039890ED440A40
:104F8000FFF7AAFF019880ED010AFFE79DF80B00EB
:104F9000022807D1FFE7002006F0D2FC019880ED3F
:104FA000000A13E09DF80B00032805D0FFE79DF8E9
:104FB0000B00042809D1FFE7039890F8260006F0BB
:104FC000BFFC019880ED000AFFE7FFE704B080BD59
:104FD00081B00090009808B9FFE707E00099002031
:104FE00081F82200009981F82300FFE701B07047A3
:104FF00081B00090009808B9FFE70BE0009900200D
:10500000087500994875009988750099C8750099C8
:105010008861FFE701B0704781B00090009808B93F
:10502000FFE707E00099002081F82000009981F84F
:105030002100FFE701B0704781B00090009808B9E7
:10504000FFE70CE00099002081F82400009981F826
:105050002500009991F8340081F82600FFE701B09F
:10506000704700000000000084B08DED020ACDED15
:10507000010A8DED001A9DED020A9DED011AB4EEB4
:10508000410AF1EE10FA03DAFFE7019803900FE00E
:105090009DED020A9DED001AB4EE410AF1EE10FA00
:1050A00003DDFFE70098039002E002980390FFE71A
:1050B0009DED030A04B0704786B004908DF80F1080
:1050C0008DED020A049828B1FFE79DF80F00032830
:1050D00003D3FFE70298059048E004989DF80F106D
:1050E00000EB8100D0F8F000019004989DF80F10BB
:1050F00000EB8100D0F8FC0000909DED020A9DEDD0
:10510000011AB4EE410AF1EE10FA11DAFFE79DED53
:10511000020A9DED011A9FED172A31EE021AB4EE34
:10512000410AF1EE10FA03DBFFE7019805901DE05C
:105130009DED020A9DED001AB4EE410AF1EE10FA5F
:1051400011DDFFE79DED020A9DED001A9FED0A2A91
:1051500031EE021AB4EE410AF1EE10FA03DCFFE779
:105160000098059002E002980590FFE79DED050A82
:1051700006B0704717B7D1B817B7D1380000000094
:1051800082B001908DF80310019820B1FFE79DF8DF
:10519000030008B1FFE720E0019991F8800081F851
:1051A00034000199D1F88400886300208DF8020052
:1051B000FFE79DF8020002280FD8FFE701989DF84D
:1051C000021000EB8101D1F89000C863FFE79DF861
:1051D000020001308DF80200EBE702B070470000DA
:1051E00080B5A6B001A806F08BFD9DF8100048B16F
:1051F000FFE7BDF80800012804D0FFE701208DF883
:10520000970010E09DF8400048B1FFE7BDF8380076
:10521000012804D0FFE701208DF8970003E000206B
:105220008DF89700FFE79DF8970026B080BD00003D
:1052300080B582B00190019808B9FFE719E00199A3
:1052400000200870019988700199C8700198FFF7D3
:10525000BFFE0198FFF7CCFE0198FFF7DDFE019835
:10526000FFF7EAFE019801F0DBF9019801F094FFE5
:10527000FFE702B080BD000080B584B003900398C2
:1052800008B9FFE72CE00398007820B9FFE70398FE
:1052900001F0C6F9FFE70398FFF7AAFE0398FFF7AE
:1052A000BBFE0398FFF7C8FE03990120087003981E
:1052B0000190F5F7FDFB0146019801F0DDFC8DF84A
:1052C0000B009DF80B0038B1FFE7039900208870B0
:1052D00003990420C870FFE7039801F05DFFFFE722
:1052E00004B080BD0000000081B08DF802009DF880
:1052F0000200012804D1FFE706208DF803000CE02E
:105300009DF80200022804D1FFE705208DF8030074
:1053100003E000208DF80300FFE79DF8030001B0D3
:10532000704700000000000081B08DF802009DF879
:105330000200012804D1FFE702208DF803000CE0F1
:105340009DF80200022804D1FFE701208DF8030038
:1053500003E000208DF80300FFE79DF8030001B093
:10536000704700000000000080B58CB00A908DF8F6
:10537000271000208DF803008DF802000A9820B94C
:10538000FFE700208DF82F00ABE09DF82700FFF726
:10539000CBFF8DF801009DF8010020B9FFE7002048
:1053A0008DF82F009DE006A80DF1030100F0C4F870
:1053B00020B9FFE700208DF82F0092E09DF8030050
:1053C0009DF801100840884204D0FFE700208DF8C6
:1053D0002F0086E09DF82700022839D1FFE79DF8CD
:1053E0000100C007A0B3FFE703A80DF1020100F020
:1053F0004BF99DF80200C00720B9FFE700208DF8A7
:105400002F006EE00A9890ED240A00F0EDFD8DED7E
:10541000010A9DED030A9DED011A30EE410A8DED62
:10542000020A9DED020AB0EEC00A9FED301AB4EEFA
:10543000410AF1EE10FA04DDFFE700208DF82F009D
:105440004FE09DF8010000F0FE008DF80100FFE73D
:1054500000208DF80000FFE79DF8000002283CD8EE
:10546000FFE79DF801009DF80010C840C00708B98B
:10547000FFE72CE09DF8001006A800EB810090EDFE
:10548000000A0A9800EB810090ED241A30EE410AE0
:105490008DED020A9DF80000022807D0FFE79DED80
:1054A000020A00F031FE8DED020AFFE79DED020ACF
:1054B000B0EEC00A9FED0D1AB4EE410AF1EE10FAFB
:1054C00004DDFFE700208DF82F000AE0FFE79DF8DC
:1054D000000001308DF80000BEE701208DF82F009C
:1054E000FFE79DF82F000CB080BD00BF35FA0E3DE0
:1054F00080B584B003908DED020A039808B9FFE7E8
:1055000015E0029801909DED010A15F081FDB1EEC4
:10551000400A039880ED010A9DED010A15F09EF9FD
:10552000039880ED020A0399886AC860FFE704B017
:1055300080BD00000000000080B58CB006AA049277
:105540000A90099100208DF817000A9820B9FFE70A
:1055500000208DF82F0090E006A80DF1170100F053
:1055600093F8012060B9FFE79DF81700C00738B134
:10557000FFE79DF8170000F0FE008DF81700FFE729
:10558000002018B9FFE7012068B9FFE79DF8170070
:105590008007002807D5FFE79DF8170000F0FD0001
:1055A0008DF81700FFE7002018B9FFE7012068B960
:1055B000FFE79DF817004007002807D5FFE79DF893
:1055C000170000F0FB008DF81700FFE79DF81700AB
:1055D000C00740B1FFE7049890ED000A00F038FDE5
:1055E0008DED030A04E09FED270A8DED030AFFE726
:1055F0009DED030A0A9880ED000A9DF817008007C8
:10560000002808D5FFE7049890ED010A00F02CFD72
:105610008DED020A04E09FED1B0A8DED020AFFE703
:105620009DED020A0A9880ED010A9DF817004007D7
:10563000002808D5FFE7049890ED020A00F030FD3D
:105640008DED010A04E09FED0F0A8DED010AFFE7E1
:105650009DED010A0A9880ED020A099828B1FFE73A
:105660009DF8170009990870FFE79DF817000028BA
:1056700018BF01208DF82F00FFE79DF82F000CB018
:1056800080BD00BF0000000080B5A8B02790269123
:1056900000208DF80700279808B9FFE734E002A83A
:1056A00006F02EFB099827990860159827994860FD
:1056B0002198279988609DF8140038B1FFE79DF87C
:1056C000070040F001008DF80700FFE79DF8440057
:1056D00038B1FFE79DF8070040F002008DF80700A1
:1056E000FFE79DF8740038B1FFE79DF8070040F030
:1056F00004008DF80700FFE7269828B1FFE79DF822
:10570000070026990870FFE728B080BD0000000060
:10571000B0B584B003900291039818B1FFE70298E6
:1057200008B9FFE775E003980078029908700398BC
:10573000407802994870039880780299887003989D
:10574000C0780299C870039800790299087103988B
:105750004079029948710398807902998871039879
:10576000C0790299C871039880680299886003988B
:10577000C0680299C860039800690299086103989B
:10578000007D029908750398407D02994875039839
:10579000807D029988750398C07D0299C875039829
:1057A0008069029988610398C0690299C861029969
:1057B0000091039C0194E06C226D636DD4F858C095
:1057C000D4F85CE0256E4D63C1F830E0C1F82CC020
:1057D0008B624A620862606EA26EE36ED4F870C09B
:1057E000D4F874E0A46FCC64C1F848E0C1F844C0B8
:1057F0000B64CA6388630298503003997C31742229
:10580000EAF7CDFE029901F1C400D031FFF73CFF69
:10581000FFE704B0B0BD000080B584B003900398EA
:1058200008B9FFE787E00399002001900870039909
:105830004870039988700399C87003990871039997
:105840004871039988710399C87103998860039915
:10585000C86003990861039908750399487503990D
:1058600088750399C87503998861039A4FF4FA51B2
:10587000D161039981F82000039981F821000399EF
:1058800081F82200039981F82300039981F824000C
:10589000039981F82500039981F826008DF80B0003
:1058A000FFE79DF80B0002280ED8FFE703989DF84C
:1058B0000B1000EB810100208862FFE79DF80B00D0
:1058C00001308DF80B00ECE706F0DEFA46F6CC115D
:1058D000C2F2000100200090087045F67861C2F223
:1058E000004108600398F03005F0EAFF0098039942
:1058F00081F83400039A40F69221CBF60671916349
:105900000399C86300F0A8FC039880ED100A00F02A
:10591000ABFC0098039981ED110A039981F84800C6
:105920000399012081F84900039800F079FE03985B
:1059300001F032FCFFE704B080BD00000000000071
:1059400082B08DF807009DF807100120009079B112
:10595000FFE79DF8071001200129009008D0FFE71C
:105960009DF807000238B0FA80F040090090FFE788
:10597000009800F0010002B0704700000000000035
:1059800080B58AB002AA00920246009808928DF86B
:105990001F1080ED040A00208DF80700089890B1D0
:1059A000FFE7009890ED040AB5EE400AF1EE10FA18
:1059B00009DBFFE7009890ED040AB4EE400AF1EE2F
:1059C00010FA04D0FFE700208DF8270061E09DF871
:1059D0001F00022804D1FFE701208DF806000DE02A
:1059E0009DF81F00032804D1FFE702208DF8060070
:1059F00003E000208DF827004BE0FFE703A80DF13E
:105A00000701FFF799FD20B9FFE700208DF8270077
:105A10003FE09DF807009DF80610C840C00720B978
:105A2000FFE700208DF8270033E000989DF806205E
:105A300003A901EB820191ED000A089901EB8201B3
:105A400091ED241A30EE410A80ED000A9DF806001F
:105A5000022809D0FFE7009890ED000A00F054FBFF
:105A6000009880ED000AFFE7009890ED000AB0EE84
:105A7000C00A90ED041A9FED092A21EE021A0020B7
:105A8000B4EE410AF1EE10FAD8BF01208DF82700DC
:105A9000FFE79DF827000AB080BD00BF35FA8E3CB5
:105AA00083B00190019820B9FFE700208DF80B002A
:105AB00018E0019801780020009069B1FFE7019893
:105AC00081780020009039B1FFE701988079B0FA21
:105AD00080F040090090FFE7009800F001008DF889
:105AE0000B00FFE79DF80B0003B0704700000000BB
:105AF00010B5BCB015AB0593034605983A938DF8E5
:105B0000E71080ED230A379200208DF8D9003A98EB
:105B100020B9FFE701208DF8EF00EAE1059890ED4C
:105B2000230AB4EE400AF1EE10FA16D1FFE7059809
:105B300090ED230A9FEDE21AB4EE410AF1EE10FA5D
:105B40000BDCFFE7059890ED230A9FEDDE1AB4EE1B
:105B5000410AF1EE10FA09DAFFE73A98379B022181
:105B6000032200F091FB8DF8EF00C2E19DF8E70001
:105B7000022807D1FFE701208DF8DB0006208DF811
:105B80001A0015E09DF8E700032807D1FFE702207F
:105B90008DF8DB0007208DF81A0008E03A98379B53
:105BA0000221032200F070FB8DF8EF00A1E1FFE776
:105BB00000208DF8DA00FFE79DF8DA00022810D8FF
:105BC000FFE73A989DF8DA2000EB8200C06B33A91A
:105BD00041F82200FFE79DF8DA0001308DF8DA0085
:105BE000EAE730A80DF1D901FFF7A6FC10B3FFE7F3
:105BF00000208DF8DA00FFE79DF8DA00022818D8B7
:105C0000FFE79DF8D9009DF8DA10C840C00748B1F9
:105C1000FFE79DF8DA2030A850F8220033A941F8B8
:105C20002200FFE7FFE79DF8DA0001308DF8DA0087
:105C3000E2E7FFE7059890ED231A9DF8DB0033AA11
:105C4000049202EB800090ED000A9FEDAC2AA1EED9
:105C5000020A80ED000A3A989DF8DB1002EB8102FF
:105C600092ED000AFFF728FA04989DF8DB1000EB8C
:105C7000810181ED000A9DF8DB1000EB810090EDC1
:105C8000000A3A9800EB810090ED3C1AB4EE410A0C
:105C9000F1EE10FA12DBFFE79DF8DB1033A800EB02
:105CA000810090ED000A3A9800EB810090ED3F1AD8
:105CB000B4EE410AF1EE10FA0ADDFFE73A989DF8DA
:105CC0001A20379B042100F0DFFA8DF8EF0010E175
:105CD0003A9991F84C0091F84D1033AA13AB05F0A6
:105CE00067FE8DF81B009DF81B0058B1FFE73A983E
:105CF0009DF81B109DF84D20379B00F0C5FA8DF8DC
:105D0000EF00F6E0059890ED000A3A9890ED431AFE
:105D10009FED7B2A31EE021AB4EE410AF1EE10FA41
:105D200010DBFFE7059890ED000A3A9890ED441AD1
:105D30009FED742A31EE021AB4EE410AF1EE10FA28
:105D400009DDFFE73A98379B05210A2200F09CFA0B
:105D50008DF8EF00CDE03A98FFF73AF93A98FFF75F
:105D600047F93A98FFF768F9DDF8E8E0CDF800E088
:105D7000DEF84C00DEF85010DEF85420DEF8583023
:105D8000DEF85CC0DEF860400C94CDF82CC00A93BD
:105D9000099208910790DEF86400DEF86810DEF8DA
:105DA0006C20DEF87030DEF874C0DEF878E0CDF8F4
:105DB00048E0CDF844C010930F920E910D909DF8DD
:105DC0004E008DF81C009DF84F008DF81D002498A2
:105DD0002599269A0A920991089026981190179869
:105DE0001290012002908DF82D009DF850008DF842
:105DF0002E00002003908DF840009DF81C008DF8C7
:105E000041009DF81D008DF842003A9807A900F066
:105E100083FC3A9901910798089A099BDDF828C0FC
:105E2000DDF82CE00C9C0C66C1F85CE0C1F858C0B1
:105E30004B650A65C8640D980E9A0F9BDDF840C04B
:105E4000DDF844E0129C8C67C1F874E0C1F870C0C2
:105E5000CB668A6648663A987C3013A97422EAF7C2
:105E60009EFB029803993A9A507037983A9A90603C
:105E70003A9881713A98C1713A9A0220D0703A9A50
:105E80001078002818BF012090703A98FFF778F931
:105E90000298039B3A9981F820009DF8DB003A991B
:105EA00081F821003A9890F84C1090F84D2001F0BC
:105EB0008FFA3A9801F00CFA3A98807890B103E0A2
:105EC000FFFF7F7FFFFF7FFF3A9890309DF8DB2038
:105ED00001219140C9B200F04FF93A9908690130A7
:105EE0000861FFE73A9801F057F900208DF8EF00BC
:105EF000FFE79DF8EF003CB010BD00BF35FA8E3CC7
:105F000035FA0EBD35FA0E3D80B584B002908DEDA8
:105F1000010A0091029820B9FFE701208DF80F00D7
:105F20002DE09DED010AB4EE400AF1EE10FA14D115
:105F3000FFE79DED010A9FED141AB4EE410AF1EE60
:105F400010FA0ADCFFE79DED010A9FED101AB4EE8E
:105F5000410AF1EE10FA09DAFFE70298009B0221EC
:105F6000032200F091F98DF80F0008E00298009BE1
:105F70000721092200F088F98DF80F00FFE79DF84E
:105F80000F0004B080BD00BFFFFF7F7FFFFF7FFFDA
:105F900080B584B09FED110A8DED000A14F05EFC0F
:105FA000B0EE402A9DED000A9FED0D3A8DED013ACD
:105FB0009FED0C1AA2EE031A8DED031A15F028F8C6
:105FC0009DED011A20EE010A8DED020A9DED020AF7
:105FD000DDED030A14F0ECFA04B080BD920A063F2E
:105FE0009A19F9420000A54381B08DED000A9DED9C
:105FF000000A01B07047000080B582B08DED010A43
:106000009DED010A8DED000A00F026F9B0EE401A70
:106010009DED000A30EE410A9FED021A20EE010AC2
:1060200002B080BDABAAEA3F80B582B08DED010A17
:106030009DED010A8DED000A00F016F99DED001AA4
:1060400030EE410A30EE000A02B080BD00000000D0
:1060500080B582B08DED010A9DED010A00F054F883
:1060600002B080BD0000000080B582B08DED010A55
:106070009DED010A9FED081A80EE010A8DED000AE0
:1060800000F0EAF8B0EE401A9DED000A30EE010A89
:1060900000F03AF802B080BDABAAEA3F0000000071
:1060A00080B582B08DED010A9DED010AB8EE001AAF
:1060B00080EE010A8DED000A00F0D6F8B0EE401A2D
:1060C0009DED000A30EE010A02B080BD0000000024
:1060D00080B584B002908DF807100092029820B924
:1060E000FFE701208DF80F0008E00298009B0721D0
:1060F000092200F0C9F88DF80F00FFE79DF80F00A6
:1061000004B080BD0000000081B08DED000AFFE703
:106110009DED000A9FED141AB4EE410AF1EE10FA5B
:1061200009DDFFE79DED000A9FED121A30EE010A2E
:106130008DED000AECE7FFE79DED000A9FED0B1ADD
:10614000B4EE410AF1EE10FA09DAFFE79DED000A1C
:106150009FED071A30EE010A8DED000AECE79DED88
:10616000000A01B0704700BFDB0F4940DB0F49C098
:10617000DB0FC940DB0FC9C080B5BCB03B908DF8C8
:10618000EB103B9808B9FFE763E03B9890ED000AFD
:10619000FFF72AFF8DED010A3B9890ED010AFFF70A
:1061A0002BFF8DED020A3B9890ED020AFFF73CFFB2
:1061B0008DED030A04A805F0A3FD9DF8EB00C007D0
:1061C00038B9FFE79DF81C0018B1FFE70B98019064
:1061D000FFE79DF8EB008007002807D4FFE79DF854
:1061E0004C0018B1FFE717980290FFE79DF8EB000D
:1061F0004007002807D4FFE79DF87C0018B1FFE7AF
:1062000023980390FFE7002000908DF8A0000199EB
:1062100029914FF080412A912B902C902D908DF850
:10622000B80002992F910021C4F2200130913190E1
:10623000329033908DF8D000039935910021C4F24B
:106240004001369137903890399028A805F0F8FE33
:10625000FFE73CB080BD000080B59FED020AFEF76D
:106260003BFE80BD920A06BF80B5FFF7F5FFB0EE9A
:10627000401A9FED030A30EE410AFFF745FF80BD4B
:10628000DB0FC9BF0000000080B586B004908DF818
:106290000F108DF80E200293049820B9FFE701201B
:1062A0008DF8170045E0049801780020009071B146
:1062B000FFE7049841780020009041B1FFE704987F
:1062C00090F87C00B0FA80F040090090FFE7009859
:1062D00000F001008DF807000498FEF779FE04989D
:1062E000FEF786FE0498FEF7A7FE9DF80F000499BE
:1062F00088719DF80E000499C8719DF80F000499EB
:1063000081F87C009DF80E00049981F87D000298C8
:106310000499886004990420C8709DF807000499C6
:106320008870049800F038FF9DF80F008DF8170072
:10633000FFE79DF8170006B080BD000000000000D8
:1063400080B592B00AAB029310908DF83F100E9278
:1063500000208DF80E00109820B9FFE701208DF87D
:106360004700FAE000208DF80D00FFE79DF80D00D2
:10637000022810D8FFE710989DF80D2000EB82004E
:10638000C06B07A941F82200FFE79DF80D0001301E
:106390008DF80D00EAE704A80DF10E01FFF7CCF827
:1063A00010B3FFE700208DF80D00FFE79DF80D000A
:1063B000022818D8FFE79DF80E009DF80D10C84080
:1063C000C00748B1FFE79DF80D2004A850F822004F
:1063D00007A941F82200FFE7FFE79DF80D00013013
:1063E0008DF80D00E2E7FFE79DF83F00012808D196
:1063F000FFE707980A90109890F834008DF80F0086
:1064000014E09DF83F0002280BD1FFE79FED550AED
:10641000FFF71EFE029880ED000A00208DF80F00A5
:1064200003E002208DF8470097E0FFE79FED4E0A5A
:10643000FEF752FD029880ED010AFFF715FF029862
:1064400080ED020A109800F17C03002101910AAA54
:10645000084605F0ADFA01998DF837009DF80F0058
:10646000109A82F880009DF83700109A9071109A67
:1064700092F87D00D071109880F84C10109880F838
:106480004D10109AD2F8C000D2F8C430D2F8C8C06B
:10649000C2F858C053651065109AD2F8C80050670A
:1064A0000A98109A9067109A012082F85D009DF872
:1064B0000F20109B83F85E20109A82F87010109ABB
:1064C00092F84C1082F87110109A92F84D1082F8E0
:1064D0007210109A92F8341082F85C10109A916B36
:1064E000D166109AD16B1166109A116C5166109A90
:1064F000516C9166109948700E98109988609DF8BB
:106500003700C0B9FFE71099012081F822009DF8FB
:106510003F00109981F8230010990220C87010994B
:106520000878002818BF0120887010989DF837104F
:10653000FEF726FE0CE01099002081F82200109949
:1065400081F82300109A0421D17010998870FFE718
:106550009DF837008DF84700FFE79DF8470012B01F
:1065600080BD00BF00000000DB0FC93F000000003D
:1065700080B586B08DED050A9DED050ADFED170AA1
:106580009FED171A8DED001AFEF76EFD9DED001AB6
:106590008DED040A9DED040A80EE011A9FED112A8B
:1065A0009FED110AA1EE020A8DED030A9DED030A8B
:1065B000B6EE001A30EE010ABCEEC00A8DED020AFA
:1065C00045F27850C2F2004001900021F9F778F8C6
:1065D000019902980968486306B080BD0000000078
:1065E000000034430000FA440000FA4300000000B9
:1065F00080B582B08DF807009DF8072005A0011D29
:10660000002A18BF084690ED000AFFF7B1FF02B05C
:1066100080BD00BF000000000000F042000000004C
:1066200080B584B00390039808B9FFE771E003993F
:106630000020019081F83400039A40F69221CBF6B5
:10664000067191630399C863FFF706FE039880ED16
:10665000100AFFF709FE0198039981ED110A039AC8
:1066600002F13C017C3205F093F9014601988DF866
:106670000B10039981F84C00039981F84D000399A0
:106680008867039A012182F85D10039981F85E0002
:10669000039981F87000039991F84C0081F871001A
:1066A000039991F84D0081F872009DF80B0078B9BC
:1066B000FFE70399D1F8C80048670399D1F8C000F3
:1066C000D1F8C420D1F8C8308B654A6508650AE066
:1066D000039900204867039901F14C0091ED1E0ACF
:1066E000FEF706FFFFE7039800F14C0100F014F8F5
:1066F0009DF80B0003998871039991F87D00C8718A
:106700000399012048700399002088700399C8708C
:10671000FFE704B080BD000083B0029001910298B1
:1067200018B1FFE7019808B9FFE730E0029890F848
:106730003400019908740298806B01990862002066
:106740008DF80300FFE79DF80300022811D8FFE74A
:1067500002989DF8032000EB8200C06B019901EBC9
:1067600082014861FFE79DF8030001308DF80300C6
:10677000E9E7019890F8240048B9FFE70199087803
:1067800081F825000199487881F82600FFE703B0D9
:10679000704700000000000080B582B08DF807004F
:1067A0009DF80700002818BF01208DF806009DF80D
:1067B000062041F20000C5F602004FF40051F4F744
:1067C0005FF902B080BD000080B582B08DF807008F
:1067D0008DF806109DF80700012805D1FFE79DF808
:1067E0000600FFF7D9FF0AE09DF80700022805D14F
:1067F000FFE79DF80600FFF7FBFEFFE7FFE702B0AB
:1068000080BD00000000000080B584B002908DF8CB
:1068100007108DF806200093029820B9FFE70120A9
:106820008DF80F0008E00298009B07210922FFF76E
:106830002BFD8DF80F00FFE79DF80F0004B080BD21
:1068400080B586B004908DF80F108DF80E208DED78
:10685000020ACDED010A0093049820B9FFE7012058
:106860008DF8170008E00498009B07210922FFF724
:106870000BFD8DF81700FFE79DF8170006B080BDEF
:1068800080B586B0DDF820C005908DF813108DF826
:106890001220039305989DF813109DF81220039B76
:1068A000DDF820C0EE46CEF808C04FF0000CCEF860
:1068B00004C0CEF800C000F003F806B080BD0000B0
:1068C00010B586B08C4686460A9809980899CDF886
:1068D00010E08DF80FC08DF80E2002938DF8071090
:1068E0008DF80600049818B1FFE7029820B9FFE779
:1068F00001208DF817001BE09DF8070078B1FFE735
:106900009DF80600FFF71CF848B9FFE704980A9BBA
:1069100008221146FFF7B8FC8DF8170008E004982C
:106920000A9B07210922FFF7AFFC8DF81700FFE74C
:106930009DF8170006B010BD80B584B002908DF8A8
:1069400007100092029820B9FFE701208DF80F0090
:1069500017E09DF80700FEF7F3FF48B9FFE702983C
:10696000009B08221146FFF78FFC8DF80F0008E00E
:1069700002989DF80710009A00F0D6F98DF80F00E4
:10698000FFE79DF80F0004B080BD0000000000008C
:1069900070B59CB01A908DF86710189200208DF891
:1069A0002E001A9820B9FFE701208DF86F005BE1F7
:1069B0009DF86700012818D0FFE79DF867000228BE
:1069C00013D0FFE79DF8670003280ED0FFE79DF87E
:1069D0006700042809D0FFE71A98189B02210322B8
:1069E000FFF752FC8DF86F003EE11A989DF8671092
:1069F00008AAFEF78DFA00208DF81F00FFE79DF82A
:106A00001F00022819D8FFE71A989DF81F1008AA3E
:106A1000069202EB810292ED000AFEF74DFB06980A
:106A20009DF81F1000EB810080ED000AFFE79DF844
:106A30001F0001308DF81F00E1E71A989DF86720CC
:106A400008A90DF12E0300F093FD8DF82F009DF89D
:106A50002F0058B1FFE71A989DF82F109DF82E20AF
:106A6000189BFFF711FC8DF86F00FDE01A9A92F861
:106A70004C0092F84D1002F17C0308AA04F098FF34
:106A80008DF82F009DF82F0058B1FFE71A989DF858
:106A90002F1090F87D20189BFFF7F6FB8DF86F0004
:106AA000E2E01A9890ED210A90ED431A9FED702ACA
:106AB00031EE021AB4EE410AF1EE10FA0FDBFFE7F5
:106AC0001A9890ED210A90ED441A9FED6A2A31EE52
:106AD000021AB4EE410AF1EE10FA09DDFFE71A9846
:106AE000189B05210A22FFF7CFFB8DF86F00BBE052
:106AF000DDF868E0CDF808E0DEF84C00DEF8501074
:106B0000DEF85420DEF85830DEF85CC0DEF8604075
:106B10001194CDF840C00F930E920D910C90DEF8B9
:106B20006400DEF86810DEF86C20DEF87030DEF805
:106B300074C0DEF878E0CDF85CE0CDF858C015936D
:106B40001492139112901A9890F87E008DF83000EC
:106B50001A9890F87F008DF831001A9AD2F8C00088
:106B6000D2F8C410D2F8C8200F920E910D901A9846
:106B7000D0F8C80016901A98D0F88C001790012011
:106B800003908DF841001A9890F826008DF8420085
:106B9000002004908DF854009DF830008DF85500C9
:106BA0009DF831008DF856001A980CA9FFF7B4FD36
:106BB000039804991A9B05930C9ADDF834C0DDF80C
:106BC00038E00F9C109D119E1E66DD659C65C3F824
:106BD00054E0C3F850C0DA64129ADDF84CC0DDF816
:106BE00050E0159C169D179E9E675D671C67C3F855
:106BF0006CE0C3F868C05A661A9A507018981A9ACE
:106C000090601A9881711A98C1711A9A0220D070F6
:106C10001A9A1078002818BF012090709DF867001C
:106C20001A9A82F825001A98FEF7AAFA1A9800F024
:106C30004FFB1A98807880B1FFE71A989030019046
:106C40009DF8670000F060FD01460198FFF794FA97
:106C50001A99086901300861FFE71A9800F09CFA58
:106C600000208DF86F00FFE79DF86F001CB070BD2D
:106C700035FA0EBD35FA0E3D80B584B00290019113
:106C8000029820B9FFE701208DF80F000DE002986F
:106C9000012180F82210029880F823100298019AAE
:106CA000FFF74EFB8DF80F00FFE79DF80F0004B0D3
:106CB00080BD00000000000080B584B00390029108
:106CC0000192039808B9FFE729E00399002000909A
:106CD0000875039948750399887503990120C8754B
:106CE0000298039988610298039988600398FEF7D7
:106CF0006FF90398FEF790F90398FEF79DF9009855
:106D0000039A07219171039A0921D171039A0421F1
:106D1000D17003998870039800F03EFAFFE704B041
:106D200080BD00000000000080B58CB003AB019373
:106D30000A908DF82710089200208DF80B000A9811
:106D400020B9FFE701208DF82F00BAE09DF8270059
:106D5000FEF7F6FD48B9FFE70A98089B082211469E
:106D6000FFF792FA8DF82F00ABE00A98007828B16F
:106D7000FFE70A98C078032809D1FFE70A98089B23
:106D800007210922FFF780FA8DF82F0099E00020F3
:106D90008DF80A00FFE79DF80A0002280ED8FFE7E9
:106DA0000A989DF80A1000EB8101C86B8862FFE722
:106DB0009DF80A0001308DF80A00ECE705A80DF1F6
:106DC0000B01FEF7B9FB18B3FFE700208DF80A00AE
:106DD000FFE79DF80A00022819D8FFE79DF80B008D
:106DE0009DF80A10C840C00750B1FFE79DF80A207F
:106DF00005A850F822000A9901EB82018862FFE79A
:106E0000FFE79DF80A0001308DF80A00E1E7FFE78F
:106E10000A98FEF7DDF80A98FEF7EAF80A98FEF7F6
:106E2000FBF89DF827000A9981F826009DF82700B5
:106E300004F086FD019880ED010A0A9991ED0A0A95
:106E400090ED011A30EE410AFFF75EF9019880EDEE
:106E5000000A90ED000AB0EEC00A9FED1C1AB4EED5
:106E6000410AF1EE10FA1EDCFFE704980A998862E5
:106E70000A99002081F824000A9981F825000A98CF
:106E8000089A0421FFF784FD8DF809000A98FEF79F
:106E9000D3F89DF827000A9981F834009DF809007D
:106EA0008DF82F000DE00A98012180F824100A982F
:106EB00080F825100A98089AFFF76AFD8DF82F00D0
:106EC000FFE79DF82F000CB080BD00BF35FA0E3DE6
:106ED00080B582B00190019808B9FFE715E00199EB
:106EE0000020887001990320C8700198FEF770F89F
:106EF0000198FEF77DF80198FEF78EF80198FEF7ED
:106F00009BF8019800F048F9FFE702B080BD00004F
:106F100080B582B00190019808B9FFE715E00198AB
:106F2000FEF756F80198FEF763F80198FEF774F83B
:106F30000198FEF781F801990020887001990320DB
:106F4000C870019800F028F9FFE702B080BD00008A
:106F500080B582B001900091019808B9FFE785E003
:106F600000980199C860019890F8220028B1FFE7C5
:106F70000198009900F07CF878E00198007D38B124
:106F8000FFE70198009B07210922FFF77DF96DE0DB
:106F9000019890F8240028B1FFE70198009900F0CB
:106FA00037FA63E0019890F8200038B3FFE70198C2
:106FB000007848B1FFE70198407828B1FFE70198D1
:106FC000C078032810D1FFE70199002081F8200044
:106FD000019981F8210001998870019800F078F9F1
:106FE000019800F0D9F841E00199012088700198DA
:106FF00000F06EF9019800F0CFF837E001980078C2
:1070000048B1FFE70198407828B1FFE70198C078C0
:1070100003280AD1FFE7019900208870019800F049
:1070200057F9019800F0B8F820E00198807978B914
:10703000FFE7019890F87C0050B9FFE70199022022
:10704000C870019901208870019800F041F909E0A9
:1070500001990420C870019900208870019800F0FF
:1070600037F9FFE7019800F097F8FFE702B080BD1D
:1070700080B584B003900291039808B9FFE788E0D7
:107080000398007828B1FFE70398C07803280DD152
:10709000FFE70398FDF79CFF039900208870039891
:1070A00000F016F9039800F077F872E00398807901
:1070B000E8B9FFE70398C078042818D0FFE70398E1
:1070C00090F82300FEF710F98DF8070003990120CE
:1070D0008870039800F0FCF8039890309DF8071032
:1070E000FFF74AF8039908690130086109E003993C
:1070F00000208870039800F0EBF8039800F04CF83B
:1071000047E0039890F82310FEF72EF9E8B3FFE765
:10711000039890F82300012809D1FFE70398029A09
:107120000221FFF70DF9039800F036F831E00399DA
:10713000002081F82200039981F82300039A92F835
:10714000801082F83410039A012182F820100399EC
:1071500081F82100039A0221D170039909780090E7
:1071600039B1FFE703988079B0FA80F040090090C8
:10717000FFE7009800F0010003998870039800F081
:10718000A7F8039800F008F803E0039800F004F86B
:10719000FFE704B080BD000080B582B00190002000
:1071A0008DF803008DF802000198007838B1FFE7F0
:1071B0009DF8030040F001008DF80300FFE70198FF
:1071C000407838B1FFE79DF8030040F002008DF8E9
:1071D0000300FFE70198807838B1FFE79DF80300CE
:1071E00040F004008DF80300FFE70198807938B97A
:1071F000FFE79DF8030040F008008DF80300FFE76B
:107200000198FEF74DFC38B1FFE79DF8030040F010
:1072100010008DF80300FFE70198807938B1FFE78F
:107220009DF8020040F001008DF80200FFE7019890
:107230008079042807D1FFE79DF8020040F00200A2
:107240008DF80200FFE701988079032807D1FFE756
:107250009DF8020040F004008DF80200FFE701985D
:10726000807902280AD0FFE701988079012805D0AB
:10727000FFE701988079082807D1FFE79DF8020011
:1072800040F008008DF80200FFE70198807905289A
:1072900007D1FFE79DF8020040F010008DF80200D2
:1072A000FFE701988079072807D1FFE79DF80200E2
:1072B00040F020008DF80200FFE79DF803000199DF
:1072C00008719DF802000199487102B080BD00006C
:1072D00080B584B00390039808B9FFE773E0039882
:1072E00001780020009039B1FFE7039880780028EA
:1072F00018BF01200090FFE7009800F001008DF812
:107300000B009DF80B00E8B1FFE746F6CC10C2F287
:1073100000000078B0B9FFE70023184619461A4666
:1073200004F04AFE04F03CFC46F6CC11C2F2000127
:1073300001200870F3F7BCFB45F67861C2F200410A
:10734000086040E09DF80B0010B3FFE746F6CC1054
:10735000C2F200000078D8B1FFE7FDF741FFB8B1F5
:10736000FFE7F3F7A5FB0190019845F67861C2F2BB
:1073700000410968401AFA2809D3FFE704F010FC1D
:10738000019845F67861C2F200410860FFE719E014
:107390009DF80B00A8B9FFE746F6CC10C2F200003A
:1073A000007870B1FFE704F0A3FB46F6CC11C2F2FF
:1073B00000010020087045F67861C2F200410860C3
:1073C000FFE7FFE7FFE704B080BD0000000000001A
:1073D00082B001908DF803108DF802208DF80130F5
:1073E000019820B1FFE79DF8010008B1FFE70AE02E
:1073F0009DF80300012806D1FFE79DF802000199DE
:1074000081F84900FFE702B070470000000000006B
:1074100080B586B00590049100208DF80F00059886
:1074200008B9FFE7A2E00598007848B1FFE70598A2
:10743000407828B1FFE70598C07803280DD1FFE711
:107440000598FDF7F9FD0599002088700598FFF76C
:107450003FFF0598FFF7A0FE88E0059800F0B4F91B
:10746000002858D0FFE7059890F8250001280BD197
:10747000FFE7059800F070F901460320002918BFC6
:1074800002208DF80F003CE0059890F825000228B6
:1074900004D1FFE703208DF80F0031E0059890F844
:1074A0002500032804D1FFE704208DF80F0026E013
:1074B0000599002081F82400059981F82500059A96
:1074C00092F8261082F83410059A0221D17005999D
:1074D0000978029039B1FFE705988079B0FA80F019
:1074E00040090290FFE7029800F0010005998870BA
:1074F0000598FFF7EDFE0598FFF74EFE36E0FFE733
:10750000FFE705989DF80F10049AFFF741FA08B1BC
:10751000FFE72BE02AE005988079E0B9FFE70598BE
:10752000C078042817D0FFE70599012088700598D6
:10753000FFF7CEFE059800F19001019190F825002B
:1075400000F0E2F801460198FEF716FE0599086979
:107550000130086106E00599002088700598FFF762
:10756000B7FEFFE70598FFF717FEFFE706B080BDFF
:1075700080B588B0069005918DF8132003930720FD
:107580008DF8080040F20560ADF80600069818B1C5
:10759000FFE7059858B9FFE7039820B1FFE7039983
:1075A00003200870FFE701208DF81F00A1E09DF87F
:1075B000130000F0A9F88DF80A009DF80A0058B9E8
:1075C000FFE7039820B1FFE7039903200870FFE766
:1075D00002208DF81F008CE000208DF80B00FFE7E3
:1075E0009DF80B00022879D8FFE705989DF80B104D
:1075F00000EB810090ED000AB4EE400AF1EE10FAC3
:107600001ED1FFE705989DF80B1000EB810090ED6F
:10761000000A9FED3A1AB4EE410AF1EE10FA0FDCBF
:10762000FFE705989DF80B1000EB810090ED000A34
:107630009FED331AB4EE410AF1EE10FA0BDAFFE7D0
:10764000039820B1FFE7039903200870FFE70220A9
:107650008DF81F004DE09DF80A009DF80B10C84002
:10766000C00708B9FFE733E005989DF80B1000EB61
:10767000810090ED000A069800EB810090ED3C1A25
:10768000B4EE410AF1EE10FA12DBFFE705989DF81F
:107690000B1000EB810090ED000A069800EB8100D2
:1076A00090ED3F1AB4EE410AF1EE10FA0FDDFFE75C
:1076B000039840B1FFE79DF80B100DF10600405C08
:1076C00003990870FFE704208DF81F0011E0FFE721
:1076D0009DF80B0001308DF80B0081E7039820B175
:1076E000FFE7039900200870FFE700208DF81F00D6
:1076F000FFE79DF81F0008B080BD00BFFFFF7F7F40
:10770000FFFF7FFF0000000081B08DF802009DF8B0
:107710000200012804D1FFE702208DF8030016E0E3
:107720009DF8020002280AD0FFE79DF80200032816
:1077300005D0FFE79DF80200042804D1FFE70320ED
:107740008DF8030003E000208DF80300FFE79DF8AB
:10775000030001B07047000084B00290029820B985
:10776000FFE700208DF80F0027E0029890F8340022
:10777000012808D1FFE7029890F82610012002297D
:10778000019014D0FFE7029890F8341000200229ED
:10779000009009D1FFE7029890F826000138B0FA6E
:1077A00080F040090090FFE700980190FFE7019802
:1077B00000F001008DF80F00FFE79DF80F0004B006
:1077C000704700000000000080B588B002A9009159
:1077D000069000208DF80700069820B9FFE70020EA
:1077E0008DF81F006EE003A80DF10701FDF7A4FE60
:1077F00020B9FFE700208DF81F0063E0069890F89D
:107800002500FFF781FF8DF806009DF8060040B1C6
:10781000FFE79DF807009DF806100840884204D055
:10782000FFE700208DF81F004CE000208DF80500D8
:10783000FFE79DF80500022840D8FFE79DF8060005
:107840009DF80510C840C00708B9FFE730E0009870
:107850009DF8052003A901EB820191ED000A06992C
:1078600001EB820191ED241A30EE410A80ED000A0D
:107870009DF80500022809D0FFE7009890ED000A66
:10788000FEF742FC009880ED000AFFE7009890EDBB
:10789000000AB0EEC00A9FED0D1AB4EE410AF1EEF7
:1078A00010FA04DDFFE700208DF81F000AE0FFE773
:1078B0009DF8050001308DF80500BAE701208DF82C
:1078C0001F00FFE79DF81F0008B080BD35FA0E3D90
:1078D00080B588B003AA01920246019807928DF8FC
:1078E0001B1080ED020AC0ED010A80ED001A079816
:1078F00008B9FFE785E09DF81B00082815D3FFE7CE
:107900000798007801F0ECFC50B1FFE707989FED75
:107910003F1AB0EE410AF0EE410A01F095FF03E094
:10792000079802F011F8FFE76BE09DF81B008DF857
:107930000B00079800789DF80B10884206D0FFE7EF
:1079400007989DF80B1001F0E3FEFFE79DF80B0090
:1079500001F066FCC8B3FFE79DF80B0001F028FDBD
:1079600058B1FFE70199079891ED000A9FED261A9B
:1079700020EE010A01F0CCFF0AE00199079891ED91
:10798000000A9FED211A20EE010A01F02DFFFFE70A
:107990009DF80B0001F0A4FC58B1FFE7019907988E
:1079A00091ED020AD1ED010A9FED181A01F04CFF8A
:1079B0000AE00199079891ED020AD1ED010A9FEDC5
:1079C000131A01F0A1FDFFE71BE09DF80B0001F089
:1079D00087FC58B1FFE70199079891ED020AD1EDB4
:1079E000010A91ED001A01F02FFF0AE001990798B2
:1079F00091ED020AD1ED010A91ED001A01F084FD2A
:107A0000FFE708B080BD00BF39FA8E3C00000000DF
:107A100080B58CB00B900A910A9808B9FFE77BE11A
:107A200000208DF82700FFE79DF82700032819D8CC
:107A3000FFE70A999DF82720002021F812000A99F3
:107A40009DF8272001EB420108810A999DF8272023
:107A500001EB42010882FFE79DF8270001308DF815
:107A60002700E1E70B9800F08FF98DF826009DF8CC
:107A70002600002857D1FFE700208DF82700FFE7F8
:107A80009DF82700032817D8FFE79DF8270001304D
:107A90009FEDA20AFDF708F9BDEEC00A10EE100A2C
:107AA0000A999DF8272021F81200FFE79DF827008A
:107AB00001308DF82700E3E79FED980A8DED080A65
:107AC00005200690FDF7C4F8B0EE401A9DED080AB7
:107AD000BDEEC11A11EE100A0A990881062007901E
:107AE000FDF7B6F80698B0EE401A9DED080ABDEE17
:107AF000C11A11EE101A0A9A5181FDF7D5F80798AC
:107B0000B0EE401A9DED080ABDEEC11A11EE101A32
:107B10000A9A1182FDF7C8F8BDEEC00A10EE100AED
:107B20000A994882F8E000208DF82700FFE79DF8C9
:107B3000270003281ED8FFE70B989DF82710FBF7B6
:107B400007FA00EE100AB8EEC00A9DF827000130CF
:107B500011F00AF8BDEEC00A10EE100A0A999DF85D
:107B6000272021F81200FFE79DF8270001308DF84B
:107B70002700DCE70B980178EDF77AF840B9FFE7CA
:107B80000B98807CFAF7D8FB002800F08E80FFE786
:107B90000B98E8F71DFE8DF825009DF82500C0071D
:107BA00018B3FFE70B980021EEF73EF900EE100A3C
:107BB000B8EEC00A052010F0C7FFBDEEC00A10EEF7
:107BC000100A0A9908810B980121EEF72DF900EEB1
:107BD000100AB8EEC00A062010F0B6FFBDEEC00ACB
:107BE00010EE100A0A9948811AE09FED4C0A8DEDBB
:107BF000050A0520FDF72CF8B0EE401A9DED050AA8
:107C0000BDEEC11A11EE100A0A9908810620FDF78F
:107C10001FF8BDEEC00A10EE100A0A994881FFE76E
:107C20009DF825008007002823D5FFE70B98002149
:107C3000EDF742F800EE100AB8EEC00A052010F089
:107C400093FFBDEEC00A10EE100A0A9908820B9845
:107C50000121EDF731F800EE100AB8EEC00A062057
:107C600010F082FFBDEEC00A10EE100A0A99488299
:107C70001AE09FED2A0A8DED040A0520FDF714F89D
:107C8000B0EE401A9DED040ABDEEC11A11EE100AC5
:107C90000A9908820620FDF707F8BDEEC00A10EE2B
:107CA000100A0A994882FFE736E09FED1C0A8DED25
:107CB000030A05200190FCF7CBFFB0EE401A9DEDC2
:107CC000030ABDEEC11A11EE100A0A9908810620B6
:107CD0000290FCF7BDFF0198B0EE401A9DED030A3B
:107CE000BDEEC11A11EE101A0A9A5181FCF7DCFFA1
:107CF0000298B0EE401A9DED030ABDEEC11A11EED6
:107D0000101A0A9A1182FCF7CFFFBDEEC00A10EEDE
:107D1000100A0A994882FFE70CB080BD00000000FD
:107D200080B582B00190019808B9FFE725E001987D
:107D30009021E8F788FC019900200870019988716A
:107D40000199C8710198032106F072FB0198EAF7C6
:107D5000B3FA0198EAF794FA01990120087401989E
:107D6000BBEE0E0A06F040FB01989FED050A06F0F7
:107D700073FB01980EF064FDFFE702B080BD00BF09
:107D8000000000000000000082B00090009820B1C8
:107D9000FFE70098807820B9FFE700208DF8070002
:107DA0000CE000980078172804D1FFE700208DF838
:107DB000070003E001208DF80700FFE79DF80700AA
:107DC00002B070470000000080B582B001900198B9
:107DD000002100F019F802B080BD00000000000092
:107DE00081B00090009808B9FFE70BE00098807818
:107DF00020B9FFE7009901208870FFE70099012072
:107E0000C872FFE701B0704780B582B001908DF86D
:107E1000031001989DF80310012203F085FC02B0C5
:107E200080BD00000000000080B582B001908DF898
:107E30000310019808B9FFE724E09DF80300FCF760
:107E40001FF88DF8030001989DF80310012203F03C
:107E50006BFC01980078172801D1FFE712E0019927
:107E6000012048730199002088739DF8032009219F
:107E7000012A08BF0521019AD1730199487001991F
:107E8000C872FFE702B080BD80B584B003908DF862
:107E90000B10039808B9FFE76FE09DF80B00FBF7A4
:107EA000EFFF8DF80B000398807820B9FFE7039966
:107EB00001208870FFE703989DF80B10EDF71CFF79
:107EC000D8B9FFE70399487940F008004871039951
:107ED00000200190C87003990873039908720399F0
:107EE0004872039988720398EAF72EFB0198039968
:107EF00008710399172008703FE0039880799DF876
:107F00000B10884211D0FFE79DF80B000399887190
:107F1000039900200870039908710399C8700399A8
:107F200008730398EAF710FBFFE70398007850B155
:107F3000FFE703980078162805D0FFE7039800783C
:107F400017280AD1FFE70399002088760399C8769D
:107F50009DF80B0003990877FFE79DF80B00039944
:107F6000C87103990020087203994872039901208F
:107F700088720398EAF7E8FAFFE704B080BD0000D2
:107F800080B582B001908DF8031001989DF8031020
:107F9000002203F0C9FB02B080BD00000000000019
:107FA00080B582B0019001980021FFF7E9FF02B08F
:107FB00080BD00000000000082B001908DF8031029
:107FC000019808B9FFE70CE00198807820B9FFE735
:107FD000019901208870FFE79DF80300019948741A
:107FE000FFE702B07047000080B58AB08DF8270027
:107FF0000891089808B9FFE756E09DF82700B8B93E
:10800000FFE7089945F25820C2F2004006F0B8FC9C
:1080100045F2A810C2F20040007840B9FFE7089985
:1080200045F2A810C2F2004006F0AAFCFFE73BE0D0
:108030009DF82700012818D1FFE7089944F67470CD
:10804000C2F2000006F09CFC45F2A810C2F200400B
:108050000078012808D1FFE7089945F2A810C2F27C
:10806000004006F08DFCFFE71DE000200790069021
:10807000059004900390029045F25820C2F200400F
:1080800002A9019106F07CFC019944F67470C2F2D9
:10809000000006F075FC019945F2A810C2F20040FC
:1080A00006F06EFCFFE7FFE70AB080BD00000000AD
:1080B00080B586B005908DF813108DF812208DF8DC
:1080C0001130059808B9FFE759E09DF8130060B931
:1080D000FFE7059800F058F89DF8120005994875DB
:1080E0009DF811000599887549E00598807848B990
:1080F000FFE705990120887005990020087005990F
:108100004871FFE79DF812100020029039B1FFE797
:108110000598407DB0FA80F040090290FFE7029890
:1081200000F001008DF810009DF811100020019062
:1081300039B1FFE70598807DB0FA80F040090190E1
:10814000FFE7019800F001008DF80F009DF8100086
:1081500020B1FFE70598FFF723FFFFE79DF80F0029
:1081600020B1FFE70598FFF72FFEFFE79DF812000B
:10817000059948759DF8110005998875FFE706B0C7
:1081800080BD00000000000080B586B00590059815
:1081900008B9FFE743E00598007C8DF80300002054
:1081A0008DF80200FFE79DF80200032810D8FFE7D2
:1081B00005989DF8022000EB8200006B01A941F8B0
:1081C0002200FFE79DF8020001308DF80200EAE787
:1081D0000598FFF7A5FD9DF8030000B3FFE7002019
:1081E0008DF80200FFE79DF80200032810D8FFE792
:1081F0009DF8022001A850F82200059901EB8201A8
:108200000863FFE79DF8020001308DF80200EAE7FD
:1082100005990120087405980EF012FBFFE706B0DF
:1082200080BD00000000000082B08DF806009DF8BF
:108230000610A1F10A000091032805D3FFE700987A
:108240001438022804D8FFE701208DF8070003E066
:1082500000208DF80700FFE79DF8070002B0704787
:1082600080B596B0159014911392159808B9FFE750
:108270007AE213981599486215980EF0E1FA15986C
:10828000807808B9FFE76FE2FCF7EAFD78BBFFE70B
:108290001599487940F00200487115990020109016
:1082A000C870159908711599087215994872159931
:1082B00088721598EAF748F9109815990873159976
:1082C00048741598007D58B1FFE7149820B1FFE776
:1082D000149801F039FBFFE7159900200875FFE7B6
:1082E00015990020C8741599172008703CE215985C
:1082F000407C8DF846001599002048749DF8460092
:1083000040B1FFE7159814999DF84620139BE9F7B3
:108310009BF829E21598C07C002841D0FFE7159909
:1083200000200872159948721599C872139915980A
:10833000026A891A0F91807C07F006FA01460F98AD
:1083400088421DD9FFE71599487940F0010048712E
:108350001598007D58B1FFE7149820B1FFE71498F5
:1083600001F0F2FAFFE7159900200875FFE715996B
:108370000020C87415990871159917200870F3E149
:108380001598149907F080F948B1FFE71599002076
:10839000C87415990875159901200871FFE7E3E184
:1083A0001598007A8DF84A001598407A8DF84900A2
:1083B0001598807A8DF848001598C07A8DF8470096
:1083C00015990020087215994872159988721599A7
:1083D000C8729DF84700002854D0FFE71598807BAD
:1083E00098B3FFE71598007978B3FFE71598007800
:1083F00016282AD0FFE715980078172825D0FFE720
:10840000159840788DF845009DF8450028B9FFE79C
:10841000159800788DF84500FFE71598EAF794F86D
:1084200015990120C87015990020087315980E90B1
:1084300014990D919DF84510FBF79AFC0D99024691
:108440000E98139BE8F7A0FD14E01599487940F0C9
:1084500008004871159900200C90C8701599087390
:108460001598EAF771F80C98159908711599172065
:108470000870FFE700208DF84A008DF849008DF85C
:108480004800FFE79DF84800A0B3FFE715990020DA
:10849000C8701599012008731598007848B1FFE756
:1084A00015980078162804D0FFE71598007968B170
:1084B000FFE715980B9014990A91F9F7A5FE0A9910
:1084C00002460B98139BE8F75FFD0DE0159948797C
:1084D00040F008004871159900200873159908713B
:1084E000159917200870FFE700208DF84A008DF8D5
:1084F0004900FFE79DF84900D0B3FFE715980078E1
:10850000172804D1FFE715990020C8702CE01599B1
:108510000120C8701598007828B1FFE715980078F9
:1085200016280DD1FFE71598099014990891F9F7CD
:108530006BFE089902460998139BE8F725FD12E0A7
:108540001598007970B1FFE7159807901499069176
:108550000178FBF70DFC069902460798139BE8F794
:1085600013FDFFE7FFE7FFE700208DF84A00FFE774
:108570009DF84A0040B3FFE715990020C870159890
:10858000007838B9FFE715981499139B1822E8F77B
:10859000FBFC18E015980078162813D0FFE7159813
:1085A000007817280ED0FFE71598059014990491CC
:1085B0000178FBF7DDFB049902460598139BE8F769
:1085C000E3FCFFE7FFE7FFE71598007870B1FFE7EE
:1085D00015980078162809D0FFE715980078172815
:1085E00004D0FFE71598007908B1FFE7BCE01598C3
:1085F00000781A280DD1FFE7159813990EF0BCF8F2
:1086000038B1FFE715981499139A012303F068F81D
:10861000AAE0159800781B280DD1FFE7159813994B
:10862000ECF7A6FA38B1FFE715981499139A0123CD
:1086300003F056F898E01598017806F0CDF8A8B147
:10864000FFE713991598026A891A0391017806F0D9
:10865000C3F801460398884207D9FFE71598149993
:10866000139A012303F03CF87EE0FFE71598149974
:10867000EAF7AAFA8DF84B009DF84B0008B9FFE71E
:1086800072E01598017806F00FF978B1FFE71598B8
:10869000007D58B1FFE7149820B1FFE7149801F06E
:1086A00053F9FFE7159900200875FFE71598007842
:1086B0001E2806D1FFE715981499139A03F0BCF809
:1086C00052E01598007BB0B1FFE7159800781B28A1
:1086D00007D1FFE715981499139B1C22E8F754FC67
:1086E00008E01599002008731599C87015990120A4
:1086F0000871FFE738E01598C07810B3FFE71598C8
:10870000017805F021FF70B1FFE715990020C870CE
:1087100015994873159901208873159A117851702D
:108720001599087120E0159802901499019101782B
:10873000FBF71EFB019902460298139BE8F724FC05
:1087400012E015980178FBF713FB162808D1FFE714
:10875000149828B1FFE71498012100F0D9FFFFE732
:10876000159901200871FFE716B080BD00000000D8
:1087700080B5ADF50C7D8B908A918DF827228B9872
:1087800045F25822C2F20042009200215DAB0193F3
:10879000E9F70EF88A9844F67472C2F20002029267
:1087A000012131AB0393E9F703F800980199B02256
:1087B0000492E7F7F4FE02980399049AE7F7EFFEB4
:1087C0009DF82702012806D1FFE705A831A9B022AC
:1087D000E7F7E5FE14E09DF8270230B9FFE705A8AA
:1087E0005DA9B022E7F7DBFE09E045F2A812C2F26C
:1087F00000420020022105ABE8F7DAFFFFE7FFE7C0
:1088000045F2A810C2F2004005A9B022E7F7C7FE62
:108810000DF50C7D80BD000080B5BAB000202A9017
:10882000299028902790269002208DF83E0045F24E
:108830006431C2F2000191ED000AB8EE400A9FEDEA
:10884000CD1A20EE010A8DED390A086845F208328A
:10885000C2F200420892106008680130086010A857
:10886000F9F71EF9089913982B909DF884008DF85C
:108870003F002B9808669DF83F0048719DF83F0027
:1088800088B1FFE79DED2B0A45F24410C2F20000CB
:1088900001F03AF99DED2B0A45F25420C2F2000096
:1088A00001F032F9FFE700208DF8B300FFE79DF8F3
:1088B000B30003282BDCFFE79DF8B320C2EBC20115
:1088C00046F2B000C2F2000000EB8100C1682EA8A1
:1088D00040F822109DF8B32050F8220045F20831EC
:1088E000C2F2004101EB820290609DF8B32045F294
:1088F0007C30C2F2004050F8220001EB8201886116
:10890000FFE79DF8B30001308DF8B300CFE745F2E3
:108910007830C2F200400078002800F0D580FFE7F0
:1089200000208DF8B300FFE79DF8B30003282FDC8B
:10893000FFE79DF8B3202EA850F8220045F27C31C5
:10894000C2F2004151F82210401A2D902D98ECF7F8
:1089500043FA9DF8B31035A800EB810181ED000AC0
:108960002D9A9DF8B33045F20831C2F2004101EB77
:1089700083039A629DF8B32050F8220001EB820134
:108980008863FFE79DF8B30001308DF8B300CBE7B3
:1089900035980E9036980D9037980C9038980B902B
:1089A0009DED0E0A9DED0D1A30EE410A9DED0C1A5B
:1089B00030EE410A9DED0B1A30EE010AB5EE001AB9
:1089C00020EE010A8DED340A9DED0E0AB1EE400A4B
:1089D0009DED0D2A30EE420A9DED0C2A30EE020A82
:1089E0009DED0B2A30EE020A20EE010A8DED330ACE
:1089F0009DED0E0A9DED0D2A30EE020A9DED0C2A2A
:108A000030EE020A9DED0B2A30EE020A20EE410AFA
:108A100040F26810C2F2000090ED011A90ED022AB7
:108A200031EE021A80EE010A8DED320A9DED340A14
:108A30009FEDDE1A20EE010A8DED2A0A9DED330A24
:108A400020EE010A8DED290A9DED320A20EE010A81
:108A50008DED260A349845F20831C2F2004188644F
:108A60003398C864329808652698C8659DED340A25
:108A7000DDED330A9DED321A45F24410C2F20000DA
:108A800000F0F2FF9DED340ADDED330A9DED321A60
:108A900045F25420C2F2000000F0E6FF9DF83F00CE
:108AA00088B1FFE79DED2B0A45F24410C2F20000A9
:108AB00001F02AF89DED2B0A45F25420C2F2000085
:108AC00001F022F8FFE730E045F27831C2F20041D0
:108AD0000120087000208DF8B300FFE79DF8B30077
:108AE000032816DCFFE79DF8B30045F20831C2F217
:108AF000004101EB8002002090629DF8B32001EB61
:108B000082018863FFE79DF8B30001308DF8B30060
:108B1000E4E745F20831C2F2004100208864C864ED
:108B2000086548658865C865FFE745F27830C2F298
:108B30000040007845F20831C2F20041087100207F
:108B40008DF8B300FFE79DF8B300032814DCFFE7BE
:108B50009DF8B3202EA850F8220045F27C31C2F2D5
:108B6000004141F82200FFE79DF8B30001308DF885
:108B7000B300E8E76F12833A0CF05EFA09F004FDE7
:108B800045F26430C2F200000590016845F25420BD
:108B9000C2F20000049002F01FF99DED390A45F27F
:108BA0004410C2F20000039000F01EFF04989DEDF7
:108BB000390A00F019FF03990598026845F224006C
:108BC000C2F20000FFF74CFB04990598026845F2D9
:108BD000B400C2F200000690FFF742FB059801685E
:108BE00045F29000C2F200400790FEF7B1F90598F7
:108BF0000699079A036845F28C30C2F2004001F0F2
:108C0000A7FD40F22800C2F20000007801282FD111
:108C1000FFE745F24410C2F200000290D0F8FC10C9
:108C2000D0F80031D0F804C1D0F808E14AF294023B
:108C3000C2F20042C2F80CE0C2F808C053601160F2
:108C4000D0F8F010D0F8F430D0F8F8C046F62C2266
:108C5000C2F20002C2F808C053601160259045F2CC
:108C60000831C2F20041002088718DF83E0045E0D5
:108C700044F28840C2F20040007801282FD1FFE77B
:108C800045F25420C2F200000190D0F8FC10D0F858
:108C90000031D0F804C1D0F808E14AF29402C2F2DF
:108CA0000042C2F80CE0C2F808C053601160D0F86E
:108CB000F010D0F8F430D0F8F8C046F62C22C2F20A
:108CC0000002C2F808C053601160259045F20831D7
:108CD000C2F20041012088718DF83E000DE045F29E
:108CE0004410C2F20000259045F20831C2F2004162
:108CF000022088718DF83E00FFE7FFE79DF83E20D7
:108D000045F22400C2F2000045F2B401C2F20001B3
:108D1000FFF72EFD2598C06945F20831C2F20041E7
:108D2000009148662598006A88662598406AC8665A
:108D3000259890ED090A11F091FD8DED0A0A25980C
:108D400090ED090A12F064F900998DED090A9DED84
:108D50002A1A9DED0A2A9DED290A9DED093A20EE79
:108D6000030A91EE020A8DED280A9DED2A1A9DED67
:108D7000092A9DED290A9DED0A3A20EE030AA1EE8B
:108D8000020A8DED270A2898486527988865259856
:108D900090ED070AD0ED080A9DED281ADDED271A9F
:108DA0009DED262AF8F754FF3AB080BD00007A44C2
:108DB00080B584B00190019808B9FFE715E0EFF3A2
:108DC0001080029002980090EFF3108072B603902A
:108DD000019840F29001C2F20001D822E7F7DFFBD0
:108DE000009810B9FFE762B6FFE704B080BD00004D
:108DF00080B584B045F67C60C2F20040007808B1CE
:108E0000FFE71EE0F9F774FC0020029001210391B6
:108E1000FAF736F8039802210191FAF731F8019830
:108E20000321FAF72DF8029A1046114600F01CF8BB
:108E3000039845F67C61C2F20041087000F02CF8FE
:108E4000FFE704B080BD000080B545F67C60C2F24B
:108E50000040007818B9FFE7FFF7CAFFFFE7F9F70E
:108E6000FBFE00F019F880BD80B584B0039002913C
:108E7000019203990020FAF727F802990120FAF7E6
:108E800023F801990220FAF71FF800F005F804B062
:108E900080BD00000000000080B5BEB006A80290B2
:108EA000D821E7F7D0FB029800F1240100200390BD
:108EB000F9F7B2FB029800F160010120F9F7ACFB71
:108EC000029800F19C010220F9F7A6FB03980F9984
:108ED00006911E9907912D990891109909911F9952
:108EE0000A912E990B919DF86F108DF830109DF816
:108EF000AB108DF831109DF8E7108DF832109DF809
:108F000070108DF833109DF8AC108DF834109DF86A
:108F1000E8108DF835109DF83010049069B1FFE726
:108F20009DF831100020049039B1FFE79DF8320020
:108F3000002818BF01200490FFE7049800F001000A
:108F40008DF836009DF833100020019069B1FFE7DD
:108F50009DF834100020019039B1FFE79DF83500ED
:108F6000002818BF01200190FFE7019800F00100E0
:108F70008DF83700F1F79CFD0E90EFF310803C90D8
:108F80003C980590EFF3108072B63D9040F290004F
:108F9000C2F2000006A9D822E7F701FB059810B934
:108FA000FFE762B6FFE73EB080BD000000000000B2
:108FB00084B08DED020ACDED010A8DED001A9DED14
:108FC000020A9DED011AB4EE410AF1EE10FA03DA3D
:108FD000FFE7019803900FE09DED020A9DED001A56
:108FE000B4EE410AF1EE10FA03DDFFE700980390BA
:108FF00002E002980390FFE79DED030A04B070477A
:1090000080B582B00190019808B9FFE704E00198AB
:10901000017800F005F8FFE702B080BD0000000015
:1090200080B582B001908DF80310019830B1FFE750
:109030009DF8030000F0DCF808B9FFE739E09DF87F
:10904000030000F065F980B1FFE7019890ED340A64
:1090500010F03EFF019880ED340A0199012081F85B
:10906000DD00019981F8DC0023E0019890F8DC0034
:1090700028B1FFE7019890F8DD0048B1FFE70198BB
:1090800090ED090A10F024FF019880ED360AFFE701
:10909000019890ED350A10F01BFF019880ED350A1C
:1090A0000199002081F8DD000199012081F8DC00A0
:1090B000FFE702B080BD000080B582B0009000984C
:1090C00018B9FFE7002001901CE00098FFF798FF17
:1090D0000098007800F01CF960B9FFE7009890ED67
:1090E000351A90ED360A30EE010A10F0F1FE8DEDE2
:1090F000010A07E0009890ED340A10F0E9FE8DEDCA
:10910000010AFFE79DED010A02B080BD00000000EA
:1091100082B00090009820B9FFE700208DF807008A
:1091200004E0009840788DF80700FFE79DF80700FD
:1091300002B070470000000080B584B00390029137
:109140008DED010A039808B9FFE74BE003984FF44F
:109150008871E7F778FA039900200870039948703E
:1091600002980399C1F8EC000399012081F80C01E1
:10917000039828309DED011ADFED1B0AB0EE600A5E
:1091800010F0BAF903983C309DED011AF0EE000A98
:10919000B0EE600A10F0B0F9039850309DED011A5E
:1091A000B1EE080AF3EE040A10F0A6F903994FF0A5
:1091B0008040C1F8E0000399C1F8E4000399002061
:1091C000C4F22010C1F8E80003990020C4F2400066
:1091D000C1F8B400039946F26660C3F6E670C1F8C0
:1091E000B800FFE704B080BD9A99993F00000000E5
:1091F00081B08DF803009DF803100120884301B071
:10920000704700000000000081B08DF803009DF859
:1092100003100120884301B07047000000000000E7
:1092200081B08DF803009DF803100120884301B040
:10923000704700000000000081B08DF803009DF829
:1092400003100120884301B07047000000000000B7
:1092500081B08DF803009DF8031000200329C8BFDA
:10926000012001B07047000081B08DF803009DF827
:10927000031000200329C8BF012001B0704700007F
:1092800081B08DF803009DF8031000200329C8BFAA
:10929000012001B07047000081B08DF803009DF8F7
:1092A000031000200429B8BF012001B0704700005E
:1092B00081B08DF803009DF8031000200429B8BF89
:1092C000012001B07047000081B08DF803009DF8C7
:1092D000031000200429B8BF012001B0704700002E
:1092E00081B08DF803009DF8031000200429B8BF59
:1092F000012001B07047000081B08DF803009DF897
:10930000031000200429B8BF012001B070470000FD
:1093100082B08DF807009DF8071001200229009007
:1093200016D0FFE79DF807100120032900900FD009
:10933000FFE79DF8071001200629009008D0FFE7FD
:109340009DF807000738B0FA80F040090090FFE769
:10935000009800F0010002B070470000000000001B
:1093600082B08DF807009DF80710012002290090B7
:1093700016D0FFE79DF807100120032900900FD0B9
:10938000FFE79DF8071001200629009008D0FFE7AD
:109390009DF807000738B0FA80F040090090FFE719
:1093A000009800F0010002B07047000000000000CB
:1093B00082B08DF807009DF8071001200229009067
:1093C00016D0FFE79DF807100120032900900FD069
:1093D000FFE79DF8071001200629009008D0FFE75D
:1093E0009DF807000738B0FA80F040090090FFE7C9
:1093F000009800F0010002B070470000000000007B
:1094000082B08DF807009DF8071001200229009016
:1094100016D0FFE79DF807100120032900900FD018
:10942000FFE79DF8071001200629009008D0FFE70C
:109430009DF807000738B0FA80F040090090FFE778
:10944000009800F0010002B070470000000000002A
:1094500080B586B0059004918DED030A059858B14A
:10946000FFE7049840B1FFE79DED030AB5EE400A1F
:10947000F1EE10FA01DCFFE732E0059890ED001AFA
:10948000049890ED000A20EE000AA1EE010A11F006
:1094900087FE8DED020A9DED020A9DED031AB4EEE2
:1094A000410AF1EE10FA1BDDFFE79DED030A9DED89
:1094B000021A80EE010A8DED010A9DED011A059850
:1094C00090ED000A20EE010A80ED000A9DED011AE0
:1094D000049890ED000A20EE010A80ED000AFFE7F3
:1094E00006B080BD0000000081B00090009808B96F
:1094F000FFE704E00099002081F80C01FFE701B0CC
:10950000704700000000000080B588B006908DED27
:10951000050ACDED040A8DED031A069820B9FFE780
:10952000FF208DF81F00EAE006984078012804D15A
:10953000FFE7FF208DF81F00E1E006980078FFF7B5
:1095400093FE20B9FFE7FF208DF81F00D7E00698B3
:109550000078FFF7DDFE28B1FFE70699012081F8CA
:10956000BC0004E00699002081F8BC00FFE70699E2
:1095700001F164009DED050AD1ED380A91ED391A2B
:10958000D1ED3A1A03F000FD069901F178009DED46
:10959000040AD1ED380A91ED391AD1ED3A1A03F0E7
:1095A000F3FC06980078FFF723FE88B1FFE70698E2
:1095B000FFF726FD069901F18C00D1ED380A91EDF7
:1095C000391AD1ED3A1A9FED500A03F0DDFC11E093
:1095D0000699002081F8DC00069901F18C009DEDD0
:1095E000030AD1ED380A91ED391AD1ED3A1A03F098
:1095F000CBFCFFE70698806E0290069890ED1F0A5C
:109600009DED021AB4EE410AF1EE10FA04DDFFE717
:109610000698C06F0290FFE7069890ED240A9DED32
:10962000021AB4EE410AF1EE10FA05DDFFE70698E2
:10963000D0F890000290FFE79DED020A9FED331AEB
:10964000B4EE410AF1EE10FA20DAFFE706990220A3
:109650004870069900200190C1F8A0000699C1F851
:10966000F0000699C1F8F4000699C1F8F8000699CF
:10967000C1F8FC000699C1F800010699C1F804017F
:109680000699C1F808018DF81F0038E00298069984
:10969000886602980699C86702980699C1F89000F2
:1096A00002980699C1F8A00006990020C1F8A4000C
:1096B000069AD169C2F8A810069A116AC2F8AC10CD
:1096C000069A516AC2F8B0100599069A1161049978
:1096D000069A51610399069A91610699C1F8F000C2
:1096E0000699C1F8F4000699C1F8F800069A01211C
:1096F0005170069981F80C018DF81F00FFE79DF964
:109700001F0008B080BD00BF000000006F12833A48
:1097100080B584B003908DF80B10039808B9FFE76B
:109720005DE0039800788DF80A009DF80A00FFF7C5
:109730005FFD8DF809009DF80B00FFF759FD8DF8CE
:1097400008009DF80A00FFF7E3FD00909DF80B006C
:10975000FFF7DEFD01460098401A18BF01208DF882
:10976000070003980078FFF77FFD50B1FFE79DF8F1
:109770000B00FFF79DFD20B1FFE703990020487023
:10978000FFE79DF80B00039908709DF80800F0B101
:10979000FFE79DF8090020B1FFE79DF8070080B1C1
:1097A000FFE70399002081F8DC009DF80B00FFF72C
:1097B000AFFD28B9FFE703990020C1F8D400FFE707
:1097C000FFE703989DF80B10FFF72AFC04E00399CC
:1097D000002081F8DC00FFE7E8F7BEFDFFE704B0FA
:1097E00080BD00000000000080B582B001908DEDCA
:1097F000000A019808B9FFE722E0019890F8DC0020
:1098000028B1FFE7019890F8DD0048B1FFE7019823
:1098100090ED090A10F05CFB019880ED360AFFE735
:109820009DED000A10F054FB019880ED350A019976
:10983000002081F8DD000199012081F8DC00FFE7BC
:1098400002B080BD0000000080B584B003908DEDB3
:10985000020ACDED010A8DED001A039808B9FFE761
:109860004EE0039890ED380A02A801A9FFF7F0FD39
:109870009DED000ADFED230A9FED231AFFF798FB09
:109880008DED000A02980399486001980399886059
:1098900000980399C860039828309DED020A0FF0E4
:1098A00043FE03983C309DED010A0FF03DFE039806
:1098B0000078FFF79DFC50B1FFE70398FFF7A0FB8E
:1098C000039850309FED110A0FF02EFE0AE0039925
:1098D000002081F8DC00039850309DED000A0FF065
:1098E00023FEFFE70399002081F80C01039800781C
:1098F000FFF7BAFC20B1FFE7039900204870FFE7AB
:1099000004B080BD7BD920BF7BD9203F0000000080
:1099100080B582B001908DED000A019808B9FFE78B
:109920000EE09DED000A10F0D3FA019880ED340AA4
:109930000199012081F8DD00019981F8DC00FFE741
:1099400002B080BD0000000080B584B00390039891
:1099500008B9FFE741E00399012081F80C01039960
:109960000020029048700399486003998860039929
:10997000C860039981F8DC00039828309FED180A2D
:109980008DED010A0FF0D0FD9DED010A03983C30EA
:109990000FF0CAFD9DED010A039850300FF0C4FD91
:1099A00002980399C862039908640399486503996A
:1099B000C1F8F0000399C1F8F4000399C1F8F80068
:1099C0000399C1F8FC000399C1F800010399C1F89B
:1099D00004010399C1F80801FFE704B080BD00BF8E
:1099E000000000000000000080B582B001908DED05
:1099F000000A019808B9FFE733E0019890F80C01DC
:109A000008B1FFE716E001980078FFF751FC20B19C
:109A1000FFE7019800F014FB23E001980078FFF7BE
:109A200023FC30B1FFE701989DED000A00F07CF8BF
:109A300017E0FFE701990020C1F8F0000199C1F893
:109A4000F4000199C1F8F8000199C1F8FC000199EE
:109A5000C1F800010199C1F804010199C1F8080198
:109A6000FFE702B080BD000080B586B005908DEDA7
:109A7000040ACDED030A8DED021A059808B9FFE737
:109A80003DE0059890ED090A10F0E8FE8DED010A21
:109A9000059890ED090A11F0BBFA8DED000A9DEDD5
:109AA000040A9DED012A9DED031A9DED003A21EE79
:109AB000031A90EE021A059890ED070A30EE010A9B
:109AC00080ED070A9DED040A9DED002A9DED031A25
:109AD0009DED013A21EE031AA0EE021A059890EDD1
:109AE000080A30EE010A80ED080A9DED021A059879
:109AF00090ED090A30EE010A80ED090AFFE706B091
:109B000080BD00000000000082B001908DED000AD1
:109B1000019808B9FFE703E0009801994862FFE760
:109B200002B070470000000080B5A4B023908DED16
:109B3000220A23984078012801D0FFE75DE22398AC
:109B400090ED290AB5EE400AF1EE10FA05D1FFE7D3
:109B500022982399C1F8A400FFE79DED220A2398DB
:109B600090ED291A30EE410A8DED210A9DED210A72
:109B7000B5EE400AF1EE10FA03DAFFE7002021907B
:109B8000FFE7239890ED280A9FEDDE1AB4EE410A14
:109B9000F1EE10FA0ADDFFE79DED210A239890ED22
:109BA000281A80EE010A8DED070A04E0B7EE000ADC
:109BB0008DED070AFFE79DED070A8DED200A9DED6B
:109BC000200AB7EE001AB4EE410AF1EE10FA05DDF4
:109BD000FFE7B7EE000A8DED060A04E09DED200ACE
:109BE0008DED060AFFE79DED060A8DED100A9DED4D
:109BF000200AB7EE001A0020B4EE410AF1EE10FA86
:109C0000A8BF01208DF83F00239864309DED100A15
:109C100003F0EEF88DED1F0A239878309DED100AC1
:109C200003F0E6F88DED1E0A23988C309DED100AA6
:109C300003F0DEF88DED1D0A9DF83F0028B1FFE727
:109C40009FEDB10A8DED050A08E0239864309DED83
:109C5000100A03F035F98DED050AFFE79DED050AC1
:109C60008DED1C0A9DF83F0028B1FFE79FEDA60A85
:109C70008DED040A08E0239878309DED100A03F07A
:109C80001FF98DED040AFFE79DED040A8DED1B0A17
:109C90009DF83F0028B1FFE79FED9B0A8DED030A79
:109CA00008E023988C309DED100A03F009F98DED42
:109CB000030AFFE79DED030A8DED1A0A239890ED44
:109CC000070A90ED2A1A30EE410A8DED190A239801
:109CD00090ED080A90ED2B1A30EE410A8DED180A2E
:109CE000239890ED090A90ED2C1A30EE410A8DED83
:109CF000170A239890F8BC00002847D1FFE79DED94
:109D0000190ADDED180A239890ED2C1A0EA80DA95A
:109D100010F0A6F89DED1F0A9DED0E1A30EE410AD7
:109D20008DED160A9DED1E0A9DED0D1A30EE410ACD
:109D30008DED150A9DED1C0A239890ED2D1A9DEDD1
:109D4000162AA1EE020A8DED130A9DED1B0A239837
:109D500090ED2D1A9DED152AA1EE020A8DED120A45
:109D600023980078FFF744FA78B9FFE79DED130ACE
:109D7000DDED120A9DED171A0CA80BA910F070F872
:109D80000C9813900B981290FFE735E09DED1F0A99
:109D90009DED191A30EE410A8DED160A9DED1E0A51
:109DA0009DED181A30EE410A8DED150A9DED1C0A45
:109DB000239890ED2D1A9DED162AA1EE020A8DED45
:109DC000130A9DED1B0A239890ED2D1A9DED152A7F
:109DD000A1EE020A8DED120A9DED130ADDED120AC5
:109DE000239890ED091A0AA809A910F039F80A98E1
:109DF000139009981290FFE723980078FFF7F8F97D
:109E000068B1FFE72398FFF757F9239890ED091AF7
:109E100030EE410A10F05CF88DED140A0AE09DED79
:109E20001D0A9DED171A30EE410A10F051F88DED24
:109E3000140AFFE79DED1A0A239890ED2E1A9DED66
:109E4000142AA1EE020A8DED110A23980078043835
:109E500001460291032842D80299DFE801F002127C
:109E600021312398FFF728F99FED701A20EE010A9F
:109E7000E8F7C2FA9FED6E1A20EE010A8DED110A85
:109E800030E09DED110A9FED691A20EE010AE8F716
:109E900073FA9FED671A20EE010A8DED110A21E099
:109EA0002398FFF709F99FED611A20EE010AE8F700
:109EB000A3FA9FED5F1A20EE010A8DED110A11E061
:109EC0009DED110A9FED591A20EE010AE8F754FAA8
:109ED0009FED571A20EE010A8DED110A02E00020D5
:109EE0001190FFE79DED200AB7EE001AB4EE410A8B
:109EF000F1EE10FA0ADDFFE7B7EE000A8DED010A78
:109F000009E000BF6F12833A000000009DED200AB7
:109F10008DED010AFFE79DED010A239880ED300ADF
:109F200016982399C1F8C40015982399C1F8C80060
:109F300014982399C1F8CC009DED200AB7EE001AC1
:109F4000B4EE410AF1EE10FA35DBFFE79DED161A8B
:109F50009DED150A20EE000AA1EE010A11F020F98C
:109F60008DED080A9DED080A9FED321AB4EE410A04
:109F7000F1EE10FA10DAFFE79DED140AB0EEC00A18
:109F80009FED2D1AB4EE410AF1EE10FA04DAFFE764
:109F900023990220487030E09DED200AB0EE001AAF
:109FA000B4EE410AF1EE10FA04DBFFE72399022038
:109FB000487022E0FFE7239890ED380A13A812A911
:109FC000FFF746FA13982399C1F8F00012982399E5
:109FD000C1F8F40011982399C1F8F8002398D0F83B
:109FE000EC0048B1FFE7239A02F1F000D2F8EC1040
:109FF000FC32F9F759FDFFE716E023990020C1F87C
:10A00000F0002399C1F8F4002399C1F8F8002399CE
:10A01000C1F8FC002399C1F800012399C1F804019B
:10A020002399C1F80801FFE724B080BDE12E654205
:10A0300039FA8E3C0AD7A33CCDCC4C3D0000000041
:10A0400080B588B00790079828300FF079FA8DED29
:10A05000060A07983C300FF073FA8DED050A079851
:10A0600050300FF06DFA8DED040A07980078FFF775
:10A070004FF960B1FFE79DED060ADDED050A07988F
:10A0800090ED091A03A802A90FF0EAFE04E0069871
:10A09000039005980290FFE7079800780146009129
:10A0A000032842D80099DFE801F002122131079815
:10A0B000FFF702F89FED2C1A20EE010AE8F79CF951
:10A0C0009FED2A1A20EE010A8DED010A30E09DED88
:10A0D000040A9FED251A20EE010AE8F74DF99FEDDD
:10A0E000231A20EE010A8DED010A21E00798FEF700
:10A0F000E3FF9FED1D1A20EE010AE8F77DF99FEDC1
:10A100001B1A20EE010A8DED010A11E09DED040AF3
:10A110009FED151A20EE010AE8F72EF99FED131AAC
:10A1200020EE010A8DED010A02E000200190FFE718
:10A1300003980799C1F8F00002980799C1F8F40054
:10A1400001980799C1F8F8000798D0F8EC0048B1D9
:10A15000FFE7079A02F1F000D2F8EC10FC32F9F7B1
:10A16000A3FCFFE708B080BDE12E654239FA8E3CC2
:10A1700080B584B003908DF80B10039820B1FFE7F1
:10A180009DF80B0008B9FFE723E003984078022808
:10A1900005D1FFE70398C0780B2801D0FFE718E04E
:10A1A000039800F019F80190019860B1FFE7019859
:10A1B00000780B2807D1FFE7019840789DF80B1035
:10A1C000884201D0FFE704E09DF80B000399C873B3
:10A1D000FFE704B080BD000080B584B00290029813
:10A1E00018B9FFE7002003901BE00298007800F008
:10A1F0001BF80190019838B1FFE702988088019917
:10A200000989884203DBFFE70020039009E00198F9
:10A2100040680299898801EB410100EB41000390FD
:10A22000FFE7039804B080BD82B08DF803000020E2
:10A23000ADF80000FFE7BDF80000072822DCFFE7CB
:10A24000BDF8000000EB40014BF64C50C0F6020098
:10A2500010F821009DF8031088420CD1FFE7BDF8EB
:10A26000000000EB40014BF64C50C0F6020000EB42
:10A270008100019009E0FFE7BDF800000130ADF872
:10A280000000D8E700200190FFE7019802B0704776
:10A2900083B00290029808B9FFE710E0029900919C
:10A2A00000200190C861886148610861C8608860C9
:10A2B000486008600299487002990873FFE703B08C
:10A2C000704700000000000083B00190019820B9A1
:10A2D000FFE700208DF80B0014E001984178012081
:10A2E0000129009008D0FFE7019840780238B0FAC1
:10A2F00080F040090090FFE7009800F001008DF821
:10A300000B00FFE79DF80B0003B070470000000052
:10A3100080B588B0DDF828C00690059104920393BB
:10A32000069848B1FFE7059830B1FFE7049818B1E7
:10A33000FFE7039820B9FFE701208DF81F00AEE08A
:10A34000069800780138014602910A2800F2A2809E
:10A350000299DFE801F0545D7B920D06161F263B43
:10A3600088000398FAF788FF00208DF81F0096E018
:10A37000049806994978FDF787FD00208DF81F00A5
:10A380008DE0049806994978FDF74EFD00208DF880
:10A390001F0084E00498FDF723FD00208DF81F00C6
:10A3A0007DE0039801900698059900F061FC014654
:10A3B00001980A9AFCF7C0FA20B1FFE702208DF855
:10A3C0001F006CE000208DF81F0068E00598007BFE
:10A3D000012805D0FFE70598007B022805D1FFE79B
:10A3E00001200021FCF7F0F903E005208DF81F00A3
:10A3F00055E00599002008738DF81F004FE0049880
:10A4000006994978FDF7D8FD00208DF81F0046E039
:10A410000398007820B9FFE70398FAF72DFFFFE7CC
:10A420000398069A5178B2F9022000EE102AB8EE8D
:10A43000C00A0A9AFBF75CFB20B1FFE702208DF807
:10A440001F002CE000208DF81F0028E006994878B6
:10A45000B1F90210002918BF0121FCF7B5F900205D
:10A460008DF81F001BE006984078059988730599C0
:10A470000020C8738DF81F0011E00398C0780428ED
:10A4800004D1FFE704208DF81F0008E000208DF8BC
:10A490001F0004E0FFE701208DF81F00FFE79DF893
:10A4A0001F0008B080BD000082B00190019808B97B
:10A4B000FFE71BE00198007801460091012808D0D1
:10A4C000FFE70098022808D0FFE70098082808D086
:10A4D0000BE001990120087308E00199022008733C
:10A4E00004E001990020087300E0FFE702B0704724
:10A4F00080B584B003908DF80B10019203989DF8FD
:10A500000B10019B002200F003F804B080BD000096
:10A5100080B586B005908DF813108DF81220039346
:10A52000059808B9FFE7D0E09DF81300FFF77CFE1F
:10A5300002900298A0B9FFE7059800F0E9F89DF8AD
:10A5400013000599087005990420487005990120A9
:10A550008870039805994861039805998861B4E06B
:10A560009DF81300082826D1FFE79DF81200012866
:10A5700021D0FFE79DF8120002281CD0FFE70598C4
:10A5800000F0C6F89DF81300059908709DF81200B8
:10A5900005994873029800890599C8800599042097
:10A5A00048700599012088700398059948610398BF
:10A5B0000599886189E09DF81300082820D1FFE7FC
:10A5C0000598007BE0B9FFE7059800F0A1F89DF839
:10A5D0001300059908709DF81200059948730298B8
:10A5E00000890599C88005990420487005990520BF
:10A5F000887003980599486103980599886164E01B
:10A600009DF8130000F064F88DF807009DF807002E
:10A61000F8B1FFE70598007B9DF80710884218D035
:10A62000FFE7059800F074F89DF81300059908708D
:10A63000029800890599C8800599042048700599F9
:10A6400005208870039805994861039805998861E9
:10A650003BE09DF81300012809D0FFE79DF81300A7
:10A66000022804D0FFE79DF8070020B1FFE7059915
:10A6700000200873FFE79DF81300059908700599FD
:10A680000120487005990020009088700599C870D5
:10A690000599888002990989059AD18005990881D0
:10A6A000059948819DF81210059A51730599088201
:10A6B0000399059A51610399059A91610599C861B9
:10A6C000059988730599C873FFE706B080BD00003F
:10A6D00082B08DF806009DF806000146009104281E
:10A6E00005D0FFE700980538022804D307E00120D1
:10A6F0008DF8070008E002208DF8070004E0FFE76E
:10A7000000208DF80700FFE79DF8070002B07047B2
:10A7100084B00390039808B9FFE716E00398007B24
:10A720008DF80B000399009100200190C8618861A9
:10A7300048610861C8608860486008600399487093
:10A740009DF80B0003990873FFE704B07047000001
:10A7500010B58AB00990089107920693099808B934
:10A76000FFE7BEE0069809998861099840780128BA
:10A7700046D1FFE70998FFF72FFD0590059850B9DE
:10A78000FFE709990320487009990020C8700998CB
:10A79000FFF78AFEA5E00598808820B1FFE70598BD
:10A7A0008088029002E001200290FFE70298099958
:10A7B0004881059800780999C870069809994861F8
:10A7C00009990020088205980999089A079BDDF8E5
:10A7D00018C0EE46CEF800C0FFF79AFD8DF80F00C6
:10A7E0009DF80F0040B1FFE70999042048709DF8DB
:10A7F0000F000999887074E009990220487070E090
:10A8000009984078022801D0FFE76AE00998FFF72D
:10A81000E3FC0590059850B9FFE7099903204870BB
:10A8200009990020C8700998FFF73EFE59E0069884
:10A8300009994969401A049005980999089A079B53
:10A84000DDF810C0EE460DF10F04CEF80440CEF84E
:10A8500000C000F049F868B9FFE79DF80F0040B16B
:10A86000FFE70999042048709DF80F000999887046
:10A87000FFE736E00999C8690130C861059800789A
:10A880000B2806D1FFE70999002088730999C8733E
:10A89000FFE70999088901300881099908894989E0
:10A8A00088420ADBFFE70999888801308880099986
:10A8B0000020088109994881FFE709998888C9889B
:10A8C00088420ADBFFE709990320487009990020B4
:10A8D000C8700998FFF7E8FD03E009990120487066
:10A8E000FFE70AB010BD000080B58EB0DDF844C0AF
:10A8F000DDF840C00C900B910A920993119820B199
:10A90000FFE7119900200870FFE70C9848B1FFE7B6
:10A910000B9830B1FFE70A9818B1FFE7099858B9CA
:10A92000FFE7119820B1FFE7119901200870FFE7B8
:10A9300000208DF8370095E10C9800780138014629
:10A9400008910A2800F282810899DFE811F0DC0002
:10A95000FF004501670130000B0053007600A000A6
:10A96000D3004E010998C07804280BD1FFE7119855
:10A9700020B1FFE7119902200870FFE700208DF851
:10A9800037006FE1099890F822100020079041B934
:10A99000FFE71098810800207C2988BF01200790DC
:10A9A000FFE7079800F001008DF837005AE10A9898
:10A9B000007817280BD1FFE7119820B1FFE7119914
:10A9C00003200870FFE700208DF837004AE10A985D
:10A9D000017B0020069039B9FFE70A98007900282A
:10A9E00018BF01200690FFE7069800F001008DF8DF
:10A9F000370037E10A98007817280BD1FFE7119844
:10AA000020B1FFE7119903200870FFE700208DF8BF
:10AA1000370027E10A98817B0020059039B1FFE7D4
:10AA20000A980079002818BF01200590FFE70598D3
:10AA300000F001008DF8370014E10A98007817281B
:10AA40000BD1FFE7119820B1FFE71199032008709F
:10AA5000FFE700208DF8370004E10A98C178002054
:10AA6000049071B9FFE70A98017800201629049034
:10AA700007D1FFE70A980079002818BF0120049049
:10AA8000FFE7049800F001008DF83700EAE009982C
:10AA9000C07804280BD1FFE7119820B1FFE7119986
:10AAA00002200870FFE700208DF83700DAE00998EF
:10AAB00090F8241000200390B1B9FFE7099890F8AE
:10AAC000340002900C980B9900F0D2F802990246DB
:10AAD00000209142039007D1FFE710990020C72979
:10AAE00088BF01200390FFE7039800F001008DF874
:10AAF0003700B7E01098810800204A2988BF01205C
:10AB00008DF83700AEE00A98007817280BD1FFE7E0
:10AB1000119820B1FFE7119903200870FFE700208A
:10AB20008DF837009EE00A98C17C0020019039B969
:10AB3000FFE70A980079002818BF01200190FFE77D
:10AB4000019800F001008DF837008BE00998C0787B
:10AB500004280BD1FFE7119820B1FFE711990220DB
:10AB60000870FFE700208DF837007BE0109849F669
:10AB7000404188420BD3FFE7119820B1FFE71199BC
:10AB800002200870FFE700208DF837006AE0109877
:10AB9000642814D3FFE709980C994978B7EE000AA6
:10ABA000FAF7EEFE58B1FFE70B98008A632805D844
:10ABB000FFE70B99088A01300882FFE703E00B9951
:10ABC00000200882FFE70B98018A0020632988BFD4
:10ABD00001208DF8370045E01098810800204A29AF
:10ABE00088BF01208DF837003CE00B98817B0C98E2
:10ABF00042780020914200900AD1FFE70B98C07B79
:10AC00000C994978401AB0FA80F040090090FFE7AB
:10AC1000009800F001008DF8370023E00998C07813
:10AC200004280BD1FFE7119820B1FFE71199042008
:10AC30000870FFE700208DF8370013E0109900201E
:10AC4000C72988BF01208DF837000BE0FFE7119876
:10AC500020B1FFE7119901200870FFE700208DF86F
:10AC60003700FFE79DF837000EB080BD0000000000
:10AC700084B002900191029850B1FFE702984078A9
:10AC8000022805DCFFE7029840788DF80F000DE000
:10AC9000019820B1FFE70198407B009002E000207E
:10ACA0000090FFE700988DF80F00FFE79DF80F0078
:10ACB00004B070470000000080B582B00190019898
:10ACC00008B9FFE709E0019846F69C61C2F200412D
:10ACD00004314822E5F763FCFFE702B080BD0000C5
:10ACE00080B582B046F69C60C2F2004001907421AB
:10ACF000E5F7A9FC0199002008710820887102B0CD
:10AD000080BD00000000000080B59CB01A908DF856
:10AD100067101A9848B9FFE700200390072105F053
:10AD200037FB03988DF86F0051E004A8F6F7B8FEE2
:10AD30009DF8540040B9FFE71A98012105F028FB5F
:10AD400000208DF86F0042E005F0AEF840B9FFE753
:10AD50001A98032105F01CFB00208DF86F0036E0E7
:10AD60009DF8670020B9FFE701208DF8670009E032
:10AD70009DF86700042804D3FFE703208DF86700DF
:10AD8000FFE7FFE746F69C60C2F2004001907421A5
:10AD9000E5F759FC01990120029008701A9ACA64DB
:10ADA00081F850000871082088719DF867000872CA
:10ADB0000020487291F85000C8721A9805F0B8FA4D
:10ADC0001A98FEF7C1FD02988DF86F00FFE79DF815
:10ADD0006F001CB080BD000080B59CB01B901A9124
:10ADE00046F69C60C2F20040007840B1FFE746F6AC
:10ADF0009C60C2F200400079012801D0FFE7C6E064
:10AE00001B9848B1FFE71B9846F69C61C2F20041CF
:10AE1000C96C884204D0FFE7022004F0E5FFB6E0E9
:10AE20001A9946F69C60C2F20040C16090F850004A
:10AE3000012805D1FFE71B981A9905F0D1FAA6E081
:10AE400004F0AAFF1990199820B9FFE7072004F031
:10AE5000CBFF9CE004A80290F6F722FE0299199815
:10AE600005F0DEF80299199805F05EF808B9FFE7D9
:10AE70008DE01A9846F69C61C2F200410191496D3D
:10AE800004F0AAFF0146019803910399016190F82B
:10AE90005000022845D1FFE719980078FEF714FA10
:10AEA000E8B1FFE703981999C969884216D3FFE70B
:10AEB0001B989FED381AB0EE410AF0EE410AFEF7FA
:10AEC000C3FC1A9846F69C61C2F2004188650320D3
:10AED00081F8500091F85000C872FFE720E01B98FD
:10AEE000FEF716F902280DD1FFE71A9846F69C6185
:10AEF000C2F200418865032081F8500091F85000AB
:10AF0000C8720CE003981999096A01F6C4118842C5
:10AF100004D9FFE7062004F067FFFFE7FFE7FFE73C
:10AF20001BE046F69C60C2F2004090F850000328F7
:10AF300012D1FFE71A9846F69C61C2F20041896D72
:10AF400004F04AFFB0F5827F05D3FFE71B981A99FA
:10AF500004F0D6FCFFE7FFE7FFE703981999096AB9
:10AF6000884214D9FFE719980078FEF7ADF968B167
:10AF7000FFE746F69C60C2F2004090F850000228BD
:10AF800004D1FFE7062004F02FFFFFE7FFE71CB026
:10AF900080BD00BF0000000080B546F69C60C2F294
:10AFA0000040C06C40B1FFE746F69C60C2F2004032
:10AFB000C06CFEF7C9FCFFE746F69C60C2F2004099
:10AFC0000021017080F8501004220271C172C06C1F
:10AFD00005F0AEF980BD000080B584B00390029109
:10AFE0000192019A00920398029900F075F8009975
:10AFF000C043084404B080BD85B0DDF814C00390A0
:10B00000029101920093039860B1FFE7029848B162
:10B01000FFE7019830B1FFE7059818B1FFE7009806
:10B0200020B9FFE700208DF813001EE002980068A9
:10B0300003990968884204D1FFE700208DF81300C6
:10B0400013E0019802990968405C0599087002981C
:10B050000068421C0099B2FBF1F000FB112002993C
:10B06000086001208DF81300FFE79DF8130005B07C
:10B07000704700000000000087B084460798CDF8B4
:10B0800014C00491039202938DF80700059800689C
:10B09000421C0299B2FBF1F000FB112000900098D5
:10B0A00004990968884204D1FFE700208DF81B004D
:10B0B0000CE09DF807000399059A126888540098DF
:10B0C0000599086001208DF81B00FFE79DF81B0023
:10B0D00007B070470000000084B003900291019215
:10B0E00003980299884205D3FFE703980299401A12
:10B0F000009006E001980299401A039908440090D4
:10B10000FFE7009804B0704780B586B004900391C3
:10B1100000208DF8070044F22840C5F602000068C0
:10B1200000F00300032804D1FFE701208DF8170089
:10B13000CBE044F20041C5F60201086820F08060CF
:10B140000860EFF7B5FC0290FFE744F20040C5F657
:10B150000200006800F000610020B0EBD16F0CD05D
:10B16000FFE7EFF7A5FC0299401A032804D3FFE795
:10B1700003208DF81700A8E0E7E7FFE744F2284135
:10B18000C5F60201086820F47C30049A126840EA8F
:10B190000230086004994868D1F808C0CB680A6991
:10B1A00001386FF35F204FF60061CFF6FF7101EBBE
:10B1B0004C2189B208440021CFF6FF7101EB034115
:10B1C00001F4FE0108444FF07F4101EB026101F000
:10B1D000FE41084444F23841C5F602010860FFE729
:10B1E00044F22C41C5F602010091086820F0C0002D
:10B1F000049A526910430860086820F02000049AFD
:10B20000926910430860086820F01000086044F25A
:10B210003C42C5F6020210684FF6F8739843049B4F
:10B22000DB6940EAC3001060086840F01000086065
:10B23000039848B9FFE744F22C41C5F602010868BB
:10B2400040F40020086016E00398012809D1FFE7C8
:10B2500044F22C41C5F60201086840F480100860F1
:10B2600008E044F22C41C5F60201086840F40010E1
:10B270000860FFE7FFE744F20041C5F602010868F5
:10B2800040F080600860EFF713FC0290FFE744F2A3
:10B290000040C5F60200006800F000610020B0EB3D
:10B2A000D16F0CD1FFE7EFF703FC0299401A032896
:10B2B00004D3FFE703208DF8170006E0E7E7FFE778
:10B2C0009DF807008DF81700FFE79DF8170006B0FE
:10B2D00080BD00000000000080B586B0049003919E
:10B2E00000208DF8070044F22840C5F602000068EF
:10B2F00000F00300032804D1FFE701208DF81700B8
:10B30000CBE044F20041C5F60201086820F080500D
:10B310000860EFF7CDFB0290FFE744F20040C5F66E
:10B320000200006800F000510020B0EB517F0CD00B
:10B33000FFE7EFF7BDFB0299401A032804D3FFE7AC
:10B3400003208DF81700A8E0E7E7FFE744F2284163
:10B35000C5F60201086820F07C70049A126840EA81
:10B360000250086004994868D1F808C0CB680A699F
:10B3700001386FF35F204FF60061CFF6FF7101EBEC
:10B380004C2189B208440021CFF6FF7101EB034143
:10B3900001F4FE0108444FF07F4101EB026101F02E
:10B3A000FE41084444F24041C5F602010860FFE74F
:10B3B00044F22C41C5F602010091086820F4406077
:10B3C000049A526910430860086820F40070049AD7
:10B3D000926910430860086820F48070086044F2A5
:10B3E0004442C5F6020210684FF6F8739843049B76
:10B3F000DB6940EAC3001060086840F480700860B0
:10B40000039848B9FFE744F22C41C5F602010868E9
:10B4100040F48000086016E00398012809D1FFE796
:10B4200044F22C41C5F60201086840F400000860AF
:10B4300008E044F22C41C5F60201086840F0807033
:10B440000860FFE7FFE744F20041C5F60201086823
:10B4500040F080500860EFF72BFB0290FFE744F2CA
:10B460000040C5F60200006800F000510020B0EB7B
:10B47000517F0CD1FFE7EFF71BFB0299401A03281D
:10B4800004D3FFE703208DF8170006E0E7E7FFE7A6
:10B490009DF807008DF81700FFE79DF8170006B02C
:10B4A00080BD00000000000080B584B08DF80F0062
:10B4B00046F6F810C2F20000007801460291072813
:10B4C00000F206810299DFE801F0040D2D4B7E9B0E
:10B4D000AADD9DF80F00A52803D1FFE70AF098FD2B
:10B4E000FFE7F8E09DF80F005A280ED1FFE79DF81E
:10B4F0000F000AF041FD08B9FFE7ECE046F6F8114D
:10B50000C2F20001022008700BE09DF80F00A52890
:10B5100003D1FFE70AF07CFD02E00AF059FDFFE7E6
:10B52000FFE7D8E09DF80F1048F22000C2F200407B
:10B53000017000780730B0F5967F03D9FFE70AF075
:10B5400047FDC8E09DF80F000AF016FD08B9FFE7B7
:10B55000C1E046F6F811C2F2000103200870BAE01B
:10B560009DF80F000AF008FD08B9FFE7B3E09DF869
:10B570000F0046F6F411C2F20001087048F21A00FA
:10B58000C2F2004001884AF2B000C2F20040084412
:10B5900048F21C01C2F20041086048F22000C2F2E9
:10B5A0000040007838B9FFE746F6F811C2F2000112
:10B5B0000520087006E046F6F811C2F200010420EA
:10B5C0000870FFE787E09DF80F000AF0D5FC08B986
:10B5D000FFE780E048F21A00C2F200400088043819
:10B5E00048F22001C2F200410978884207D3FFE700
:10B5F00046F6F811C2F2000105200870FFE76AE084
:10B600009DF80F00000246F6F611C2F20001088014
:10B6100046F6F811C2F20001062008705BE09DF8C2
:10B620000F2046F6F611C2F200010191088810437E
:10B63000088048F21A00C2F2004001884AF2B000C5
:10B64000C2F20040E6F7BCFD01460198ADF80C10CF
:10B650000088BDF80C10884207D1FFE746F6F811C4
:10B66000C2F20001072008700BE09DF80F00A5282A
:10B6700003D1FFE70AF0CCFC02E00AF0A9FCFFE7E7
:10B68000FFE728E09DF80F00FF2814D1FFE746F6FA
:10B69000F410C2F20000007848F21C01C2F200412E
:10B6A000096848F22002C2F200421278E8F7A8F8CE
:10B6B0000AF08EFC0BE09DF80F00A52803D1FFE7F0
:10B6C0000AF0A6FC02E00AF083FCFFE7FFE702E0D5
:10B6D0000AF07EFCFFE704B080BD0000000000001F
:10B6E00080B584B00390029101928DF803300398E5
:10B6F00008B9FFE714E09DF8032003994879104347
:10B70000487103980299019A02F056FF08B1FFE7C9
:10B7100006E0039802999DF80320E9F76DFBFFE727
:10B7200004B080BD0000000080B584B003908DF8A7
:10B730000B108DF80A20039808B9FFE777E09DF811
:10B740000B00F8F79DFB8DF80B000398807820B96B
:10B75000FFE7039901208870FFE703989DF80B101D
:10B76000EAF7CAFAD8B9FFE70399487940F0080028
:10B770004871039900200190C870039908730399D8
:10B78000087203994872039988720398E6F7DCFE01
:10B7900001980399087103991720087047E00398EE
:10B7A00080799DF80B10884211D0FFE79DF80B00BF
:10B7B000039988710399002008700399087103990F
:10B7C000C870039908730398E6F7BEFEFFE7039875
:10B7D000007850B1FFE703980078162805D0FFE7FE
:10B7E0000398007817280AD1FFE70399002088768C
:10B7F0000399C8769DF80B0003990877FFE79DF839
:10B800000B000399C871039900200873039988728B
:10B810000398E6F799FE9DF80A0020B1FFE7039927
:10B820000120487203E0039901200872FFE704B089
:10B8300080BD00000000000080B588B00790069130
:10B840000592079808B9FFE737E00798007FF8F7F7
:10B8500017FB8DF813000798069903F071F89DF80F
:10B860001300079988719DF813000799C87107990B
:10B870000120C87007990020019008730799087289
:10B8800007994872079988720799C872079948748E
:10B890000799C87407998874079908710799887679
:10B8A0000798039006990291F6F7AEFC02990246BA
:10B8B0000398059BE5F768FBFFE708B080BD000033
:10B8C00081B00090009808B9FFE735E0009940F694
:10B8D000DB70CBF6C9700860009940F6DB70C3F6E8
:10B8E000C970C860009A40F6DB71CCF24901516022
:10B8F000009A40F6DB71C4F249011161009A40F6EA
:10B90000DB71CCF2C9019160009A40F6DB71C4F2A0
:10B91000C9015161009A0021CBF680719161009AB2
:10B9200046F2F361CBF65F71D1610099086200992C
:10B930004FF07E504862FFE701B070470000000002
:10B9400083B08DF807009DF807000146009140B1D3
:10B95000FFE70098012807D0FFE70098022809D0E8
:10B960000EE0002002900EE040F6DB70CBF6C970CE
:10B97000029008E040F6DB70C3F6C970029002E066
:10B9800000200290FFE79DED020A03B0704700001F
:10B9900080B584B08DF80F00029101929DF80F00E0
:10B9A000029A019B002100F003F804B080BD000062
:10B9B00080B586B08DF816008DF8151004920393AB
:10B9C000049818B1FFE7039820B9FFE701208DF82C
:10B9D00017006FE09DF81600F6F7FEFC58B9FFE778
:10B9E0000399022008700399012048700398007899
:10B9F0008DF817005EE09DF816009DF81510F6F71B
:10BA0000BBFC58B9FFE70399072008700399092088
:10BA10004870039800788DF817004BE000208DF8EF
:10BA20000B00FFE79DF80B0002281DD8FFE70498E4
:10BA30009DF80B1000EB810090ED000AF6F740FC3A
:10BA400058B9FFE703990220087003990320487052
:10BA5000039800788DF817002CE0FFE79DF80B00A5
:10BA600001308DF80B00DDE79DF816009DF81510EC
:10BA70004CF2FC03C0F60203642210FB023201EB1D
:10BA8000810302EB8302049BDDF80CC0EE46CEF886
:10BA900000C09FED0A0AE9F757FE0399C86CC86019
:10BAA00003990020087003994870039800788DF876
:10BAB0001700FFE79DF8170006B080BD00000000EA
:10BAC00080B582B08DF807009DF8071045F630501C
:10BAD000C2F200400CF0B0FA02B080BD00000000DD
:10BAE00080B50220FFF7ECFF80BD000000000000E1
:10BAF00080B582B044F6FC51C2F20001002008700B
:10BB000044F69441C2F20041087044F68C61C2F2DE
:10BB10000041087044F68A40C2F2004001908078EB
:10BB20000BF0C6FE02200090EDF71AFB019880781A
:10BB30000BF0C2FD0098EDF713FB01980078012887
:10BB400008D1FFE745F68410C2F2000001210CF095
:10BB5000FBFC07E045F68410C2F2000001210CF066
:10BB600003FDFFE70220EDF7FBFA44F68A40C2F23C
:10BB700000404078012808D1FFE745F68410C2F262
:10BB8000000002210CF0E0FC07E045F68410C2F250
:10BB9000000002210CF0E8FCFFE702B080BD0000CD
:10BBA00080B584B045F29451C2F20001486801307A
:10BBB000486044F68A40C2F20040C078A0B1FFE776
:10BBC00044F68A40C2F20040807801280CD1FFE799
:10BBD000FFF786FF44F68A41C2F200410020C87098
:10BBE0000A20EDF7BDFAFFE700208DF80F00FFE710
:10BBF0009DF80F00022879D8FFE744F68A40C2F288
:10BC00000040007801280ED1FFE745F68410C2F20B
:10BC1000000001210CF078FC45F29451C2F20001C1
:10BC200081F86E000DE045F68410C2F2000001219B
:10BC30000CF07AFC45F29451C2F2000181F86E00DA
:10BC4000FFE70220EDF78CFA44F68A40C2F200408A
:10BC5000407801280ED1FFE745F68410C2F20000BB
:10BC600002210CF051FC45F29451C2F2000181F81E
:10BC70006F000DE045F68410C2F2000002210CF0C6
:10BC800053FC45F29451C2F2000181F86F00FFE7C6
:10BC900002200090EDF764FA44F68A40C2F20040B8
:10BCA000019080780BF004FE0146009845F2945212
:10BCB000C2F20002029282F87010EDF751FA019878
:10BCC00080780BF0E5FC029981F8710044F68C61F4
:10BCD000C2F20041012008700520EDF741FAFFE7AC
:10BCE0009DF80F0001308DF80F0081E744F6FC51FC
:10BCF000C2F200010120087004B080BD0000000005
:10BD000080B584B00190019808B9FFE715E0EFF322
:10BD10001080029002980090EFF3108072B60390AA
:10BD2000019845F2AC31C2F200419022E4F7F2FBF7
:10BD3000009810B9FFE762B6FFE704B080BD0000CD
:10BD400080B584B003900291039818B1FFE7029880
:10BD500008B9FFE796E003984068002840F0928019
:10BD6000FFE7039802990BF04BFB0298007800F074
:10BD70000F008DF807009DF807000399029A0BF059
:10BD800027FE08B1FFE77DE00398006800900128D6
:10BD90000CD0FFE7009802282DD0FFE70098032879
:10BDA00051D0FFE70098FD284DD062E0029903983A
:10BDB000C26844F69840C2F200400CF0E5FB0398DC
:10BDC000C0680CF0B9FA082814D3FFE744F6006005
:10BDD000C2F20000016801310160036845F2AC3035
:10BDE000C2F2004044F69841C2F2004101220BF039
:10BDF000ABFDFFE745E002990398C26844F698401E
:10BE0000C2F2004038300CF0BFFB0398C0680CF061
:10BE100093FA082816D3FFE744F69040C2F2004098
:10BE2000016801310160036845F2AC30C2F20040A4
:10BE3000303044F69841C2F20041383102220BF012
:10BE400083FDFFE71DE00398C0680CF075FA082831
:10BE50000ED3FFE702980BF0B3FF44F63460C2F252
:10BE60000000006845F23C41C2F20041C860FFE7B3
:10BE700007E045F23C41C2F2004108690130086127
:10BE8000FFE7FFE704B080BD80B54BF26260C0F60B
:10BE9000020000F001F880BD80B584B003900398E3
:10BEA00038B9FFE744F68A41C2F200410020086039
:10BEB00019E00398016844F68A40C2F200400190FC
:10BEC000016000780BF0A8F90146019801704078F4
:10BED0000BF0A2F901460198417080780BF09CF9B3
:10BEE00001998870FFE744F69840C2F200404FF491
:10BEF000DC71E4F7A8FB45F23C40C2F2004024218B
:10BF0000E4F77FFB45F29450C2F200007421E4F79D
:10BF100078FB0CF079F844F6FC51C2F200010020E5
:10BF20000090087044F69441C2F20041087044F653
:10BF30008C61C2F20041087044F63061C2F2000127
:10BF4000087044F63461C2F20001086044F688616A
:10BF5000C2F20041086044F63861C2F20001086094
:10BF600044F69061C2F20041086044F64461C2F2B6
:10BF70000001086044F69461C2F2004108708DF837
:10BF80000B00FFE79DF80B0007280FD8FFE79DF88F
:10BF90000B2044F63C61C2F2000100208854FFE708
:10BFA0009DF80B0001308DF80B00EBE70BF048F922
:10BFB0000BF0D2FE04B080BD80B586B08DF80F00C6
:10BFC0008DF80E108DF80D208DF80C30EFF31080E9
:10BFD000049004980290EFF3108072B605909DF8DB
:10BFE0000F000BF019F944F68A41C2F200410191A9
:10BFF00008709DF80E000BF00FF9019948709DF83C
:10C000000D000BF009F90146019881709DF80C10A4
:10C01000C170027844F6B451C2F200010A7042784D
:10C020000A76807881F830000BF096FE029810B9FD
:10C03000FFE762B6FFE706B080BD00000000000029
:10C0400080B598B01590159808B9FFE725E0EFF393
:10C050001080169016981490EFF3108072B6179017
:10C06000159902A8009048220192E4F798FA0098E6
:10C070000BF086FF0099019A44F6B450C2F200001A
:10C08000E4F78DFA44F69441C2F2004101200870B1
:10C09000149810B9FFE762B6FFE718B080BD000042
:10C0A00080B596B044F6FC50C2F20000007838B17A
:10C0B000FFE744F69440C2F20040007808B9FFE779
:10C0C00019E0EFF31080149014980190EFF31080B2
:10C0D00072B6159044F6B451C2F2000102A848228B
:10C0E000E4F75DFA019810B9FFE762B6FFE702A82E
:10C0F0000BF0DEF8FFE716B080BD00000000000086
:10C1000010B5ADF5956D0DF20C40079000208DF83F
:10C110009A048DF899048DF898048DF89704CDF859
:10C120008C0445F26830C2F200000890EEF7C0FCC3
:10C13000CDF890040DF25C4009F07AFE09A8F5F7FD
:10C14000AFFC30A8FCF734FE1EA8FEF7B5FD0DF0DD
:10C15000C3FB44F28840C2F20040007818B1FFE708
:10C16000012006900AE040F22800C2F200000078A8
:10C17000B0FA80F0400940000690FFE706988DF87D
:10C18000A6049DF8A60401280AD1FFE745F2542130
:10C19000C2F20001C7A84FF48872E4F700FA09E080
:10C1A00045F24411C2F20001C7A84FF48872E4F7C7
:10C1B000F6F9FFE79DF8A604012809D1FFE745F24B
:10C1C000B401C2F20001A3A89022E4F7E8F908E064
:10C1D00045F22401C2F20001A3A89022E4F7DFF99E
:10C1E000FFE745F29000C2F200406EA9F9F790FA1D
:10C1F00045F28C31C2F20041039108684A688B68AD
:10C20000D1F80CC0D1F810E04C696B94CDF8A8E1DE
:10C21000CDF8A4C16893679266908869C9696D91E9
:10C220006C9044F6546EC2F2004ECDF810E0DEF889
:10C230000000DEF80410DEF80820DEF80C30DEF82E
:10C2400010C0DEF81440CDF84044CDF83CC4CDF821
:10C250003834CDF83424CDF83014CDF82C04DEF881
:10C260001800DEF81C10DEF82020DEF82430DEF89E
:10C2700028C0DEF82CE0CDF858E4CDF854C4CDF851
:10C280005034CDF84C24CDF84814CDF844040DF0CA
:10C290004FFBDDF85C140020059061B1FFE7DDF88D
:10C2A0009004DDF85C14411A0020B1F5FA7F98BFC4
:10C2B00001200590FFE7059800F001008DF8A40427
:10C2C000DDF84C140020029061B1FFE7DDF8900426
:10C2D000DDF84C14411A0020B1F5FA7F98BF012017
:10C2E0000290FFE7029800F001008DF8A3040020FF
:10C2F0008DF8A2049DF8A604012808D1FFE79DF857
:10C30000A40420B9FFE701208DF8A20416E09DF8EF
:10C31000A60440B9FFE79DF8A30420B9FFE7012078
:10C320008DF8A20409E09DF8A604022804D1FFE7D5
:10C3300001208DF8A204FFE7FFE7FFE79DF81D034A
:10C340000138B0FA80F040098DF8A0049DF8A014DF
:10C350000120019071BBFFE7079890ED000AE4F718
:10C36000FFF901209FEDAE1AB4EE410AF1EE10FA8A
:10C3700001901FDCFFE7079890ED010AE4F7F0F960
:10C3800001209FEDA71AB4EE410AF1EE10FA0190D8
:10C3900010DCFFE7079890ED020AE4F7E1F99FED62
:10C3A000A01A0020B4EE410AF1EE10FAC8BF012035
:10C3B0000190FFE7019800F001008DF8A104A3A807
:10C3C000FBF7E2FC8DF89F0445F29000C2F20040BA
:10C3D000F9F766FB8DF89E04AB9858B1FFE7AB996F
:10C3E000AC98884206D3FFE7AB99AC98401ACDF8D9
:10C3F0008C04FFE746F2B000C2F200000421F7F718
:10C400004BFC8DF89D04E6F7BBF98DF89C049DF874
:10C4100078000138B0FA80F040098DF89B0440F2B2
:10C42000AC20C2F20000007838B1FFE79DF89A0412
:10C4300040F001008DF89A04FFE79DF88E0238B1B4
:10C44000FFE79DF89A0440F008008DF89A04FFE792
:10C450009DF8B80138B1FFE79DF89A0440F010004C
:10C460008DF89A04FFE79DF8A10438B1FFE79DF825
:10C47000990440F001008DF89904FFE79DF8A004AD
:10C4800038B1FFE79DF8990440F002008DF8990457
:10C49000FFE766A8FDF718FF38B1FFE79DF899049C
:10C4A00040F004008DF89904FFE79DF89F0438B12F
:10C4B000FFE79DF8990440F010008DF89904FFE71C
:10C4C0009DF89B0438B1FFE79DF8990440F02000E7
:10C4D0008DF89904FFE79DF89E0438B1FFE79DF8B9
:10C4E000990440F040008DF89904FFE79DF8990405
:10C4F00038B1FFE79DF8990440F080008DF8990469
:10C50000FFE708F09DFD8DF8A5049DF8580438B1AB
:10C51000FFE79DF8A50440F008008DF8A504FFE7AB
:10C520009DF8A504C00738B1FFE79DF8980440F0D6
:10C5300001008DF89804FFE79DF8680038B9FFE71F
:10C540009DF8980440F008008DF89804FFE79DF8E6
:10C55000280438B1FFE79DF8980440F010008DF8EA
:10C560009804FFE79DF8BD0138B1FFE79DF89804F6
:10C5700040F020008DF89804FFE79DF8A20438B140
:10C58000FFE79DF8980440F080008DF89804FFE7DD
:10C590009DF8A40438B1FFE79DF8970440F001002E
:10C5A0008DF89704FFE79DF8A30438B1FFE79DF8E5
:10C5B000970440F002008DF89704FFE79DF86800AB
:10C5C00038B1FFE79DF8970440F004008DF8970418
:10C5D000FFE79DF89D04042807DBFFE79DF897041B
:10C5E00040F008008DF89704FFE7719838B1FFE735
:10C5F0009DF8970440F010008DF89704FFE79DF830
:10C600009C04082807D3FFE79DF8970440F020001A
:10C610008DF89704FFE79DF8DF0050B102E000BFFE
:10C620000AD7233C9DF8970440F040008DF897040A
:10C63000FFE7DDF89004089908609DF8A6040899C2
:10C6400008719DF89A04089948719DF89904089911
:10C6500088719DF898040899C8719DF89704089905
:10C6600008729DF8A504089948729DF8A2040899DB
:10C670008872DDF860040899C860DDF85C040899E8
:10C6800008619DF86404089908759DF86504089987
:10C6900048759DF86604089988759DF8A404089962
:10C6A000C87500208DF8A704FFE79DF8A7040F28A0
:10C6B00010D8FFE79DF8A7240DF25C401044807B62
:10C6C000089911440876FFE79DF8A70401308DF81A
:10C6D000A704EAE700208DF8A704FFE79DF8A70468
:10C6E000032812D8FFE79DF8A7240DF25C4000EB69
:10C6F0008200006A089901EB82018862FFE79DF8D9
:10C70000A70401308DF8A704E8E7DDF84404089990
:10C710008863DDF84C040899C863DDF85004089973
:10C7200008649DF84804089981F844009DF858046D
:10C73000089981F845009DF8A304089981F84600FE
:10C740009DF82C04089981F84700DDF83004089919
:10C750008864DDF834040899C864DDF83804089961
:10C7600008659DF83C04089981F854009DF83D0443
:10C77000089981F855009DF83E04089981F8560003
:10C780009DF83F04089981F8570040F2AC20C2F2AE
:10C7900000000078089981F858009DF81C0308995A
:10C7A00081F859009DF81D03089981F85A009DF8F9
:10C7B0002804089981F85B009DF8A104089981F884
:10C7C0005C009DF89D04089981F85D00C89808995F
:10C7D0000866C99808994866CA9808998866CB98E7
:10C7E0000899C866CC9808990867CD980899486751
:10C7F000DDF80C0408998867DDF810040899C8670B
:10C80000DDF814040899C1F88000CE980899C1F8A1
:10C810008400CF980899C1F88800D0980899C1F889
:10C820008C0009980899C1F890000A980899C1F8F5
:10C8300094000C980899C1F898000D980899C1F8CF
:10C840009C000E980899C1F8A0000F980899C1F8AB
:10C85000A400DDF818040899C1F8A800DDF81C044C
:10C860000899C1F8AC00DDF820040899C1F8B000BF
:10C87000DDF824040899C1F8B400F7980899C1F8C4
:10C88000B800F8980899C1F8BC00F9980899C1F85F
:10C89000C000FA980899C1F8C4009DF8B801089939
:10C8A00081F8C8009DF8B901089981F8C9009DF880
:10C8B000BA01089981F8CA009DF8BB01089981F86E
:10C8C000CB009DF8BC01089981F8CC009DF8BD0112
:10C8D000089981F8CD009DF8BE01089981F8CE0035
:10C8E0009DF8BF01089981F8CF0070980899C1F8A8
:10C8F000D00071980899C1F8D40072980899C1F8CD
:10C90000D8009DF8D801089981F8DC009DF8D9017C
:10C91000089981F8DD009DF80C02089981F8DE0085
:10C920006EA8F8F7EDF9089981F8DF00809808996A
:10C93000C1F8E00081980899C1F8E40000208DF862
:10C94000A704FFE79DF8A70402281DD8FFE79DF87C
:10C95000A7346EA800EB8301496E089A02EB8302AC
:10C96000C2F8E8109DF8A72400EB8200D0F8C400BC
:10C97000089901EB8201C1F80001FFE79DF8A704C7
:10C9800001308DF8A704DDE793980899C1F8F40009
:10C9900094980899C1F8F80095980899C1F8FC0096
:10C9A0009DF88802089981F80C019DF8A604089961
:10C9B00081F810019DF88E02089981F811019DF807
:10C9C0008C02089981F812019DF88F02089981F86C
:10C9D00013019DF89002089981F814019DF89102C5
:10C9E000089981F815019DF89202089981F81601BD
:10C9F0009DF89402089981F817019DF8950208990D
:10CA000081F818019DF89D02089981F819019DF897
:10CA10009E02089981F81A019DF89F02089981F8F1
:10CA20001B019DF8A002089981F81C019DF89F0444
:10CA3000089981F81D019DF89C04089981F81E0150
:10CA4000DDF88C040899C1F82001AC980899C1F868
:10CA5000240100208DF8A704FFE79DF8A704032810
:10CA60001CD8FFE79DF8A734A3A800EB8301896ECB
:10CA7000089A02EB8302C2F828119DF8A72400EB64
:10CA80008200006D089901EB8201C1F83801FFE7CF
:10CA90009DF8A70401308DF8A704DEE700208DF88B
:10CAA000A704FFE79DF8A70401281DD8FFE79DF81C
:10CAB000A734A3A800EB8301D1F88810089A02EBF1
:10CAC0008302C2F848119DF8A72400EB8200006E93
:10CAD000089901EB8201C1F85001FFE79DF8A70416
:10CAE00001308DF8A704DDE79DF8D8309DF8D90016
:10CAF0009DF8DA20002818BF01204000411C002BBF
:10CB000018BF0846011D002A18BF0846089981F879
:10CB100058019DF8DB309DF8DC009DF8DD200028F1
:10CB200018BF01204000411C002B18BF0846011D02
:10CB3000002A18BF0846089981F859019DF8193153
:10CB40009DF855019DF89121002818BF0120400053
:10CB5000411C002B18BF0846011D002A18BF0846BB
:10CB6000089981F85A019DF8DE00089981F85B0167
:10CB70009DF8DF00089981F85C010899002081F890
:10CB80005D01089981F85E01089981F85F01389983
:10CB9000089AC2F860113099089AC2F86411319964
:10CBA000089AC2F868113299089AC2F86C11339940
:10CBB000089AC2F870113499089AC2F8741135991C
:10CBC000089AC2F878118DF8A704FFE79DF8A7042A
:10CBD000022851D8FFE730A824309DF8A734C3EBD2
:10CBE000031100EB81018968089A02EB8302C2F805
:10CBF0007C119DF8A734C3EB031100EB8101096997
:10CC0000089A02EB8302C2F888119DF8A734C3EB9F
:10CC1000031100EB8101096A089A02EB8302C2F852
:10CC200094119DF8A734C3EB031100EB8101496A0D
:10CC3000089A02EB8302C2F8A0119DF8A734C3EB57
:10CC4000031100EB8101896A089A02EB8302C2F8A2
:10CC5000AC119DF8A724C2EB021100EB8100C06A61
:10CC6000089901EB8201C1F8B801FFE79DF8A7041C
:10CC700001308DF8A704A9E79DF87800089981F89C
:10CC8000C4019DF87900089981F8C5019DF87A00E2
:10CC9000089981F8C6019DF87B00089981F8C701C1
:10CCA0009DF87C00089981F8C8019DF87D000899DD
:10CCB00081F8C9019DF87E00089981F8CA019DF8A4
:10CCC0007F00089981F8CB0120980899C1F8CC0120
:10CCD00021980899C1F8D00122980899C1F8D40187
:10CCE00023980899C1F8D80124980899C1F8DC0163
:10CCF00025980899C1F8E00126980899C1F8E4013F
:10CD000027980899C1F8E80128980899C1F8EC011A
:10CD100029980899C1F8F0012A980899C1F8F401F6
:10CD20002B980899C1F8F8012C980899C1F8FC01D2
:10CD30002D980899C1F800022E980899C1F80402AC
:10CD40002F980899C1F808029DF89801089981F870
:10CD50000C029DF89901089981F80D029DF89A013D
:10CD6000089981F80E029DF89B01089981F80F023D
:10CD70009DF8A401089981F8100266A8FDF7A4FAAD
:10CD8000089981F811029DF8A501089981F812020D
:10CD90009DF8A601089981F813029DF8A70108994A
:10CDA00081F81402BDF89C010899A1F81602BDF89B
:10CDB0009E010899A1F81802BDF8A0010899A1F8F0
:10CDC0001A02BDF8A2010899A1F81C026D980899F1
:10CDD000C1F820026B980899C1F824026C98089950
:10CDE000C1F828020DF5956D10BD0000000000008F
:10CDF00086B004908DED030A049818B9FFE700206F
:10CE0000059057E09DED030AB5EE400AF1EE10FAE9
:10CE100003DCFFE7002005904CE09DED030AB7EE30
:10CE2000001AB4EE410AF1EE10FA04DBFFE70498B1
:10CE3000006805903EE003980290049890ED000A87
:10CE4000B5EE400AF1EE10FA06DBFFE7049890ED2C
:10CE5000000A8DED000A07E0049890ED000AB1EE9B
:10CE6000400A8DED000AFFE79DED000A8DED010AF5
:10CE7000049890ED020A9DED011A9DED024A21EE03
:10CE8000041A21EE041A21EE041AB1EE082A24EE47
:10CE9000023ABAEE0E2A24EE022AA3EE042AB2EED9
:10CEA000043A32EE032A21EE021A20EE010A8DED39
:10CEB000050AFFE79DED050A06B070470000000077
:10CEC00086B004908DED030A049818B9FFE700209E
:10CED000059054E09DED030AB5EE400AF1EE10FA1C
:10CEE00003DCFFE70020059049E09DED030AB7EE63
:10CEF000001AB4EE410AF1EE10FA03DBFFE700205E
:10CF000005903CE003980290049890ED000AB5EE7D
:10CF1000400AF1EE10FA06DBFFE7049890ED000AF4
:10CF20008DED000A07E0049890ED000AB1EE400A8A
:10CF30008DED000AFFE79DED000A8DED010A0498D2
:10CF400090ED012A90ED020A9DED011AB3EE0E3A22
:10CF500021EE031A9DED024A21EE041A21EE041A75
:10CF6000B7EE003A33EE443A21EE031A21EE031AEB
:10CF700081EE021A20EE010A8DED050AFFE79DED14
:10CF8000050A06B07047000080B58EB00D908DED9B
:10CF90000C0ACDED0B0A8DED0A1ACDED091A0D988C
:10CFA00008B9FFE7D9E09DED0C0AB0EEC00A8DED9F
:10CFB000080A9DED080A9FED6A1AB4EE410AF1EEE7
:10CFC00010FA0CDAFFE70D99002008600D998860CF
:10CFD0000D9948600D99C8600D990861BDE09DEDFF
:10CFE0000B0AB5EE400AF1EE10FA0DDDFFE79DEDFC
:10CFF000080AB7EE0E1A20EE010A9DED0B1A80EE1C
:10D00000010A8DED030A04E09FED560A8DED030A37
:10D01000FFE79DED030A8DED070A9DED0A0AB5EEC7
:10D02000400AF1EE10FA0FDDFFE79DED080A9FEDD3
:10D030004E1A20EE010A9DED0A1A80EE010A0EF04A
:10D04000AFF88DED020A04E09FED460A8DED020A6D
:10D05000FFE79DED020A8DED060A9DED090AB5EE8A
:10D06000400AF1EE10FA11DDFFE79DED080A9FED91
:10D070003F1A20EE010A9DED091A80EE010ADFED4C
:10D080003C0A0DF093FC8DED010A04E09FED350A9A
:10D090008DED010AFFE79DED010A8DED050A079868
:10D0A00004909DED060A9DED041AB4EE410AF1EEDE
:10D0B00010FA03DDFFE706980490FFE79DED050AEF
:10D0C0009DED041AB4EE410AF1EE10FA03DDFFE71C
:10D0D00005980490FFE79DED040A9FED261AB4EE33
:10D0E000410AF1EE10FA06DAFFE741F26F20C3F6CB
:10D0F00083200490FFE70C980D9908609DED0C2AA1
:10D10000BFEE001AB7EE000AB5EE402AF1EE10FAB3
:10D1100020FE010A0D9880ED020A04980D994860DE
:10D120009DED080AB7EE0E1A20EE010A9DED041AD5
:10D1300080EE010A0D9880ED030A9DED080A9FED2F
:10D140000A1A20EE010A9DED041A21EE011A80EE62
:10D15000010A0D9880ED040AFFE70EB080BD00BF04
:10D16000BD3786350000000083C0B8400000704223
:10D17000ABAAAA3E6F12833A000000000000000034
:10D18000074B19680868B0E8F04F80F30988BFF3CF
:10D190006F8F4FF0000080F31188704700BF00BF11
:10D1A000285D00240000000084B0039003980090E4
:10D1B00000980078ADF808000098013000900098C1
:10D1C0000078ADF80600BDF80610BDF8080040EA8A
:10D1D0000120ADF80A00BDF80A0004B07047000055
:10D1E00082B08DED010A9DED010A9FED0B1AB4EEA0
:10D1F000410AF1EE10FA05DDFFE79DED010A8DED24
:10D20000000A04E0B7EE000A8DED000AFFE79DED8D
:10D21000000A02B0704700BF6F12833A000000009E
:10D2200080B588B08DED041ACDED030A8DED020AAC
:10D23000CDED011A9DED012A9DED020A9DED033A07
:10D240009DED041A20EE020A63EE020A21EE021A94
:10D2500009F012FC8DED050ACDED060A8DED071AD9
:10D260009DED050ADDED060A9DED071A08B080BDAB
:10D2700080B584B00290ADF80610029820B1FFE7A7
:10D28000BDF8060020B9FFE701208DF80F0027E068
:10D29000E4F7C2FDBDF8061088420BD2FFE746F660
:10D2A000FC11C2F2000108680130086000208DF80E
:10D2B0000F0015E00298BDF80610E4F745FE58B9D6
:10D2C000FFE746F6FC11C2F2000108680130086071
:10D2D00000208DF80F0003E001208DF80F00FFE71C
:10D2E0009DF80F0004B080BD80B5CCB08DF82F0143
:10D2F00000208DF8DE00FFE79DF8DE004F280DD8F6
:10D30000FFE79DF8DE200DF1DF0100208854FFE7E4
:10D310009DF8DE0001308DF8DE00EDE70CF0DCFA60
:10D3200045F29000C2F2004002A90091F8F7F0F92E
:10D330000CF0FEFA9DF808008DF8DF009DF809005A
:10D340008DF8E0009DF80A008DF8E1009DF80B00D3
:10D350008DF8E2009DF80C008DF8E3009DF80D00BB
:10D360008DF8E4009DF80E008DF8E5009DF80F00A3
:10D370008DF8E60004980DF1DF0101910822F7F71E
:10D380004BFD019905980C22F7F746FD0199069887
:10D390001022F7F741FD00989DF828108DF8F31042
:10D3A0009DF829108DF8F4109DF85C108DF8F5109B
:10D3B000F7F7A6FC014601988DF8F6109DED140ACA
:10D3C0001821F7F7D9FC01989DED150A1C21F7F7F4
:10D3D000D3FC01989DED1B0A2021F7F7CDFC0198A5
:10D3E0009DED1C0A2421F7F7C7FC01989DED1D0A4D
:10D3F0002821F7F7C1FC01989DED270A2C21F7F7AA
:10D40000BBFC01989DED280A3021F7F7B5FC019887
:10D410009DED290A3421F7F7AFFC01989DED260A0E
:10D420003821F7F7A9FC01989DED140A9DED291A02
:10D4300030EE410A3C21F7F79FFC01989DED330A3D
:10D440004021F7F799FC01989DED340A4421F7F744
:10D4500093FC01989DED350A4821F7F78DFC019961
:10D460009DF8D8008DF82B019DF82F01502200F077
:10D4700027FF4CB080BD000080B5ADF5007D0AA847
:10D48000059020A806901F900CF026FA069845F209
:10D490005421C2F200014FF48872E3F780F80CF0D7
:10D4A00047FA0AA8F4F7FCFA46F2B000C2F200000C
:10D4B0000421F6F7F1FB8DF827001F98407801381A
:10D4C000B0FA80F040098DF826009DF82610012062
:10D4D000079071BBFFE71F9890ED3C0AE3F740F916
:10D4E00001209FEDC11AB4EE410AF1EE10FA079047
:10D4F0001FDCFFE71F9890ED3D0AE3F731F90120AB
:10D500009FEDB91AB4EE410AF1EE10FA079010DC63
:10D51000FFE71F9890ED3E0AE3F722F99FEDB21A5C
:10D520000020B4EE410AF1EE10FAC8BF01200790C6
:10D53000FFE7079800F001008DF8250007F080FD57
:10D540008DF8240040F2AC20C2F200000078019077
:10D550001F980078FBF7A0FE019A002818BF012051
:10D560004000411C002A18BF084602901F9800780E
:10D57000FBF76EFE02460298011D002A18BF0846FE
:10D580009DF8262000F10801002A18BF08469DF8E2
:10D59000252040F01001002A18BF08461F994A783C
:10D5A00040F02001022A08BF08469DF86C2040F098
:10D5B0004001002A18BF08469DF8272040F080014E
:10D5C000032AC8BF08468DF823009DF824109DF853
:10D5D0006C00B0FA80F04009400061F300001F9930
:10D5E00091F80C21011D002A18BF08469DF827104C
:10D5F00000F10802002908BF1046039000200490A3
:10D6000041B1FFE79DF8271000200429B8BF012091
:10D610000490FFE703980499CA0740F01001002A1C
:10D6200018BF08468DF822001F9800788DF89001E9
:10D630001F9840788DF891011F9890F80C018DF893
:10D64000920100208DF893011F9890ED3C0A64A888
:10D6500000900421F7F790FB00981F9991ED3D0A87
:10D660000821F7F789FB00981F9991ED3E0A0C21DC
:10D67000F7F782FB00981F9991ED070A1021F7F741
:10D680007BFB00981F9991ED080A1421F7F774FBB2
:10D6900000981F9991ED090A1821F7F76DFB009882
:10D6A0001F9991ED380A1C21F7F766FB00981F9926
:10D6B00091ED390A2021F7F75FFB00981F9991ED52
:10D6C0003A0A2421F7F758FB00981F9991ED300A88
:10D6D0002821F7F751FB00981F9991ED310A2C2171
:10D6E000F7F74AFB00981F9991ED320A3021F7F7BE
:10D6F00043FB00981F9991ED330A3421F7F73CFB67
:10D700000599009891ED000A3821F7F735FB059946
:10D71000009891ED010A3C21F7F72EFB059900983E
:10D7200091ED020A4021F7F727FB0599009891ED4A
:10D73000030A4421F7F720FB0599009891ED040AAC
:10D740004821F7F719FB0599009891ED050A4C213E
:10D75000F7F712FB0599009891ED060A5021F7F7AB
:10D760000BFB00989DF86C108DF8E4119DF82410C7
:10D770008DF8E5119DF823108DF8E6119DF8221023
:10D780008DF8E7111F9991ED010A5821F7F7F4FA86
:10D7900000981F9991ED020A5C21F7F7EDFA0098C5
:10D7A0001F9991ED030A6021F7F7E6FA00981F9997
:10D7B00091ED040A6421F7F7DFFA00981F9991EDC3
:10D7C000050A6821F7F7D8FA00981F9991ED060A23
:10D7D0006C21F7F7D1FA00991620702200F070FD45
:10D7E0000DF5007D80BD00BF0AD7233C000000007E
:10D7F00080B5C0B0002007908DF8BA00FFE79DF813
:10D80000BA0044280DD8FFE79DF8BA200DF1BB01FE
:10D8100000208854FFE79DF8BA0001308DF8BA0067
:10D82000EDE70CF059F844F28840C2F2004000786D
:10D8300018B1FFE7012006900AE040F22800C2F28A
:10D8400000000078B0FA80F0400940000690FFE741
:10D8500006988DF8B9009DF8B900012809D1FFE7B5
:10D8600045F2B401C2F2000108A89022E2F797FE47
:10D8700008E045F22401C2F2000108A89022E2F774
:10D880008EFEFFE70CF054F8109850B1FFE71099A6
:10D890001198884205D3FFE710991198401A079014
:10D8A000FFE708A80590E4F72BFF014605988DF8DF
:10D8B000B810E4F7ADFE8DF8B7009DF8B80000F0A1
:10D8C0000F000F3818BF01208DF8B5009DF8B70084
:10D8D00000F00300033818BF01208DF8B4009DF854
:10D8E000240058B9FFE79DF8200038B1FFE79DF804
:10D8F00020100020162904902BD1FFE79DF8281056
:10D900000020049029BBFFE79DF829100020049017
:10D91000F9B9FFE79DF82B1000200490C9B9FFE783
:10D920009DF831100020049099B9FFE79DF834105C
:10D930000020049069B9FFE79DF8B510002004901D
:10D9400039B9FFE79DF8B400B0FA80F040090490BF
:10D95000FFE7049800F001008DF8B30008A8FAF77B
:10D9600013FA02469DF8B500002818BF01204000B8
:10D97000411C002A18BF08469DF8B420011D002A4A
:10D9800018BF08469DF828C09DF829309DF8311031
:10D990009DF834E000F10802BEF1000F18BF1046F8
:10D9A00040F01002BCF1000F18BF104640F02002FA
:10D9B000002B18BF104602900120039069B9FFE7C1
:10D9C0009DF82B100120039039B9FFE79DF82E0038
:10D9D000002818BF01200390FFE702980399CA07A7
:10D9E00040F04001002A18BF08469DF8B32040F0DF
:10D9F0008001002A18BF08468DF8B6009DF8200067
:10DA00008DF8BB009DF822008DF8BC009DF8230026
:10DA10008DF8BD009DF824008DF8BE009DF825000E
:10DA20008DF8BF009DF8B9008DF8C000E4F7A8FE9E
:10DA30008DF8C1009DF832008DF8C20007980DF1F5
:10DA4000BB0101910822F7F7E7F9019911980C221F
:10DA5000F7F7E2F901989DED220A1021F7F78CF90A
:10DA600001989DED230A1421F7F786F901989DEDA1
:10DA7000240A1821F7F780F901989DED250A1C2149
:10DA8000F7F77AF901989DED1C0A2021F7F774F950
:10DA900001989DED1D0A2421F7F76EF901989DED7F
:10DAA0001E0A2821F7F768F901989DED1F0A2C211D
:10DAB000F7F762F901989DED2A0A3021F7F75CF932
:10DAC00001989DED2B0A3421F7F756F901989DED49
:10DAD000200A3821F7F750F901989DED210A3C21E1
:10DAE000F7F74AF99DF826008DF8FB009DF8B6007F
:10DAF0008DF8FC009DF8B8008DF8FD009DF8B7008A
:10DB00008DF8FE009DF8B31008A8E4F769FE0199AE
:10DB10008DF8FF005620452200F0D2FB40B080BDBA
:10DB200080B5C2B045F26830C2F20000019000201A
:10DB30008DF80A00FFE79DF80A00FC280DD8FFE7E2
:10DB40009DF80A200DF10B0100208854FFE79DF895
:10DB50000A0001308DF80A00EDE7FEF7D1FA052042
:10DB60008DF80B00019800798DF80C000198407930
:10DB70008DF80D00019880798DF80E000198C0791C
:10DB80008DF80F000198007A8DF810000198007D43
:10DB90008DF811000198407D8DF812000198C06841
:10DBA0000DF10B0100910822F7F736F90099019861
:10DBB00000690C22F7F730F900990198806B102268
:10DBC000F7F72AF900990198C06B1422F7F724F9A6
:10DBD00000990198006C1822F7F71EF90098019936
:10DBE00091F844108DF82710019991F847108DF89D
:10DBF000281000218DF829108DF82A10019991ED37
:10DC0000240A2021F7F7B8F80098019991ED250A28
:10DC10002421F7F7B1F80098019991ED260A2821FF
:10DC2000F7F7AAF80098019991ED270A2C21F7F748
:10DC3000A3F80098019991ED280A3021F7F79CF894
:10DC40000098019991ED290A3421F7F795F8009889
:10DC5000019991ED210A3821F7F78EF80098019982
:10DC600091ED220A3C21F7F787F80098019991ED90
:10DC7000230A4021F7F780F80098019991ED1E0AD8
:10DC80004421F7F779F80098019991ED1F0A48218E
:10DC9000F7F772F80098019991ED200A4C21F7F7F7
:10DCA0006BF80099019890F85A008DF86900019876
:10DCB000407A8DF86A00019890F810018DF86B0099
:10DCC000019890F812018DF86C00019890F81101FC
:10DCD0008DF86D00019890F813018DF86E00019891
:10DCE00090F814018DF86F00019890F815018DF8E7
:10DCF0007000019890F817018DF87100019890F864
:10DD000018018DF87200019890F81D018DF87300CC
:10DD1000019890F81E018DF87400019890F81A018E
:10DD20008DF87500019890F81B31019890F81C014E
:10DD3000002818BF01204000421C002B18BF1046CD
:10DD4000019A92F81631021D012B08BF10468DF87A
:10DD500076000198D0F820016C22F7F75DF8009961
:10DD60000198D0F824017022F7F756F8009901982D
:10DD700090F858018DF87F00019890F859018DF8BE
:10DD80008000019890F85A018DF88100019890F870
:10DD90005B018DF88200019890F85C018DF883009A
:10DDA0000198D0F860017C22F7F736F800990198C5
:10DDB000D0F864018022F7F707F800990198D0F8AD
:10DDC00068018422F7F700F800990198D0F86C01F7
:10DDD0008822F6F7F9FF0099019890F8C4018DF8B0
:10DDE0009700019890F8C9018DF89800019890F873
:10DDF000CB018DF89900019890F8CA018DF89A002E
:10DE00000198D0F8CC019022F7F706F80099019814
:10DE1000D0F8D0019422F6F7FFFF0098019991ED18
:10DE2000750A9821F6F7A8FF0098019991ED7A0AF2
:10DE30009C21F6F7A1FF0098019991ED180AA02105
:10DE4000F6F79AFF0098019991ED190AA421F6F7C7
:10DE500093FF0098019991ED1A0AA821F6F78CFF1B
:10DE60000098019991ED1B0AAC21F6F785FF009807
:10DE7000019991ED1C0AB021F6F77EFF00980199F7
:10DE800091ED1D0AB421F6F777FF0098019991F8FA
:10DE9000C8108DF8C310019991F8C9108DF8C410FD
:10DEA000019991F8CA108DF8C510019991F8CB101D
:10DEB0008DF8C610019991F8CC108DF8C710019912
:10DEC00091F8CD108DF8C810019991F8CE108DF809
:10DED000C910019991F8CF108DF8CA10019991EDF0
:10DEE000380AC021F6F748FF0098019991ED390AE8
:10DEF000C421F6F741FF0098019991ED3A0AC82133
:10DF0000F6F73AFF0098019991ED3B0ACC21F6F71C
:10DF100033FF0098019991ED3C0AD021F6F72CFFD0
:10DF20000098019991ED3D0AD421F6F725FF00985C
:10DF3000019991ED3E0AD821F6F71EFF009801994C
:10DF400091ED3F0ADC21F6F717FF00990198D0F810
:10DF5000D400E022F6F760FF00990198D0F8D800CD
:10DF6000E422F6F759FF0098019991F8DC108DF83A
:10DF7000F310019991F8DD108DF8F410019991F8E2
:10DF8000DE108DF8F510019991F8DF108DF8F6107C
:10DF9000019991F815118DF8F9100199897A8DF888
:10DFA000FA10019991ED400AF021F6F7E5FE00988C
:10DFB000019991ED410AF421F6F7DEFE00980199EE
:10DFC00091ED420AF821F6F7D7FE0099019890F8F2
:10DFD0000C018DF807014620FD2200F071F942B0D6
:10DFE00080BD00000000000080B584B044F288408D
:10DFF000C2F2004000788DF8080040F22800C2F21A
:10E00000000000788DF8090040F2AC20C2F2000058
:10E0100000788DF80A00002001908DF80B0045F281
:10E020009000C2F2004000788DF80C0046F2B0007B
:10E03000C2F200000421F5F72FFE8DF80D0006F066
:10E04000FFFF014601988DF80E108DF80F00062095
:10E0500002A9082200F034F904B080BD00000000DD
:10E0600010B592B000208DF82700FFE79DF827003B
:10E070001F280CD8FFE79DF827200AA90020885404
:10E08000FFE79DF8270001308DF82700EEE70BF041
:10E0900023FC45F28C31C2F2004108684A688B6863
:10E0A000D1F80CC0D1F810E04C690694CDF814E01A
:10E0B000CDF810C00393029201908869C969089154
:10E0C00007900BF035FC01208DF828009DF8040026
:10E0D0008DF829009DF805008DF82A009DF80600AE
:10E0E0008DF82B009DF807008DF82C009DF810008E
:10E0F0008DF82D0001A8FCF7E7F88DF82E009DF8AB
:10E1000011008DF82F00BDF808000AA9009108221F
:10E11000F6F76AFE0099BDF80A000A22F6F764FED7
:10E120000099BDF80C000C22F6F75EFE0099BDF8D0
:10E130000E000E22F6F758FE009908981022F6F706
:10E140006BFE009906981422F6F766FE0099079870
:10E150001822F6F761FE00999DF812008DF8440030
:10E160009DF813008DF845006620202200F0A8F8E5
:10E1700012B010BD0000000080B5A6B008A8029043
:10E1800000208DF80F00FFE79DF80F003F280CD806
:10E19000FFE79DF80F2016A900208854FFE79DF89F
:10E1A0000F0001308DF80F00EEE704A8FCF784FDA6
:10E1B0009DF810008DF858009DF811008DF8590059
:10E1C0009DF812008DF85A009DF815008DF85B003F
:10E1D000069816A901910422F6F71EFE01990798E8
:10E1E0000822F6F719FE0299019891ED000A0C2118
:10E1F000F6F7C2FD0299019891ED010A1021F6F798
:10E20000BBFD0299019891ED020A1421F6F7B4FDC5
:10E210000299019891ED030A1821F6F7ADFD0299D4
:10E22000019891ED050A1C21F6F7A6FD02990198C7
:10E2300091ED070A2021F6F79FFD0299019891EDD3
:10E24000090A2421F6F798FD0299019891ED0A0A2E
:10E250002821F6F791FD0299019891ED0B0A2C21E6
:10E26000F6F78AFD0299019891ED0C0A3021F6F734
:10E2700083FD0299019891ED0D0A3421F6F77CFD9A
:10E280000299019891ED060A3821F6F775FD01997A
:10E290009DF813008DF894009DF814008DF89500FA
:10E2A0009DF816008DF896009DF817008DF89700E0
:10E2B0004920402200F004F826B080BD0000000094
:10E2C00080B5D0B08DF83E014E918DF837210020F9
:10E2D000ADF808004E9840B9FFE79DF8370120B12E
:10E2E000FFE700208DF83F0178E09DF83701073007
:10E2F000B0F5967F0BD9FFE746F6FC11C2F200019C
:10E3000008680130086000208DF83F0166E0BDF824
:10E310000820501CADF808000DF10B01A520885411
:10E32000BDF80820501CADF808005A2088549DF80C
:10E330003701BDF80820531CADF8083088549DF80B
:10E340003E01BDF80820531CADF808308854002069
:10E35000ADF80600FFE7BDF806009DF837118842CA
:10E3600013DAFFE74E98BDF80610405CBDF80820B0
:10E37000511CADF808100DF10B018854FFE7BDF8F2
:10E3800006000130ADF80600E5E7BDF808100DF114
:10E390000B000090E3F714FF01460098ADF804105D
:10E3A0009DF80510BDF80820531CADF808308154C5
:10E3B000BDF80410BDF80820531CADF80830815496
:10E3C000BDF80820511CADF80810FF218154BDF89C
:10E3D0000810FEF74DFF8DF83F01FFE79DF83F0164
:10E3E00050B080BD0000000080B584B003908DED7A
:10E3F000020A9DED020AE4F77BF88DED000A002089
:10E400008DF80700FFE79DF8070003280ED8FFE707
:10E41000009803999DF8072001EB82010865FFE74A
:10E420009DF8070001308DF80700ECE704B080BDCF
:10E4300080B582B001908DF80310019808B9FFE70C
:10E4400006E09DF80300F5F703FD01994876FFE724
:10E4500002B080BD0000000082B001908DED000A86
:10E4600000980199086600980199486602B07047C3
:10E4700080B584B002AA009202460098039280ED13
:10E48000000A8DF8071003989DF80710FFF7D0FFDA
:10E490000099039891ED000AFFF7DEFF04B080BDFC
:10E4A00080B584B003908DED020A9DED020AE4F779
:10E4B0001FF88DED010A01980399086501980399E9
:10E4C000C86504B080BD000080B586B005908DEDB4
:10E4D000040ACDED030A8DED021ACDED011A9DED72
:10E4E000040AE4F705F8059880ED140A9DED030A87
:10E4F000E3F7FEFF059880ED150A9DED020AE3F7AC
:10E50000F7FF059880ED160A9DED010AE3F7F0FF8D
:10E51000059880ED170A06B080BD000000000000DD
:10E5200080B584B003908DED020A9DED020AE3F7F9
:10E53000DFFF8DED010A0198039948650198039961
:10E54000886504B080BD000080B586B004908DF869
:10E550000F109DF80F000290049820B9FFE70020EB
:10E560008DF8170023E00498407B20B9FFE70020D6
:10E570008DF817001BE0029850B1FFE70298019058
:10E580000498E4F7F9FA01460198884204D9FFE7B4
:10E5900000208DF817000AE09DF808000499C97B57
:10E5A000401AB0FA80F040098DF81700FFE79DF897
:10E5B000170006B080BD000080B586B004900391BE
:10E5C0000292049820B9FFE700208DF8170060E060
:10E5D0000498C07840B1FFE70498807E20B9FFE737
:10E5E0000498C07E20B1FFE700208DF8170050E0AE
:10E5F00004988079F5F744FC8DF807009DF8070032
:10E6000020B9FFE700208DF8170042E00498039935
:10E6100000F096F904980121C176049881769DF85E
:10E620000700049A10779DF80700049A90719DF8EE
:10E630000700049AD071049A002000905071049A47
:10E64000D170049908730499087204994872049966
:10E6500088720499C872049948740499C87404991A
:10E660008874049908710498807B20B1FFE70498AE
:10E67000E3F76AFFFFE704980399029B1D22E2F784
:10E6800083FC04980078173818BF01208DF8170014
:10E69000FFE79DF8170006B080BD000000000000F5
:10E6A00080B586B08DF813008DF812109DF8120019
:10E6B00003909DF81300E7F763FB02909DF81300A9
:10E6C000E7F74AFB01909DF8120030B9FFE74CF2E2
:10E6D000D850C0F60200059078E09DF81200162888
:10E6E00006D1FFE74CF20260C0F6020005906DE033
:10E6F0009DF81200172806D1FFE74CF27160C0F6B2
:10E700000200059062E09DF81200182806D1FFE78C
:10E710004CF24730C0F60200059057E09DF8120019
:10E72000192806D1FFE74CF22930C0F60200059007
:10E730004CE09DF812001A2806D1FFE74CF2FA408F
:10E74000C0F60200059041E09DF812001B2806D19A
:10E75000FFE74CF21450C0F60200059036E09DF839
:10E7600012001C2806D1FFE74CF24C50C0F6020004
:10E7700005902BE09DF812001D2806D1FFE74CF212
:10E780006130C0F60200059020E09DF812001E28BE
:10E7900006D1FFE74CF29220C0F60200059015E08A
:10E7A000039868B1FFE703980199884208D8FFE70A
:10E7B0000298039900EB411050F8200C059005E0F9
:10E7C0004CF22B60C0F602000590FFE7059806B0FA
:10E7D00080BD00000000000080B586B004908DF878
:10E7E0000F109DF80F0002900498E4F7D9F90190FA
:10E7F0000498E4F7C1F900909DF80F00182804D19F
:10E80000FFE742F6E650059048E09DF80F00192812
:10E8100004D1FFE74FF47A6005903FE09DF80F00C8
:10E820001A2804D1FFE74FF4FA50059036E09DF81E
:10E830000F001B2804D1FFE74FF4FA5005902DE09C
:10E840009DF80F001C2804D1FFE74FF47A60059073
:10E8500024E09DF80F001D2804D1FFE742F6E650A2
:10E8600005901BE09DF80F001E2804D1FFE743F63A
:10E870009820059012E0029868B1FFE7029800998D
:10E88000884208D8FFE70198029900EB411050F840
:10E89000040C059002E000200590FFE7059806B003
:10E8A00080BD00000000000080B586B004908DF8A7
:10E8B0000F109DF80F0002900498E4F771F9019091
:10E8C0000498E4F759F900909DF80F00192814D026
:10E8D000FFE79DF80F001A280FD0FFE79DF80F0003
:10E8E0001B280AD0FFE79DF80F001C2805D0FFE782
:10E8F0009DF80F001E2804D1FFE701208DF81700B6
:10E9000018E0029890B1FFE70298009988420DD86C
:10E91000FFE70198029900EB411010F81C0C022847
:10E9200004D1FFE701208DF8170003E000208DF8E7
:10E930001700FFE79DF8170006B080BD000000003B
:10E9400080B582B001900091019808B9FFE714E00A
:10E95000009870B1FFE70198007D30B9FFE701989A
:10E960000178FFF7A1FF20B1FFE70098FAF7ECFF6D
:10E97000FFE7019900200875FFE702B080BD0000A5
:10E9800083B002900191029818B1FFE7019808B98D
:10E99000FFE73FE000208DF80300FFE79DF803004C
:10E9A000032811D8FFE701989DF8032030F81200E2
:10E9B000029901EB4201A1F8A000FFE79DF80300D6
:10E9C00001308DF80300E9E700208DF80300FFE730
:10E9D0009DF8030001281DD8FFE701989DF803204A
:10E9E00000EB42000089029901EB4201A1F8A80066
:10E9F00001989DF8032000EB4200008A029901EB88
:10EA00004201A1F8AC00FFE79DF8030001308DF84A
:10EA10000300DDE703B0704780B582B04FF05000CF
:10EA200080F31188BFF36F8FBFF34F8F00900BF00F
:10EA300013FC40B1FFE74EF60451CEF200014FF057
:10EA400080500860FFE700200190019880F3118852
:10EA500002B080BD0000000080B59EB00BA84C2124
:10EA6000E1F7F1FD002001900A90099008900790CD
:10EA700006900590049003900220EDF759FBFFE704
:10EA80000020029044F61800C5F60200016821F447
:10EA900040410160006800F4404002900298FFE7A6
:10EAA000FFE744F61800C5F60200006800F40050C5
:10EAB000B0F5005F01D0FFE7F3E701210B914FF4C0
:10EAC00080300C90022014901590169028221792F6
:10EAD0001891062119911A900C201B9000201C906F
:10EAE0001D900BA8EFF7ACFA18B1FFE7E6F7C8F9ED
:10EAF000FFE73F20039003210491002005900820A8
:10EB000006904020079008904FF4806209920A9086
:10EB100003A8EEF729FE18B1FFE7E6F7B1F9FFE722
:10EB20001EB080BD000000004EF68851CEF20001FC
:10EB3000086840F47000086042F20000C5F200204E
:10EB4000006800F00F0006280AD8FFE742F2000133
:10EB5000C5F200210868072262F303000860FFE79E
:10EB600044F20041C5F60201086840F00100086067
:10EB700044F21042C5F602020020106008684EF60A
:10EB80007F52CEF6F6221040086042F20000C5F235
:10EB90000020006800F00F0008280AD3FFE742F2C7
:10EBA0000001C5F200210868072262F30300086033
:10EBB000FFE744F21841C5F602010020086044F264
:10EBC0001C41C5F60201086044F22041C5F602016D
:10EBD000086044F22842C5F6020240F20021C0F269
:10EBE0000221116044F22C42C5F602020021C0F25B
:10EBF000FF11116044F23042C5F6020240F280215A
:10EC0000C0F20111116044F23442C5F602021060F4
:10EC100044F23842C5F60202116044F23C42C5F6A5
:10EC20000202106044F24042C5F60202116044F252
:10EC30004441C5F60201086044F20042C5F60202F2
:10EC4000116821F48021116044F26041C5F602018F
:10EC5000086044F2D440C5F602000068C0040028F1
:10EC600014D4FFE744F2D441C5F60201086840F429
:10EC70008050086044F20002C5F2002243F2D20044
:10EC80001060086820F480500860FFE770470000BB
:10EC900080B545F2C450C2F20040F0F77DFA80BD65
:10ECA00080B545F21060C2F20040F0F775FA80BD01
:10ECB00080B545F60870C2F20000F0F76DFA80BD2D
:10ECC00083B00290019102980068009002980021A0
:10ECD000C4F20101884225D0FFE70298B0F1804FCD
:10ECE00020D0FFE7029840F20041C4F200018842C0
:10ECF00018D0FFE7029840F60001C4F200018842F4
:10ED000010D0FFE7029840F60041C4F200018842AB
:10ED100008D0FFE7029840F20041C4F201018842A6
:10ED20000AD1FFE7009820F0700000900198416838
:10ED3000009808430090FFE702980021C4F2010107
:10ED400088424DD0FFE70298B0F1804F48D0FFE7EE
:10ED5000029840F20041C4F20001884240D0FFE72F
:10ED6000029840F60001C4F20001884238D0FFE763
:10ED7000029840F60041C4F20001884230D0FFE71B
:10ED8000029840F20041C4F20101884228D0FFE716
:10ED9000029844F20001C4F20101884220D0FFE74A
:10EDA000029844F20041C4F20101884218D0FFE702
:10EDB000029844F60001C4F20101884210D0FFE736
:10EDC00002984EF20001C4F20001884208D0FFE729
:10EDD00002984EF20041C4F2000188420AD1FFE7D6
:10EDE000009820F4407000900198C1680098084392
:10EDF0000090FFE7009820F08000019949690843DE
:10EE00000090019880680299C86201980068029990
:10EE1000886202980021C4F20101884220D0FFE7F5
:10EE2000029840F20041C4F20101884218D0FFE785
:10EE3000029844F20001C4F20101884210D0FFE7B9
:10EE4000029844F20041C4F20101884208D0FFE771
:10EE5000029844F60001C4F20101884205D1FFE79F
:10EE60000198006902990863FFE70299086840F079
:10EE70000400086002990120486100980299086026
:10EE800003B070470000000084B00390029101922B
:10EE9000029800F01F01012088400090009A039919
:10EEA000086A904308620198029901F01F0100FA74
:10EEB00001F20399086A1043086204B07047000029
:10EEC00085B00490039102920193049880680090A9
:10EED000009820F47F40009003980299019A41EA3B
:10EEE000022101430098084300900098049988602B
:10EEF00005B070470000000083B0029001910298B5
:10EF00008068009000984FF68F71CFF6CF7108405F
:10EF1000009001980099084340F007000090009885
:10EF20000299886003B0704785B0049003910498FB
:10EF3000006A01900499086A20F0010008620498B0
:10EF40004068009004988069029002984FF68F7193
:10EF5000CFF6FE7108400290029820F00300029064
:10EF600003980168029808430290019820F002007B
:10EF7000019003988168019808430190049800214A
:10EF8000C4F20101884220D0FFE7049840F200411A
:10EF9000C4F20101884218D0FFE7049844F200014E
:10EFA000C4F20101884210D0FFE7049844F2004106
:10EFB000C4F20101884208D0FFE7049844F600013A
:10EFC000C4F2010188420ED1FFE7019820F0080049
:10EFD00001900398C168019808430190019820F0BE
:10EFE00004000190FFE704980021C4F20101884267
:10EFF00020D0FFE7049840F20041C4F201018842AA
:10F0000018D0FFE7049844F20001C4F201018842DD
:10F0100010D0FFE7049844F20041C4F20101884295
:10F0200008D0FFE7049844F60001C4F201018842C9
:10F0300013D1FFE7009820F480700090009820F42E
:10F04000007000900398416900980843009003986D
:10F050008169009808430090FFE700980499486090
:10F06000029804998861039840680499486301985C
:10F070000499086205B0704785B004900391049824
:10F08000006A01900499086A20F010000862049850
:10F0900040680090049880690290029848F6FF71D9
:10F0A000CFF6FF6108400290029820F44070029071
:10F0B00003980168029840EA01200290019820F02C
:10F0C0002000019003988168019840EA01100190A6
:10F0D00004980021C4F20101884229D0FFE7049876
:10F0E00040F20041C4F20101884221D0FFE70498B8
:10F0F00044F20001C4F20101884203D1FFE700207D
:10F10000B0B9FFE7049844F20041C4F2010188421B
:10F1100003D1FFE7002058B9FFE7049844F6000147
:10F12000C4F20101884212D1FFE7012078B9FFE75C
:10F13000019820F0800001900398C168019840EA8E
:10F1400001100190019820F040000190FFE7049821
:10F150000021C4F20101884220D0FFE7049840F268
:10F160000041C4F20101884218D0FFE7049844F23C
:10F170000001C4F20101884210D0FFE7049844F274
:10F180000041C4F20101884208D0FFE7049844F628
:10F190000001C4F20101884215D1FFE7009820F474
:10F1A00080600090009820F400600090039841690E
:10F1B000009840EA8100009003988169009840EA35
:10F1C00081000090FFE70098049948600298049934
:10F1D00088610398406804998863019804990862DB
:10F1E00005B070470000000085B0049003910498BA
:10F1F000006A01900499086A20F4807008620498FB
:10F20000406800900498C069029002984FF68F7190
:10F21000CFF6FE7108400290029820F003000290A1
:10F2200003980168029808430290019820F4007046
:10F23000019003988168019840EA012001900498A8
:10F240000021C4F20101884229D0FFE7049840F26E
:10F250000041C4F20101884221D0FFE7049844F242
:10F260000001C4F20101884203D1FFE70020B0B9D8
:10F27000FFE7049844F20041C4F20101884203D13F
:10F28000FFE7002058B9FFE7049844F60001C4F2F4
:10F290000101884212D1FFE7012078B9FFE7019808
:10F2A00020F4006001900398C168019840EA0120B1
:10F2B0000190019820F480600190FFE704980021FC
:10F2C000C4F20101884220D0FFE7049840F20041D7
:10F2D000C4F20101884218D0FFE7049844F200010B
:10F2E000C4F20101884210D0FFE7049844F20041C3
:10F2F000C4F20101884208D0FFE7049844F60001F7
:10F30000C4F20101884215D1FFE7009820F4805033
:10F310000090009820F400500090039841690098F4
:10F3200040EA0110009003988169009840EA0110BA
:10F330000090FFE700980499486002980499C8611A
:10F34000039840680499C86301980499086205B05D
:10F35000704700000000000085B0049003910498FD
:10F36000006A01900499086A20F4805008620498A9
:10F37000406800900498C0690290029848F6FF71B6
:10F38000CFF6FF6108400290029820F4407002908E
:10F3900003980168029840EA01200290019820F445
:10F3A0000050019003988168019840EA0130019073
:10F3B00004980021C4F20101884220D0FFE704989C
:10F3C00040F20041C4F20101884218D0FFE70498DE
:10F3D00044F20001C4F20101884210D0FFE7049812
:10F3E00044F20041C4F20101884208D0FFE70498CA
:10F3F00044F60001C4F2010188420BD1FFE70098F6
:10F4000020F48040009003984169009840EA811000
:10F410000090FFE700980499486002980499C86139
:10F42000039840680499086401980499086205B03B
:10F43000704700000000000085B00490039104981C
:10F44000006A01900499086A20F4803008620498E8
:10F45000406800900498406D029002984FF68F71BA
:10F46000CFF6FE71084002900398016802980843A5
:10F470000290019820F4003001900398816801986F
:10F4800040EA0140019004980021C4F20101884241
:10F4900020D0FFE7049840F20041C4F20101884205
:10F4A00018D0FFE7049844F20001C4F20101884239
:10F4B00010D0FFE7049844F20041C4F201018842F1
:10F4C00008D0FFE7049844F60001C4F20101884225
:10F4D0000BD1FFE7009820F4803000900398416939
:10F4E000009840EA01200090FFE7009804994860E6
:10F4F00002980499486503984068049988650198C2
:10F500000499086205B0704785B00490039104988F
:10F51000006A01900499086A20F480100862049837
:10F52000406800900498406D0290029848F6FF7180
:10F53000CFF6FF610840029003980168029840EA04
:10F5400001200290019820F4001001900398816836
:10F55000019840EA0150019004980021C4F2010191
:10F56000884220D0FFE7049840F20041C4F2010134
:10F57000884218D0FFE7049844F20001C4F2010168
:10F58000884210D0FFE7049844F20041C4F2010120
:10F59000884208D0FFE7049844F60001C4F2010154
:10F5A00088420BD1FFE7009820F480200090039858
:10F5B0004169009840EA81200090FFE70098049993
:10F5C0004860029804994865039840680499C865A2
:10F5D00001980499086205B070470000000000001F
:10F5E00085B00490039102920498006A00900499F7
:10F5F000086A20F00100086204988069019001986F
:10F6000020F0F00001900299019840EA0110019069
:10F61000009820F00A000090039900980843009099
:10F6200001980499886100980499086205B07047B0
:10F6300085B00490039102920498006A00900499A6
:10F64000086A20F01000086204988069019001980F
:10F6500020F4704001900299019840EA0130019035
:10F66000009820F0A00000900399009840EA011053
:10F67000009001980499886100980499086205B087
:10F68000704700000000000080B586B00490039130
:10F6900009208DF80B0006208DF80A000498807C64
:10F6A000013801460191262800F245800199DFE8E2
:10F6B00001F01414141B1B1B2121212929293A3A7A
:10F6C0003A141B1B1B29292921213A3A1B1B1B1BFE
:10F6D0001B1B1B1B1B1B1B1B140004980F21F3F788
:10F6E00067FC8DF817002AE00498E5F715FB8DF804
:10F6F000170024E004989DF80B10F3F759FC8DF8DF
:10F7000017001CE0039850B1FFE70398F9F700FDDC
:10F71000022804D1FFE701208DF817000FE0002038
:10F720008DF817000BE004989DF80A10F3F740FCE1
:10F730008DF8170003E000208DF81700FFE79DF813
:10F74000170006B080BD000080B584B08DF80B00B6
:10F750009DF80B0012380146019115281DD801991A
:10F76000DFE801F00B0B1B0F0F131313131B1B1BF5
:10F770001B0B0B1B1B1B1B0B0B1741F6466003904F
:10F7800024E042F21070039020E042F6F82003904B
:10F790001CE042F6F230039018E0FFE79DF80B0002
:10F7A000F8F742FD20B1FFE741F2883003900DE009
:10F7B0009DF80B00F2F7C0FD20B1FFE74FF47A602F
:10F7C000039003E041F288300390FFE7039804B010
:10F7D00080BD00000000000082B08DF806009DF89A
:10F7E0000600043801460091222820D80099DFE85D
:10F7F00001F01616161E1E1E1E1E1E1E1E1E1E1694
:10F8000016161E1E1E1E1E1E1E1212121212121A74
:10F810001A1A1A1A1A0001208DF807000BE00220AC
:10F820008DF8070007E003208DF8070003E00320B0
:10F830008DF80700FFE79DF8070002B07047000051
:10F8400083B08DF807009DF8070004380146009149
:10F85000222832D80099DFE801F012171C3030302E
:10F860003030303030303021262B303030303030B6
:10F870003012171C21262B12171C21262B000020CA
:10F88000C4F2F01002901BE00020C4F2201002909D
:10F8900016E00020CCF22010029011E00020CCF203
:10F8A000F01002900CE00020C4F2FA30029007E061
:10F8B0000020CCF2FA30029002E000200290FFE734
:10F8C0009DED020A03B0704782B08DED010A9DEDF7
:10F8D000010AB5EE400AF1EE10FA07DAFFE79DEDF6
:10F8E000010AB1EE400A8DED000A04E09DED010A27
:10F8F0008DED000AFFE79DED000A02B070470000A1
:10F9000080B584B00390029100F046FA019003980C
:10F91000019900F03DF80398FAF716F846F69C6155
:10F92000C2F20041487901304871487989798842AA
:10F930000ADBFFE746F69C61C2F2004100204871F5
:10F94000C8790130C871FFE746F69C61C2F20041F8
:10F95000C879097A88420EDBFFE746F69C61C2F25D
:10F9600000410020087081F8500002220A71C8721C
:10F970000298C8600AE046F69C61C2F2004101208C
:10F9800081F8500091F85000C872FFE704B080BDC4
:10F9900080B594B01390129100200690139818B17E
:10F9A000FFE7129808B9FFE7ABE10AA8E2F7A8FC65
:10F9B00046F69C60C2F20040059090ED050AFFF704
:10F9C00083FF05988DED090A81690891C069079048
:10F9D00012980078F9F718FC00287AD0FFE79DED1F
:10F9E000080AB0EE081AB4EE410AF1EE10FA0ADC89
:10F9F000FFE79DED090AB7EE081AB4EE410AF1EEF1
:10FA000010FA19DDFFE79DED0A0A9FEDBF1A30EEEF
:10FA1000010A8DED0A0A9DED0E0A9FEDC31A30EE24
:10FA2000010A8DED0E0A9DED060A9FEDC01A30EE1B
:10FA3000010A8DED060AFFE746F69C60C2F200401F
:10FA400090F87100042821D3FFE79DED080AB0EE7D
:10FA5000001AB4EE410AF1EE10FA17DDFFE79DED52
:10FA60000A0A9FEDAC1A30EE010A8DED0A0A9DEDEF
:10FA7000100A9FEDA91A30EE010A8DED100A9DEDD6
:10FA8000060A30EE410A8DED060AFFE79DED090AF0
:10FA9000B7EE001AB4EE410AF1EE10FA18DDFFE7F6
:10FAA00046F69C60C2F2004090F8710001280FD821
:10FAB000FFE79DED0F0A9FED9E1A30EE010A8DEDD6
:10FAC0000F0A9DED060A30EE010A8DED060AFFE7EA
:10FAD000A8E012980078F9F7F7FB002851D0FFE76B
:10FAE0009DED070AB2EE081AB4EE410AF1EE10FAE3
:10FAF0000FDDFFE79DED0E0A9FED881A30EE010A3B
:10FB00008DED0E0A9DED060A30EE010A8DED060A16
:10FB1000FFE746F69C60C2F2004090F871000428AE
:10FB20001FD8FFE746F69C60C2F2004090ED080A3D
:10FB30008DED040A129890ED030A9FED791A20EEDC
:10FB4000010AFFF7C1FEB0EE401A9DED040A9FEDD9
:10FB5000752A31EE021AB4EE410AF1EE10FA0FDD09
:10FB6000FFE79DED0E0A9FED6C1A30EE410A8DED18
:10FB70000E0A9DED100A30EE010A8DED100AFFE726
:10FB80004FE09DED090AB0EE041AB4EE410AF1EE21
:10FB900010FA1ADDFFE7139890ED2E0A9FED5A1A1E
:10FBA00030EE010A80ED2E0A9DED0E0A9FED571AE8
:10FBB00030EE010A8DED0E0A9DED060A9FED541AF6
:10FBC00030EE010A8DED060AFFE79DED080AB2EE60
:10FBD000001AB4EE410AF1EE10FA09DCFFE746F62E
:10FBE0009C60C2F2004090F87100032818D3FFE730
:10FBF000139890ED2E0A9FED471A30EE010A80ED22
:10FC00002E0A9DED100A9FED441A30EE010A8DED8B
:10FC1000100A9DED060A30EE410A8DED060AFFE757
:10FC2000FFE7FFE79DED0A0ADFED420AB1EE041A95
:10FC300000F08AF88DED0A0A9DED0B0ADFED3E0A11
:10FC4000CDED010A9FED301A8DED021A00F07CF81F
:10FC5000DDED010A8DED0B0A9DED0C0AB6EE001AE2
:10FC60008DED031A00F070F88DED0C0A9DED0E0A73
:10FC7000DFED320AB0EE041A00F066F8DDED010A9D
:10FC80008DED0E0A9DED0F0A9FED2D1A00F05CF828
:10FC9000DDED010A8DED0F0A9DED100AB7EE001A99
:10FCA00000F052F88DED100A139890ED2E0ADFED5A
:10FCB000250AB1EE001A00F047F8139880ED2E0ADD
:10FCC0000AA8E2F76DFB9DED023A9DED032A9DED3A
:10FCD000080A9DED071AA1EE030A46F69C61C2F2DE
:10FCE000004191F8710001EE100AB8EE411AA1EE40
:10FCF000020A81ED0A0A0698C862139800F018FB00
:10FD0000FFE714B080BD00BFCDCC4C3D0AD7233CEB
:10FD10008FC2753D0AD723BD0AD7A33C8FC2F53CDD
:10FD2000E12E65420000F0428FC2753CB81E853D51
:10FD30006F12833ACDCCCC3E000000009A99193E58
:10FD4000CDCCCC3D9A99193F84B08DED020ACDED12
:10FD5000010A8DED001A9DED020A9DED011AB4EE27
:10FD6000410AF1EE10FA03DAFFE7019803900FE081
:10FD70009DED020A9DED001AB4EE410AF1EE10FA73
:10FD800003DDFFE70098039002E002980390FFE78D
:10FD90009DED030A04B0704781B046F69C61C2F243
:10FDA000004148798979884203DBFFE70020009011
:10FDB0000EE046F69C60C2F20040407900EBC001C4
:10FDC0004BF62C40C0F6020000EB81000090FFE7EC
:10FDD000009801B07047000082B001900091019836
:10FDE0000099401A02B0704780B582B08DF80700C4
:10FDF00046F69C60C2F20040C06C40B1FFE746F698
:10FE00009C60C2F20040C06CF9F79EFDFFE746F629
:10FE10009C60C2F200400021017080F85010032263
:10FE200002719DF807204272C172C06C00F080FA26
:10FE300002B080BD0000000080B584B000200290B8
:10FE40008DF80F00FFE79DF80F00032828DCFFE77F
:10FE50009DF80F00C0EBC00146F2B000C2F20000F6
:10FE600000EB8100B0F9020000EE100AB8EEC00A03
:10FE7000FFF72AFD8DED010A9DED010A9DED021AA5
:10FE8000B4EE410AF1EE10FA03DDFFE701980290AB
:10FE9000FFE7FFE79DF80F0001308DF80F00D2E774
:10FEA0009DED020A04B080BD81B000208DF80200F3
:10FEB000FFE79DF80200032819DCFFE79DF8020028
:10FEC000C0EBC00146F2B000C2F2000000EB8100BE
:10FED0008069042804D8FFE700208DF803000AE0B9
:10FEE000FFE79DF8020001308DF80200E1E70120F4
:10FEF0008DF80300FFE79DF8030001B07047000094
:10FF000046F69C61C2F20041002048668866C866D9
:10FF100081F8700081F8710048618861C8610862E9
:10FF200048628862C862704780B584B002900191CF
:10FF30000020C4F2B4200090019890F8440038B931
:10FF4000FFE70120FFF750FF00208DF80F005FE072
:10FF5000FFF7AAFF38B9FFE70320FFF745FF0020AE
:10FF60008DF80F0054E0019890ED070AFFF7ACFC04
:10FF7000B3EE091AB4EE410AF1EE10FA1ADCFFE70B
:10FF8000019890ED080AFFF79FFCB3EE091AB4EE52
:10FF9000410AF1EE10FA0DDCFFE7019890ED0D0A31
:10FFA000FFF792FC9FED1C1AB4EE410AF1EE10FA35
:10FFB00007DDFFE70520FFF717FF00208DF80F0092
:10FFC00026E0029858B1FFE702980078F9F71CF98B
:10FFD00028B1FFE70020C4F234200090FFE746F686
:10FFE0009C60C2F2004090ED060A9DED001AB4EE4E
:10FFF000410AF1EE10FA07DDFFE70520FFF7F4FEF6
:020000040802F0
:1000000000208DF80F0003E001208DF80F00FFE7BE
:100010009DF80F0004B080BD0000FA43000000000E
:1000200080B58EB005AA03920D900C9100208DF83A
:1000300013000D9818B1FFE70C9808B9FFE730E1FD
:100040000D980078F9F7E0F830B9FFE70D980078DF
:10005000F9F716F988B1FFE70C9890ED0A0A46F611
:100060009C60C2F2004090ED181A30EE410A00F098
:1000700067FA039880ED060A10E00C9890ED0A0AE2
:1000800046F69C60C2F2004090ED171A30EE410A2D
:1000900000F056FA039880ED060AFFE70D98007805
:1000A000F9F712F950B1FFE70D9890ED030A9FEDB3
:1000B0007F1A20EE010A8DED020A04E09FED7A0A14
:1000C0008DED020AFFE703989DED020A80ED040A18
:1000D0000C99496B089190ED040A90ED031A30EEEB
:1000E000410A80ED020A90ED060AFFF7EDFB039846
:1000F00080ED050A0C9890ED0D0AFFF7E5FB0398DB
:1001000080ED010AFFF798FE039880ED000A90ED5C
:10011000051A46F69C62C2F2004292ED190A30EED0
:10012000010A82ED190A90ED021A92ED1A0AA1EE67
:10013000010A82ED1A0AD16E0131D16690ED060AEC
:100140009FED5B1AB4EE410AF1EE10FA04DDFFE711
:1001500001208DF813000FE0039890ED060A9FED43
:10016000551AB4EE410AF1EE10FA04DAFFE7FF2067
:100170008DF81300FFE7FFE79DF9130030B3FFE7A9
:1001800046F69C60C2F2004090F97000F0B1FFE7C3
:100190009DF9130046F69C61C2F2004191F970107E
:1001A000884213D0FFE746F69C60C2F2004090F808
:1001B0007100FF280AD0FFE746F69C61C2F20041B9
:1001C00091F87100013081F87100FFE79DF913008B
:1001D00048B1FFE79DF8130046F69C61C2F200416A
:1001E00081F87000FFE703990B9A46F69C60C2F213
:1001F0000040426191ED050A90ED061AB4EE410A05
:10020000F1EE10FA07DDFFE70A9846F69C61C2F2AC
:1002100000418861FFE7039890ED010A46F69C6073
:10022000C2F2004090ED081AB4EE410AF1EE10FA65
:1002300007DDFFE7069846F69C61C2F200410862BE
:10024000FFE7039890ED000A46F69C60C2F200407A
:1002500090ED091AB4EE410AF1EE10FA07DDFFE75E
:10026000059846F69C61C2F200414862FFE746F6F7
:100270009C60C2F20040C06E98B1FFE746F69C60F9
:10028000C2F20040019090ED1A0A90ED1B1AB8EEF0
:10029000411A80EE010A0AF083FF019880ED070AF7
:1002A000FFE70EB080BD00BF00000000E12E6542F8
:1002B000CDCCCC3ECDCCCCBE80B582B001900091EF
:1002C0000098806A46F69C61C2F20041C8650198B8
:1002D0000078F8F799FF38B1FFE746F69C61C2F263
:1002E0000041C86D08661DE001980078F8F7C8FF66
:1002F00080B1FFE746F69C60C2F2004090ED170A1D
:10030000019991ED061A9FED082AA1EE020A80EDEF
:10031000180A06E046F69C61C2F20041C86D086604
:10032000FFE7FFE702B080BDE12E6542000000005C
:1003300080B58AB0099001A8E1F7E2FF019846F67E
:100340009C61C2F200410863029848630398886385
:100350000598C8630698086407984864099830B1FE
:10036000FFE7099890ED2E0A8DED000A04E09FED5D
:10037000070A8DED000AFFE79DED000A46F69C6036
:10038000C2F2004080ED120A0AB080BD00000000F9
:1003900080B584B003908DF80B10039820B1FFE76F
:1003A0000398F9F7D1FAFFE746F69C60C2F20040E5
:1003B00001907421E0F747F901990398C86400207F
:1003C00081F8500003220A719DF80B204A72C8720E
:1003D000082088710398FFF7ABFF04B080BD0000D0
:1003E00080B59AB018901791FFF7D6FC1690169822
:1003F00018B1FFE7189838B9FFE70720FFF7F4FCBA
:1004000000208DF8670095E001A8F1F749FB9DF801
:10041000480038B9FFE70120FFF7E6FC00208DF81F
:10042000670087E0FFF740FD38B9FFE70320FFF7DB
:10043000DBFC00208DF867007CE0FFF761FD16987B
:1004400001A9FFF739FF1898F9F77EFA189816995D
:100450000978F9F75DF916980078F8F7D5FE58B3E2
:10046000FFE716980078F8F77BFF70B1FFE7189860
:1004700046F69C61C2F2004191ED180A9FED2F1AD9
:1004800020EE010AF9F744FA15E01898009046F6B4
:100490009C60C2F2004090ED171A90ED180A30EE01
:1004A000410A00F04DF800989FED241A20EE010A51
:1004B000F9F79AF9FFE7FFE716980078F8F704FFD5
:1004C00058B1FFE71898169991ED010AD1ED020A8B
:1004D00091ED031AF9F7B8F913E01898169991ED10
:1004E000040AD1ED050A91ED061AF9F70DF838B1B5
:1004F000FFE70420FFF778FC00208DF8670019E083
:10050000FFE7179846F69C61C2F20041486500205B
:100510008865022281F8502091F85020CA72169AFC
:1005200012788A7208611898FFF702FF01208DF88F
:100530006700FFE79DF867001AB080BD35FA8E3C72
:1005400081B08DED000AFFE79DED000A9FED141AC2
:10055000B4EE410AF1EE10FA09DDFFE79DED000A65
:100560009FED121A30EE010A8DED000AECE7FFE76D
:100570009DED000A9FED0B1AB4EE410AF1EE10FA60
:1005800009DAFFE79DED000A9FED071A30EE010A38
:100590008DED000AECE79DED000A01B0704700BF49
:1005A00000003443000034C30000B4430000B4C36F
:1005B00080B584B08DF80F0040F26020C2F20000D8
:1005C000007801460291032800F2A8800299DFE832
:1005D00001F0021C36449DF80F00A52814D1FFE756
:1005E00040F26021C2F200010120087044F68461EB
:1005F000C2F200410020087044F60560C2F200001B
:100600002821DFF7FEFFFFE794E09DF80F1044F686
:100610008460C2F2004003785A1C027044F60562FE
:10062000C2F20002D1540078282807D3FFE740F235
:100630006021C2F2000102200870FFE77AE09DF815
:100640000F0044F62D61C2F20001087040F26021F3
:10065000C2F20001032008706CE09DF80F005A28D8
:1006600050D1FFE700208DF80E008DF80D00FFE758
:100670009DF80D00272813D8FFE79DF80D1044F6CC
:100680000560C2F20000415C9DF80E0008448DF840
:100690000E00FFE79DF80D0001308DF80D00E7E733
:1006A0009DF80E0044F65462C2F20042507744F6C0
:1006B0002D61C2F20001087890779DF80E0009784C
:1006C00088420FD1FFE7EAF7F3F944F65461C2F22A
:1006D000004108620120087744F69541C2F20041CA
:1006E00008700EE044F65461C2F200410191486A7C
:1006F00001304862EAF7DCF9019988620020087746
:10070000FFE7FFE740F26021C2F20001002008701D
:1007100044F68461C2F2004108700BE040F26021AF
:10072000C2F200010020087044F68461C2F2004168
:100730000870FFE704B080BD80B545F2F060C2F2FA
:100740000040EFF77DFC80BD80B545F6E870C2F251
:100750000000EFF775FC80BD80B545F28470C2F2F1
:100760000040EFF76DFC80BD82B001900198406EB3
:1007700040B9FFE701990120A1F86A000199A1F8A9
:10078000680032E010208DF803008DF80200019817
:1007900000688068C0F342608DF80100019800682D
:1007A0008068400F8DF800009DF802009DF8002041
:1007B0004BF22463C0F60203995C48434BF21C6180
:1007C000C0F602018A5CB0FBF2F0019AA2F86A005E
:1007D0009DF803009DF801209B5C5843895CB0FBA9
:1007E000F1F00199A1F86800FFE702B0704700003E
:1007F00081B00090009890F82800000700280BD5E1
:10080000FFE700980068406820F40040009A1168F3
:10081000926B10434860FFE7009890F82800C007EB
:1008200058B1FFE700980068406820F40030009A53
:100830001168D26A10434860FFE7009890F82800DA
:10084000800700280BD5FFE700980068406820F477
:100850008030009A1168126B10434860FFE70098DF
:1008600090F82800400700280BD5FFE700980068A3
:10087000406820F48020009A1168526B1043486051
:10088000FFE7009890F82800C00600280BD5FFE786
:1008900000980068806820F48050009A1168D26B3C
:1008A00010438860FFE7009890F828008006002831
:1008B0000BD5FFE700980068806820F40050009A8C
:1008C0001168126C10438860FFE7009890F82800C8
:1008D000400600281CD5FFE700980068406820F417
:1008E0008010009A1168526C104348600098406C68
:1008F000B0F5801F0BD1FFE700980068406820F436
:10090000C000009A1168926C10434860FFE7FFE74F
:10091000009890F82800000600280BD5FFE7009803
:100920000068406820F40020009A1168D26C1043DF
:100930004860FFE701B0704780B588B0069006991F
:100940000020C1F89000EAF7B3F805900698006817
:100950000068000700282FD5FFE70698059B6A4628
:100960006FF07E4111604FF40011002201F074FD20
:1009700008B3FFE7FFE7FFE70698006850E8000FBD
:1009800020F080000490FFE704990698026842E88E
:1009900000100028F0D1FFE7FFE706992020C1F8FA
:1009A0008800FFE70699002081F88400FFE7032014
:1009B0008DF81F005FE0FFE70698006800684007B9
:1009C000002842D5FFE70698059B6A466FF07E41F6
:1009D00011604FF48001002201F03EFDA0B3FFE75B
:1009E000FFE7FFE70698006850E8000F20F49070DA
:1009F0000390FFE703990698026842E80010002878
:100A0000F0D1FFE7FFE7FFE7FFE70698006850E84F
:100A1000020F20F001000290FFE702990698026899
:100A200042E802100028F0D1FFE7FFE706992020F6
:100A3000C1F88C00FFE70699002081F88400FFE7E9
:100A400003208DF81F0016E0FFE706992020C1F86B
:100A500088000699C1F88C0006990020C86606999E
:100A60000867FFE70699002081F88400FFE700206F
:100A70008DF81F00FFE79DF81F0008B080BD000043
:100A800080B582B001900198806B009000990020A1
:100A9000A1F85E000098EFF78BFA02B080BD00006D
:100AA00080B584B003900398806B02900298D0F8D0
:100AB000880001900298D0F88C000090029800689D
:100AC0008068000600280CD5FFE70198212808D18E
:100AD000FFE702990020A1F85600029800F02CF9D7
:100AE000FFE7029800688068400600280CD5FFE701
:100AF0000098222808D1FFE702990020A1F85E00A3
:100B0000029800F0A5F8FFE70299D1F8900040F0B4
:100B10001000C1F890000298EFF74AFA04B080BDC7
:100B200080B586B005900598806B04900598C069E3
:100B3000B0F5807F5BD0FFE704990020A1F85E004C
:100B4000FFE7FFE70498006850E8000F20F480708A
:100B50000390FFE703990498026842E80010002818
:100B6000F0D1FFE7FFE7FFE7FFE70498006850E8F0
:100B7000020F20F001000290FFE70299049802683A
:100B800042E802100028F0D1FFE7FFE7FFE7FFE7A8
:100B90000498006850E8020F20F040000190FFE741
:100BA00001990498026842E802100028F0D1FFE79A
:100BB000FFE704992020C1F88C000498C06E01283A
:100BC00014D1FFE7FFE7FFE70498006850E8000F43
:100BD00020F010000090FFE700990498026842E8B6
:100BE00000100028F0D1FFE7FFE7FFE7FFE70499D7
:100BF000002008670498C06E012806D1FFE704981A
:100C0000B0F85C10EEF7D0FF03E00498F0F720F89E
:100C1000FFE706B080BD000080B582B0019001986A
:100C2000806B00900099012008670098C06E012831
:100C300007D1FFE70098B0F85C104908EEF7B4FF61
:100C400003E00098F0F728F8FFE702B080BD00004D
:100C500084B00390FFE7FFE70398006850E8000FB7
:100C600020F490700290FFE702990398026842E82E
:100C700000100028F0D1FFE7FFE7FFE7FFE7039848
:100C8000006850E8020F4FF6FE71CEF6FF71084083
:100C90000190FFE701990398026842E802100028DA
:100CA000EDD1FFE7FFE70398C06E012814D1FFE7FD
:100CB000FFE7FFE70398006850E8000F20F01000FE
:100CC0000090FFE700990398026842E800100028AE
:100CD000F0D1FFE7FFE7FFE703992020C1F88C0080
:100CE00003990020C8660399486704B07047000064
:100CF00080B582B00190FFE7FFE70198006850E8F7
:100D0000000F20F040000090FFE700990198026872
:100D100042E800100028F0D1FFE7FFE7019920200A
:100D2000C1F888000199002088670198F0F754F80D
:100D300002B080BD0000000083B00290FFE7FFE733
:100D40000298006850E8000F20F0C0000190FFE713
:100D500001990298026842E800100028F0D1FFE7EC
:100D6000FFE7FFE7FFE70298006850E8020F20F472
:100D700000000090FFE700990298026842E8021024
:100D80000028F0D1FFE7FFE702992020C1F8880092
:100D900003B070470000000080B588B00790079846
:100DA000B0F86000ADF816000798D0F88C00222843
:100DB00040F0AB80FFE707980068406AADF8140088
:100DC0000798806D0690BDF81400BDF81610084015
:100DD000069908800799886D023088650799B1F8EF
:100DE0005E000138A1F85E000798B0F85E000028A8
:100DF00040F08A80FFE7FFE7FFE70798006850E8C8
:100E0000000F20F490700490FFE70499079802689F
:100E100042E800100028F0D1FFE7FFE7FFE7FFE717
:100E20000798006850E8020F20F001000390FFE7E8
:100E300003990798026842E802100028F0D1FFE702
:100E4000FFE707992020C1F88C0007990020486728
:100E5000079908670798006840F60041C5F6000149
:100E600088421CD0FFE7079800684068000200280D
:100E700014D5FFE7FFE7FFE70798006850E8000F89
:100E800020F080600290FFE702990798026842E82C
:100E900000100028F0D1FFE7FFE7FFE7FFE7079822
:100EA000C06E01282BD1FFE707990020C866FFE735
:100EB000FFE70798006850E8000F20F0100001904D
:100EC000FFE701990798026842E800100028F0D176
:100ED000FFE7FFE707980068C06900F010010120F4
:100EE000B0EB111F05D1FFE70798016810200862D9
:100EF000FFE70798B0F85C10EEF756FE03E007989E
:100F0000EFF7A6FEFFE7FFE706E0079801688869AC
:100F100040F008008861FFE708B080BD00000000D5
:100F200080B58EB00D900D98B0F86000ADF82E0031
:100F30000D980068C06909900D98006800680890D5
:100F40000D980068806807900D98D0F88C002228D2
:100F500040F06181FFE70D98B0F86800ADF82A0015
:100F6000FFE7BDF82A100020009031B1FFE79DF89F
:100F70002400C0F340100090FFE70098C00700284D
:100F800000F00A81FFE70D980068406AADF82C0078
:100F90000D98806D0C90BDF82C00BDF82E10084007
:100FA0000C9908800D99886D023088650D99B1F80B
:100FB0005E000138A1F85E000D980068C0690990D4
:100FC0009DF824004007002852D0FFE79DF8240038
:100FD000C00788B1FFE79DF82100C00760B1FFE7B7
:100FE0000D980168012008620D99D1F8900040F039
:100FF0000100C1F89000FFE79DF824008007002859
:1010000011D5FFE79DF81C00C00760B1FFE70D9800
:101010000168022008620D99D1F8900040F00400A8
:10102000C1F89000FFE79DF824004007002811D583
:10103000FFE79DF81C00C00760B1FFE70D9801684D
:10104000042008620D99D1F8900040F00200C1F828
:101050009000FFE70D98D0F8900040B1FFE70D98A1
:10106000EEF7A6FF0D990020C1F89000FFE7FFE71B
:101070000D98B0F85E00002840F08D80FFE7FFE794
:10108000FFE70D98006850E8000F20F4807006908C
:10109000FFE706990D98026842E800100028F0D199
:1010A000FFE7FFE7FFE7FFE70D98006850E8020F52
:1010B0004FF6FE71CEF6FF7108400590FFE70599E7
:1010C0000D98026842E802100028EDD1FFE7FFE723
:1010D0000D992020C1F88C000D99002048670D99CA
:1010E00008670D98006840F60041C5F60001884287
:1010F0001CD0FFE70D98006840680002002814D556
:10110000FFE7FFE7FFE70D98006850E8000F20F0C9
:1011100080600490FFE704990D98026842E800108F
:101120000028F0D1FFE7FFE7FFE7FFE70D98C06E6B
:1011300001282BD1FFE70D990020C866FFE7FFE7E4
:101140000D98006850E8000F20F010000390FFE7B2
:1011500003990D98026842E800100028F0D1FFE7DB
:10116000FFE70D980068C06900F010010120B0EBA6
:10117000111F05D1FFE70D98016810200862FFE7F5
:101180000D98B0F85C10EEF70FFD03E00D98EFF747
:101190005FFDFFE700E0E4E60D98B0F85E00ADF813
:1011A0002800BDF82800A8B3FFE7BDF828000D9976
:1011B000B1F8681088422DDAFFE7FFE7FFE70D98E6
:1011C000006850E8020F20F080500290FFE702997B
:1011D0000D98026842E802100028F0D1FFE7FFE70F
:1011E0000D9940F69950C0F602004867FFE7FFE707
:1011F0000D98006850E8000F40F020000190FFE7D4
:1012000001990D98026842E800100028F0D1FFE72C
:10121000FFE7FFE706E00D980168886940F00800E5
:101220008861FFE70EB080BD80B586B00590059857
:10123000B0F86000ADF812000598D0F88C002228B4
:1012400040F0A980FFE705980068406AADF81000FB
:10125000BDF810009DF8121008400599896D0870BE
:101260000599886D013088650599B1F85E000138EF
:10127000A1F85E000598B0F85E00002840F08A8072
:10128000FFE7FFE7FFE70598006850E8000F20F44C
:1012900090700390FFE703990598026842E80010F8
:1012A0000028F0D1FFE7FFE7FFE7FFE705980068B8
:1012B00050E8020F20F001000290FFE70299059824
:1012C000026842E802100028F0D1FFE7FFE7059925
:1012D0002020C1F88C00059900204867059908670F
:1012E0000598006840F60041C5F6000188421CD010
:1012F000FFE70598006840680002002814D5FFE762
:10130000FFE7FFE70598006850E8000F20F08060D5
:101310000190FFE701990598026842E80010002853
:10132000F0D1FFE7FFE7FFE7FFE70598C06E012870
:101330002BD1FFE705990020C866FFE7FFE7059876
:10134000006850E8000F20F010000090FFE70099BF
:101350000598026842E800100028F0D1FFE7FFE797
:1013600005980068C06900F010010120B0EB111F62
:1013700005D1FFE70598016810200862FFE705988E
:10138000B0F85C10EEF710FC03E00598EFF760FC96
:10139000FFE7FFE706E005980168886940F008006C
:1013A0008861FFE706B080BD80B58EB00D900D98C6
:1013B000B0F86000ADF832000D980068C0690A907E
:1013C0000D980068006809900D9800688068089082
:1013D0000D98D0F88C00222840F05F81FFE70D982F
:1013E000B0F86800ADF82E00FFE7BDF82E10002021
:1013F000019031B1FFE79DF82800C0F34010019043
:10140000FFE70198C007002800F00881FFE70D986A
:101410000068406AADF83000BDF830009DF8321029
:1014200008400D99896D08700D99886D01308865A7
:101430000D99B1F85E000138A1F85E000D980068C2
:10144000C0690A909DF828004007002852D0FFE7A5
:101450009DF82800C00788B1FFE79DF82500C00768
:1014600060B1FFE70D980168012008620D99D1F87D
:10147000900040F00100C1F89000FFE79DF82800BF
:101480008007002811D5FFE79DF82000C00760B154
:10149000FFE70D980168022008620D99D1F89000CD
:1014A00040F00400C1F89000FFE79DF828004007D5
:1014B000002811D5FFE79DF82000C00760B1FFE7C5
:1014C0000D980168042008620D99D1F8900040F051
:1014D0000200C1F89000FFE70D98D0F8900040B1ED
:1014E000FFE70D98EEF764FD0D990020C1F890001C
:1014F000FFE7FFE70D98B0F85E00002840F08D8010
:10150000FFE7FFE7FFE70D98006850E8000F20F4C1
:1015100080700790FFE707990D98026842E8001075
:101520000028F0D1FFE7FFE7FFE7FFE70D9800682D
:1015300050E8020F4FF6FE71CEF6FF71084006909C
:10154000FFE706990D98026842E802100028EDD1E5
:10155000FFE7FFE70D992020C1F88C000D990020CE
:1015600048670D9908670D98006840F60041C5F678
:10157000000188421CD0FFE70D9800684068000217
:10158000002814D5FFE7FFE7FFE70D98006850E853
:10159000000F20F080600590FFE705990D98026824
:1015A00042E800100028F0D1FFE7FFE7FFE7FFE780
:1015B0000D98C06E01282BD1FFE70D990020C86659
:1015C000FFE7FFE70D98006850E8000F20F01000DB
:1015D0000490FFE704990D98026842E80010002883
:1015E000F0D1FFE7FFE70D980068C06900F0100137
:1015F0000120B0EB111F05D1FFE70D980168102005
:101600000862FFE70D98B0F85C10EEF7CDFA03E042
:101610000D98EFF71DFBFFE700E0E6E60D98B0F848
:101620005E00ADF82C00BDF82C00A8B3FFE7BDF8B4
:101630002C000D99B1F8681088422DDAFFE7FFE71A
:10164000FFE70D98006850E8020F20F080500390EB
:10165000FFE703990D98026842E802100028F0D1D4
:10166000FFE7FFE70D9941F22920C0F60200486725
:10167000FFE7FFE70D98006850E8000F40F02000FA
:101680000290FFE702990D98026842E800100028D6
:10169000F0D1FFE7FFE7FFE706E00D9801688869F2
:1016A00040F008008861FFE70EB080BD0000000038
:1016B00080B59EB01D9000208DF867001D980068D1
:1016C00040F60041C5F60001884201D1FFE700E085
:1016D000FFE71D9988680B694A69C9691843104377
:1016E00008431C901D980068006846F6F311CCF67C
:1016F000FF7108401C9908431D99096808601D98EE
:101700000068406820F440501D9A1168D268104368
:1017100048601D9880691C901D98006840F6004143
:10172000C5F60001884206D0FFE71D98016A1C98A3
:1017300008431C90FFE71D98006880684FF2FF4146
:10174000C1F2FF1108401C9908431D99096888607F
:101750001D980068C06A20F00F001D9A1168526A37
:101760001043C862FFE71D98006841F20001C4F20F
:101770000101884240F04180FFE744F25440C5F641
:101780000200006800F038000146109128282FD888
:101790001099DFE801F0152D2D2D2D2D2D2D192D52
:1017A0002D2D2D2D2D2D1D2D2D2D2D2D2D2D212D85
:1017B0002D2D2D2D2D2D252D2D2D2D2D2D2D290092
:1017C00001208DF86D0017E004208DF86D0013E006
:1017D00008208DF86D000FE010208DF86D000BE0F3
:1017E00020208DF86D0007E040208DF86D0003E0AB
:1017F00080208DF86D00FFE76CE21D98006844F2D0
:101800000041C4F2000188422ED1FFE744F2544067
:10181000C5F60200006800F0070001460F91052898
:101820001DD80F99DFE801F003070B0F13170020F5
:101830008DF86D0017E004208DF86D0013E008208E
:101840008DF86D000FE010208DF86D000BE020206A
:101850008DF86D0007E040208DF86D0003E08020DA
:101860008DF86D00FFE734E21D98006844F6000132
:10187000C4F2000188422ED1FFE744F25440C5F67D
:101880000200006800F0070001460E9105281DD8EF
:101890000E99DFE801F003070B0F131700208DF8F6
:1018A0006D0017E004208DF86D0013E008208DF81E
:1018B0006D000FE010208DF86D000BE020208DF8FA
:1018C0006D0007E040208DF86D0003E080208DF86A
:1018D0006D00FFE7FCE11D98006844F60041C4F28A
:1018E000000188422ED1FFE744F25440C5F60200C1
:1018F000006800F0070001460D9105281DD80D99DC
:10190000DFE801F003070B0F131700208DF86D00BF
:1019100017E004208DF86D0013E008208DF86D00AD
:101920000FE010208DF86D000BE020208DF86D0089
:1019300007E040208DF86D0003E080208DF86D00F9
:10194000FFE7C4E11D98006845F20001C4F2000100
:1019500088422ED1FFE744F25440C5F602000068E9
:1019600000F0070001460C9105281DD80C99DFE80E
:1019700001F003070B0F131700208DF86D0017E01F
:1019800004208DF86D0013E008208DF86D000FE045
:1019900010208DF86D000BE020208DF86D0007E021
:1019A00040208DF86D0003E080208DF86D00FFE78A
:1019B0008CE11D98006841F20041C4F201018842A7
:1019C00040F04180FFE744F25440C5F60200006851
:1019D00000F0380001460B9128282FD80B99DFE83A
:1019E00001F0152D2D2D2D2D2D2D192D2D2D2D2DBC
:1019F0002D2D1D2D2D2D2D2D2D2D212D2D2D2D2D33
:101A00002D2D252D2D2D2D2D2D2D290001208DF84D
:101A10006D0017E004208DF86D0013E008208DF8AC
:101A20006D000FE010208DF86D000BE020208DF888
:101A30006D0007E040208DF86D0003E080208DF8F8
:101A40006D00FFE741E11D98006847F60001C4F210
:101A5000000188422ED1FFE744F25440C5F602004F
:101A6000006800F0070001460A9105281DD80A9970
:101A7000DFE801F003070B0F131700208DF86D004E
:101A800017E004208DF86D0013E008208DF86D003C
:101A90000FE010208DF86D000BE020208DF86D0018
:101AA00007E040208DF86D0003E080208DF86D0088
:101AB000FFE709E11D98006847F60041C4F2000104
:101AC00088422ED1FFE744F25440C5F60200006878
:101AD00000F007000146099105281DD80999DFE8A3
:101AE00001F003070B0F131700208DF86D0017E0AE
:101AF00004208DF86D0013E008208DF86D000FE0D4
:101B000010208DF86D000BE020208DF86D0007E0AF
:101B100040208DF86D0003E080208DF86D00FFE718
:101B2000D1E01D98006841F60001C4F2010188422D
:101B300040F04180FFE744F25440C5F602000068DF
:101B400000F038000146089128282FD80899DFE8CE
:101B500001F0152D2D2D2D2D2D2D192D2D2D2D2D4A
:101B60002D2D1D2D2D2D2D2D2D2D212D2D2D2D2DC1
:101B70002D2D252D2D2D2D2D2D2D290001208DF8DC
:101B80006D0017E004208DF86D0013E008208DF83B
:101B90006D000FE010208DF86D000BE020208DF817
:101BA0006D0007E040208DF86D0003E080208DF887
:101BB0006D00FFE786E01D98006841F60041C4F221
:101BC0000101884240F04180FFE744F25440C5F6ED
:101BD0000200006800F038000146079128282FD83D
:101BE0000799DFE801F0152D2D2D2D2D2D2D192D07
:101BF0002D2D2D2D2D2D1D2D2D2D2D2D2D2D212D31
:101C00002D2D2D2D2D2D252D2D2D2D2D2D2D29003D
:101C100001208DF86D0017E004208DF86D0013E0B1
:101C200008208DF86D000FE010208DF86D000BE09E
:101C300020208DF86D0007E040208DF86D0003E056
:101C400080208DF86D00FFE73BE01D98006840F6AE
:101C50000041C5F6000188422ED1FFE744F258400A
:101C6000C5F60200006800F007000146069105284D
:101C70001DD80699DFE801F003070B0F13170220A8
:101C80008DF86D0017E004208DF86D0013E008203A
:101C90008DF86D000FE010208DF86D000BE0202016
:101CA0008DF86D0007E040208DF86D0003E0802086
:101CB0008DF86D00FFE703E080208DF86D00FFE7F1
:101CC000FFE7FFE7FFE7FFE7FFE7FFE7FFE7FFE7E4
:101CD000FFE7FFE7FFE71D98006840F60041C5F603
:101CE0000001884240F0B480FFE79DF86D00014696
:101CF0000591022814D0FFE70598042814D0FFE7C7
:101D00000598082816D0FFE70598102818D0FFE797
:101D10000598202835D0FFE70598402837D03AE0CD
:101D2000EAF766FA11903CE015A8EAF775FA1698FA
:101D3000119036E012A8EAF7C7FB1398119030E033
:101D400044F20040C5F60200006800F020010020C7
:101D5000B0EB511F0ED0FFE744F20040C5F6020081
:101D60000068C0F3C10149F20000C0F2D030C840A1
:101D7000119005E049F20000C0F2D0301190FFE769
:101D80000FE040F60010C0F23D00119009E04FF462
:101D90000040119005E00020119001208DF86700AF
:101DA000FFE71198002852D0FFE711981D994A6A61
:101DB0004BF22C61C0F6020131F81210B0FBF1F0C9
:101DC000189018981D99496801EB4101884207D382
:101DD000FFE718981D994968B0EB013F04D9FFE768
:101DE00001208DF8670031E011981D994A6803922F
:101DF0004A6A4BF22C61C0F6020131F8122000232E
:101E000004931946DEF70EFB039A049B090241EA8C
:101E10001061000210EB520041F10001DEF702FBFD
:101E20001A901A98B0F5407F0BD3FFE71A9900205B
:101E3000B0EB115F05D1FFE71A981D990968C860DA
:101E400003E001208DF86700FFE7FFE7FFE746E1C9
:101E50001D98C069B0F5004F40F0A880FFE79DF8DD
:101E60006D0001460291402800F263800299DFE88C
:101E700001F021256060296060602F606060606013
:101E8000606035606060606060606060606060607D
:101E9000606056606060606060606060606060604C
:101EA0006060606060606060606060606060606032
:101EB00060605C00EBF714FF119040E0EBF724FF4B
:101EC00011903CE015A8EAF7A7F91698119036E0B2
:101ED00012A8EAF7F9FA1398119030E044F20040A2
:101EE000C5F60200006800F020010020B0EB511F91
:101EF0000ED0FFE744F20040C5F602000068C0F3D0
:101F0000C10149F20000C0F2D030C840119005E094
:101F100049F20000C0F2D0301190FFE70FE040F628
:101F20000010C0F23D00119009E04FF40040119004
:101F300005E00020119001208DF86700FFE711985F
:101F400098B3FFE711981D9A5168536A4BF22C62BF
:101F5000C0F6020232F81320B0FBF2F0400000EBB2
:101F60005100B0FBF1F01A901A98102818D3FFE72F
:101F7000BDF86A00A0B9FFE71A9820F00F00ADF88D
:101F80006E001A9800F00E01BDF86E0040EA510094
:101F9000ADF86E00BDF86E001D990968C86003E0D9
:101FA00001208DF86700FFE7FFE797E09DF86D00DF
:101FB00001460191402800F263800199DFE801F0B9
:101FC00021256060296060602F60606060606060F3
:101FD000356060606060606060606060606060602C
:101FE00056606060606060606060606060606060FB
:101FF00060606060606060606060606060606060E1
:102000005C00EBF76DFE119040E0EBF77DFE119068
:102010003CE015A8EAF700F91698119036E012A8EE
:10202000EAF752FA1398119030E044F20040C5F6F6
:102030000200006800F020010020B0EB511F0ED01C
:10204000FFE744F20040C5F602000068C0F3C1019A
:1020500049F20000C0F2D030C840119005E049F2CA
:102060000000C0F2D0301190FFE70FE040F6001002
:10207000C0F23D00119009E04FF40040119005E0DE
:102080000020119001208DF86700FFE7119820B320
:10209000FFE711981D9A5168536A4BF22C62C0F603
:1020A000020232F81320B0FBF2F000EB5100B0FB5B
:1020B000F1F01A901A9810280AD3FFE7BDF86A00C9
:1020C00030B9FFE7BDF868001D990968C86003E0F2
:1020D00001208DF86700FFE7FFE7FFE7FFE71D99A5
:1020E0000120A1F86A001D99A1F868001D9900203F
:1020F00048671D9988679DF867001EB080BD000085
:1021000080B588B006900591ADF812200598069923
:102110008865BDF812000699A1F85C0006990020B8
:10212000C1F8900006992220C1F88C000698D0F8DA
:102130008000B0B3FFE70698D0F8801040F6213059
:10214000C0F60200C8630698D0F8801040F6194027
:10215000C0F6020008640698D0F8801040F6A1206E
:10216000C0F60200C8640698D0F880100020086508
:1021700006980168826DD0F880002431BDF81230D5
:10218000E6F76AFC60B1FFE706991020C1F89000FD
:1021900006992020C1F88C0001208DF81F0042E034
:1021A000FFE706980069A0B1FFE7FFE7FFE70698A1
:1021B000006850E8000F40F480700390FFE7039937
:1021C0000698026842E800100028F0D1FFE7FFE718
:1021D000FFE7FFE7FFE70698006850E8020F40F0CE
:1021E00001000290FFE702990698026842E8021097
:1021F0000028F0D1FFE7FFE7FFE7FFE70698006858
:1022000050E8020F40F040000190FFE70199069866
:10221000026842E802100028F0D1FFE7FFE7002043
:102220008DF81F00FFE79DF81F0008B080BD00007B
:1022300088B007900691ADF8162006980799886532
:10224000BDF816000799A1F85C00BDF816000799C3
:10225000A1F85E00079900204867FFE707988068AB
:10226000B0F5805F10D1FFE70798006930B9FFE74C
:10227000079940F2FF10A1F8600004E00799FF20E1
:10228000A1F86000FFE72EE00798806878B9FFE7C3
:102290000798006928B9FFE70799FF20A1F86000B7
:1022A00004E007997F20A1F86000FFE71AE0079893
:1022B0008068B0F1805F0FD1FFE70798006928B907
:1022C000FFE707997F20A1F8600004E007993F200D
:1022D000A1F86000FFE704E007990020A1F8600082
:1022E000FFE7FFE7FFE7FFE707990020C1F890004D
:1022F00007992220C1F88C00FFE7FFE707980068E4
:1023000050E8020F40F001000490FFE7049907989D
:10231000026842E802100028F0D1FFE7FFE70798C3
:10232000406EB0F1005F4CD1FFE7BDF81600079991
:10233000B1F86810884244DBFFE707988068B0F581
:10234000805F0BD1FFE70798006938B9FFE707996D
:1023500040F62170C0F60200486706E0079941F296
:10236000A930C0F602004867FFE707980069A0B1EE
:10237000FFE7FFE7FFE70798006850E8000F40F429
:1023800080700390FFE703990798026842E8001005
:102390000028F0D1FFE7FFE7FFE7FFE7FFE7079837
:1023A000006850E8020F40F080500290FFE7029969
:1023B0000798026842E802100028F0D1FFE7FFE723
:1023C00044E007988068B0F5805F0BD1FFE707987D
:1023D000006938B9FFE7079940F69950C0F6020046
:1023E000486706E0079941F22920C0F602004867D5
:1023F000FFE707980069A0B1FFE7FFE7FFE707984D
:10240000006850E8000F40F490700190FFE70199D8
:102410000798026842E800100028F0D1FFE7FFE7C4
:1024200013E0FFE7FFE70798006850E8000F40F06F
:1024300020000090FFE700990798026842E800102A
:102440000028F0D1FFE7FFE7FFE7FFE7002008B033
:10245000704700000000000080B586B0DDF820C0A5
:10246000049003918DF80B200193FFE70498006816
:10247000C06903990840401AB0FA80F040099DF8FD
:102480000B10884266D1FFE708980130002860D021
:10249000FFE7E8F70DFB0199401A0899884203D835
:1024A000FFE7089820B9FFE703208DF8170055E0F3
:1024B0000498006800684007002849D5FFE70398A2
:1024C000802845D0FFE70398402841D0FFE70498D3
:1024D0000068C06900F008010120B0EBD10F16D1EF
:1024E000FFE7049801680820009008620498FEF74E
:1024F000AFFB00980499C1F89000FFE70499002011
:1025000081F88400FFE701208DF8170026E0049889
:102510000068C06900F400610120B0EBD12F16D132
:10252000FFE7049801684FF4006008620498FEF722
:102530008FFB04992020C1F89000FFE70499002048
:1025400081F88400FFE703208DF8170006E0FFE71D
:10255000FFE78BE700208DF81700FFE79DF81700D5
:1025600006B080BD0000000080B545F25C60C2F29C
:102570000040EDF765FD80BD80B545F65470C2F2B0
:102580000000EDF75DFD80BD80B584B000208DF8C2
:102590000300E8F78DFA0290EFF3108072B6039013
:1025A00044F65460C2F20040006A019040F22800F4
:1025B000C2F20000007830B3FFE7019818B3FFE7DC
:1025C00048F21800C2F200400078E0B9FFE7029834
:1025D0000199401AB0F5967F15D9FFE748F2180126
:1025E000C2F2004101200870029946F6F012C2F2D0
:1025F0000002116044F65461C2F2004181F82C00DF
:102600008DF80300FFE762B69DF8030068B1FFE7AD
:1026100045F24410C2F20000F7F796F945F22400A3
:10262000C2F20000F5F7B0FDFFE704B080BD000086
:1026300080B586B004908DF80F100498D0F8C802C9
:1026400001900498D0F8D41200EB8100D0F8C002B9
:1026500020B9FFE703208DF817005FE00498D0F859
:10266000D41200EB8100D0F8C002029004989DF8CB
:102670000F1001F00F0101EB810100EB8100806977
:1026800040B3FFE704989DF80F1001F00F0101EB34
:10269000810200EB82008269019801EBC10100EB2D
:1026A0008100C169B2FBF1F000FB112090B9FFE796
:1026B00004989DF80F1001F00F0101EB810100EB70
:1026C00081000023836104989DF80F101A4601F0E1
:1026D00003FE1FE002990020C1F814020498D0F80C
:1026E000D41200EB8100D0F8C402006988B1FFE782
:1026F0000498D0F8D41200EB8100D0F8C40203692A
:102700000299D1F8080201F504719DF80F2098474D
:10271000FFE7FFE700208DF81700FFE79DF817009F
:1027200006B080BD0000000080B584B002908DF836
:1027300007100298D0F8D41200EB8100D0F8C00244
:1027400000900298D0F8D41200EB8100D0F8C002BB
:1027500020B9FFE703208DF80F0019E002989DF8DB
:10276000071001F029FB0099C1F80C020298D0F87B
:10277000D41200EB8100D0F8C402C2680099D1F8ED
:10278000040201F50371904700208DF80F00FFE768
:102790009DF80F0004B080BD80B586B005908DF81F
:1027A0001310059840F20101C2F20001009109786E
:1027B00001F016F900990598097801F00F0101EB75
:1027C000810100EB8101002003908884059840F28C
:1027D0000001C2F200410191097801F001F9019A6A
:1027E00003980599127802F00F0202EB820201EBC6
:1027F0008201A1F86401059840F20001C2F20001D3
:102800000291097801F0ECF8029A0398059913787F
:1028100003F00F0303EB830301EB83018884059925
:10282000127802F00F0202EB820201EB8201C884EF
:102830000598D0F8D41200EB8100D0F8C002F0B1B6
:10284000FFE70598D0F8D41200EB8100D0F8C4025D
:10285000406880470598D0F8D41200EB8100D0F88A
:10286000C00202F0E5F90598D0F8D41200EB81011E
:102870000020C1F8C0020599C1F8BC02FFE70020A2
:1028800006B080BD0000000080B584B002900298C0
:10289000D0F8D41200EB8100D0F8C002019001986A
:1028A00020B9FFE703208DF80F0025E00298D0F84B
:1028B000D41200EB8100D0F8C402C8B1FFE7019840
:1028C00090F80002FF2813D0FFE70298D0F8D41246
:1028D00000EB8100D0F8C4028368019991F80002EE
:1028E00091F8012298470199FF2081F80002FFE743
:1028F00000208DF80F00FFE79DF80F0004B080BDA9
:1029000081B0009000990A20088040F24C00C2F289
:10291000004001B07047000080B586B0059040F2DD
:102920000800C2F200400190822100F019FE014629
:1029300001980491012100F013FE014601980391D2
:10294000812100F00DFE0290049820B1FFE7049968
:1029500010208871FFE7039820B1FFE7039940201A
:102960008880FFE7029820B1FFE702994020888025
:10297000FFE705994320088040F20800C2F20040BA
:1029800006B080BD0000000080B586B0059040F222
:102990000800C2F200400190822100F0E1FD0146F2
:1029A00001980491012100F0DBFD0146019803919B
:1029B000812100F0D5FD0290049820B1FFE7049931
:1029C00010208871FFE7039828B1FFE703994FF4BF
:1029D00000708880FFE7029828B1FFE702994FF462
:1029E00000708880FFE705994320088040F20800C6
:1029F000C2F2004006B080BD80B586B0059040F2BE
:102A00000800C2F200400190822100F0A9FD0146B9
:102A100001980491012100F0A3FD01460198039162
:102A2000812100F09DFD0290049820B1FFE70499F8
:102A300010208871FFE7039820B1FFE70399402039
:102A40008880FFE7029820B1FFE702994020888044
:102A5000FFE705994320088040F20800C2F20040D9
:102A600006B080BD0000000080B590B00E908DF8DB
:102A700037104FF4077002F0DFF80C900C9860B933
:102A8000FFE70E98D0F8D41200EB81010020C1F8C6
:102A9000C00202208DF83F00F0E00C984FF407715F
:102AA000DDF7D1FD0C980E99D1F8D42201EB82010B
:102AB000C1F8C0020E99D1F8D40201EB8000D0F821
:102AC000C002C1F8BC020E98007C002840D1FFE78C
:102AD0000E9840F20101C2F200010791097802222A
:102AE00008924FF40073099301F05AFA0799089A73
:102AF000099B0E98097801F00F0101EB810100EBB1
:102B0000810101200B9088840E9840F20001C2F2EE
:102B100000410A91097801F043FA0A9A0B980E993C
:102B2000127802F00F0202EB820201EB8201A1F89F
:102B300064010E9840F20001C2F20001097801F030
:102B40000F0101EB810100EB81011020C8843EE000
:102B50000E9840F20101C2F20001029109780222AE
:102B600003924023049301F01BFA0299039A049BF9
:102B70000E98097801F00F0101EB810100EB810152
:102B80000120069088840E9840F20001C2F20041B4
:102B90000591097801F004FA059A06980E991278C1
:102BA00002F00F0202EB820201EB8201A1F8640144
:102BB0000E9840F20001C2F20001097801F00F0105
:102BC00001EB810100EB81011020C884FFE70E9822
:102BD00040F20001C2F200010091097803220823AB
:102BE00001F0DEF900990E98097801F00F0101EB70
:102BF000810100EB8101012088840C990020019063
:102C0000C1F804020E98D0F8D41200EB8100D0F87D
:102C1000C4020068804701980C99C1F814020C990D
:102C2000C1F818020C98D0F8040220B9FFE702207E
:102C30008DF83F0022E00E98007C70B9FFE70E98F7
:102C400040F20001C2F2004109780C9AD2F8042245
:102C50004FF4007301F0CCF90CE00E9840F2000143
:102C6000C2F2004109780C9AD2F80422402301F004
:102C7000BFF9FFE700208DF83F00FFE79DF83F0018
:102C800010B080BD0000000080B584B002900298B2
:102C9000D0F8D41200EB8100D0F8C0020190029865
:102CA000D0F8D41200EB8100D0F8C00220B9FFE7C1
:102CB00003208DF80F0022E00298007C70B9FFE736
:102CC000029840F20001C2F200410978019AD2F85C
:102CD00004224FF4007301F08BF90CE0029840F2EB
:102CE0000001C2F200410978019AD2F8042240237F
:102CF00001F07EF9FFE700208DF80F00FFE79DF857
:102D00000F0004B080BD000083B0019000910098D6
:102D100020B9FFE703208DF80B000BE00098019924
:102D2000D1F8D42201EB8201C1F8C40200208DF851
:102D30000B00FFE79DF80B0003B070470000000098
:102D400084B0029001910298D0F8D41200EB810077
:102D5000D0F8C0020090009820B9FFE703208DF85A
:102D60000F0007E001980099C1F8040200208DF8D7
:102D70000F00FFE79DF80F0004B07047000000004F
:102D800085B00390029101920398D0F8D41200EB21
:102D90008100D0F8C0020090009820B9FFE703201E
:102DA0008DF813000BE002980099C1F80802019811
:102DB0000099C1F8100200208DF81300FFE79DF87C
:102DC000130005B07047000080B58AB008900791E5
:102DD0000898D0F8D41200EB8100D0F8C002069019
:102DE00000208DF81500ADF812008DF8110006983E
:102DF00020B9FFE703208DF82700C7E00798007887
:102E000000F060000146039100285ED0FFE70398C0
:102E1000202840F0AE80FFE70798C088002846D001
:102E2000FFE7079800780006002823D5FFE70898F9
:102E3000D0F8D41200EB8100D0F8C4028368079A5E
:102E400050780699D28898470798C088082803D3F5
:102E5000FFE70720029003E00798C0880290FFE791
:102E60000298ADF8160008980699BDF8162000F0F3
:102E700083F91BE007984078069981F800020798CB
:102E8000C0883F2804D8FFE70798C088019002E077
:102E900040200190FFE70198069981F80102089807
:102EA000069991F8012200F037F9FFE70CE0089845
:102EB000D0F8D41200EB8100D0F8C40283680799DF
:102EC000487800229847FFE75BE007984078014682
:102ED00000910B2844D80099DFE801F006414242F6
:102EE0004242424242421C32089890F89C02032817
:102EF00007D1FFE708980DF11201022200F03CF91A
:102F000007E00898079900F0F7F803208DF8110002
:102F1000FFE72DE0089890F89C02032807D1FFE70F
:102F200008980DF11501012200F026F907E0089834
:102F3000079900F0E1F803208DF81100FFE717E092
:102F4000089890F89C02032808D0FFE70898079992
:102F500000F0D2F803208DF81100FFE708E007E049
:102F60000898079900F0C8F803208DF81100FFE7D2
:102F700007E00898079900F0BFF803208DF81100CA
:102F8000FFE79DF811008DF82700FFE79DF8270067
:102F90000AB080BD0000000080B584B002900298A5
:102FA000D0F8D41200EB8100D0F8C00201900120CB
:102FB0008DF80300019820B9FFE703208DF80F007A
:102FC0002AE00198D0F8140208BBFFE7019901201C
:102FD000C1F814020198D0F81002029A40F20101DF
:102FE000C2F200010B7803F00F0303EB830302EB43
:102FF0008302906102980978019BD3F80822D3F8E4
:10300000103201F069F900208DF80300FFE79DF808
:1030100003008DF80F00FFE79DF80F0004B080BD9E
:1030200080B582B001908DF8031000208DF8020069
:103030000198D0F8B8124A689DF80310904720B163
:10304000FFE703208DF80200FFE79DF8020002B0C1
:1030500080BD00000000000080B582B001900091AA
:10306000019890F89C02013802280ED8FFE70098DA
:103070004088012808D1FFE701990020C1F8A40287
:10308000019800F095F8FFE704E00198009900F03E
:1030900033F8FFE702B080BD82B001908DF80310D5
:1030A000002002B07047000082B001908DF803103C
:1030B000002002B07047000080B584B003900291F8
:1030C00001920398029A019B0021009100F090FF69
:1030D000009804B080BD000080B584B003900291D8
:1030E00001920398029A019B0021009101F0F4F8EB
:1030F000009804B080BD000080B582B001900091BE
:103100000198802101F094F80198002101F090F8D5
:1031100002B080BD0000000080B584B00390029131
:10312000019203990320C1F8940201980399C1F810
:10313000580101980399C1F85C010398029A019B18
:103140000021009100F054FF009804B080BD000001
:1031500080B582B0019001990520C1F894020198D0
:103160000023009319461A4600F042FF009802B06F
:1031700080BD00000000000080B584B00390029183
:10318000019203990220C1F8940201980399886181
:1031900001980399C8610398029A019B002100914C
:1031A00001F09AF8009804B080BD00000000000013
:1031B00080B582B0019001990420C1F89402019871
:1031C0000023009319461A4601F086F8009802B0D1
:1031D00080BD00000000000080B584B00390029123
:1031E0000298C088012805D0FFE703980299FFF7ED
:1031F00083FF21E0039890F89C12481E0191022859
:1032000004D3FFE7019803280AD00FE003990020B8
:103210008860039800F108010122FFF7ADFF0AE082
:103220000398011D0122FFF7A7FF04E0039802990C
:10323000FFF762FFFFE7FFE704B080BD000000007A
:1032400080B588B0079006910020ADF81600049074
:103250008DF80F000698C0780138014602910E28BB
:1032600000F241810299DFE811F02A003400510098
:103270003E013E010B0123013E013E013E013E01A4
:103280003E013E013E010F000798D0F8B402C0692C
:1032900050B1FFE70798D0F8B412CA69007C0DF16D
:1032A00016019047049009E007980699FFF724FF5C
:1032B0009DF80F0001308DF80F00FFE71DE1079822
:1032C000D0F8B4120A68007C0DF116019047049002
:1032D00013E10798007C60B9FFE70798D0F8B802BF
:1032E000816A0DF116008847049004990220487005
:1032F0000BE00798D0F8B802C16A0DF116008847B4
:103300000490049902204870FFE7F6E00698807860
:1033100001460191052800F2A8800199DFE801F03B
:10332000031E39546F8A0798D0F8B402406850B130
:10333000FFE70798D0F8B4124A68007C0DF1160137
:103340009047049009E007980699FFF7D5FE9DF88D
:103350000F0001308DF80F00FFE790E00798D0F8DC
:10336000B402806850B1FFE70798D0F8B4128A68B9
:10337000007C0DF116019047049009E0079806992A
:10338000FFF7BAFE9DF80F0001308DF80F00FFE740
:1033900075E00798D0F8B402C06850B1FFE707980D
:1033A000D0F8B412CA68007C0DF116019047049061
:1033B00009E007980699FFF79FFE9DF80F0001307E
:1033C0008DF80F00FFE75AE00798D0F8B4020069C3
:1033D00050B1FFE70798D0F8B4120A69007C0DF1EC
:1033E00016019047049009E007980699FFF784FEBC
:1033F0009DF80F0001308DF80F00FFE73FE00798C0
:10340000D0F8B402406950B1FFE70798D0F8B41281
:103410004A69007C0DF116019047049009E0079875
:103420000699FFF769FE9DF80F0001308DF80F0037
:10343000FFE724E00798D0F8B402806950B1FFE7B5
:103440000798D0F8B4128A69007C0DF116019047F4
:10345000049009E007980699FFF74EFE9DF80F00CB
:1034600001308DF80F00FFE709E007980699FFF794
:1034700043FE9DF80F0001308DF80F00FFE73CE0A0
:103480000798007C48B9FFE70798D0F8B802416B6D
:103490000DF116008847049009E007980699FFF798
:1034A0002BFE9DF80F0001308DF80F00FFE724E0A0
:1034B0000798007C60B9FFE70798D0F8B802016B65
:1034C0000DF116008847049004990720487009E020
:1034D00007980699FFF710FE9DF80F0001308DF850
:1034E0000F00FFE709E007980699FFF705FE9DF832
:1034F0000F0001308DF80F00FFE79DF80F0008B1B5
:10350000FFE72AE00698C08818B3FFE7BDF8160069
:10351000C8B1FFE7BDF816000699C988884204DAE9
:10352000FFE7BDF81600009003E00698C088009001
:10353000FFE70098ADF8160007980499BDF816202B
:10354000FFF71AFE04E007980699FFF7D5FDFFE79D
:1035500003E00798FFF72CFEFFE708B080BD0000EE
:1035600080B586B005908DF81310059803900598E6
:10357000029000200190029948880978884227DD4E
:10358000FFE702980078ADF80200FFE7BDF80200FF
:103590000299498888421ADAFFE703980DF102017F
:1035A00000F036F803900398407805280ED1FFE725
:1035B00003980190019880789DF81310884201D1FA
:1035C000FFE704E000200190FFE7FFE7DEE7FFE709
:1035D000019806B080BD000083B0029000208DF8F5
:1035E000070002980090FFE70098007848B1FFE7D5
:1035F0009DF8070001308DF8070000980130009019
:10360000F2E79DF8070003B07047000000000000DB
:1036100083B002900191029800900098027801997D
:10362000088810440880029800990978084400909E
:10363000009803B07047000080B582B001900091FF
:10364000019890F89C02013802281FD8FFE70098E3
:10365000C088022805D0FFE701980099FFF74CFDCC
:1036600019E001990120C8600198D0F8A40230B196
:10367000FFE70199C86840F00200C860FFE70198C1
:1036800000F10C010222FFF777FD04E00198009998
:10369000FFF732FDFFE702B080BD00000000000030
:1036A00080B586B005900491039200208DF80B0040
:1036B000059808B9FFE74FE0059801900198FFF7DA
:1036C0008BFF0146022000EB4100B0F5007F04D9DA
:1036D000FFE74FF40070009008E00198FFF77CFFCF
:1036E0000146022000EB41000090FFE7009803999B
:1036F00008800398007804999DF80B2088549DF861
:103700000B0001308DF80B0004999DF80B2003206D
:1037100088549DF80B0001308DF80B00FFE70198ED
:103720000078C8B1FFE70198007804999DF80B2054
:1037300088540198013001909DF80B0001308DF8FC
:103740000B0004999DF80B20002088549DF80B0075
:1037500001308DF80B00E2E706B080BD00000000EC
:1037600082B08DF8070000208DF806009DF8070054
:1037700001460091032814D80099DFE801F0020601
:103780000A0E00208DF806000FE003208DF80600D9
:103790000BE001208DF8060007E003208DF80600FD
:1037A00003E003208DF80600FFE79DF8060002B055
:1037B000704700000000000080B582B08DF807005F
:1037C00000919DF8070060B9FFE7009A4CF2856010
:1037D000C0F6020044F2B431C2F20001FFF760FF0C
:1037E0000BE0009A4CF28560C0F6020044F2B4315E
:1037F000C2F20001FFF754FFFFE744F2B430C2F217
:10380000000002B080BD000082B08DF8070000917A
:1038100000991220088040F26400C2F2000002B059
:10382000704700000000000080B582B08DF80700EE
:1038300000919DF8070060B9FFE7009A4CF27760AD
:10384000C0F6020044F2B431C2F20001FFF728FFD3
:103850000BE0009A4CF27760C0F6020044F2B431FB
:10386000C2F20001FFF71CFFFFE744F2B430C2F2DE
:10387000000002B080BD000082B08DF8070000910A
:1038800000990420088040F28C00C2F2000002B0CF
:10389000704700000000000080B584B08DF80F0074
:1038A0000291029A4CF29060C0F6020044F2B431E8
:1038B000C2F200010191FFF7F3FE019804B080BD50
:1038C00080B582B08DF8070000919DF8070060B9BF
:1038D000FFE7009A4CF2A360C0F6020044F2B43154
:1038E000C2F20001FFF7DCFE0BE0009A4CF2A3608D
:1038F000C0F6020044F2B431C2F20001FFF7D0FE7C
:10390000FFE744F2B430C2F2000002B080BD000014
:1039100080B582B08DF80700009100991A200880C8
:10392000E2F7B2FA40F25800C2F2004002B080BDA5
:1039300080B584B0029001918DF80320029820B9DF
:10394000FFE703208DF80F0023E002990020C1F863
:10395000B8020299C1F8C4020299C1F8D0020198D4
:1039600028B1FFE701980299C1F8B402FFE7029974
:10397000012081F89C029DF80300029908700298CA
:1039800000F02AFA8DF802009DF802008DF80F0071
:10399000FFE79DF80F0004B080BD000000000000AC
:1039A00080B582B001908DF8031000208DF80200E0
:1039B0008DF801000198D0F8C8029DF80310E7F7D0
:1039C00033FB8DF802009DF80200FFF7C9FE8DF869
:1039D00001009DF8010002B080BD00000000000061
:1039E00080B582B001908DF8031000208DF80200A0
:1039F0008DF801000198D0F8C8029DF80310E7F790
:103A0000BFFA8DF802009DF80200FFF7A9FE8DF8BD
:103A100001009DF8010002B080BD00000000000020
:103A200080B588B006908DF8171004929DF81700A5
:103A3000002874D1FFE70698143003900698D0F858
:103A4000940202285DD1FFE703998868C96888421B
:103A500012D9FFE703998868CA68801A88600698B7
:103A60000499039A9268FFF737FB069800231946DA
:103A70001A4600F0BDFA43E003988168C0688842A6
:103A80001ED1FFE703994868C968884218D3FFE749
:103A9000039840680699D1F89812884210D2FFE73F
:103AA0000698002201921146FFF716FB019B06982B
:103AB000C0F89832069819461A4600F099FA1EE0A6
:103AC000069890F89C02032811D1FFE70698D0F8D9
:103AD000B802C06850B1FFE706990020C1F8D402CF
:103AE0000698D0F8B812C9688847FFE7FFE706983C
:103AF000802100F09DFB0698FFF72AFBFFE7FFE718
:103B0000FFE7069890F8A00240B1FFE7069800F0A2
:103B100077FC0699002081F8A002FFE740E00698B4
:103B20009DF8171041F08001FFF7B6FA8DF80A00F2
:103B30009DF80A00FF2832D0FFE79DF80A0070BB0D
:103B4000FFE7069890F89C02032827D1FFE7069824
:103B50009DF80A1000EB8100D0F8B8024069E0B18E
:103B6000FFE79DF80A000699C1F8D40206989DF86F
:103B70000A1000EB8101D1F8B8124A699DF81710BC
:103B800090478DF80B009DF80B0028B1FFE79DF8DA
:103B90000B008DF81F0007E0FFE7FFE7FFE7FFE7F7
:103BA00000208DF81F00FFE79DF81F0008B080BDC2
:103BB00080B58AB008908DF81F10069200208DF80D
:103BC00013009DF81F00002840F08280FFE708984E
:103BD00000F5AA7005900898D0F89402032876D1D1
:103BE000FFE705998868C96888421DD9FFE70599EC
:103BF0008868CA68801A88600898029006980390BE
:103C000005998868C968884204D2FFE705988068EA
:103C1000019003E00598C0680190FFE703990298BE
:103C2000019AFFF749FA51E0089890F8AA0200F0CB
:103C30001F000146009140B1FFE70098012808D01D
:103C4000FFE7009802280CD013E000208DF8120046
:103C500013E0089890F8AE12FFF726FA8DF81200DC
:103C60000BE0089890F8AE12FFF716FA8DF81200E4
:103C700003E000208DF81200FFE79DF8120008BB5A
:103C8000FFE7089890F89C0203281AD1FFE70898EC
:103C90009DF8121000EB8100D0F8B802006978B1ED
:103CA000FFE79DF812000899C1F8D40208989DF822
:103CB000121000EB8101D1F8B81209698847FFE7BB
:103CC000FFE7FFE70898FFF773FAFFE7FFE740E039
:103CD00008989DF81F1001F07F01FFF7DDF98DF8BE
:103CE00012009DF81200FF2832D0FFE79DF8120065
:103CF00070BBFFE7089890F89C0203281ED1FFE7ED
:103D000008989DF8121000EB8100D0F8B802806985
:103D100098B1FFE79DF812000899C1F8D4020898FD
:103D20009DF8121000EB8101D1F8B8128A699DF854
:103D30001F1090478DF81300FFE7FFE79DF8130071
:103D400028B1FFE79DF813008DF8270005E0FFE795
:103D5000FFE700208DF82700FFE79DF827000AB055
:103D600080BD00000000000081B00090002001B084
:103D7000704700000000000080B582B00190002074
:103D80008DF803000199012081F89C020198D0F878
:103D9000B80268B1FFE70198D0F8B8124A68017913
:103DA000904720B1FFE703208DF80300FFE7FFE70E
:103DB0009DF8030002B080BD80B582B001908DF8FF
:103DC00003100198D0F8C8029DF80310E7F790F9A6
:103DD00002B080BD0000000080B584B0039003985D
:103DE0000078012838D1FFE7039945F62420C2F274
:103DF00000000290C0F8E0140399C1F8C802002145
:103E0000C4F204010160092101710222C271002182
:103E1000817142728172C17201738173C1730174C5
:103E2000E7F73AFF18B1FFE7E1F72AF8FFE745F6B1
:103E30002420C2F2000001904FF40071E6F7D4FF95
:103E4000019800218022E6F7DBFF019801214FF461
:103E5000BA72E6F7D5FFFFE7002004B080BD00008E
:103E600084B002908DF807100298D0F8C802009034
:103E70009DF80700000600280DD5FFE700989DF883
:103E8000071001F07F0101EBC10100EB8100807D93
:103E90008DF80F000DE000989DF8071001F07F01EC
:103EA00001EBC10100EB810090F856028DF80F0084
:103EB000FFE79DF80F0004B070470000000000000D
:103EC00080B584B002908DF807100298D0F8D41213
:103ED00000EB8100D0F8B80220B9FFE703208DF88D
:103EE0000F0020E0029890F89C02032817D1FFE70A
:103EF0000298D0F8D41200EB8100D0F8B802006A22
:103F000060B1FFE70298D0F8D41200EB8101D1F83C
:103F1000B8120A6A9DF807109047FFE7FFE70020F4
:103F20008DF80F00FFE79DF80F0004B080BD000082
:103F300080B584B002908DF807100298D0F8D412A2
:103F400000EB8100D0F8B80220B9FFE703208DF81C
:103F50000F0020E0029890F89C02032817D1FFE799
:103F60000298D0F8D41200EB8100D0F8B802406A71
:103F700060B1FFE70298D0F8D41200EB8101D1F8CC
:103F8000B8124A6A9DF807109047FFE7FFE7002044
:103F90008DF80F00FFE79DF80F0004B080BD000012
:103FA00080B584B003908DF80B108DF80A20ADF821
:103FB000083000208DF807008DF806000398D0F82F
:103FC000C8029DF80B10BDF808209DF80A30E7F7ED
:103FD000A3F88DF807009DF80700FFF7C1FB8DF8E7
:103FE00006009DF8060004B080BD0000000000003F
:103FF00080B586B005908DF81310039202930020CF
:104000008DF807008DF806000598D0F8C8029DF8D5
:104010001310039A029BE7F7F7F88DF807009DF855
:104020000700FFF79DFB8DF806009DF8060006B01F
:1040300080BD00000000000080B586B00590002023
:104040008DF81300059A012182F89C120599C1F898
:104050009402059948600599C1F8A402059981F870
:10406000A0020598D0F8B802A0B1FFE70598D0F8F3
:10407000B802406868B1FFE70598D0F8B8124A68FE
:104080000179904720B1FFE703208DF81300FFE787
:10409000FFE7FFE7059800220192402303931146B2
:1040A000FFF77EFF019A039B059901200290A1F87A
:1040B00064010598C0F8603105988021FFF770FF12
:1040C00002990398059A9184059908629DF8130056
:1040D00006B080BD0000000081B00090009890F80C
:1040E0009C02042807D1FFE7009890F89D020099F0
:1040F00081F89C02FFE7002001B07047000000003B
:1041000080B582B00190019890F89C02032813D1E9
:10411000FFE70198D0F8B80268B1FFE70198D0F83E
:10412000B802C06930B1FFE70198D0F8B812C96988
:104130008847FFE7FFE7FFE7002002B080BD0000EF
:1041400082B001908DF803109DF803000199087466
:10415000002002B07047000080B582B001908DF859
:10416000031000208DF802008DF801000198D0F8AE
:10417000C8029DF80310E7F73FFF8DF802009DF895
:104180000200FFF7EDFA8DF801009DF8010002B082
:1041900080BD00000000000080B584B00390029153
:1041A000039800F2AA20029900F0BAF803990120BE
:1041B000C1F894020399B1F8B002C1F898020398CB
:1041C00090F8AA0200F01F000146009140B1FFE7FD
:1041D000009801280CD0FFE70098022810D017E0C3
:1041E000039800F2AA2100F067FA8DF8070019E0A1
:1041F000039800F2AA2100F09FFC8DF8070011E05F
:10420000039800F2AA2100F0BFFA8DF8070009E038
:10421000039890F8AA1201F0800100F009F88DF8D7
:104220000700FFE79DF8070004B080BD0000000014
:1042300080B582B001908DF8031000208DF8020047
:104240008DF801000198D0F8C8029DF80310E7F737
:1042500013F88DF802009DF80200FFF781FA8DF83F
:1042600001009DF8010002B080BD000000000000C8
:1042700080B582B0019000208DF803008DF8020017
:104280000198D0F8C802E7F7F3FE8DF803009DF817
:104290000300FFF765FA8DF802009DF8020002B0F6
:1042A00080BD00000000000081B00090009890F8F0
:1042B0009C02042807D0FFE7009890F89C02009920
:1042C00081F89D02FFE70099042081F89C020020FC
:1042D00001B070470000000080B586B005908DF8F1
:1042E00013100392029300208DF807008DF806004A
:1042F0000598D0F8C8029DF81310039A029BE7F7BF
:104300002BF88DF807009DF80700FFF729FA8DF8C4
:1043100006009DF8060006B080BD00000000000009
:1043200080B584B0039002910298019001980078C2
:104330000399087001980130019001980078039961
:1043400048700198013001900198F8F72DFF03990A
:104350004880019801300190019801300190019846
:10436000F8F722FF039988800198013001900198A5
:10437000013001900198F8F717FF0399C88004B045
:1043800080BD00000000000080B584B00290019163
:104390000020ADF80200019820B9FFE703208DF856
:1043A0000F0026E001980299C1F8B8020298D0F8EF
:1043B000D41200EB8100D0F8B802C06A78B1FFE7F0
:1043C0000298D0F8D41200EB8100D0F8B802C16A8C
:1043D0000DF1020088470299C1F8D002FFE7029967
:1043E000D1F8D8020130C1F8D80200208DF80F00B2
:1043F000FFE79DF80F0004B080BD00000000000042
:1044000081B00090002001B0704700000000000063
:1044100080B584B00390029102988088B8BBFFE712
:104420000298C08898BBFFE7029840887F282ED862
:10443000FFE70298807800F07F008DF8070003986E
:1044400090F89C02032805D1FFE703980299FEF734
:1044500053FE1BE09DF80700039981F89E02039824
:104460009DF80710FFF778FE0398FEF7A1FE9DF870
:10447000070028B1FFE70399022081F89C0204E0BD
:104480000399012081F89C02FFE7FFE704E003980D
:104490000299FEF731FEFFE704B080BD0000000086
:1044A00080B582B001908DF8031000208DF80200D5
:1044B0000198D0F8B80250B1FFE70198D0F8B812CF
:1044C0000A689DF8031090478DF80200FFE79DF8F9
:1044D000020002B080BD000080B586B00490039158
:1044E00000208DF80B000398817844F26420C2F21A
:1044F000004001700078022808D3FFE70498039970
:10450000FEF7FAFD03208DF81700A0E0049890F85C
:104510009C0201460191022804D0FFE7019803287C
:104520002FD07FE044F26420C2F20040007818B33C
:10453000FFE744F26421C2F200410878049A506017
:1045400004980978FFF7ACFF8DF80B009DF80B007D
:1045500048B1FFE704980399FEF7CEFD04990220C5
:1045600081F89C0207E00498FEF722FE04990320DC
:1045700081F89C02FFE703E00498FEF719FEFFE7CD
:1045800060E044F26420C2F20040007898B9FFE78E
:104590000499022081F89C0244F26421C2F2004195
:1045A0000878049A506004980978FEF739FD049859
:1045B000FEF7FEFD35E044F26420C2F200400078D0
:1045C00004994968884227D0FFE704980179FEF7EB
:1045D00027FD44F26421C2F200410878049A506039
:1045E00004980978FFF75CFF8DF80B009DF80B002D
:1045F00068B1FFE704980399FEF77EFD04980179FE
:10460000FEF70EFD0499022081F89C0203E0049855
:10461000FEF7CEFDFFE703E00498FEF7C9FDFFE7D4
:10462000FFE70FE004980399FEF766FD049844F253
:104630006421C2F200410978FEF7F2FC03208DF8F4
:104640000B00FFE79DF80B008DF81700FFE79DF8C2
:10465000170006B080BD000080B582B001900091C7
:1046600000984088012808D1FFE701990120C1F88E
:10467000A4020198FEF79CFD13E0009840880228F0
:1046800009D1FFE700984079019981F8A0020198CB
:10469000FEF78EFD04E001980099FEF72DFDFFE77F
:1046A000FFE702B080BD000080B582B001900198A4
:1046B000FFF7DEFD02B080BD80B586B005900491A5
:1046C00000208DF80F000498007800F0600001468B
:1046D0000291A8B1FFE70298202804D0FFE70298D2
:1046E000402846D1FFE70598D0F8D41200EB8101AD
:1046F000D1F8B8128A68049990478DF80F003DE010
:10470000049840780146019109282CD80199DFE8E6
:1047100001F01B252A202A0A052A160F059804995C
:10472000FEF78EFD24E005980499FFF771FE1FE067
:1047300005980499FFF7D0FE8DF80F0018E0059852
:104740000499FEF749FD13E005980499FEF774FFFC
:104750000EE005980499FFF77FFF09E0059804999A
:10476000FEF77AFC04E005980499FEF7C5FCFFE724
:1047700004E005980499FEF7BFFCFFE79DF80F00E1
:1047800006B080BD0000000080B58CB00B900A918F
:1047900000208DF821000A9880888DF823000A985F
:1047A000007800F0600001460791B8B3FFE7079872
:1047B000202805D0FFE70798402840F0B281FFE7A6
:1047C0000B989DF82310FEF767FC8DF822009DF8EA
:1047D0002200FF2821D0FFE79DF82200E8B9FFE77B
:1047E0009DF822000B99C1F8D4020B989DF8221075
:1047F00000EB8100D0F8B802806868B1FFE70B9841
:104800009DF8221000EB8101D1F8B8128A680A994C
:1048100090478DF82100FFE7FFE787E10A9840788D
:1048200001460691002800F0BD80FFE706980128A8
:104830004CD0FFE70698032840F06D81FFE70B9806
:1048400090F89C0201460591022804D0FFE70598E4
:10485000032819D034E09DF8230078B1FFE79DF8D4
:10486000230080280AD0FFE70B989DF82310FFF75C
:10487000DFFC0B988021FFF7DBFC04E00B980A9922
:10488000FEF73AFCFFE720E00A984088A0B9FFE76E
:104890009DF8230078B1FFE79DF8230080280AD017
:1048A000FFE70A98C08830B9FFE70B989DF82310FE
:1048B000FFF7BEFCFFE7FFE70B98FEF779FC04E08B
:1048C0000B980A99FEF718FCFFE729E10B9890F87E
:1048D0009C0201460491022804D0FFE704980328B3
:1048E00019D059E09DF8230078B1FFE79DF8230027
:1048F00080280AD0FFE70B989DF82310FFF798FC5B
:104900000B988021FFF794FC04E00B980A99FEF7BE
:10491000F3FBFFE745E00A984088E0BBFFE79DF81E
:104920002300400630B1FFE70B989DF82310FFF7F6
:1049300037F8FFE70B98FEF73BFC0B989DF8231028
:10494000FEF7AAFB8DF822009DF82200FF2821D057
:10495000FFE79DF82200E8B9FFE79DF822000B99D8
:10496000C1F8D4020B989DF8221000EB8100D0F81A
:10497000B802806868B1FFE70B989DF8221000EB41
:104980008101D1F8B8128A680A9990478DF8210000
:10499000FFE7FFE7FFE704E00B980A99FEF7ACFB9F
:1049A000FFE7BDE00B9890F89C02014603910228B6
:1049B00004D0FFE70398032838D0A6E09DF8230031
:1049C00050B1FFE79DF82300802805D0FFE70B9842
:1049D0000A99FEF791FB9DE09DF823000006002850
:1049E0000CD5FFE70B989DF8231001F07F0101EB38
:1049F000810100EB8100143002900CE00B989DF8CF
:104A0000231001F07F0101EB810100EB810000F533
:104A1000AA700290FFE702980990099900200860A7
:104A20000B9809990222FEF7A7FB73E09DF823007B
:104A30000006002812D5FFE70B989DF8231001F01F
:104A40000F0101EB810100EB8100808C28B9FFE7A9
:104A50000B980A99FEF750FB5CE012E00B989DF86A
:104A6000231001F00F0101EB810100EB8100B0F890
:104A7000640128B9FFE70B980A99FEF73DFB49E06E
:104A8000FFE79DF82300000600280CD5FFE70B98F0
:104A90009DF8231001F07F0101EB810100EB810003
:104AA000143001900CE00B989DF8231001F07F0169
:104AB00001EB810100EB810000F5AA700190FFE796
:104AC000019809909DF8230028B1FFE79DF8230085
:104AD000802804D1FFE70999002008600FE00B98B7
:104AE0009DF82310FFF7BCF920B1FFE709990120D9
:104AF000086003E0099900200860FFE7FFE70B98D2
:104B000009990222FEF738FB04E00B980A99FEF798
:104B1000F3FAFFE704E00B980A99FEF7EDFAFFE7D6
:104B200004E00B980A99FEF7E7FAFFE79DF82100E9
:104B30000CB080BD0000000080B584B003900291ED
:104B400000208DF807000298007800F06000014610
:104B5000009140B1FFE70098202804D0FFE70098BB
:104B600040285AD1FFE7039890F89C0201380228A8
:104B70004DD8FFE702980079012842D8FFE7039853
:104B800002990979FEF790FA8DF806009DF8060063
:104B9000FF2825D0FFE79DF8060008BBFFE7039834
:104BA0009DF8061000EB8100D0F8B802806890B143
:104BB000FFE79DF806000399C1F8D40203989DF819
:104BC000061000EB8101D1F8B8128A68029990476B
:104BD0008DF8070003E003208DF80700FFE703E0EE
:104BE00003208DF80700FFE70298C08840B9FFE76F
:104BF0009DF8070020B9FFE70398FEF7D9FAFFE711
:104C000004E003980299FEF777FAFFE704E00398BF
:104C10000299FEF771FAFFE704E003980299FEF7A4
:104C20006BFAFFE79DF8070004B080BD00000000AC
:104C300081B0009001B0704781B0009044F26820CC
:104C4000C2F2004001B0704784B003900291039813
:104C5000019002980078009002984078012830D1A5
:104C6000FFE70298007800F00F01012000FA01F23E
:104C70000199D1F81C081043C1F81C08019800994B
:104C800000EB4110D0F800090004002818D4FFE719
:104C9000029988686FF3DF20097940EA8140009A21
:104CA00040EA8250019901EB4211D1F800291043EA
:104CB00048F20002C1F200021043C1F80009FFE708
:104CC0002EE00298007800F00F01012000FA01F2B6
:104CD0000199D1F81C0840EA0240C1F81C0801986B
:104CE000009900EB4110D0F8000B0004002816D406
:104CF000FFE7029988686FF3DF20097940EA814075
:104D00000199009A01EB4211D1F8002B104348F2AF
:104D10000002C1F200021043C1F8000BFFE7FFE7F9
:104D2000002004B07047000082B00190019800900C
:104D30000099D1F8000940F2FF729043C1F80009D0
:104D40000099D1F8040840F48070C1F804080020EC
:104D500002B070470000000082B08DF807009DF897
:104D600007100120009041B1FFE79DF807001038BF
:104D7000B0FA80F040090090FFE7009800F00100D1
:104D800002B070470000000080B582B0E5F790FEE9
:104D9000019004F0A1FD44F28840C2F20040007886
:104DA00000284ED0FFE740F2AC20C2F200000078AD
:104DB000002846D0FFE746F60020C2F20000007847
:104DC00000283ED0FFE745F25420C2F2000090F8E0
:104DD0000C01B0BBFFE745F25420C2F2000000789E
:104DE000F4F78AFA68B3FFE7019848F22401C2F2A7
:104DF00000410968401A652823D3FFE745F2542093
:104E0000C2F20000F4F7A0FD4AF2A401C2F2004190
:104E10000020009008604860886046F61C21C2F2BD
:104E20000001086048608860C86046F60021C2F250
:104E30000001087048F22801C2F200410120087008
:104E4000FFE704F075FD02B080BD00000000000027
:104E500080B504F041FD46F60021C2F200010020B9
:104E6000087048F22801C2F20041087048F224019B
:104E7000C2F20041086004F05BFD80BD000000004C
:104E800080B504F029FDE5F713FE48F22401C2F2D3
:104E90000041086046F60021C2F2000101200870BE
:104EA00048F22801C2F200410020087004F040FDE1
:104EB00080BD00000000000080B58CB08DF82F0090
:104EC0000A918DF8272000208DF824000890079083
:104ED000069005900A99049041B1FFE79DF82700DC
:104EE0001038B0FA80F040090490FFE7049800F011
:104EF00001008DF825000A9880B1FFE79DF8270092
:104F0000102804D8FFE79DF82700039002E0102046
:104F10000390FFE703988DF82400FFE79DF8250034
:104F200028B1FFE70A9805A901F0AEF8FFE704F001
:104F3000D3FCE5F7BDFD48F23C01C2F20041086038
:104F400046F60421C2F200010868013008609DF8AD
:104F50002F0048F22901C2F2004108709DF8270095
:104F600046F61821C2F2000108709DF8250048F2AB
:104F70003A01C2F20041087000208DF82600FFE7D8
:104F80009DF826000F281FD8FFE79DF826009DF802
:104F90002410884206DAFFE70A989DF82610405C44
:104FA000029002E000200290FFE702989DF8262080
:104FB00048F22A01C2F200418854FFE79DF826001A
:104FC00001308DF82600DBE700208DF82600FFE792
:104FD0009DF82600032826D8FFE79DF8250050B14C
:104FE000FFE79DF8261005A800EB810090ED000A70
:104FF0008DED010A04E09FED0E0A8DED010AFFE739
:105000009DED010A9DF8261046F60820C2F2000028
:1050100000EB810080ED000AFFE79DF826000130DB
:105020008DF82600D4E704F083FC0CB080BD00BFEF
:10503000000000000000000080B5FFF7A5FE80BD65
:1050400080B582B000208DF8070004F045FC48F2DE
:105050002800C2F20040007838B1FFE79DF8070051
:1050600040F001008DF80700FFE704F061FC9DF8B7
:10507000070002B080BD000080B58AB0DDF830C006
:10508000CDF814C00493039202919DF814108DF88A
:1050900024100299039A049B0893079206910190A9
:1050A0009DF81D00012823D1FFE70199886B20F4AA
:1050B000803088630199C8684FF6BF72CFF6BD7221
:1050C0001040C8600199C86820F44010C8609DF87D
:1050D0002400012806D1FFE70199C86840F4801038
:1050E000C860FFE7019800F03FF88DF803001AE070
:1050F0000199C86840F04000C860019800F034F899
:105100008DF803009DF8210030B9FFE70199886B05
:1051100040F48030886305E00199886B20F480308A
:105120008863FFE7FFE79DF81A00012816D1FFE723
:105130000199C86D80B2C8650199C86D0022C0F29E
:10514000EE321043C8650199886840F00600886017
:105150000199886840F020008860FFE79DF803000F
:105160000AB080BD0000000083B0019000200090D4
:10517000FFE70098013000900098B0F1706F04D9FB
:10518000FFE703208DF80B0025E0FFE70198006999
:10519000C00F0028EDD0FFE70020009001990869BA
:1051A00040F001000861FFE700980130009000988E
:1051B000B0F1706F04D9FFE703208DF80B000AE00F
:1051C000FFE701980069C0070028EDD1FFE7002044
:1051D0008DF80B00FFE79DF80B0003B0704700004F
:1051E00084B0039002910398019002980078009097
:1051F00002984078012845D1FFE70198009900EB1B
:105200004110D0F80009C00FA8B1FFE7019800993C
:1052100000EB4111D1F8000940F00060C1F800092D
:105220000198009900EB4111D1F8000940F080404D
:10523000C1F80009FFE70298007800F00F01012093
:1052400000FA01F3019AD2F83C189943C2F83C18CD
:105250000299097801F00F0100FA01F20199D1F8E1
:105260001C089043C1F81C080198009900EB4111FB
:10527000D1F8000947F60002CEF633421040C1F8DB
:10528000000946E00198009900EB4110D0F8000BAE
:10529000C00FA8B1FFE70198009900EB4111D1F8C8
:1052A000000B40F00060C1F8000B0198009900EB82
:1052B0004111D1F8000B40F08040C1F8000BFFE72E
:1052C0000298007800F00F01012000FA01F3019A22
:1052D000D2F83C1821EA0341C2F83C180299097837
:1052E00001F00F0100FA01F20199D1F81C0820EA3F
:1052F0000240C1F81C080198009900EB4111D1F857
:10530000000B47F60002CEF6F3721040C1F8000B16
:10531000FFE7002004B0704782B001900198009030
:105320000099D1F8000E20F00300C1F8000E00999A
:10533000D1F8040820F00200C1F80408002002B0EF
:10534000704700000000000082B0019001980090BA
:105350000099D1F8000E20F00300C1F8000E00996A
:10536000D1F8040840F00200C1F80408002002B09F
:10537000704700000000000080B58CB0DDF838C038
:10538000CDF81CC00693059204919DF81C108DF871
:105390002C100499059A069B0A9309920891039090
:1053A00000208DF80B00039901910090FFE7009811
:1053B0000E280CD8FFE70398009900EB810100202C
:1053C000C1F80401FFE7009801300090EFE79DF875
:1053D0002A00B8B9FFE70199D1F8040840F00200AB
:1053E000C1F804080399886B20F4001088630399BE
:1053F000086840F0400008600399086840F08000A9
:10540000086005E00399886B40F400108863FFE7AB
:1054100001990020C1F8000E9DF8250001280FD148
:10542000FFE79DF8230028B9FFE70398002101F06A
:1054300003F804E00398012100F0FEFFFFE704E019
:105440000398032100F0F8FFFFE70398102100F014
:10545000AFFC20B1FFE701208DF80B00FFE70398B8
:1054600000F06AFC20B1FFE701208DF80B00FFE798
:1054700001990020C1F810080199C1F81408019998
:10548000C1F81C080090FFE700989DF820108842A2
:105490003BD2FFE70198009900EB4110D0F80009DA
:1054A000C00FB0B1FFE7009848B9FFE70198009935
:1054B00000EB41114FF00060C1F8000908E00198CD
:1054C000009900EB41114FF09040C1F80009FFE74F
:1054D00007E00198009900EB41110020C1F8000994
:1054E000FFE70198009900EB41110020C1F8100975
:1054F0000198009900EB41114FF67F30C1F808097F
:10550000FFE7009801300090BEE700200090FFE721
:1055100000989DF8201088423BD2FFE7019800993F
:1055200000EB4110D0F8000BC00FB0B1FFE70098BE
:1055300048B9FFE70198009900EB41114FF0006076
:10554000C1F8000B08E00198009900EB41114FF001
:105550009040C1F8000BFFE707E00198009900EBCD
:1055600041110020C1F8000BFFE70198009900EB02
:1055700041110020C1F8100B0198009900EB411176
:105580004FF67F30C1F8080BFFE70098013000901C
:10559000BEE70199D1F8100820F48070C1F8100816
:1055A00003990020886103996FF0804048619DF85D
:1055B000220030B9FFE70399886940F01000886144
:1055C000FFE70399886943F60002C8F23C021043E2
:1055D00088619DF8260030B1FFE70399886940F0A3
:1055E00008008861FFE79DF82A00012808D1FFE73D
:1055F000039988690422C4F2000210438861FFE71E
:105600009DF80B000CB080BD81B0009000998868B7
:1056100020F001008860002001B070470000000009
:1056200086B004908DF80F100292049801900498AF
:10563000006C0090009843F20B01C4F6547188424C
:105640000BD3FFE70198D0F8000BC00F20B1FFE7A4
:1056500000208DF817002EE0FFE701990020C1F827
:10566000100B0199D1F8100B40F40020C1F8100B79
:105670000199D1F8100B40F01800C1F8100B0199F6
:10568000D1F8100B40F0C040C1F8100B9DF80F008E
:1056900001280CD1FFE702980199C1F8140B019978
:1056A000D1F8000B40F08020C1F8000BFFE700208C
:1056B0008DF81700FFE79DF8170006B0704700004F
:1056C00084B00390029103980190029800780090B2
:1056D00002984078012820D1FFE70198009900EB5B
:1056E0004111D1F8000920F40010C1F80009029816
:1056F0000079032805D0FFE70298007902280BD132
:10570000FFE70198009900EB4111D1F8000940F042
:105710008050C1F80009FFE71FE00198009900EBF5
:105720004111D1F8000B20F40010C1F8000B0298D1
:105730000079032805D0FFE70298007902280BD1F1
:10574000FFE70198009900EB4111D1F8000B40F000
:105750008050C1F8000BFFE7FFE7002004B070475E
:1057600084B0039002910398019002980078009011
:1057700002984078012822D1FFE70198009900EBB8
:105780004110D0F80009C00F70B9FFE7009858B178
:10579000FFE70198009900EB4111D1F8000920F0D2
:1057A0008040C1F80009FFE70198009900EB411122
:1057B000D1F8000940F40010C1F8000921E0019877
:1057C000009900EB4110D0F8000BC00F70B9FFE753
:1057D000009858B1FFE70198009900EB4111D1F80A
:1057E000000B20F08040C1F8000BFFE70198009902
:1057F00000EB4111D1F8000B40F40010C1F8000B90
:10580000FFE7002004B0704780B588B0079006918C
:105810008DF8172007980490069800780390069852
:105820004078012840F02481FFE706980069F8B924
:10583000FFE70498039900EB4111D1F810096FF3C9
:10584000DC40C1F810090498039900EB4111D1F82C
:10585000100940F40020C1F810090498039900EBE6
:105860004111D1F810096FF31200C1F8100971E06D
:105870000498039900EB4111D1F810096FF312005D
:10588000C1F810090498039900EB4111D1F81009EF
:105890006FF3DC40C1F810090398A8B9FFE7069838
:1058A00081680069884204D9FFE706998868086121
:1058B000FFE70498039900EB4111D1F8100940F477
:1058C0000020C1F8100937E0069881680069084493
:1058D0000138B0FBF1F0ADF80A00BDF80A10002065
:1058E000C1F6F87000EAC1420498039900EB411137
:1058F000D1F810091043C1F8100906980079012861
:1059000019D1FFE70498039900EB4111D1F8100970
:1059100020F0C040C1F81009BDF80A0000F00302F1
:105920000498039900EB4111D1F8100940EA427044
:10593000C1F81009FFE7FFE7069802696FF3DF423D
:105940000498039900EB4111D1F810091043C1F8F4
:105950001009FFE79DF8170001283BD1FFE70698E3
:10596000C06948B1FFE70698C0690499039A01EB42
:105970004211C1F81409FFE70698007901281ED1E9
:10598000FFE70498D0F80808C00500280BD4FFE70B
:105990000498039900EB4111D1F8000940F0005040
:1059A000C1F800090AE00498039900EB4111D1F80D
:1059B000000940F08050C1F80009FFE7FFE70498B4
:1059C000039900EB4111D1F8000940F00440C1F8FF
:1059D00000094CE00498039900EB4111D1F800094B
:1059E00040F00440C1F8000906980079012813D05E
:1059F000FFE70698006970B1FFE70698007800F0AD
:105A00000F01012000FA01F20499D1F83408104383
:105A1000C1F83408FFE729E00498D0F80808C00569
:105A200000280BD4FFE70498039900EB4111D1F84B
:105A3000000940F00050C1F800090AE004980399F9
:105A400000EB4111D1F8000940F08050C1F8000985
:105A5000FFE70798069BD9681A781B8A9DF817C03C
:105A6000EE46CEF800C000F023FEFFE7FFE7C4E0FB
:105A70000498039900EB4111D1F8100B6FF3120059
:105A8000C1F8100B0498039900EB4111D1F8100BE9
:105A90006FF3DC40C1F8100B039818BBFFE70698C2
:105AA000006920B1FFE7069988680861FFE7069959
:105AB000886808620698026A6FF3DF4204980399C7
:105AC00000EB4111D1F8100B1043C1F8100B0498F2
:105AD000039900EB4111D1F8100B40F40020C1F8FC
:105AE000100B49E006980069C0B9FFE70698826884
:105AF0006FF3DF420498039900EB4111D1F8100BCA
:105B00001043C1F8100B0498039900EB4111D1F830
:105B1000100B40F40020C1F8100B2CE006988168AF
:105B2000006908440138B0FBF1F0ADF80A000699AD
:105B30008868BDF80A2050430862BDF80A100020AA
:105B4000C1F6F87000EAC1420498039900EB4111D4
:105B5000D1F8100B1043C1F8100B0698026A6FF3CE
:105B6000DF420498039900EB4111D1F8100B104368
:105B7000C1F8100BFFE7FFE79DF8170001280ED1D1
:105B8000FFE70698C06848B1FFE70698C068049927
:105B9000039A01EB4211C1F8140BFFE7FFE70698E7
:105BA000007901281ED1FFE70498D0F80808C00545
:105BB00000280BD4FFE70498039900EB4111D1F8BA
:105BC000000B40F00050C1F8000B0AE00498039964
:105BD00000EB4111D1F8000B40F08050C1F8000BF0
:105BE000FFE7FFE70498039900EB4111D1F8000BA0
:105BF00040F00440C1F8000BFFE7002008B080BD72
:105C000085B004900391002002908DF8070004985D
:105C100000900398407801283ED1FFE7009803994F
:105C2000097800EB4110D0F80009C00F98B3FFE7E6
:105C300000980399097800EB4111D1F8000940F070
:105C40000060C1F8000900980399097800EB411140
:105C5000D1F8000940F08040C1F80009FFE7029840
:105C600001300290029842F21171884204D3FFE79A
:105C700001208DF807000DE0FFE7009803990978EF
:105C800000EB4110D0F8000900F00040B0F1004FE7
:105C9000E5D0FFE7FFE73DE000980399097800EBC6
:105CA0004110D0F8000BC00F98B3FFE7009803999C
:105CB000097800EB4111D1F8000B40F00060C1F809
:105CC000000B00980399097800EB4111D1F8000B03
:105CD00040F08040C1F8000BFFE7029801300290CD
:105CE000029842F21171884204D3FFE701208DF837
:105CF00007000DE0FFE700980399097800EB4110D9
:105D0000D0F8000B00F00040B0F1004FE5D0FFE705
:105D1000FFE7FFE79DF8070005B0704700000000AF
:105D200081B000900099886840F0010088600020F0
:105D300001B070470000000083B001900020009087
:105D4000FFE70098013000900098B0F1706F04D91F
:105D5000FFE703208DF80B0024E0FFE701980069BE
:105D6000C00F0028EDD0FFE700200090019910201F
:105D70000861FFE70098013000900098B0F1706F63
:105D800004D9FFE703208DF80B000BE0FFE7019833
:105D9000006900F010001028ECD0FFE700208DF81B
:105DA0000B00FFE79DF80B0003B0704700000000F8
:105DB00084B00290019100200090FFE7009801302C
:105DC00000900098B0F1706F04D9FFE703208DF8C0
:105DD0000F0026E0FFE702980069C00F0028EDD011
:105DE000FFE70020009001988001203002990861AF
:105DF000FFE70098013000900098B0F1706F04D96F
:105E0000FFE703208DF80F000BE0FFE70298006921
:105E100000F020002028ECD0FFE700208DF80F00D4
:105E2000FFE79DF80F0004B070470000000000007D
:105E300080B582B00190019808B9FFE767E003F0F0
:105E40004BFD48F23C00C2F2004000680199086036
:105E500046F60420C2F2000000680199486048F24A
:105E60002900C2F2004000780199087246F6182015
:105E7000C2F2000000780199487248F23A00C2F27A
:105E8000004000780199887201990020C872019938
:105E90000873019948738DF80300FFE79DF803002C
:105EA0000F2813D8FFE79DF8031048F22A00C2F22A
:105EB0000040405C01999DF8032011448873FFE77E
:105EC0009DF8030001308DF80300E7E700208DF80E
:105ED0000300FFE79DF80300032815D8FFE79DF8AE
:105EE000031046F60820C2F2000050F82100019984
:105EF0009DF8032001EB82010862FFE79DF8030093
:105F000001308DF80300E5E703F012FDFFE702B072
:105F100080BD00000000000084B003900398029050
:105F20000298D0F8080800F006000090009820B908
:105F3000FFE700208DF8070010E00098022804D049
:105F4000FFE70098062804D1FFE702208DF807003C
:105F500003E00F208DF80700FFE7FFE79DF807003B
:105F600004B070470000000081B0009000984069C4
:105F700000F0010001B0704780B582B08DF80600D6
:105F800048F21A00C2F200400088B0F5967F06D3AE
:105F9000FFE700F01DF800208DF8070011E09DF8E4
:105FA000060048F21A03C2F200431A88511C1980F5
:105FB0004AF2B001C2F20041885401208DF8070076
:105FC000FFE79DF8070002B080BD00000000000060
:105FD00046F6F811C2F200010020087048F21A01DA
:105FE000C2F20041088048F22001C2F2004108706C
:105FF00046F6F411C2F20001087048F21C01C2F228
:106000000041086046F6F611C2F2000108807047B0
:1060100080B5FFF7DDFF46F6F811C2F2000101205E
:10602000087048F21A01C2F200410A88501C088028
:106030004AF2B001C2F20041A520885480BD0000A0
:1060400080B582B04AF2B000C2F200404FF49671BF
:10605000DBF7A6FE009000200190FFE70198009971
:1060600088420DD2FFE701994AF2B000C2F2004027
:10607000405CF5F719FAFFE7019801300190EDE770
:1060800002B080BD0000000083B002900191029830
:1060900000788DF80000029840788DF80100029891
:1060A00080788DF802000298C0788DF8030000987F
:1060B00001990860029800798DF8000002984079F3
:1060C0008DF80100029880798DF802000298C0795D
:1060D0008DF803000098019948600298007A8DF8C5
:1060E00000000298407A8DF801000298807A8DF8BD
:1060F00002000298C07A8DF8030000980199886028
:106100000298007B8DF800000298407B8DF801001A
:106110000298807B8DF802000298C07B8DF8030006
:1061200000980199C86003B07047000000000000AB
:1061300080B584B002908DF807100092029840B1AB
:10614000FFE7009828B1FFE79DF80700102804D06A
:10615000FFE700208DF80F0007E002980099FFF795
:1061600093FF01208DF80F00FFE79DF80F0004B0AA
:1061700080BD00000000000083B0029002980190F2
:106180000198D0F8180800900198D0F81C180098D1
:1061900008400090BDF8000003B070470000000008
:1061A00083B00290029801900198D0F818080090EE
:1061B0000198D0F81C18009808400090BDF8020023
:1061C00003B070470000000086B005908DF81310F2
:1061D000059803900398D0F8100801900398D0F820
:1061E0003408009000989DF8131001F00F01C8408A
:1061F00000F00101019840EAC110019003989DF858
:10620000131000EB4110D0F80809019908400290E2
:10621000029806B07047000084B003908DF80B1010
:106220000398019001989DF80B1000EB4110D0F8F5
:10623000080B00900198D0F81418009808400090BE
:10624000009804B07047000082B001900198406946
:10625000009001988169009808400090009802B071
:10626000704700000000000089B008900791ADF869
:106270001A200898059007980490BDF81A00800825
:106280000190BDF81A0000F00300ADF802000020F4
:106290000290FFE702980199884217D2FFE705981C
:1062A0004FF48051405804990860049801300490DC
:1062B000049801300490049801300490049801304F
:1062C0000490FFE7029801300290E3E7BDF8020076
:1062D00008B3FFE70020029005984FF48051405822
:1062E0000390FFE703989DF80810C900C84004997F
:1062F0000870029801300290049801300490BDF8B3
:1063000002000138ADF80200FFE7BDF802000028E6
:10631000E8D1FFE7FFE7049809B0704700000000EC
:1063200080B586B004908DF80F100020029004997B
:10633000C86820F0C040C8609DF80F00012823D134
:10634000FFE70499C86840F00050C860FFE70A20E2
:10635000E2F706FF02980A300290FFE70498FFF781
:1063600003FE014600200129019007D0FFE70299B2
:106370000020C82938BF01200190FFE70198C0071D
:106380000028E4D1FFE72AE09DF80F0010BBFFE7EB
:106390000499C86840F08040C860FFE70A20E2F72F
:1063A000DFFE02980A300290FFE70498FFF7DCFD59
:1063B00001460020009039B1FFE702990020C8296A
:1063C00038BF01200090FFE70098C0070028E5D102
:1063D000FFE703E001208DF817000CE0FFE70298CB
:1063E000C82804D1FFE701208DF8170003E0002042
:1063F0008DF81700FFE79DF8170006B080BD00007C
:1064000083B002908DF80710029800900099D1F89F
:10641000000820F4FE60C1F800089DF8070000F0B5
:106420007F020099D1F8000840EA0210C1F8000884
:10643000002003B07047000083B002908DF8071071
:10644000029800909DF807200099D1F800081043A9
:10645000C1F80008002003B07047000000000000F1
:1064600084B0039002918DF807209DF80700022860
:1064700040F0B880FFE702984AF6C041C0F2D80168
:1064800088420BD3FFE702984EF2BF11C0F2E4013D
:10649000884203D8FFE70F200090A2E002984EF256
:1064A000C011C0F2E40188420BD3FFE7029842F228
:1064B000FF31C0F2F401884203D8FFE70E200090BC
:1064C0008EE0029842F20041C0F2F40188420BD300
:1064D000FFE7029847F27F31C0F20611884203D8E5
:1064E000FFE70D2000907AE0029847F28031C0F279
:1064F000061188420BD3FFE7029844F69F11C0F2C1
:106500001A11884203D8FFE70C20009066E0029839
:1065100044F6A011C0F21A1188420BD3FFE702988B
:1065200042F6FF41C0F23111884203D8FFE70B2049
:10653000009052E0029842F60051C0F231118842B8
:106540000BD3FFE702984AF23F41C0F24C11884258
:1065500003D8FFE70A2000903EE002984AF240414B
:10656000C0F24C1188420BD3FFE7029843F2FF516F
:10657000C0F26E11884203D8FFE7092000902AE09C
:10658000029843F20061C0F26E1188420BD3FFE71C
:1065900002984AF61F31C0F2A611884203D8FFE7DD
:1065A0000820009016E002984AF62031C0F2A611A9
:1065B00088420BD3FFE7029844F2FF71C0F2E81162
:1065C000884203D8FFE70720009002E006200090F1
:1065D000FFE7FFE7FFE7FFE7FFE7FFE7FFE7FFE78B
:1065E000FFE70AE09DF8070018B9FFE709200090CF
:1065F00002E009200090FFE7FFE70399C86820F454
:106600007050C860009800F00F020399C86840EA13
:106610008220C860002004B0704700000000000025
:1066200080B582B08DF8070003F056F99DF8070099
:106630000090E4F73DFA0099024645F28C30C2F230
:106640000040F3F755FF03F073F902B080BD00007E
:1066500080B584B08DF80F00FEF7FAFB03F03CF92B
:1066600001200190DCF754F9019840F2AC21C2F20C
:1066700000010870F4F790FC019945F2B400C2F2F1
:10668000000000231A46F1F713FD9DF80F00029059
:10669000E4F70EFA0299024645F28C30C2F200404D
:1066A000F3F726FF03F044F904B080BD00000000BA
:1066B00080B588B084460A98CDF81CC006918DF844
:1066C0001720ADF814308DF8130007980390069842
:1066D00002909DF8130048BBFFE7BDF8140003309B
:1066E0008008019000200090FFE7009801998842FF
:1066F0001BD2FFE70298006803999DF8172001EB71
:1067000002314FF480528850029801300290029872
:1067100001300290029801300290029801300290FC
:10672000FFE7009801300090DFE7FFE7002008B0A6
:1067300080BD00000000000080B5B8B001A8009046
:10674000F2F736FB009800F053F820B9FFE700207D
:106750008DF8DF000BE00198232804DBFFE7002021
:106760008DF8DF0003E001208DF8DF00FFE79DF8E2
:10677000DF0038B080BD000080B5BAB038903791E6
:10678000389820B9FFE701208DF8E7002AE001A83A
:106790000090F2F70DFB009800F02AF840B1FFE7F7
:1067A00038990020C875389988628DF8E70019E09B
:1067B0003898C07D50B9FFE738990120C8753798DF
:1067C0003899886200208DF8E7000BE037983899F7
:1067D000896A411A0020B1F57A7F88BF01208DF8BF
:1067E000E700FFE79DF8E7003AB080BD0000000039
:1067F00082B00090009820B9FFE700208DF80700D4
:1068000019E00098007E20B1FFE70098C07E20B913
:10681000FFE700208DF807000DE000980068B0F158
:10682000FF3F04DCFFE700208DF8070003E00120B4
:106830008DF80700FFE79DF8070002B070470000E1
:1068400080B588B007909FED860AF6F7C9FC8DEDFC
:10685000050A9FED840AF6F7C3FC8DED040A0020BB
:106860008DF81B00FFE79DF81B0003282BD8FFE7DE
:106870009DF81B204BF65C20C0F6020000EB820066
:1068800090ED000AC2EBC20146F29010C2F2000085
:1068900000EB8100C168079800EB8200026B891A47
:1068A00001EE101AB8EEC11A20EE010A9DED051A8C
:1068B00080EE010A80ED1A0AFFE79DF81B00013007
:1068C0008DF81B00CFE74BF64821C0F6020191ED91
:1068D000000A46F2B000C2F20000C36F079AD2F875
:1068E00040C0A3EB0C0301EE103AB8EEC11A20EE43
:1068F000010A9DED041A80EE010A82ED1E0A91ED57
:10690000010AD0F898200798436CD21A01EE102A99
:10691000B8EEC11A20EE010A9DED041A80EE010ABC
:1069200080ED1F0A91ED000A46F29010C2F20000BD
:10693000C36F079AD2F848C0A3EB0C0301EE103ADC
:10694000B8EEC11A20EE010A9DED041A80EE010A8C
:1069500082ED200A91ED010AD0F898100798C26CD8
:10696000891A01EE101AB8EEC11A20EE010A9DED47
:10697000041A80EE010A80ED210A0798D9F728FF52
:106980008DF80F0000208DF80E00FFE79DF80E0037
:10699000012862D8FFE70020029001909DF80F00C7
:1069A000C007B0B1FFE707989DF80E1000EB81001B
:1069B00090ED1E1A9DED020A30EE010A8DED020ADD
:1069C0009DED010AB7EE001A30EE010A8DED010AC5
:1069D000FFE79DF80F008007002816D5FFE707980E
:1069E0009DF80E1000EB810090ED201A9DED020A3B
:1069F00030EE010A8DED020A9DED010AB7EE001A94
:106A000030EE010A8DED010AFFE79DED010AB6EEB9
:106A1000001AB4EE410AF1EE10FA09DDFFE79DED30
:106A2000020A9DED011A80EE010A8DED000A04E0D4
:106A30009FED0D0A8DED000AFFE79DED000A079816
:106A40009DF80E1000EB810080ED220AFFE79DF813
:106A50000E0001308DF80E0098E708B080BD00BF31
:106A600049F1E744B458B7440000000000000000BA
:106A7000FFE7FEE70000000086B08DED020ACDEDD5
:106A8000010A8DED001A0298039001980490009875
:106A900005909DED030ADDED040A9DED051A06B093
:106AA000704700000000000082B00090009820B9FC
:106AB000FFE76FF00500019008E0009845F61C0123
:106AC000C2F20041086000200190FFE7019802B087
:106AD000704700000000000083B001908DF80310A3
:106AE0000198072804D3FFE76FF00500029014E037
:106AF000019848F21401C2F2004108609DF80300B9
:106B000040F2F811C2F20001087046F6EC11C2F230
:106B10000001002008600290FFE7029803B0704770
:106B200082B00090009820B9FFE76FF00500019057
:106B300008E0009845F62401C2F2004108600020F8
:106B40000190FFE7019802B07047000000000000CC
:106B500080B588B08DF81F0045F62400C2F20040D1
:106B6000006808B9FFE755E19DF81F0046F6EC13F1
:106B7000C2F200031A68511C196047F61471C2F280
:106B80000041885448F21400C2F2004000680290AC
:106B9000B8B1FFE7029801287ED0FFE702980238DB
:106BA0000228C0F02081FFE70298042809D0FFE7FF
:106BB0000298052870D0FFE70298062800F013819C
:106BC00018E147F61470C2F200400078552810D042
:106BD000FFE746F6EC10C2F20000016801390160DF
:106BE000026847F61470C2F20040411CD9F792FCCB
:106BF00010E146F6EC10C2F2000000680B284AD300
:106C0000FFE747F61470C2F2004001900A2101F03C
:106C1000E7FA01998DF80F009DF80F00897A8842F4
:106C200010D0FFE746F6EC10C2F20000016801390F
:106C30000160026847F61470C2F20040411CD9F7A7
:106C400069FCE7E047F61470C2F2004000908178DA
:106C5000C27841EA0221ADF810100179427941EA87
:106C60000221ADF812108179C27941EA0221ADF812
:106C70001410017A427A41EA0221ADF816104078E8
:106C800004A90422DBF7E0FE46F6EC11C2F2000193
:106C900000200860FFE7ADE046F6EC10C2F200000D
:106CA00000680328C0F09E80FFE747F61470C2F228
:106CB00000404078032810D0FFE746F6EC10C2F2FF
:106CC0000000016801390160026847F61470C2F2E1
:106CD0000040411CD9F71EFC9CE046F6EC10C2F2C5
:106CE0000000006847F61471C2F20041897805314E
:106CF000884201D2FFE78DE046F6EC11C2F20001B6
:106D00000A6847F61470C2F20040024412F8023CCE
:106D100012F8012C42EA0322ADF81A200968023960
:106D200089B201F01DFAADF81C00BDF81A00BDF8DB
:106D30001C10884210D0FFE746F6EC10C2F20000AB
:106D4000016801390160026847F61470C2F2004020
:106D5000411CD9F7DFFB5DE047F61470C2F200403A
:106D600080784008ADF81A000020ADF81800FFE761
:106D7000BDF81800BDF81A1088421FDAFFE7BDF809
:106D8000181047F61470C2F2004000EB4100C278C0
:106D9000007940EA022046F6E812C2F200021268C8
:106DA0000A4446F6AC01C2F2000121F81200FFE7E6
:106DB000BDF818000130ADF81800D9E745F62400F9
:106DC000C2F20040026846F6E810C2F20000006815
:106DD000BDF81A10904746F6EC11C2F200010020EF
:106DE0000860FFE706E046F6EC11C2F20001002061
:106DF0000860FFE746F6EC10C2F200000068B0F54C
:106E0000807F07D1FFE746F6EC11C2F200010020B7
:106E10000860FFE708B080BD82B00090009820B9FC
:106E2000FFE76FF00500019008E0009846F274213A
:106E3000C2F20001086000200190FFE7019802B053
:106E4000704700000000000080B582B0009048F25A
:106E50001400C2F200400068042804D1FFE76FF07C
:106E60000500019038E0BDF90000012140F6FF72F5
:106E7000DBF7F2FA20B9FFE76FF0050001902BE095
:106E800069204BF2885100F077F820B1FFE76FF0EE
:106E90000200019020E045F61C00C2F200400068AC
:106EA00040B1FFE745F61C00C2F200400168142023
:106EB000884703E06FF0040001900DE0BDF800107A
:106EC000022000F059F820B1FFE76FF002000190B6
:106ED00002E000200190FFE7019802B080BD0000B1
:106EE00080B582B0009048F21400C2F20040006801
:106EF000042804D1FFE76FF00500019037E0BDF9E9
:106F0000000001210D22DBF7A7FA20B9FFE76FF09F
:106F1000050001902BE069204BF2885100F02CF81D
:106F200020B1FFE76FF00200019020E045F61C0061
:106F3000C2F20040006840B1FFE745F61C00C2F213
:106F4000004001681420884703E06FF004000190BE
:106F50000DE0BDF80010032000F00EF820B1FFE7AF
:106F60006FF00200019002E000200190FFE701981D
:106F700002B080BD0000000080B588B00690ADF87A
:106F800016100698902804D3FFE76FF005000790CD
:106F9000D2E048F21400C2F20040006802900628D5
:106FA00000F2C3800299DFE801F0082D6993042DF7
:106FB00069006FF005000790BEE046F27420C2F24F
:106FC0000000006820B9FFE76FF004000790B3E00D
:106FD000FF208DF80C00AA208DF80D0006988DF882
:106FE0000E00BDF816008DF80F009DF817008DF803
:106FF000100046F27420C2F20000026803A80521C6
:10700000904796E046F27420C2F20000006820B972
:10701000FFE76FF0040007908EE040F2F810C2F234
:10702000000000788DF80C0006218DF80D100698F0
:10703000000A8DF80E0006988DF80F009DF81700D5
:107040008DF81000BDF816008DF8110003A801900E
:1070500001F086F801460198ADF814109DF815105E
:107060008DF81210BDF814108DF8131046F274212B
:10707000C2F200010A68082190475AE046F27020E7
:10708000C2F20000006820B9FFE76FF0040007902B
:1070900052E0FF208DF80C00AA208DF80D00069814
:1070A0008DF80E00BDF816008DF80F009DF8170042
:1070B0008DF8100046F27020C2F20000036840F222
:1070C000F810C2F20000007803A90522984730E0CA
:1070D00045F62000C2F20040006820B9FFE76FF0DB
:1070E0000400079028E0BDF816008DF80C009DF80C
:1070F00017008DF80D0045F62000C2F20040D0F8D0
:1071000000C040F2F810C2F20000007840009DF884
:107110001810C0B203AA0223E047012804D0FFE7F9
:107120006FF00200079007E003E06FF005000790A2
:1071300002E000200790FFE7079808B080BD00003C
:1071400080B501F0D1F880BD83B001900198009026
:10715000082822D80099DFE801F005080B0E111469
:10716000171A1D00002002901AE00120029017E07B
:107170000220029014E00320029011E0042002900B
:107180000EE0052002900BE00620029008E00720A8
:10719000029005E00820029002E008200290FFE73C
:1071A000029803B07047000080B584B0ADF80E00BF
:1071B0000291BDF80E0044F64461C2F2000108607D
:1071C00000208DF80700FFE79DF80700072810D87A
:1071D000FFE702989DF80720805C44F63C61C2F20C
:1071E00000018854FFE79DF8070001308DF8070083
:1071F000EAE7BDF80E10029A45F68410C2F20000CC
:10720000082301F005F9014644F69460C2F20040FB
:107210000170007804B080BD81B08DF802009DF847
:107220000200012804D1FFE701208DF8030003E0EC
:1072300000208DF80300FFE79DF8030001B07047C0
:1072400080B582B045F2AC30C2F20040019090218E
:10725000D9F7D7F901990120088044F68A40C2F293
:1072600000400090007800F0A7F8019A01460098CD
:10727000518002211186407800F09EF8019A014663
:10728000009851860321A2F86010807800F094F8ED
:107290000199A1F8620044F60061C2F200010020E9
:1072A000086044F69041C2F20041086002B080BD1F
:1072B00080B582B00190019838B1FFE744F6FC50E8
:1072C000C2F20000007808B9FFE770E0019800F012
:1072D000F7F844F68A40C2F200400078012813D142
:1072E000FFE7019890ED010AD0ED020A90ED031A34
:1072F000D0ED041A90ED052A45F68410C2F2000084
:10730000012101F0ADF90CE0019890ED010AD0EDFA
:10731000020A45F68410C2F20000012101F048FA89
:10732000FFE744F68A40C2F200404078012813D1BA
:10733000FFE7019890ED070AD0ED080A90ED091AD1
:10734000D0ED0A1A90ED0B2A45F68410C2F2000027
:10735000022101F085F90CE0019890ED070AD0EDCB
:10736000080A45F68410C2F20000022101F020FA5A
:10737000FFE744F68A40C2F20040807801280ED12F
:10738000FFE7019890ED0D0AD0ED0E0A90ED0F1A6F
:10739000D0ED101A90ED112A00F04AFC07E0019898
:1073A00090ED0D0AD0ED0E0A00F01AFEFFE702B0D4
:1073B00080BD00000000000081B08DF803009DF842
:1073C0000300013818BF0120000201B0704700001F
:1073D00081B08DF801009DF80100012804D1FFE77C
:1073E0000320ADF8020004E040F20310ADF8020003
:1073F000FFE7BDF8020001B0704700000000000088
:1074000080B584B003900291039818B1FFE7029809
:1074100008B9FFE752E00398C06800F08DFF8DF8CF
:1074200007009DF80700092804D3FFE708208DF81E
:107430000700FFE745F23C41C2F200410868013015
:1074400008600398006808839DF807008876029812
:10745000007800F00F00C87600208DF80600FFE7E6
:107460009DF806009DF80710884211DAFFE70298A0
:107470009DF80620805C45F23C41C2F20041114477
:107480000877FFE79DF8060001308DF80600E7E772
:10749000FFE79DF80600072810D8FFE79DF80610C3
:1074A00045F23C40C2F20040014400200877FFE76B
:1074B0009DF8060001308DF80600EAE704B080BDB3
:1074C00080B584B00390039808B9FFE7CDE045F29A
:1074D0009450C2F2000001900168013101600399EB
:1074E00008304822D9F716F8019A44F68A40C2F2C9
:1074F000004002900178012918BF40F20111A2F862
:10750000501043784FF48171012B08BF0221A2F87B
:1075100052108078FFF75CFF019A01460298A2F8AA
:1075200054100078012823D1FFE7039890ED010A59
:10753000D0ED020A90ED031AD0ED041A90ED052A61
:1075400045F29450C2F200005630FAEE092AB2EE2B
:10755000093ADFED473A9FED474ADFED474AB1EE82
:10756000045AFBEE045AB3EE046A00F0B9F80CE0DA
:10757000039890ED010AD0ED020A45F29450C2F250
:107580000000563000F0ECFCFFE744F68A40C2F2FF
:1075900000404078012823D1FFE7039890ED070AC7
:1075A000D0ED080A90ED091AD0ED0A1A90ED0B2AD9
:1075B00045F29450C2F200005E30FAEE092AB2EEB3
:1075C000093ADFED2B3A9FED2B4ADFED2B4AB1EE66
:1075D000045AFBEE045AB3EE046A00F081F80CE0A2
:1075E000039890ED070AD0ED080A45F29450C2F2D4
:1075F00000005E3000F0B4FCFFE744F68A40C2F2BF
:1076000000408078012823D1FFE7039890ED0D0A10
:10761000D0ED0E0A90ED0F1AD0ED101A90ED112A50
:1076200045F29450C2F200006630DFED142A9FED5F
:10763000143ADFED143A9FED144ADFED0F4AB1EE34
:10764000045AF9EE085AB1EE086A00F049F80CE065
:10765000039890ED0D0AD0ED0E0A45F29450C2F257
:107660000000663000F07CFCFFE704B080BD00BF86
:10767000000034C2000034420000FA43B81E49C181
:10768000B81E4941000048C2000048420000000006
:1076900080B584B08DF80F006FF0407002904FF00D
:1076A000FF3001909DF80F00FFF792FE01A9FFF750
:1076B0007BFD04B080BD000080B584B08DF80F0064
:1076C0006FF0007002904FF0FF3001909DF80F00B6
:1076D000FFF77EFE01A9FFF767FD04B080BD000043
:1076E00080B594B006A9019101460198139180EDEF
:1076F0000C0AC0ED0B0A80ED0A1AC0ED091A80EDE4
:10770000082AC0ED072A80ED063AC0ED053A80ED63
:10771000044AC0ED034A80ED025AC0ED015A80EDE3
:10772000006A90ED0C0AD0ED070A90ED061A1020C1
:1077300000F06AF801460198ADF8161090ED0B0ABA
:10774000D0ED050A90ED041A0C20029000F05CF8D0
:10775000019902460298ADF8142091ED0A0A91EDC4
:10776000031ADFED270ACDED000A00F04DF8DDED3C
:10777000000A019902460298ADF8122091ED090A1B
:1077800091ED021A00F040F8019902460298ADF816
:10779000102091ED080AD1ED010A91ED001A00F0D8
:1077A00033F8ADF80E009DF81700139908709DF896
:1077B000160013994870BDF81400000913998870D9
:1077C000BDF814109DF8130040EA01101399C87019
:1077D0009DF8120013990871BDF810000009139963
:1077E0004871BDF810109DF80F0040EA0110139980
:1077F00088719DF80E001399C87114B080BD00BF48
:10780000000000000000000088B08DED060ACDEDFC
:10781000050A8DED041A8DF80F009DED040A9DED0B
:10782000051A30EE410A8DED020A9DED060A9DED26
:10783000051A30EE410A8DED010A9DF80F10012066
:107840008840013800909DED060A9DED051AB4EEC2
:10785000410AF1EE10FA04DCFFE70020ADF81E004B
:1078600020E09DED060A9DED041AB4EE410AF1EE0A
:1078700010FA04DBFFE70098ADF81E0012E09DED62
:10788000010A9DED001AB8EE411A20EE010A9DEDA5
:10789000021A80EE010ABCEEC00A10EE100AADF822
:1078A0001E00FFE7BDF81E0008B070470000000092
:1078B00080B584B08DF80F004FF6FF70CFF6004012
:1078C00002904FF0FF3001909DF80F00013818BF73
:1078D00001208DF80A00032001A9FFF765FC04B020
:1078E00080BD00000000000086B0ADF816008DEDF0
:1078F000040ACDED030A8DF80B109DED030A9DEDF2
:10790000041A30EE410A8DED010A9DF80B1001209A
:10791000884001380090BDF8160000EE100AB8EE5D
:10792000400A9DED011A20EE010A9DED001AB8EE05
:10793000411A80EE010A9DED041A30EE010A06B0EC
:10794000704700000000000084B003900291ADF881
:1079500006200093039818B1FFE7029808B9FFE7E3
:1079600032E0BDF806000399088002980088039968
:1079700048800298C088039988800098039988609D
:10798000039901200873029880680399086102989E
:10799000C068039948610298006903998861029858
:1079A000C0690399C8610298006A03990862029845
:1079B000406A039948620298006B039988620298B2
:1079C000406B0399C862FFE704B0704700000000F5
:1079D00080B586B08DF8160004910392049818B112
:1079E000FFE7039820B9FFE700208DF81700A9E012
:1079F0000498C06800F0A0FC8DF80B009DF80B0007
:107A0000072804D8FFE700208DF817009AE09DF8BA
:107A100016008DF80A009DF80A00012819D0FFE72A
:107A20009DF80A00022814D0FFE704980068012896
:107A300005D0FFE704980068022805D1FFE7049805
:107A400000688DF80A0003E000208DF8170079E047
:107A5000FFE79DF80A00012839D1FFE70399049850
:107A6000C26844F69840C2F2004000F08DFD44F632
:107A70000061C2F2000108680130086045F23C4133
:107A8000C2F200414868013048600498006801284B
:107A900008D0FFE745F23C41C2F20041486901309D
:107AA0004861FFE744F60060C2F20000036845F257
:107AB000AC30C2F2004044F69841C2F200410122CB
:107AC0000192FFF741FF01988DF817003AE0039902
:107AD0000498C26844F69840C2F20040383000F082
:107AE00053FD44F69041C2F200410868013008603D
:107AF00045F23C41C2F20041886801308860049838
:107B00000068022808D0FFE745F23C41C2F200417C
:107B1000486901304861FFE744F69040C2F20040F6
:107B2000036845F2AC30C2F20040303044F6984170
:107B3000C2F2004138310222FFF706FF01208DF822
:107B40001700FFE79DF8170006B080BD0000000099
:107B500080B59AB0199018910FA82421D8F773FD19
:107B600019988068B0F1804F04D1FFE719984068F8
:107B7000029003E0199800680290FFE702980F90C6
:107B80001998806800F14040B0FA80F04009800701
:107B9000109000200190119019980069FFF7D4FA15
:107BA0000146019812911390149015901690179019
:107BB000189A45F68410C2F200000FA9E1F774FB91
:107BC0008DF80F009DF80F0040B9FFE744F698616B
:107BD000C2F2004108680130086007E044F698618D
:107BE000C2F20041486801304860FFE745F6841062
:107BF000C2F200000090E1F78FFC0146009844F6C5
:107C00009862C2F20042516304A9E1F78DFC58B9B1
:107C1000FFE7049844F69861C2F2004181F8380009
:107C2000069881F83900FFE79DF80F001AB080BD73
:107C300080B58EB009A8029080ED040AC0ED030A59
:107C400080ED021AC0ED011A80ED002A0021089192
:107C5000079190ED040ADFED390A9FED391A1020E3
:107C6000FFF7D2FD01460298ADF81A1090ED030A15
:107C7000DFED340A9FED341A0C200390FFF7C4FDAA
:107C8000029902460398ADF8182091ED020ADFED43
:107C90002F0ACDED010A9FED2E1AFFF7B5FDDDEDA0
:107CA000010A029902460398ADF8162091ED010AE7
:107CB000B1EE041AFFF7A8FD029902460398ADF849
:107CC000142091ED000AF9EE080AB1EE081AFFF748
:107CD0009BFDADF812009DF81B008DF81C009DF86F
:107CE0001A008DF81D00BDF8180000098DF81E005F
:107CF000BDF818109DF8170040EA01108DF81F001C
:107D00009DF816008DF82000BDF8140000098DF8CC
:107D10002100BDF814109DF8130040EA01108DF801
:107D200022009DF812008DF823000120FFF750FB80
:107D300007A9FFF739FA0EB080BD00BFB81E49C1D0
:107D4000B81E4941000048C200004842000000003F
:107D50000000FA430000000080B584B044F68A4079
:107D6000C2F2004002900078FFF726FB014602981D
:107D700044F69842C2F20042019211804078FFF727
:107D80001BFB019A0146029811870078FFF714FB4C
:107D90000146029845F2AC32C2F200420392518091
:107DA0004078FFF709FB039A0146029851868078D4
:107DB000FFF702FB0399A1F8620004B080BD000048
:107DC00010B58CB00B900B980078032801D0FFE71A
:107DD000BAE00B984178807840EA0120ADF82A009B
:107DE0000B99C8780979000140EA1110ADF8280014
:107DF0000B980179407901F00F0140EA0120ADF8BC
:107E000026000B9880798DF823009DF8230000F060
:107E10000F010B98C07940EA0120ADF8240044F628
:107E20003061C2F2000101200290087044F6346112
:107E3000C2F200010691086801300860BDF82A000E
:107E40009FED420ADFED420A1021FFF74DFD44F697
:107E50008860C2F20040039080ED000ABDF828005F
:107E60009FED3C0ADFED3C0A0C210191FFF73CFD40
:107E7000019944F63860C2F20000049080ED000AD7
:107E8000BDF82600B9EE080AF1EE080AFFF72CFD4E
:107E900044F69060C2F20040059080ED000A45F281
:107EA000AC31C2F2004107910320A1F8600044F612
:107EB0008A40C2F200408078FFF77EFADDF808C001
:107EC000039B049A0599DDF818E004460798A0F88A
:107ED00062409DF82340A409A0F86440DEF800E069
:107EE000C0F868E080F86CC09DF823C0CCF3401C5B
:107EF00080F86DC09DF823C0CCF3001C80F86EC0E4
:107F0000BDF82AC0C0F870C0BDF828C0C0F874C061
:107F1000BDF826C0C0F878C01B68C3671268C0F8F7
:107F200080200968C0F884100021C0F88810BDF8CE
:107F3000241000EE101AB8EE400A9FED081A20EE49
:107F4000010A80ED230AFFE70CB010BDB81E49C13D
:107F5000B81E4941000048C200004842CDCCCC3D8B
:107F600083B002908DED010ACDED000A02990198CF
:107F7000086002990098486003B070470000000054
:107F800080B582B00190019808B9FFE724E001981C
:107F90000078FFF741F9019908700198007EFFF71A
:107FA0003BF901990876019890F83000FFF734F911
:107FB000019981F830000198007844F68A41C2F2B4
:107FC000004108700198007E4870019890F83000D8
:107FD0008870FFF7C1FEFFE702B080BD000000001F
:107FE00080B584B08DED030ACDED020A002001902A
:107FF00000900399009102990191FFF7E9F9694610
:10800000FFF7D2F804B080BD80B582B044F6B4501A
:10801000C2F2000001904821D8F715FB019944F6FF
:108020008A40C2F2004002780A7042780A7680786C
:1080300081F8300002B080BD80B58AB009908DF81B
:10804000231009990020079006904FF08042039278
:108050000490082005900A8A097841EA022101F17A
:10806000C851029101218DF8181002218DF81910C4
:1080700003218DF81A1004218DF81B1005218DF8AD
:108080001C1006218DF81D109DF823108DF81E1070
:108090008DF81F0001A806A9FFF75AFD0AB080BDA0
:1080A00080B584B003908DF80B108DF80A200398EA
:1080B000019064304BF24461C0F6020100F014F804
:1080C00001989DF80B100170FD2101820021816152
:1080D0009DF80A2002F0010280F8452080F8461041
:1080E00004B080BD0000000082B0019000910198B2
:1080F000009909880180009949880181009989883F
:1081000001820099C9880183009909890184009935
:10811000498901850099898901860099C989018762
:108120000099098AA0F840100099498AA0F84810DF
:108130000099898AA0F850100099C98AA0F85810AF
:108140000099098BA0F860100099498BA0F868107D
:108150000099898BA0F8701002B0704700000000F1
:1081600084B00390ADF80A10FF208DF809008DF857
:108170000800002100918DF809008DF80800FFE744
:108180000098BDF80A10884222DAFFE79DF809003E
:108190000399009A895C48408DF807009DF8080013
:1081A0009DF807204BF26661C0F60201895C4840E9
:1081B0008DF809009DF807104BF26670C0F60200BA
:1081C000405C8DF80800FFE7009801300090D7E789
:1081D0009DF809109DF8080040EA012004B070479E
:1081E00084B00390029100208DF803000190FFE716
:1081F0000198029988420DD2FFE703980199415CEA
:108200009DF8030008448DF80300FFE70198013052
:108210000190EDE79DF8030004B0704700000000F6
:1082200081B0ADF80200BDF9020000280ED4FFE7CE
:10823000BDF9021001F01F02012090404A094EF2E0
:108240000011CEF2000141F82200FFE701B07047B3
:108250004EF60C50CEF200000068C0F302207047CA
:1082600082B0ADF806000091BDF9060000280AD4DE
:10827000FFE700980001BDF906104EF20042CEF271
:10828000000288540BE000980001BDF8061001F0D0
:108290000F014EF61452CEF200028854FFE702B0EE
:1082A000704700000000000083B00290029800F0C8
:1082B000070000904EF60C51CEF2000108680190C4
:1082C00001984FF6FF02104001900198009A40EA91
:1082D00002200022C0F2FA52104301900198086077
:1082E00003B070470000000080B545F63050C2F280
:1082F000004003210122FFF7D3FE80BD00000000F3
:1083000082B08DED010A9DED010AB5EE400AF1EE55
:1083100010FA05DBFFE79DED010A8DED000A06E08E
:108320009DED010AB1EE400A8DED000AFFE79DEDDB
:10833000000A02B07047000083B0019001980090DD
:1083400008282BD80099DFE801F005090D1115194F
:108350001D21250000208DF80B0023E001208DF861
:108360000B001FE002208DF80B001BE003208DF8AE
:108370000B0017E004208DF80B0013E005208DF8AA
:108380000B000FE006208DF80B000BE007208DF8A6
:108390000B0007E008208DF80B0003E008208DF8A3
:1083A0000B00FFE79DF80B0003B0704700000000D2
:1083B00083B0019001980090082822D80099DFE846
:1083C00001F005080B0E1114171A1D000020029071
:1083D0001AE00120029017E00220029014E003202E
:1083E000029011E0042002900EE0052002900BE0C4
:1083F0000620029008E00720029005E00820029085
:1084000002E008200290FFE7029803B070470000E6
:1084100080B592B01090ADF83E100E920D9304A866
:108420002421D8F710F9109818B1FFE70E9820B959
:10843000FFE701208DF847003AE0BDF83E000490C8
:1084400000200390059006900D98FFF7B1FF0146BC
:1084500003980791089009900A900B900C9010983F
:10846000E1F73EFA50B9FFE710980021012202928D
:10847000D8F79EFA02988DF8470019E010980E9AE6
:1084800004A9E0F711FF48B1FFE710980022114658
:10849000D8F78EFA01208DF8470009E010980121E5
:1084A00000220192D8F784FA01988DF84700FFE77F
:1084B0009DF8470012B080BD80B582B000200190C9
:1084C00045F61060C2F200400068C0B1FFE745F613
:1084D0001060C2F20040006801A901F059FB019848
:1084E00060B1FFE74EF60451CEF200014FF080502C
:1084F0000860BFF34F8FBFF36F8FFFE7FFE702B056
:1085000080BD00000000000080B582B00190ADF891
:1085100002100198BDF802100022FC2300F01CF9A3
:1085200002B080BD0000000080B582B00190ADF8BF
:1085300002100198BDF802104FF48072FC2300F085
:108540000BF902B080BD000080B582B00190ADF89B
:1085500002100198BDF802100022FD2300F0FCF883
:1085600002B080BD0000000080B582B00190ADF87F
:1085700002100198BDF802104FF48072FD2300F044
:10858000EBF802B080BD000080B584B0039002918A
:108590000192019808285AD1FFE70298007800F06C
:1085A0000F00039988800298007800090399C88019
:1085B0000298B0F8010040BA039988600299C8781F
:1085C0000979000140EA11100399C8600298017905
:1085D000407901F00F0140EA0120039908610398F6
:1085E0008068BAEE090AF2EE090A102101F028F8B3
:1085F000039880ED070A0398C0689FED160ADFED27
:10860000160A0C21009101F01BF80099039880EDE7
:10861000080A03980069BBEE040AF3EE040A01F0AD
:108620000FF8039880ED090A0298807900EE100A8D
:10863000B8EE400A039880ED0C0A0298C07900EE6B
:10864000100AB8EE400A039880ED0D0AFFE704B067
:1086500080BD00BF000034C20000344200000000B2
:1086600080B590B00F90ADF83A108DED0D0ACDEDBC
:108670000C0A8DED0B1ACDED0A1A8DED092A9DED30
:108680000D0AFAEE090AB2EE091A102000F0ACF851
:1086900008909DED0C0ADFED2C0A9FED2C1A0C20A2
:1086A000019000F0A1F80146019807919DED0B0A99
:1086B000DFED270ACDED000A9FED261A00F094F8B1
:1086C000DDED000A0146019806919DED0A0AB1EE22
:1086D000041A00F089F80146019805919DED090AF8
:1086E000FBEE040AB3EE041A00F07EF8049008983A
:1086F000000A8DF8080008988DF80900079800090D
:108700008DF80A0007980001069940EA11208DF8BB
:108710000B0006988DF80C00059800098DF80D00E7
:1087200005980001049940EA11208DF80E00049884
:108730008DF80F000F98BDF83A1002AA0823FFF732
:1087400067FE10B080BD00BF000034C2000034429C
:10875000000000000000FA4380B586B00590ADF837
:108760001210ADF810208DF80F30FF208DF80700A3
:108770008DF808008DF809008DF80A008DF80B00BF
:108780008DF80C008DF80D009DF80F008DF80E008F
:108790000598BDF81210BDF8102011430DF1070225
:1087A0000823FFF735FE06B080BD00000000000082
:1087B00080B586B00590ADF812108DED030ACDEDB1
:1087C000020A002001900090039800900298019006
:1087D0000598BDF8121041F480716A460823FFF72E
:1087E00017FE06B080BD000086B08DED050ACDED08
:1087F000040A8DED031A02909DED030A9DED041A03
:1088000030EE410A8DED010A9DED050A9DED041A39
:1088100030EE410A8DED000A9DED050A9DED041A2A
:10882000B4EE410AF1EE10FA03DAFFE700200090FF
:108830000DE09DED050A9DED031AB4EE410AF1EE3F
:1088400010FA03DDFFE701980090FFE7FFE79DEDD9
:10885000000A029901208840013801EE100AB8EEA2
:10886000C11A20EE010A9DED011A80EE010ABCEE4C
:10887000C00A10EE100A06B07047000000000000A9
:1088800083B002900191029818B1FFE7019808B9EE
:10889000FFE73FE002990888088101980178407855
:1088A00040EA01200299088001988178C07840EA66
:1088B00001200299488001980179407940EA01201D
:1088C00002998880019880790299887102990888B4
:1088D000B1F90810401A00900098B0F5805F05DDEE
:1088E000FFE702990869013808610AE0009810F56D
:1088F000805F05DAFFE70299086901300861FFE748
:10890000FFE702990A69088800EB42308A8A801AD8
:10891000C860FFE703B0704782B0019000910198F2
:1089200018B1FFE7009808B9FFE712E00098017856
:10893000407840EA012001990880019908888882DE
:108940000199088808810199002008610199C8608F
:10895000FFE702B07047000081B0EFF305800090A0
:108960000098002818BF012001B0704700000000E7
:1089700080B582B000200190EAF78EFBE2F7B0F8F4
:10898000F6F76AF8EAF730FDEAF7B2FBEAF7CCFB54
:10899000EAF70AFCEAF748FCEAF7BEFDEAF754FEFC
:1089A000EAF7DAFEEAF7B0FFEAF7F6FFEAF71CFFAC
:1089B000EAF762FFEAF78CFEDDF796FA0220012162
:1089C000EDF702FFEAF770FC00F04AF8FFE7FEE778
:1089D00082B0ADF8060000200090BDF906008428A2
:1089E00007D0FFE7BDF90600009908440330009066
:1089F000FFE7009802B0704783B08DED020ACDED1D
:108A0000010A9DED020A9DED011AB4EE410AF1EE54
:108A100010FA05DDFFE79DED020A8DED000A04E086
:108A20009DED010A8DED000AFFE79DED000A03B000
:108A3000704700000000000080B584B003900398E8
:108A40000290029818B1FFE70298019002E001201D
:108A50000190FFE7019801F063F8002004B080BDA9
:108A600080B501F02DF9002080BD0000000000005D
:108A700080B582B0FFF770FF20B1FFE701F0DCFBAB
:108A8000019003E001F0CCFB0190FFE7019802B0F8
:108A900080BD000000000000B0B590B00E900D91B8
:108AA0000E98406938B3FFE70E98806918B3FFE766
:108AB0000E980168089141680B91016909910D991F
:108AC0000A91B0F90800FFF783FF0899099A0A9BF9
:108AD00084460B98DDF838E0DEF81440DEF81850D4
:108AE000EE46CEF80850CEF80440CEF800C001F0B3
:108AF00023FB0C9020E00E980168049141680791D7
:108B0000018A05910D990691B0F90800FFF760FF01
:108B10000499059A069B84460798EE460CACCEF85D
:108B20000440CEF800C001F0B7FA012803D0FFE7F7
:108B300000200F9003E0FFE70C980F90FFE70F98DD
:108B400010B0B0BD0000000080B582B08DED010A0C
:108B500000909DED010A0098ECF722F80098ECF7E0
:108B600077F802B080BD000080B582B08DED010ABB
:108B700000909DED010A0098ECF73EF80098ECF7A4
:108B800093F802B080BD000080B584B003900291DC
:108B90004AF29060C2F200000068009045F628504A
:108BA000C2F200400068043000F0D6FD88B9FFE74B
:108BB00045F62850C2F200400068C16A012000FA60
:108BC00001F24AF24861C2F200010868904308606D
:108BD00000E0FFE70398013080B9FFE7029868B131
:108BE000FFE745F62850C2F200400068011D4AF236
:108BF0007C60C2F2000000F043FE3DE00098039963
:108C000008440190019845F62851C2F200410968D4
:108C100048600198009988420ED2FFE746F61C0092
:108C2000C2F20000006845F62851C2F2004109680E
:108C3000043100F0EDFD1EE045F62C50C2F200407C
:108C4000006845F62851C2F200410968043100F07D
:108C5000DFFD01984AF25841C2F20041096888429A
:108C600007D2FFE701984AF25841C2F2004108607A
:108C700000E0FFE7FFE7FFE704B080BD0000000071
:108C800080B582B0019000F027FE4AF2DC11C2F2FA
:108C9000004108680130086045F62850C2F20040E3
:108CA000006898B9FFE7019845F62851C2F20041E3
:108CB00008604AF2DC10C2F200400068012803D1CB
:108CC000FFE700F0CDF900E0FFE71CE04AF270603A
:108CD000C2F200000068A0B9FFE745F62850C2F2D2
:108CE00000400068C06A0199C96A884207D8FFE756
:108CF000019845F62851C2F20041086000E0FFE704
:108D000000E0FFE7FFE74AF2E411C2F20041086821
:108D1000013008600198C16A012000FA01F24AF2AC
:108D20004861C2F200010868104308600199C86AEE
:108D300000EB800246F62000C2F2000000EB820049
:108D4000043100F09DFD00F0F3FD4AF27060C2F2C4
:108D500000000068C8B1FFE745F62850C2F20040A5
:108D60000068C06A0199C96A88420CD2FFE74EF6D2
:108D70000451CEF200014FF080500860BFF34F8FD6
:108D8000BFF36F8F00E0FFE700E0FFE702B080BDB8
:108D900080B582B0FFE74AF24460C2F2000000688A
:108DA00008B3FFE700F098FD4AF27840C2F20040B5
:108DB000C068C06801900198043000F0CDFC4AF210
:108DC000DC11C2F200410868013808604AF24461CF
:108DD000C2F2000108680138086000F0A9FD01989E
:108DE00000F006F8D7E702B080BD000000000000E8
:108DF00080B582B00090009890F8510040B9FFE72C
:108E00000098006B00F0BCFD009800F0B9FD1CE07C
:108E1000009890F85100012804D1FFE7009800F075
:108E2000AFFD11E0009890F8510002280BD0FFE749
:108E30004FF0500080F31188BFF36F8FBFF34F8F57
:108E40000190FFE7FEE7FFE7FFE702B080BD00000B
:108E500084B04FF47050009046F63820C2F2000003
:108E600001909DF80400400788B1FFE701980730A2
:108E70000190019820F007000190019A46F63821F0
:108E8000C2F200010098891A08440090FFE7019897
:108E9000029002994AF27460C2F20000016000215F
:108EA00041600298009A104401900198083801909E
:108EB000019820F007000190019A46F61800C2F2CE
:108EC000000002600268516002681160029903911B
:108ED0000199039A891A5160006803990860039800
:108EE00040684AF25441C2F2004108600398406869
:108EF0004AF26061C2F2000108604AF2E811C2F26F
:108F000000414FF00040086004B0704700000000CE
:108F100080B582B00190FFE7FFF73AFF46F62000E8
:108F2000C2F20000006802280CD3FFE74EF604519D
:108F3000CEF200014FF080500860BFF34F8FBFF3B7
:108F40006F8F00E0FFE7E7E780B588B0DDF834C059
:108F5000DDF830C0DDF82CC0DDF828C006900591A2
:108F6000049203930C98006B049900EB8100043881
:108F70000290029820F0070002909DF80800400738
:108F800058B1FFE74FF0500080F31188BFF36F8FA7
:108F9000BFF34F8F0790FFE7FEE70598F8B1FFE7B3
:108FA00000200190FFE701980F2813D8FFE70598EC
:108FB000019A805C0C99114481F83400059801995C
:108FC000405C08B9FFE705E0FFE7FFE701980130E3
:108FD0000190E8E70C99002081F8430004E00C9927
:108FE000002081F83400FFE70A98072803D3FFE741
:108FF00006200A9000E0FFE70A980C99C8620A98D8
:109000000C9948640C990020009088640C980430F6
:1090100000F0F6FB0C98183000F0F2FB00980C9969
:1090200009610A99C1F107010C9A91610C99496291
:109030000C99C8640C9981F8500002980699039A1B
:1090400000F012FA0C9908600B9820B1FFE70C9819
:109050000B99086000E0FFE708B080BD0000000049
:1090600080B584B000200390FFE70398062810D84D
:10907000FFE7039800EB800146F62000C2F20000F3
:1090800000EB810000F0A4FBFFE7039801300390A0
:10909000EBE74AF24C60C2F20000019000F098FB4E
:1090A0004AF2EC10C2F20040029000F091FB4AF24A
:1090B0006440C2F2004000F08BFB4AF27840C2F2FA
:1090C000004000F085FB4AF27C60C2F2000000F034
:1090D0007FFB0199029845F62C52C2F200421160C2
:1090E00046F61C01C2F20001086004B080BD000019
:1090F00083B002904AF27460C2F200000190FFE770
:10910000019800680299884205D2FFE7FFE70198BD
:1091100000680190F4E7019800900098019949686F
:1091200008440299884209D1FFE7029842680199F0
:109130004868104448600198029000E0FFE70298F8
:10914000009000980299496808440199096888428A
:1091500020D1FFE70198006846F61801C2F200012D
:10916000096888420DD0FFE70198006842680299BB
:1091700048681044486001980068006802990860D7
:1091800007E046F61800C2F2000000680299086085
:10919000FFE704E00198006802990860FFE7019882
:1091A0000299884204D0FFE702980199086000E024
:1091B000FFE703B07047000008480068006880F3CC
:1091C00008884FF0000080F3148862B661B6BFF3E0
:1091D0004F8FBFF36F8F00DF00BF000008ED00E08E
:1091E00081B045F62C50C2F200400068006840B9DA
:1091F000FFE74AF25841C2F200414FF0FF300860E9
:109200000FE045F62C50C2F200400068C068C0680C
:109210000090009840684AF25841C2F2004108604C
:10922000FFE701B07047000083B00020009040F2DB
:10923000FC00C2F200400068013058B1FFE74FF077
:10924000500080F31188BFF36F8FBFF34F8F0290F0
:10925000FFE7FEE74FF0500080F31188BFF36F8FF8
:10926000BFF34F8F0190FFE7009808B9FFE7FBE7D6
:1092700003B070470000000080B58AB0069000205F
:10928000029000F085FD46F61800C2F2000000686A
:1092900018B9FFE7FFF7DCFD00E0FFE706984AF2A8
:1092A000E811C2F200410968084240F0C580FFE7BA
:1092B000069800B3FFE70698083006909DF818005E
:1092C0004007B0B1FFE7069820F00700083006908D
:1092D0009DF81800400758B1FFE74FF0500080F3A9
:1092E0001188BFF36F8FBFF34F8F0990FFE7FEE741
:1092F00000E0FFE700E0FFE70698002800F09A8012
:10930000FFE706984AF26061C2F2000109688842EC
:1093100000F29080FFE74AF27460C2F2000004900D
:1093200000680590FFE705984168069A0020914281
:10933000019007D2FFE705980068002818BF0120B8
:109340000190FFE70198C00730B1FFE7059804904E
:10935000059800680590E6E7059846F61801C2F200
:1093600000010968884263D0FFE70498006808306C
:10937000029005980068049908600598406806996D
:10938000401A112821D3FFE7059806990844039055
:109390009DF80C00400758B1FFE74FF0500080F3F4
:1093A0001188BFF36F8FBFF34F8F0890FFE7FEE781
:1093B000059840680699401A0399486006980599EF
:1093C00048600398FFF794FE00E0FFE705984268C5
:1093D0004AF26060C2F200000168891A0160006808
:1093E0004AF25441C2F20041096888420BD2FFE7B9
:1093F0004AF26060C2F2000000684AF25441C2F2D0
:109400000041086000E0FFE74AF2E810C2F20040C5
:109410000268059948681043486005990020086073
:109420004AF26861C2F2000108680130086000E099
:10943000FFE700E0FFE700E0FFE700F0E9FF9DF84D
:109440000800400758B1FFE74FF0500080F3118843
:10945000BFF36F8FBFF34F8F0790FFE7FEE70298D0
:109460000AB080BD0000000083B00290019100921C
:1094700002980438029002994FF0807008600298B8
:1094800004380290019820F00100029908600298C7
:1094900004380290029949F22920C0F602000860BF
:1094A00002981438029000980299086002980438D3
:1094B000029002996FF00200086002982038029032
:1094C000029803B07047000082B0019001980078C4
:1094D0008DF80000019840788DF80100019880789F
:1094E0008DF802000198C0788DF803009DED000A08
:1094F00002B070470000000084B003908DED020AB6
:10950000CDED010A8DED001A02980399886001984B
:109510000399C860009803990861039900200860C6
:109520000399486004B0704782B001908DED000A45
:1095300000980199086002B0704700000000000028
:1095400084B00290029890ED000A90ED011A30EE7E
:10955000410A8DED000A9DED000AB0EEC00A9FEDB4
:10956000361AB4EE410AF1EE10FA07DAFFE7029973
:109570000868486002984068039059E09DED000A31
:10958000B5EE400AF1EE10FA0ADDFFE7029890ED21
:10959000020A90ED041A20EE010A8DED010A09E09D
:1095A000029890ED030A90ED041A20EE010A8DED69
:1095B000010AFFE79DED000AB5EE400AF1EE10FA50
:1095C00019DDFFE79DED011A029890ED010A30EEDA
:1095D000010A80ED010A029890ED001A90ED010A4F
:1095E000B4EE410AF1EE10FA04DDFFE702990868D3
:1095F0004860FFE718E09DED011A029890ED010A1E
:1096000030EE410A80ED010A029890ED001A90EDCB
:10961000010AB4EE410AF1EE10FA04DAFFE702990A
:1096200008684860FFE7FFE7029840680390FFE79B
:109630009DED030A04B070476F12833A00000000EA
:1096400086B005908DED040ACDED030A02919DEDE3
:10965000030A9DED041A30EE410A8DED010A0498CB
:1096600000909DED050AB8EEC00A9DED011A20EEAE
:10967000010A029901208840013801EE100AB8EE73
:10968000C11A80EE010A9DED001A30EE010A06B003
:10969000704700000000000080B584B00390029184
:1096A00000F01AF945F62850C2F200400068C06C7C
:1096B000E8B9FFE745F62850C2F2004001680120F2
:1096C00081F85000029880B1FFE702980121FFF76E
:1096D0005BFA4EF60451CEF200014FF08050086064
:1096E000BFF34F8FBFF36F8F00E0FFE700E0FFE7AE
:1096F00000F01EF900F0F0F845F62850C2F20040E4
:109700000068C06C01900198A8B1FFE7039840B1D0
:10971000FFE745F62850C2F2004001680020C86407
:1097200008E00198013845F62851C2F20041096865
:10973000C864FFE700E0FFE745F62850C2F20040AA
:109740000168002081F8500000F0F2F8019804B0A0
:1097500080BD00000000000082B001900198006907
:10976000009001984168806888600199486889681C
:109770004860009840680199884205D1FFE7019848
:1097800080680099486000E0FFE7019900200861C7
:1097900000990868013808600098006802B07047B6
:1097A00083B002900191009202994AF20040C2F205
:1097B0000040086001994AF20020C2F200400860AF
:1097C00000998020086003B070470000000000008E
:1097D00081B00090009901F10800486000994FF0B5
:1097E000FF308860009901F10800C860009901F11C
:1097F0000800086100990020086001B0704700006F
:1098000081B0009000990020086101B0704700000D
:1098100084B0039002910298006800900098013093
:1098200020B9FFE703980069019010E00398083021
:109830000190FFE70198406800680099884205D8C8
:10984000FFE7FFE7019840680190F3E7FFE7019821
:1098500040680299486002984168886001980299BE
:1098600088600298019948600398029908610399F9
:1098700008680130086004B0704700000000000074
:1098800083B002900191029840680090009801997D
:1098900048600098806801998860019800998968FB
:1098A00048600198009988600298019908610299BE
:1098B00008680130086003B0704700000000000035
:1098C000DFF80C00016841F470010160704700008E
:1098D00088ED00E00000000082B04FF0500080F3FF
:1098E0001188BFF36F8FBFF34F8F019040F2FC00E0
:1098F000C2F200400168013101600068012814D102
:10990000FFE74EF60450CEF200000068000658B1A2
:10991000FFE74FF0500080F31188BFF36F8FBFF364
:109920004F8F0090FFE7FEE7FFE702B070470000AF
:1099300082B040F2FC00C2F20040006858B9FFE774
:109940004FF0500080F31188BFF36F8FBFF34F8F3C
:109950000090FFE7FEE740F2FC00C2F20040016821
:1099600001390160006830B9FFE7002001900198DB
:1099700080F31188FFE702B070470000000000008C
:1099800080B586B0039003980290039800285CD0BD
:10999000FFE7029808380290029801900198406809
:1099A0004AF2E811C2F20041096808420BD1FFE710
:1099B0004FF0500080F31188BFF36F8FBFF34F8FCC
:1099C0000590FFE7FEE70198006858B1FFE74FF008
:1099D000500080F31188BFF36F8FBFF34F8F049057
:1099E000FFE7FEE7019840684AF2E811C2F2004141
:1099F0000968084227D0FFE70198006808BBFFE725
:109A00004AF2E810C2F200400268019948689043A7
:109A1000486000F0BDF9019842684AF26061C2F204
:109A200000010868104408600198FFF761FB4AF2E2
:109A30006041C2F2004108680130086000F0E8FCB3
:109A400000E0FFE700E0FFE7FFE706B080BD0000B1
:109A50004EF21001CEF20001002008604EF2180212
:109A6000CEF20002106040F20400C2F20040006832
:109A700044F6D352C1F26202A0FB02024FF0FF3063
:109A800000EB92104EF21402CEF20002106007209A
:109A9000086070470000000084B0EFF3058001907B
:109AA000019810281ED3FFE701984EF2F031CEF254
:109AB0000001405C8DF803009DF803004AF2386114
:109AC000C2F20001097888420BDAFFE74FF050003C
:109AD00080F31188BFF36F8FBFF34F8F0390FFE7C1
:109AE000FEE7FFE74EF60C50CEF20000006800F4EF
:109AF000E0604AF23C61C2F20001096888420BD979
:109B0000FFE74FF0500080F31188BFF36F8FBFF372
:109B10004F8F0290FFE7FEE704B07047000000009F
:109B200080B584B00290002001900298E0B1FFE778
:109B30004AF2E010C2F20040006858B1FFE74FF06F
:109B4000500080F31188BFF36F8FBFF34F8F0390E6
:109B5000FFE7FEE700F01CF902980021FFF714F878
:109B600000F056FC019000E0FFE7019860B9FFE7C4
:109B70004EF60451CEF200014FF080500860BFF362
:109B80004F8FBFF36F8F00E0FFE704B080BD000090
:109B900080B58AB004900391049858B9FFE74FF05C
:109BA000500080F31188BFF36F8FBFF34F8F069083
:109BB000FFE7FEE7FFF770FF04980290EFF31181D3
:109BC0004FF0500080F31188BFF36F8FBFF34F8FBA
:109BD0000891079008980090029890F850008DF82E
:109BE00007000299022081F850000299C86C0130E8
:109BF000C8649DF80700012859D1FFE70298806AE0
:109C000058B1FFE74FF0500080F31188BFF36F8F1A
:109C1000BFF34F8F0590FFE7FEE74AF2E010C2F274
:109C200000400068F0B9FFE702980430FFF794FDA8
:109C30000298C16A012000FA01F24AF24861C2F2B8
:109C400000010868104308600299C86A00EB8002AE
:109C500046F62000C2F2000000EB82000431FFF75C
:109C60000FFE09E0029800F118014AF26440C2F2C6
:109C70000040FFF705FEFFE70298C06A45F628514D
:109C8000C2F200410968C96A88420ED9FFE7039809
:109C900020B1FFE7039901200860FFE74AF28C41F9
:109CA000C2F200410120086000E0FFE7FFE70098F2
:109CB0000990099880F311880AB080BD0000000067
:109CC00080B58AB0002003900690059006A805A9EB
:109CD00004AAFFF765FD039B049A0599DDF818C0F7
:109CE0006846C0F808C04160036048F61170C0F6CD
:109CF00002004CF2D851C0F6020100F01DFA0146F4
:109D00004AF26460C2F200000160006818B1FFE727
:109D10000120079002E000200790FFE70798012844
:109D200023D1FFE74FF0500080F31188BFF36F8F0E
:109D3000BFF34F8F09904AF25841C2F200414FF0F1
:109D4000FF3008604AF27061C2F200010120086031
:109D50004AF29061C2F200010020086000F0F0F8C1
:109D600008B1FFE700E0FFE70FE00798013058B9BE
:109D7000FFE74FF0500080F31188BFF36F8FBFF300
:109D80004F8F0890FFE7FEE7FFE70AB080BD0000B5
:109D90004AF2E011C2F200410868013008607047E1
:109DA00085B04AF2E010C2F20040006838B1FFE727
:109DB0004AF28C41C2F20041012008604DE04AF2B3
:109DC0008C41C2F20041002008604AF24860C2F2B1
:109DD0000000006804900498B0FA80F08DF80F003D
:109DE0009DF80F00C0F11F000190019800EB800169
:109DF00046F62000C2F2000050F8210058B9FFE7F3
:109E00004FF0500080F31188BFF36F8FBFF34F8F77
:109E10000290FFE7FEE7019800EB800146F6200084
:109E2000C2F2000000EB8100009000994868406891
:109E30004860009948680831884205D1FFE70099D9
:109E4000486840684860FFE700984068C06845F689
:109E50002851C2F200410860FFE705B070470000DA
:109E600080B588B08DED070ACDED060A8DED051A97
:109E7000049003919DED050A00F0F0FC8DED020ABF
:109E80009DED050A01F0C4F88DED010A9DED071A5C
:109E90009DED022A9DED060A9DED013A20EE030A92
:109EA000A1EE020A049880ED000A9DED071A9DEDCF
:109EB000012A9DED060A9DED023A20EE030AA1EE6D
:109EC000420A039880ED000A08B080BD000000003F
:109ED00081B08DED000AFFE79DED000A9FED141A99
:109EE000B4EE410AF1EE10FA09DDFFE79DED000A3C
:109EF0009FED121A30EE010A8DED000AECE7FFE744
:109F00009DED000A9FED0B1AB4EE410AF1EE10FA36
:109F100009DAFFE79DED000A9FED071A30EE010A0E
:109F20008DED000AECE79DED000A01B0704700BF1F
:109F3000DA0F4940DA0F49C0DB0FC940DB0FC9C057
:109F400080B588B04EF60050CEF2000000684CF2AA
:109F50007121C4F20F1188420BD1FFE74FF050007E
:109F600080F31188BFF36F8FBFF34F8F0790FFE728
:109F7000FEE74EF60050CEF2000000684CF2702171
:109F8000C4F20F1188420BD1FFE74FF0500080F36D
:109F90001188BFF36F8FBFF34F8F0690FFE7FEE787
:109FA0004EF20040CEF20000039001780491FF21B0
:109FB000017000788DF80B009DF80B0000F0500048
:109FC0004AF23861C2F2000108704AF23C61C2F202
:109FD000000107200860FFE79DF80B00000600283D
:109FE0000DD5FFE74AF23C61C2F200010868013872
:109FF00008609DF80B0040008DF80B00ECE74AF27A
:10A000003C60C2F20000006803280BD0FFE74FF06D
:10A01000500080F31188BFF36F8FBFF34F8F05900F
:10A02000FFE7FEE74AF23C61C2F200010868000265
:10A030000860086800F4E060086004984EF200418F
:10A04000CEF2000108704EF62051CEF200010868F1
:10A0500040F470000860086840F070400860FFF746
:10A06000F7FC40F2FC01C2F20041002001900860C0
:10A07000FFF726FC4EF63471CEF20001086840F07E
:10A0800040400860FFF798F8FFF78AFEFFF7CCF82A
:10A09000019808B080BD000070B58CB0DDF844C0F8
:10A0A000DDF840C00B900A91ADF826200893BDF86A
:10A0B00026008000FFF7E0F80590059880B1FFE7E3
:10A0C0005420FFF7D9F80790079820B1FFE70598CB
:10A0D0000799086303E00598FFF752FCFFE702E0E9
:10A0E00000200790FFE70798F0B1FFE707980026E8
:10A0F00080F851600B980A99BDF82620089BDDF87E
:10A1000040C0119C079DEE46CEF80C60CEF808507A
:10A11000CEF80440CEF800C0FEF716FF0798FEF711
:10A12000AFFD0120069003E04FF0FF300690FFE7FF
:10A1300006980CB070BD0000B0B58EB0DDF850C010
:10A14000DDF84CC0DDF848C00A90099108920793E9
:10A15000139858B9FFE74FF0500080F31188BFF310
:10A160006F8FBFF34F8F0D90FFE7FEE7149858B93C
:10A17000FFE74FF0500080F31188BFF36F8FBFF3FC
:10A180004F8F0C90FFE7FEE754200490049854286A
:10A190000BD0FFE74FF0500080F31188BFF36F8FB3
:10A1A000BFF34F8F0B90FFE7FEE70498149820B39E
:10A1B000FFE7139808B3FFE71498069013980699E1
:10A1C00008630699022081F851000A980999089AB3
:10A1D000079BDDF848C0069CEE460025CEF80C50E3
:10A1E000CEF8084005ACCEF80440CEF800C0FEF72B
:10A1F000ABFE0698FEF744FD02E000200590FFE765
:10A2000005980EB0B0BD000081B045F62850C2F2EE
:10A21000004000680090009801B070470000000006
:10A2200081B04AF29060C2F200000068009000988D
:10A2300001B070470000000080B582B0FFF72CFC31
:10A24000002000904AF29060C2F200000068019085
:10A25000019802B080BD000080B586B00020029059
:10A260004AF2E010C2F200400068002840F0C580C9
:10A27000FFE74AF29061C2F20001086801300190E4
:10A2800001980860019858BBFFE745F62C50C2F2D0
:10A2900000400068006858B1FFE74FF0500080F3BD
:10A2A0001188BFF36F8FBFF34F8F0590FFE7FEE775
:10A2B00045F62C52C2F200421068009046F61C018E
:10A2C000C2F2000108681060009808604AF25C4120
:10A2D000C2F20041086801300860FEF781FF00E02B
:10A2E000FFE701984AF25841C2F2004109688842EA
:10A2F00062D3FFE7FFE745F62C50C2F2004000684A
:10A30000006840B9FFE74AF25841C2F200414FF0FD
:10A31000FF3008604FE045F62C50C2F20040006864
:10A32000C068C0680490049840680390019803993D
:10A33000884207D2FFE703984AF25841C2F200412F
:10A34000086038E0FFE704980430FFF705FA049846
:10A35000806A28B1FFE704981830FFF7FDF900E0A4
:10A36000FFE70498C16A012000FA01F24AF248614D
:10A37000C2F200010868104308600499C86A00EB43
:10A38000800246F62000C2F2000000EB8200043199
:10A39000FFF776FA0498C06A45F62851C2F20041E8
:10A3A0000968C96A884203D3FFE70120029000E0F0
:10A3B000FFE7FFE79FE7FFE745F62850C2F20040BE
:10A3C0000068C06A00EB800146F62000C2F200007F
:10A3D00050F82100022803D3FFE70120029000E09B
:10A3E000FFE74AF28C40C2F20040006818B1FFE774
:10A3F0000120029000E0FFE707E04AF26C61C2F240
:10A400000001086801300860FFE7029806B080BDCF
:10A4100080B584B00020029001904AF2E010C2F2B0
:10A420000040006858B9FFE74FF0500080F31188F2
:10A43000BFF36F8FBFF34F8F0390FFE7FEE7FFF788
:10A440004BFA4AF2E010C2F20040016801390160A3
:10A450000068002840F09280FFE74AF2DC10C2F268
:10A4600000400068002800F08880FFE7FFE74AF21C
:10A470006440C2F200400068E0B3FFE74AF2644083
:10A48000C2F20040C068C068029002981830FFF71E
:10A4900063F902980430FFF75FF90298C16A01205E
:10A4A00000FA01F24AF24861C2F200010868104362
:10A4B00008600299C86A00EB800246F62000C2F2EA
:10A4C000000000EB82000431FFF7DAF90298C06A5D
:10A4D00045F62851C2F200410968C96A884207D38B
:10A4E000FFE74AF28C41C2F200410120086000E01F
:10A4F000FFE7BCE7029818B1FFE7FEF771FEFFE740
:10A500004AF26C60C2F20000006800900098E0B16E
:10A51000FFE7FFE7FFF7A0FE38B1FFE74AF28C4103
:10A52000C2F200410120086000E0FFE70098013816
:10A530000090FFE700980028ECD1FFE74AF26C6139
:10A54000C2F200010020086000E0FFE74AF28C4000
:10A55000C2F20040006870B1FFE7012001904EF6A2
:10A560000451CEF200014FF080500860BFF34F8FCE
:10A57000BFF36F8F00E0FFE7FFE700E0FFE7FFF7C3
:10A58000D7F9019804B080BD4100080218BF04202B
:10A590000A0E18BF40F001004FF07F4232EA01017D
:10A5A00008BF40F00200012808BF052070470000E6
:10A5B00070B54FF068422DED048BF0EE408A18EE36
:10A5C000900AB0EE608A18EE101A02EB4003B3F165
:10A5D000654F3CBF02EB4102B2F1654F7DD200BF37
:10A5E000C0F3C753C1F3C7529A1A1B2A09DD10F0F2
:10A5F000004F14BF9FED830A9FED830ABDEC048BCF
:10A6000070BD12F11A0F36DA11F0004F09D010F0B8
:10A61000004F0CBF9FED7D0A9FED7D0ABDEC048BC2
:10A6200070BD88EE889A19EE100AFFF7ADFF042876
:10A6300008BF00F0F3FD18EE900AFFF7A5FF0546EE
:10A6400018EE100AFFF7A0FF044619EE100AFFF7F4
:10A650009BFF042D18BF052D08D1042C18BF052C15
:10A6600004D1002804BF0220D6F733F8B0EE490A1F
:10A67000BDEC048B70BD4200B2EB410F3AD910F033
:10A68000004F19BFDFED630A9FED630ADFED630A38
:10A690009FED630AB0EE481A0A46B1EE688A80F070
:10A6A0000041F0EE418A10460A1A5200B2F1807F52
:10A6B00034D2484010F0004FDFED5A1A9FED5A2A6D
:10A6C0001DBFBEEE001A70EEE10A30EE420AB6EE91
:10A6D000001A08BF70EEA10A00E040E008BF30EEAB
:10A6E000020AB0EE682A01EE482A08EE818AC2EE1C
:10A6F000081A15E011F0004F04BF9FED4C0AF0EE70
:10A70000400AD1D010F0004F19BFDFED490A9FED8C
:10A71000490ADFED490A9FED490AC5E7C8EE881AE4
:10A7200021EEA11A9FED462ADFED462A41EE022ACC
:10A730009FED452A01EE222ADFED442A41EE022A4E
:10A740009FED432ABDEC048B01EE222A21EE811AF3
:10A7500001EE020A30EE210A30EE200A70BD4FF001
:10A760007F42B2EB400F28BFB2EB410F09D2F0EEAF
:10A77000480AB0EE680ABDEC048BBDE8704000F0FA
:10A780003ABD40EA01035B0008BF41F0FF410BD036
:10A79000B2EB400F08BFB2EB410F08D120F0804070
:10A7A00008EE900A21F0804108EE101A18E7B2EB8B
:10A7B000400F12BF5FEA410340F0FF4001F000414B
:10A7C0003FF40EAFB2EB410F12BF5FEA400200F060
:10A7D000004041F0FF413FF403AF4A0092EA4003DA
:10A7E0003FF5FEAE002AACBF9FED1A0A9FED1A0A94
:10A7F00068EE808A28EE008A18EE900A18EE101A89
:10A80000EEE60000DB0FC9BFDB0FC93FDB0F49409D
:10A81000DB0F49C00000C9BF22AAFDB90000C93F33
:10A8200022AAFD390060ED3EC30ACE3700000000C9
:10A83000000049C022AA7DBA0000494022AA7D3A00
:10A840002DAD65BD8FB8D53D0FB511BE61C84C3E6D
:10A85000A8AAAABE0000804F0000802F10EE101A98
:10A8600008B5444A6846B2EB410F28D94FF0E6409C
:10A87000B0EB410F94BF00204FF0FF3000900098E4
:10A88000002861DB60EE000A10F0010F45D010F0E7
:10A89000020FDFED391A9FED391A00EEA11ADFED34
:10A8A000381A40EE811A21EEA01AF0EE400A40EE6E
:10A8B000010A08BFF1EE600AB0EE600A08BD314B34
:10A8C00021F0004293423CD911F0004FDFED2E0AF7
:10A8D00020EE201ADFED2D0A19BF31EE601A71EE5D
:10A8E000200A31EE201A71EE600ABDEEE01A11EE78
:10A8F000100A9FED271A00F0030000EEC10A9FED39
:10A90000251A009000EEC10A9FED231A00EEC10A3D
:10A910009FED221A00EEC10AB1E79FED211A9FEDCB
:10A92000210A10F0020F00EE810A9FED1F1A00EEBF
:10A93000801AB7EE000A00EE810A18BFB1EE400A95
:10A9400008BD00F073FC9AE710EE100A4000B0F169
:10A950007F4F3CBFB7EE000A08BD07D14FF00100A2
:10A96000D5F7B7FEBDE8084000F048BCBDE8084098
:10A9700000F03EBCB61F927E336D4CB9DA82083CC3
:10A98000A0AA2ABE490E494683F9223F0000004B87
:10A990000000C93F00A0FD390020A2331A61342C09
:10A9A000B93AB2BACA9F2A3DDDFFFFBE10B510EE1C
:10A9B000100A2DED068BB7EE001A10EE901AB0EECD
:10A9C000418A0022A0F5000CDFEDFE9A4FF00073E3
:10A9D000BCF1FE4F4FF07F4403EB410C80F0B4819B
:10A9E000BCF1804FC0F02082F74901449FEDF73A57
:10A9F000B1F5005F40F2D48200F58021CB0C03F06A
:10AA00000F0101EE901AC3F307137F3BA0EBC35075
:10AA1000B8EEE12A00EE100A1A44DFEDED2AF0EE5E
:10AA2000411A42EE221AF0EE613A70EE232A30EE1D
:10AA3000632A12EE900A00F500606FF30B0001EE3E
:10AA4000900A73EEE13A33EE804AC1EE223A22EEEA
:10AA5000230A10EE100A00F500606FF30B0000EE01
:10AA6000100A00EE612A00EE442A62EE232A70EEFC
:10AA7000221A21EEA12ADFEDD73A02EE233A23EE85
:10AA8000023A20EE012A22EE811A03EE211A32EE5A
:10AA9000010A10EE100A00F500606FF30B0000EEE3
:10AAA000100A72EE401A31EE812A9FEDCB1A60EE49
:10AAB000011A9FEDCA1A20EE011A9FEDC90A02EE93
:10AAC000001A31EE810A10EE100A00F500606FF3F3
:10AAD0000B0000EE100AC34871EEC01A31EE812A55
:10AAE000784400EBC10090ED003AD0ED011A10015E
:10AAF00001EE100AF8EEC12A32EE211A31EE001AE8
:10AB000031EE031A31EE221A11EE100A00F5006040
:10AB10006FF30B0009EE100A39EE621A31EE431A98
:10AB200031EE400A30EE610A32EE40AA10EE900A91
:10AB3000002100F500606FF30B0008EE900A084654
:10AB400070EEE8AA4FF0000029EE280A00F00C0190
:10AB5000F0EEC00A10EE900AB0F18B4F0DDD10EE52
:10AB6000900AB4EB400F08D310EE100A4FF08B425E
:10AB700062F31E0008EE900A13E069EE2A0A38EE2E
:10AB8000AA1A4AEE010A30EE201A11EE100A00F558
:10AB900000606FF30B0008EE900A30EE680A70EE6A
:10ABA000209A0C204FF0000038EEA90AB5EEC00A3A
:10ABB000F1EE10FA34BFFEEE000AF6EE000A30EEB7
:10ABC000800ABDEEC00A10EE100A011100EE101A44
:10ABD000F8EEC00A00EE100AB8EEC00A38EEC00A5D
:10ABE00030EE290ADFED801A9FED801A00EE211A5F
:10ABF000DFED7F1A7F4900F00F0040EE011A21EED1
:10AC0000800A794401EB800191ED001A7A49794478
:10AC100001EB8001D1ED001A784901EE801A7944E8
:10AC200001EB8000764990ED000A31EE001AB0EE9B
:10AC3000E00A10EE100A884215DA10EE100AB4EBA2
:10AC4000400F10D39FED6F0A30EE800ADFED6E0AE1
:10AC500020EE200A68EE010ABDEC068BBCEEC00AAD
:10AC600020EE200A10BD10EE100A6849884243DA2F
:10AC700010EE100AB4EB400F3ED3BDEEE00A68EED2
:10AC8000010A10EE100A00EBD0725110C90501F153
:10AC90007E5100EE101AA0EB6200C00560EE200AA3
:10ACA00000F17E5000EE100A60EE808A18EE900AE5
:10ACB000B4EB400F0FD10220D5F70BFD00F0A6FA40
:10ACC00010EE101A18EE100ABDEC068B61F31E0090
:10ACD00000EE100A10BD18EE900A400011D018EED8
:10ACE000900AFFF751FC042808BF00F097FAB0EE75
:10ACF000680ABDEC068B10BDF5EEC00AF1EE10FA45
:10AD00000FD20220D5F7E5FC00F088FA10EE101AF9
:10AD100018EE100ABDEC068B61F31E0000EE100A5F
:10AD200010BD0220D5F7D5FC00F070FA10EE101A15
:10AD3000B0EE480A10EE100ABDEC068B61F31E005F
:10AD400000EE100A10BD00BFBCF1804F6CD300BFF5
:10AD500000F1FF43B3F1FE4F24D200BFB0EEC00AB2
:10AD600010EE100AC1F3C7537F2B0DDB972BBFF6F4
:10AD70003BAEC3F196034FF0010C0CFA03F3A3F1C1
:10AD8000010C1CEA010F08D00120D5F7A2FCBDEC94
:10AD9000068BBDE8104000F031BA0B4218BFBFEE81
:10ADA000008A21E643001CBF4FF08073B3EB400FD5
:10ADB00034D96FF01A02DFED161A20EE210A10EED8
:10ADC000100A27E000000000001080C0ABAAAA3ED5
:10ADD0000000803D7EE24C3E00B03842D49AB8BBC1
:10ADE0003BAA3842B8080000FC596337C9FF753ADE
:10ADF0001872313D560800008A080000FA0700006A
:10AE00000000FC420000FE420000004B00004043F6
:10AE10000000004D10F0004FA0D1E5E5A0F50003C3
:10AE2000B3F1FE4F21D2DFE503EB4103B3F1007F25
:10AE300011D3F5EEC00AF1EE10FA05D1430018BFA8
:10AE4000B4EB400F76D883E701F0004141F0FC51AC
:10AE500000EE901A7CE7B3F1807F06D210EE903AB4
:10AE6000A3F5000300EE903A72E720F000426FF085
:10AE7000FF4C604C02EB0C03A34210D321F00043C3
:10AE80009C44A4450BD3B0F17E5F18BF5FEA410C30
:10AE900050D0B2F1FF4F98BFB3F1FF4F05D9BDECD1
:10AEA000068BBDE8104000F0A6B9B0F1FF4F0FD0FF
:10AEB000C1F3C7527F2A09DB972A11DAC2F1960241
:10AEC000012303FA02F2531E0B4205D0002208E0D0
:10AED00011F0004F55D128E00A4218BF012200D1DD
:10AEE000022210F5000F13D028B3B0F1004F26D086
:10AEF00010F1814F4FD04FF0FE42B2EB400F94BFA4
:10AF000001200020012202EBE171884239D10CE0DE
:10AF100011F0004F02D0012A38D032E0012A02BFDE
:10AF20009FED350ABDEC068B10BD9FED340ABDECDC
:10AF3000068B10BD2FE011F0004F0CD121E0B1F1D4
:10AF4000FF4F1ED011F5000F05D011F0004F15D0A6
:10AF50000AB1012A08D00220D5F7BBFBBDEC068B55
:10AF6000BDE8104000F03AB90220D5F7B2FB00F07E
:10AF700035F9BDEC068BB1EE400A10BD0AB1012ACD
:10AF800004D0B0EE690ABDEC068B10BDBDEC068B9B
:10AF90009FED1B0A10BDBDEC068BB7EE000A10BD7D
:10AFA00030EE410AB5EE001A9FED172A00EE413A45
:10AFB000B6EE001A60EE001A00EE431A61EEC11AF6
:10AFC0009FED101A20EE011A20EE020A9FED0F2AC3
:10AFD00001EE820A71EE001A11EE900A00F500608F
:10AFE0006FF30B0009EE100A31EE491A31EE00AA98
:10AFF0009CE50000FFFF3F00000080FF0000807F15
:10B000000000008000B0B841D49A38BB3BAAB841D8
:10B0100000B510EE101A2DED028B81B0524A684631
:10B02000B2EB410F2ED94FF0E640B0EB410F94BF89
:10B0300000204FF0FF3000900098B0EE408A0028CA
:10B040006ADB10F0010F4BD068EE080A9FED471A3B
:10B050009FED470A00EE810A9FED461A10F0020F9D
:10B0600000EE801AB7EE000A00EE810A02BF01B0BE
:10B07000BDEC028B00BD00BF01B0B1EE400ABDECDB
:10B08000028B00BD3C4B21F00042934241D911F0AC
:10B09000004FDFED3A0A20EE201ADFED390A19BF22
:10B0A00031EE601A71EE200A31EE201A71EE600A5C
:10B0B000BDEEE01A11EE100A9FED321A00F0030007
:10B0C00000EEC10A9FED301A009000EEC10A9FED1C
:10B0D0002F1A00EEC10A9FED2E1A00EEC10AABE74F
:10B0E00028EE080A9FED2B1ADFED2B0A10F0020F55
:10B0F00040EE010A9FED291A00EE201A61EE000AC7
:10B10000B0EE480A08EE200AB6D101B0BDEC028BC1
:10B1100000BD00F08BF88FE718EE100A4000B0F188
:10B120007F4F0DD218EE100AFFF72EFA042808BF41
:10B1300000F074F8B0EE480A01B0BDEC028B00BD1F
:10B1400009D10120D5F7C5FA01B0BDEC028B5DF83D
:10B1500004EB00F053B801B0B0EE480ABDEC028B2E
:10B160005DF804EB00F044B8B61F927EB93AB2BA6B
:10B17000CA9F2A3DDDFFFFBE490E494683F9223FA3
:10B180000000004B0000C93F00A0FD390020A233A1
:10B190001A61342C336D4CB9DA82083CA0AA2ABE5D
:10B1A00010B52DED028BB1EEC08A18EE100A20F01A
:10B1B0000040C0F1FF40C00F0AD010EE100A20F08E
:10B1C0000040C0F1FF40C00F04BF0120D5F781FA55
:10B1D000B0EE480ABDEC028B10BD0000DFED030AA3
:10B1E000B7EE001A81EE200A704700000000000050
:10B1F00030EE000A704730EE200A7047DFED020A99
:10B2000080EEA00A70470000000000009FED020AD7
:10B2100020EE000A70470000000000709FED020A57
:10B2200020EE000A70470000000000102DE9F00138
:10B230004FF07F42B2EB410F9FBF4FF0FF310160F3
:10B24000BDE8F00170474FF0004242EA0123C1F32C
:10B25000C752783A551112F01F0C434CCCF120061E
:10B260007C44C1F3C752A2F178024FEA621204EBA8
:10B27000820254F8254008BFD2E9015612D0556821
:10B2800004FA0CF425FA06F73C43976805FA0CF526
:10B2900027FA06F8D26807FA0CFCF24045EA0805DE
:10B2A0004CEA0206A4FB034CA5FB0352A6FB036376
:10B2B0001D449D4234BF012600261319334416B1A4
:10B2C000934202D903E0934201D2012200E000221E
:10B2D000624402F1200C9206DC0C42EA443200EE99
:10B2E000102A5B03DFED210AF8EEC01A00EE103AD7
:10B2F0004FEA9C1C11F0004FB8EE400AC0F800C0A5
:10B3000020EE201A00EE105ADFED190AB8EE400ABE
:10B3100020EE200A71EE810A70EE800A10EE902A6B
:10B3200002F500626FF30B0200EE902A70EEE11A54
:10B3300031EEC11ADFED101A30EE411A9FED0D0A01
:10B3400020EE800A01EE210A9FED0C1A00EE810A20
:10B3500004BFBDE8F0017047CCF180510160BDE849
:10B36000F001B1EE400A704778020000000000369C
:10B370000000802C22AAFD29DB0FC92F0000C92F55
:10B38000F1EE100A4FF6FF71C0F2C03120EA010061
:10B3900040F04070E1EE100A70470000000000002D
:10B3A000000000000000B33FB2BE7D3A00002E4016
:10B3B000DFCF513800007E40BF51FABA00E0A44010
:10B3C00019DAC3BA00E0C840C2ED8AB90040EB40C8
:10B3D000CD1F2CBA001006412AFFFABA00C0154151
:10B3E000DFCFD13700D024419A97703A00503341D3
:10B3F00089478E3600404141E75B9D3800B04E41A1
:10B40000C00A98B900A05B41558F943A003068415A
:10B41000DA92C0BA0040744162B3C63A0000803F7D
:10B4200000A0853F00908B3F00C0913F0030983FC7
:10B4300000F09E3F00F0A53F0050AD3F0000B53F3B
:10B440000000BD3F0060C53F0020CE3F0040D73F19
:10B4500000C0E03F00C0EA3F0020F53F00000000D0
:10B460007D36AC397D3C3839EBDCF438320A7E3934
:10B47000124C26399B6AED39A4EE83397F661E395A
:10B48000F6398A392B426539A48211395B991F3903
:10B49000C3EECD39DDE7C637A5A22F390000803FC6
:10B4A000C3AA853FC2958B3FD3C3913FF037983FE6
:10B4B00032F59E3FD7FEA53F3F58AD3FF304B53F61
:10B4C000A408BD3F2A67C53F8C24CE3FFD44D73F2B
:10B4D000DFCCE03FC7C0EA3F7D25F53F000000001C
:10B4E0006E83F9A22915444ED15727FCC0DD34F5EF
:10B4F000999562DB4190433CAB6351FE0000000034
:10B50000000000000000000000000000000000003B
:10B510000100000002000000030000000400000021
:10B520000000000005000000000000000000000016
:10B530000000000006000000000000000000000005
:10B54000000000000700000038C20208D91A0008F5
:10B5500002000000000000000008000040800024FD
:10B5600040A0002428C20208592900080300000056
:10B57000000000000008000008020024B0020020C3
:10B5800047C20208891D01080200000000000000F7
:10B5900000080000040300200423002056C2020813
:10B5A000A94201080100000000000000000800009E
:10B5B0000C2200240C42002466C202083144010817
:10B5C0000000000000000000000800005C230020D4
:10B5D0005C43002000000000010203040102030498
:10B5E000060708090001020304050607080C1014E9
:10B5F00018203040000610160006101685EB01409A
:10B6000000000000CDCC4C3D00000000CDCC4C3FF4
:10B610000000000000000000000000000804020418
:10B6200008010101010101030701000001000200FE
:10B630000400060008000A000C0010002000400072
:10B6400080000001057006700A700B701070117098
:10B65000147016701770187019701A701B701C70A7
:10B660001D700000000000C1814001C0804101C088
:10B67000804100C1814001C0804100C1814000C1C2
:10B68000814001C0804101C0804100C1814000C1B2
:10B69000814001C0804100C1814001C0804101C0A2
:10B6A000804100C1814001C0804100C1814000C192
:10B6B000814001C0804100C1814001C0804101C082
:10B6C000804100C1814000C1814001C0804101C072
:10B6D000804100C1814001C0804100C1814000C162
:10B6E000814001C0804101C0804100C1814000C152
:10B6F000814001C0804100C1814001C0804101C042
:10B70000804100C1814000C1814001C0804101C031
:10B71000804100C1814001C0804100C1814000C121
:10B72000814001C0804100C1814001C0804101C011
:10B73000804100C1814001C0804100C1814000C101
:10B74000814001C0804101C0804100C1814000C1F1
:10B75000814001C0804100C1814001C0804101C0E1
:10B76000804100C1814000C0C101C30302C2C606BE
:10B7700007C705C5C404CC0C0DCD0FCFCE0E0ACA29
:10B78000CB0BC90908C8D81819D91BDBDA1A1EDE79
:10B79000DF1FDD1D1CDC14D4D515D71716D6D21229
:10B7A00013D311D1D010F03031F133F3F23236F639
:10B7B000F737F53534F43CFCFD3DFF3F3EFEFA3AE9
:10B7C0003BFB39F9F83828E8E929EB2B2AEAEE2E79
:10B7D0002FEF2DEDEC2CE42425E527E7E62622E2E9
:10B7E000E323E12120E0A06061A163A3A26266A639
:10B7F000A767A56564A46CACAD6DAF6F6EAEAA6AA9
:10B800006BAB69A9A86878B8B979BB7B7ABABE7EF8
:10B810007FBF7DBDBC7CB47475B577B7B67672B2A8
:10B82000B373B17170B05090915193535292965638
:10B830005797559594549C5C5D9D5F9F9E5E5A9A68
:10B840009B5B99595898884849894B8B8A4A4E8EF8
:10B850008F4F8D4D4C8C4484854587474686824268
:10B86000438341818040000025C402080009030091
:10B87000000048430000F0C10000F0C10000484350
:10B88000000000002E22000033C60208000603005C
:10B890000000484300000000000000000000484392
:10B8A00000000000A60E0000EAC202080006030025
:10B8B00000004843000020410000204100004843B0
:10B8C00000000000B20C0000FDC20208000F0300DF
:10B8D000000052430000A0410000A041000052437C
:10B8E00000000000B20C0000AFC20208010003001B
:10B8F000000052430000A0410000A041000052435C
:10B900000000FA43461E000092C302080100030033
:10B91000000052430000A0410000A041000052433B
:10B920000000A543F9150000D2C30208010003007E
:10B93000000052430000A0410000A041000052431B
:10B940000000A041D60600006BC50208000F0300EE
:10B95000000016430000F0C10000F0C100001643D3
:10B96000000000009411000099C4020801000300C7
:10B97000000016430000F0C10000F0C100001643B3
:10B980000000B442410A0000CDC2020801000300D9
:10B99000000016430000F0C10000F0C10000164393
:10B9A0000000204159060000A1C50208000603005E
:10B9B000000016430000204300002043000016430F
:10B9C00000000000461E0000B9C402080100030088
:10B9D00000001643000020430000204300001643EF
:10B9E0000000F042B80B00005BC60208000F030025
:10B9F0000000000000000000000000000000000047
:10BA000000000000F82A00005DC40208000F0300D7
:10BA10000000F0C10000F0C10000F0C10000F0C162
:10BA200000000000A60E000076C20208020003001B
:10BA30000000F0C10000F0C10000F0C10000F0C142
:10BA4000CDCCCC3D88130000000080BF0000803FBB
:10BA5000545F0020E85F0020845700240000803FEE
:10BA6000000080BF0000803F000080BF14C30208B8
:10BA7000000F030000005C4300005C4300005C43D7
:10BA800000005C4300000000F82A000079C40208AE
:10BA90000100030000005C4300005C4300005C43C5
:10BAA00000005C430000B442410A00003DC40208AB
:10BAB0000100030000005C4300005C4300005C43A5
:10BAC00000005C430000F0415307000030C502084D
:10BAD000000F030000002A4300002A4300002A430D
:10BAE00000002A43000000009A1000007BC30208F7
:10BAF000000903000000F0C100002A4300002A43AF
:10BB00000000F0C100000000401F0000D9C402087E
:10BB1000010002000000F0C100002A4300002A4397
:10BB20000000F0C10000F042B80B00000EC4020893
:10BB300000090200000020C100002A4300002A433F
:10BB4000000020C100000000AC0D000087C5020805
:10BB5000000F0200000048420000664300006643F8
:10BB600000004842000000009411000007C60208CF
:10BB700001000300000048420000664300006643E5
:10BB80000000484200004843A00F0000DDC5020845
:10BB900001000300000048420000664300006643C5
:10BBA000000048420000964382140000B8C5020815
:10BBB00001000300000048420000664300006643A5
:10BBC00000004842000087430B13000045C60208EE
:10BBD000000F030000000000000000000000000053
:10BBE0000000000000000000F82A0000F2C3020874
:10BBF000000F03000000A0C10000A0C10000A0C110
:10BC00000000A0C100000000AC0D0000B3C302089A
:10BC1000020003000000A0C10000A0C10000A0C1FC
:10BC20000000A0C1CDCC4C3E401F00000000000031
:10BC3000000000003333B33E0000000000000000AD
:10BC4000000000000000000008070000E40C0000F5
:10BC5000020000003333B33E00000000000000008B
:10BC600000000000000000000000000008070000C5
:10BC7000E40C0000010000000000000000000000D3
:10BC80006666E63E000000000000000000000000C4
:10BC900078050000B80B000003000000000080BE23
:10BCA0000000803E6666E6BE000000000000000066
:10BCB0000000000078050000B80B00000400000040
:10BCC000000000000000000000000000295C8FBEA2
:10BCD00000000000000000000000000064190000E7
:10BCE000060000000000000000000000000000004E
:10BCF000000000007B142EBF0000000000000000C8
:10BD000064190000050000000000000000000000B1
:10BD1000000000009A99993E9A9999BE960A063FAA
:10BD200000000000581B0000070000000000000099
:10BD300000000000000000009A9999BE0000000079
:10BD4000960A06BF00000000581B0000010000001A
:10BD5000B6BF02080C00000002000000D2BE0208BC
:10BD60000D0000000400000020BF020819000000C0
:10BD70000500000060BE020813000000060000007D
:10BD8000ACBD02081E00000007000000ACC00208A5
:10BD90000D00000008000000FEBF020802000000C5
:10BDA000090000000AC002081B0000000402000095
:10BDB0000100050100000100010800001700010E4C
:10BDC000000004000108000001000102000003005F
:10BDD0000103000002000108000002000203E2FF6C
:10BDE00001000202E2FF02000203E2FF0100012162
:10BDF00000000D000203ECFF01000103000002003F
:10BE00000202F6FF01000202FBFF0100020305002F
:10BE100001000202FBFF0200020305000300020210
:10BE20001E0003000203FBFF0200010200000100EC
:10BE300001210000110001030000040001210000A5
:10BE40000100012200000500010E00001400012580
:10BE500000000100011000000100010300000300C8
:10BE600004020000010005000000010001010000C3
:10BE70000100012100000200012200000200010374
:10BE80000000030001180000010001210000020071
:10BE9000010800000400012100000200010200006E
:10BEA00005000121000009000203E2FF0100020277
:10BEB000E2FF02000202FBFF020002021E0003007A
:10BEC0000203E2FF01000121000013000110000045
:10BED000010006000000010007010000010002034C
:10BEE000A6FF01000203F6FF0100010300000100AC
:10BEF0000202A6FF01000203F6FF01000203FBFF9E
:10BF000001000202FBFF0100030101000100020227
:10BF10005A000100010200000100080000000100B9
:10BF200004010000010005010000010001080000FB
:10BF30001600010E000004000102000001000121B2
:10BF400000000B000203E2FF02000202C4FF010036
:10BF50000121000005000202F6FF01000203FBFFC1
:10BF600001000202F6FF01000301010001000202CC
:10BF70003C0001000203C4FF0100012100000E008B
:10BF8000012200000100010F000001000103000078
:10BF90000500012200000C00010800000100010E54
:10BFA0000000140001210000030001100000010046
:10BFB000010300000300060000000100070000006C
:10BFC00001000203C4FF01000203F6FF01000203A7
:10BFD000FBFF01000202ECFF01000202FFFF040070
:10BFE0000202C4FF010003010100010002023C0043
:10BFF00001000203E2FF010008000000010009FF48
:10C00000000001000A00000001000600000001001D
:10C0100003020100010009010000010002031E00EB
:10C0200001000202FBFF01000202E2FF0100020226
:10C03000FFFF03000203050001000202FFFF0100F1
:10C040000202FBFF01000202FFFF010002030100E8
:10C0500001000203010001000202050001000203C9
:10C06000010001000203010001000202FFFF0100C4
:10C070000203010002000B010000010003020000A6
:10C0800001000902000001000203A6FF01000203F3
:10C09000FBFF01000203010004000B02000001008D
:10C0A00003020100010006000000010002031E005F
:10C0B00001000202FBFF01000202E2FF0100020296
:10C0C000FFFF03000203050001000202FFFF010061
:10C0D0000202FBFF01000202FFFF01000203010058
:10C0E0000100020301000100020205000100020339
:10C0F0000100010002030100010000000000000037
:10C10000F6283BC20000364200000000000100009B
:10C1100000000000F6283BC200003642000000008C
:10C120000001000000000000F6283BC2000036427B
:10C13000000000000001000000000000F6283BC2E3
:10C140000000364200000000000000000000000077
:10C15000F6283BC20000364200000000000000004C
:10C16000000000003333B94200000000920A863E0E
:10C1700000010000000000003333B942000000005D
:10C180000000000000010000000000003333B9424D
:10C19000000000000000000001010000000000009D
:10C1A0003333B94200000000DB0FC93F000100003B
:10C1B000000000003333B94200000000000000001E
:10C1C000000000000000CE420000B8C2CDCC2441E7
:10C1D000DB0FC93F000100000000CE420000B8C2E2
:10C1E000CDCC2441DB0FC9BF000100000000CE42CE
:10C1F0000000B8C2CDCC24410000000000010000C6
:10C200000000CE420000B8C2CDCC244100000000A6
:10C21000000000000000CE420000B8C2CDCC244196
:10C22000000000000000000053746172745F436FEF
:10C230006E74726F6C5F540053746172745F43412B
:10C240004E5F5461736B0053746172745F494E5357
:10C250005F5461736B0053746172745F5043525842
:10C260005F5461736B0053746172745F5043545830
:10C270005F5461736B00444F574E5F31355F4348E5
:10C2800041535349535F464F52574152445F3130F7
:10C2900030005245434F5645525F4348415353493E
:10C2A000535F4241434B574152445F323030004468
:10C2B0004F574E5F30355F414C4C5F4452495645B5
:10C2C0005F464F52574152445F35303000444F571C
:10C2D0004E5F31305F414C4C5F44524956455F469A
:10C2E0004F52574152445F313000444F574E5F30F8
:10C2F000335F524541525F55505F313000444F57D4
:10C300004E5F30345F414C4C5F4C4547535F555056
:10C310005F313000535445505F30315F414C4C5FCA
:10C320004C4547535F3232300055505F50524550B4
:10C330004152455F434841535349535F464F52571B
:10C340004152445F333000505245504152455F41A5
:10C350004C4C5F4C4547535F4D494E55535F33300E
:10C36000005245434F5645525F414C4C5F4C454748
:10C37000535F4D494E55535F333000535445505F22
:10C3800030355F46524F4E545F4D494E55535F33E3
:10C390003000444F574E5F30365F414C4C5F445243
:10C3A0004956455F464F52574152445F33305F58BC
:10C3B000313100535445505F31345F43484153534A
:10C3C00049535F464F52574152445F3130305F58B6
:10C3D0003200444F574E5F30375F414C4C5F445200
:10C3E0004956455F464F52574152445F31305F587E
:10C3F0003200535445505F31335F414C4C5F4C45E4
:10C4000047535F444F574E5F31305F5832005354AB
:10C4100045505F30375F46524F4E545F55505F3145
:10C42000305F583200444F574E5F30315F46524FB5
:10C430004E545F55505F31305F583233005354458E
:10C44000505F30335F414C4C5F44524956455F4624
:10C450004F52574152445F31305F583300444F5779
:10C460004E5F31345F414C4C5F4C4547535F444F06
:10C47000574E5F31305F583300535445505F303270
:10C480005F414C4C5F44524956455F464F525741BD
:10C4900052445F33305F583300444F574E5F30395A
:10C4A0005F414C4C5F44524956455F464F5257419D
:10C4B00052445F33305F583300444F574E5F313240
:10C4C0005F414C4C5F44524956455F464F5257417D
:10C4D00052445F33305F583400535445505F303618
:10C4E0005F524541525F44524956455F464F52574D
:10C4F0004152445F33305F58340055505F4C4153D4
:10C5000045525F415050524F4143485F585F4C5431
:10C510005F333500444F574E5F4C415345525F41A6
:10C520005050524F4143485F485F47545F36350093
:10C53000535445505F30345F414C4C5F4C4547533A
:10C540005F444F574E5F31305F583500444F574E70
:10C550005F505245504152455F4348415353495300
:10C560005F464F52574152445F3500444F574E5F2C
:10C5700030385F414C4C5F4C4547535F444F574EFA
:10C580005F31305F583600535445505F30385F415B
:10C590004C4C5F4C4547535F55505F31305F5836C8
:10C5A00000444F574E5F31315F524541525F555005
:10C5B0005F31305F58313900535445505F31315F3E
:10C5C000414C4C5F44524956455F464F5257415289
:10C5D000445F33305F58390049444C45005354455B
:10C5E000505F31305F414C4C5F44524956455F4685
:10C5F0004F52574152445F3330305F524553554D8F
:10C600004500444F4E4500535445505F30395F411B
:10C610004C4C5F44524956455F464F525741524435
:10C620005F3230305F504155534500554E4B4E4FB1
:10C63000574E00444F574E5F30325F524541525F74
:10C640005A45524F00535445505F31325F414C4C74
:10C650005F4C4547535F5A45524F00444F574E5F1A
:10C6600031335F414C4C5F4C4547535F5A45524F05
:10C67000004552524F520043444320496E74657244
:10C68000666163650043444320436F6E66696700DB
:10C6900053544D6963726F656C656374726F6E6934
:10C6A00063730053544D3332205669727475616C54
:10C6B00020436F6D506F72740000000000C70208C5
:10C6C000000000200002000030030008A8C7020894
:10C6D000000000240002000030030008A8C7020880
:10C6E0000002002098A600009003000810C802086D
:10C6F0000002002490A600009003000845AAFFFF56
:10C700002382811E0938020879041A99041AC10487
:10C71000180A11390208B9370208290C513590D08E
:10C7200003011B692A244E270208C92D181F8928D6
:10C7300002083126281914C11E8929020819041A71
:10C74000F9041A01041312011402020216408304B0
:10C7500040572C0201024D1389201B08810413F15C
:10C760001F1C0801210C19040E1504030904FF0104
:10C7700001C02009E3A59B3D560EAD3E1AC0041131
:10C780002240471041CDCCCC3D2C9A999914F10907
:10C790001E202FA0400AD7A33C240C2FCDCC4C2028
:10C7A00072FF00000000000042011790D003090250
:10C7B0004313020125C03209041B01020B13052497
:10C7C00016100105240110090104240202052406A3
:10C7D00017010705820308151009040133020A2E08
:10C7E0000705010240072A810711130A0632022AAF
:10C7F0004054031A1A03051CCDCC4C3E0928200BCB
:10C8000032803F2029A032101AAA0101FF11000036
:04000005080002CD20
:00000001FF
