:020000040800F2
:10000000F8820024F503000881CD000801BD000836
:1000100079CD0008E91E0008E94B01080000000046
:10002000000000000000000000000000C1E0000827
:100030002130000800000000E1D70008C1E20008FC
:100040001304000813040008130400081304000834
:100050001304000813040008130400081304000824
:100060001304000813040008130400081304000814
:100070001304000813040008130400081304000804
:100080001304000813040008130400088930000852
:10009000293100089930000839310008130400089C
:1000A00013040008130400081304000813040008D4
:1000B00039E5000849E5000859E50008130400087F
:1000C00013040008130400081304000813040008B4
:1000D00013040008130400081304000813040008A4
:1000E00013040008130400080000000013040008B3
:1000F0001304000813040008130400081304000884
:100100001304000813040008130400081304000873
:100110001304000813040008130400081304000863
:100120001304000813040008130400081304000853
:100130001304000813040008130400081304000843
:1001400000000000000000000000000000000000AF
:100150001304000813040008130400081304000823
:100160001304000813040008130400081304000813
:1001700013040008F9CD0008130400080000000073
:10018000130400081304000889E900081304000898
:1001900013040008130400081304000813040008E3
:1001A00013040008130400081304000800000000F2
:1001B00013040008130400081304000813040008C3
:1001C00013040008130400080000000000000000F1
:1001D0000000000000000000130400080000000000
:1001E000000000000000000000000000000000000F
:1001F00000000000000000001304000813040008C1
:100200001304000813040008000000001304000891
:100210001304000813040008130400081304000862
:100220001304000800000000130400080000000090
:100230001304000813040008000000001304000861
:100240001304000813040008130400081304000832
:100250001304000813040008130400081304000822
:100260001304000813040008130400081304000812
:100270001304000813040008130400080000000021
:1002800013040008130400081304000813040008F2
:100290000000000013040008130400080000000020
:1002A00000000000130400081304000813040008F1
:1002B000190701081304000813040008C9310008D5
:1002C000D9310008130400081304000800F002F8F4
:1002D00000F080F814A696E8000CB244B344DA4566
:1002E00001D100F077F8BAE80F000FA696E83000C9
:1002F000A5EB040504EB0607AAEB0704A7F1010729
:100300004FEA15154FEA3414A4F10104AC4201D3AD
:1003100000F060F813F0010F18BFFB1A43F001035F
:1003200000F001F8DBE71847208B0100608B01002B
:100330000A444FF0000C10F8013B13F0070408BF0B
:1003400010F8014B1D1108BF10F8015B641E05D0A9
:1003500010F8016B641E01F8016BF9D113F0080F5E
:100360001EBF10F8014BAD1C0C1B09D16D1E58BFF0
:1003700001F801CBFAD505E014F8016B01F8016B27
:100380006D1EF9D59142D6D370470000103A24BFB4
:1003900078C878C1FAD8520724BF30C830C144BFEA
:1003A00004680C60704700007047000000230024C0
:1003B00000250026103A28BF78C1FBD8520728BF75
:1003C00030C148BF0B6070471FB518F060FB1FBD00
:1003D00010B510BD00F05EF91146FFF7F5FF15F0FE
:1003E000C3FE00F07CF903B4FFF7F2FF03BC00F09A
:1003F0007FF900000A4880470A4880470A480047BA
:10040000FEE7FEE7FEE7FEE7FEE7FEE7FEE7FEE7C4
:10041000FEE7FEE705480649064A074B704700001D
:1004200061300008D1E30008CD020008F880002008
:10043000F8820024F8820020F87E002453EA020C9F
:1004400000F069802DE9F04B4FF00006002B1FBF34
:10045000B3FA83F503FA05F424FA05F65E4012BFF9
:100460001643B2FA82F502FA05F4C5F120051EBF63
:1004700022FA05FC44EA0C04203556EA044C4FEA03
:10048000144418BF641C4FF000084FF0000990425C
:1004900071EB030C39D3002919BFB1FA81F701FAC6
:1004A00007F6B0FA80F700FA07F6C7F120071EBF7B
:1004B00020FA07FC46EA0C062037B6FBF4FCA7EB53
:1004C0000507103F07F01F0BCBF120062CFA06F6AC
:1004D0000CFA0BFB44BFB3460026202FA4BF5E4698
:1004E0004FF0000B5BEA060C08BF4FF0010B19EB55
:1004F0000B0948EB0608ABFB027C06FB02CC0BFBAE
:1005000003CCC01B71EB0C01C1E70B460246414610
:100510004846BDE8F08B13B5084318BF4FF0FF30D5
:100520000146AFF30080BDE81C407047032A40F24B
:10053000308010F0030C00F0158011F8013BBCF185
:10054000020F624498BF11F801CB00F8013B38BF9D
:1005500011F8013BA2F1040298BF00F801CB38BFAB
:1005600000F8013B11F0030300F02580083AC0F0C9
:10057000088051F8043B083A51F804CBA0E8081071
:10058000F5E7121D5CBF51F8043B40F8043BAFF3A4
:100590000080D20724BF11F8013B11F801CB48BFFE
:1005A00011F8012B24BF00F8013B00F801CB48BF34
:1005B00000F8012B704710B5203AC0F00B80B1E86D
:1005C0001850A0E81850B1E81850A0E81850203A88
:1005D000BFF4F5AF5FEA027C24BFB1E81850A0E891
:1005E000185044BF18C918C0BDE810405FEA827CAB
:1005F00024BF51F8043B40F8043B08BF7047D207C2
:1006000028BF31F8023B48BF11F8012B28BF20F862
:10061000023B48BF00F8012B70474FF0000200B5C5
:10062000134694469646203922BFA0E80C50A0E815
:100630000C50B1F12001BFF4F7AF090728BFA0E8C3
:100640000C5048BF0CC05DF804EB890028BF40F88F
:10065000042B08BF704748BF20F8022B11F0804FD1
:1006600018BF00F8012B704770477047704710B5EE
:1006700000F008F8006810BD10B5044600F002F85C
:10068000046010BD00487047E0000020004870473B
:10069000E00000207546FFF7F9FFAE460500694609
:1006A000534620F00700854618B020B5FFF7B2FE8C
:1006B000BDE820404FF000064FF000074FF0000863
:1006C0004FF0000BAC46ACE8C009ACE8C009ACE8A0
:1006D000C009ACE8C00921F007018D46704710B58C
:1006E0000446AFF300802046BDE81040FFF77BBE14
:1006F00001491820ABBEFEE726000200704700004B
:1007000082B08DED000A9DED000A9FED111AB4EE46
:10071000410AF1EE10FA05DDFFE70020C4F2702077
:10072000019011E09DED000A9FED0A1AB4EE410A16
:10073000F1EE10FA05DAFFE70020CCF2702001900C
:1007400002E000980190FFE79DED010A02B07047BA
:1007500000007042000070C280B586B08DED040AC2
:10076000CDED030A0290029820B1FFE70299002024
:100770000870FFE79DED040A01A8694600F098F8AB
:1007800058B9FFE7029820B1FFE7029901200870ED
:10079000FFE700208DF817002AE09DED030A9DED8C
:1007A000011A9FED152A31EE021AB4EE410AF1EE5C
:1007B00010FA0EDBFFE79DED030A9DED001A9FED99
:1007C0000F2A31EE021AB4EE410AF1EE10FA0BDDF7
:1007D000FFE7029820B1FFE7029902200870FFE7C7
:1007E00000208DF8170003E001208DF81700FFE7C7
:1007F0009DF8170006B080BDBD3786B5BD3786357C
:1008000081B08DED000A9DED000A9FED051A20EEE6
:10081000010A9FED041A80EE010A01B0704700BF83
:10082000DB0F49400000344383B0029001910092F5
:10083000029830B1FFE7019818B1FFE7009808B9B6
:10084000FFE731E0019890F9100000EE100AB8EED1
:10085000C00A029890ED001A20EE010A009880ED7F
:10086000000A019890F9180000EE100AB8EEC00ACC
:10087000029890ED011A20EE010A009880ED010A1D
:10088000019890F9200000EE100AB8EEC00A029814
:1008900090ED021A20EE010A009880ED020A0298FB
:1008A000007B00990873FFE703B070470000000069
:1008B00080B586B08DED040A03900291039818B1BB
:1008C000FFE7029820B9FFE700208DF817005FE0EE
:1008D0009DED040A00F03CF98DED010A9DED010A41
:1008E0009FED2D1AB4EE410AF1EE10FA0ADBFFE794
:1008F0009DED010A9FED291AB4EE410AF1EE10FABE
:1009000004DDFFE700208DF8170041E09DED010AAE
:10091000B5EE400AF1EE10FA0FDDFFE79FED220A77
:10092000FFF76EFF039880ED000A9FED1E0AFFF7A8
:1009300067FF029880ED000A26E09DED010AB5EE02
:10094000400AF1EE10FA0FDAFFE79FED150AFFF704
:1009500057FF039880ED000A9FED130AFFF750FF41
:10096000029880ED000A0EE09FED0D0AFFF748FFA8
:10097000039880ED000A9FED0B0AFFF741FF0298F4
:1009800080ED000AFFE7FFE701208DF81700FFE781
:100990009DF8170006B080BD000078C200008C42B0
:1009A000817592C274C4244200000000000000005F
:1009B00082B00090009818B9FFE70020019003E092
:1009C000009824300190FFE7019802B070470000C2
:1009D000B0B584B003900291039818B1FFE7029874
:1009E00008B9FFE726E003985C21FFF716FE03999C
:1009F0000091029B019318685A68D3F808C0D3F895
:100A00000CE01C695D694D610C61C1F80CE0C1F836
:100A100008C04A6008609869DA691B6A0B62CA619B
:100A200088610398243000F0A7F80399012081F829
:100A30005800FFE704B0B0BD80B588B0DDF82CC029
:100A4000DDF828C08DED070ACDED060A8DED051AFB
:100A50000490039102920193049878B1FFE7039800
:100A600060B1FFE7029848B1FFE7019830B1FFE7B6
:100A70000A9818B1FFE70B9808B9FFE72DE09DED44
:100A8000070A049890ED001A30EE410A00F028F8A9
:100A9000019880ED000A9DED060A039890ED001A7A
:100AA00030EE410A00F01CF80A9880ED000A9DED36
:100AB000060A9DED051A30EE010A039890ED001A22
:100AC000029890ED002A31EE021A30EE410A00F051
:100AD00007F80B9880ED000AFFE708B080BD000022
:100AE00081B08DED000AFFE79DED000A9FED141A1D
:100AF000B4EE410AF1EE10FA09DBFFE79DED000AC2
:100B00009FED121A30EE010A8DED000AECE7FFE7C7
:100B10009DED000A9FED0B1AB4EE410AF1EE10FABA
:100B200009DAFFE79DED000A9FED071A30EE010A92
:100B30008DED000AECE79DED000A01B0704700BFA3
:100B4000DB0F4940DB0F49C0DB0FC940DB0FC9C0D9
:100B500081B08DED000A9DED000A9FED051A20EE93
:100B6000010A9FED041A80EE010A01B0704700BF30
:100B700000003443DB0F494080B582B001900198FA
:100B800008B9FFE70AE001983421FFF746FD019913
:100B9000FE200870019900204870FFE702B080BD78
:100BA00010B59AB018908DED170ACDED160A8DED9F
:100BB000151ACDED141A189820B9FFE7FF208DF80B
:100BC00067008EE1189890F8580058B9FFE7189818
:100BD0002430FFF7D1FF1899FB2081F824008DF80D
:100BE00067007EE118982430FFF7C6FF1798189920
:100BF000C862169818990863159818994863189848
:100C000090ED010A9FEDB91AB4EE410AF1EE10FA27
:100C10000BDDFFE7189890ED020A9FEDB41AB4EED1
:100C2000410AF1EE10FA07DCFFE71899FE2081F87F
:100C300024008DF8670054E19DED170AB0EEC00A5C
:100C40009FEDAA1AB4EE410AF1EE10FA13DAFFE7AB
:100C50009DED160AB0EEC00A9FEDA41AB4EE410A4B
:100C6000F1EE10FA07DAFFE71498139018990120B3
:100C700081F8280008E09DED160ADDED170A17F04F
:100C800043FB8DED130AFFE79DED130AFFF728FFE5
:100C90008DED130A9DED130A17F08CFC8DED090AFA
:100CA0009DED170A8DED080A9DED130A17F02AFD38
:100CB0009DED082A9DED091A9DED163A20EE030AD6
:100CC000A1EE020A8DED100A9DED100AB1EE400A68
:100CD0008DED0F0A9DED150A189890ED001A30EE73
:100CE000410A8DED0E0A9DED0F1A9DED0E0A20EEC4
:100CF000000AA1EE010A189890ED011A90ED022A5F
:100D0000A1EE410AA2EE420A31EE011A21EE021AC8
:100D100080EE010A8DED0D0A9DED0D0A9FED741A0E
:100D2000B4EE410AF1EE10FA0ADBFFE79DED0D0A81
:100D30009FED701AB4EE410AF1EE10FA0BDDFFE7F9
:100D40001899FD2081F82400189A002182F82610B5
:100D50008DF86700C5E09DED0D0AFFEE000ACDEDB0
:100D6000020AB7EE001A14F0D7FBB0EE401A9DED60
:100D7000020A8DED0D1A9DED0D1A91EE410A9FEDBF
:100D80005E1A80FE010A17F085FD8DED0C0A9DEDBF
:100D90000C0AB1EE400ADDED0D0A17F0B5FA8DED43
:100DA000110A189890ED010A8DED040A90ED020ADF
:100DB0008DED030A9DED110A17F0FCFB9DED031A62
:100DC000B0EE402A9DED040AA1EE020A8DED0B0A59
:100DD000189890ED020A8DED050A9DED110A17F0A5
:100DE00091FCB0EE401A9DED050A20EE010A8DED52
:100DF0000A0A9DED0F0ADDED0E0A17F085FA8DED5A
:100E0000060A9DED0A0ADDED0B0A17F07DFAB0EE39
:100E1000401A9DED060A30EE410A8DED120A9DED55
:100E2000130AFFF75DFE8DED130A9DED120AFFF721
:100E300057FE8DED120A9DED110AFFF751FE8DED63
:100E4000110A18990120079081F826001399189A21
:100E500091631299189AD1631199189A116418998B
:100E600081F844009DED130ADDED120A9DED111A83
:100E7000DDF860E00EF10C000EF114010EF11C0221
:100E80000EF148030EF14C0C0EF15004EE46CEF874
:100E90000440CEF800C0FFF7CFFD0798189981F8FD
:100EA00054009DED120A1898D0ED140A2530FFF772
:100EB00053FC58B9FFE71899FC2081F82400189AD0
:100EC000002182F827108DF867000AE018990020A9
:100ED00081F82400189A012182F827108DF8670004
:100EE000FFE79DF967001AB010BD00BFBD3786351A
:100EF000540080BF5400803F00000000000000004C
:100F000080B5AEB02A90ADF8A6102A9828B1FFE7B8
:100F1000BDF8A600382804D8FFE70020ADF8AE00E1
:100F20003BE1EFF310802C902C980390EFF31080AE
:100F300072B62D9000F0A0FA014609A87C22FFF7B6
:100F40003AFB44F60043C2F20043986BD96B1A6C2B
:100F50005B6C089307920691059045F6EC10C2F27F
:100F6000004081788DF812100088ADF810000398C9
:100F700010B9FFE762B6FFE79DED050AFFF7E8FD50
:100F80008DED020A9DED060AFFF7E2FD8DED010AE7
:100F90009DED070AFFF7DCFD8DED000A0020ADF89E
:100FA000A4002A99BDF8A420501CADF8A400A520E7
:100FB0008854BDF8A400ADF8A2002A99BDF8A42079
:100FC000501CADF8A400E12088549DF810002A9927
:100FD000BDF8A420531CADF8A43088549DF811002E
:100FE0002A99BDF8A420531CADF8A43088549DF86C
:100FF00012002A99BDF8A420531CADF8A4308854DF
:101000009DF89C002A99BDF8A420531CADF8A4308B
:1010100088549DF898002A99BDF8A420531CADF877
:10102000A43088542A98BDF8A41008449DED090AFC
:1010300000F0FAF8BDF8A4000430ADF8A4002A9836
:10104000BDF8A41008449DED0A0A00F0EDF8BDF8C3
:10105000A4000430ADF8A4002A98BDF8A4100844F8
:101060009DED0B0A00F0E0F8BDF8A4000430ADF8E7
:10107000A4002A98BDF8A41008449DED0C0A00F0C5
:10108000D3F8BDF8A4000430ADF8A4002A98BDF848
:10109000A41008449DED0D0A00F0C6F8BDF8A400A8
:1010A0000430ADF8A4002A98BDF8A41008449DEDC2
:1010B0000E0A00F0B9F8BDF8A4000430ADF8A400A1
:1010C0002A98BDF8A41008449DED230A00F0ACF85E
:1010D000BDF8A4000430ADF8A4002A98BDF8A4100F
:1010E00008449DED240A00F09FF8BDF8A4000430E8
:1010F000ADF8A4002A98BDF8A41008449DED250A77
:1011000000F092F8BDF8A4000430ADF8A4002A98CD
:10111000BDF8A41008449DED020A00F085F8BDF862
:10112000A4000430ADF8A4002A98BDF8A410084427
:101130009DED010A00F078F8BDF8A4000430ADF888
:10114000A4002A98BDF8A41008449DED000A00F000
:101150006BF8BDF8A4000430ADF8A4002A98BDF8DF
:10116000A2100844362100F01FF88DF8A1009DF868
:10117000A1002A99BDF8A420531CADF8A4308854CE
:101180002A99BDF8A420501CADF8A4005A20885418
:10119000BDF8A400ADF8AE00FFE7BDF8AE002EB07C
:1011A00080BD00000000000085B00390ADF80A107B
:1011B00000200190039820B9FFE700208DF813006C
:1011C0001CE00020ADF80200FFE7BDF80200BDF80A
:1011D0000A1088420EDAFFE70398BDF80210415C5E
:1011E000019808440190FFE7BDF802000130ADF816
:1011F0000200EAE701988DF81300FFE79DF813005D
:1012000005B070470000000045F62821C2F20041F9
:10121000002008707047000045F62820C2F2004008
:10122000007870470000000082B001908DED000A48
:10123000019808B9FFE703E0019900980860FFE70B
:1012400002B070470000000080B582B045F628204B
:10125000C2F20040007820B1FFE700208DF80700BF
:1012600035E045F6EF10C2F200403921FFF748FEA5
:10127000ADF80400BDF8040020B9FFE700208DF8A8
:10128000070024E045F62821C2F200410120087041
:10129000BDF8042043F21C10C2F2000045F6EF1125
:1012A000C2F200410AF080FC8DF803009DF80300B3
:1012B00048B1FFE745F62821C2F20041002008703E
:1012C0008DF8070003E001208DF80700FFE79DF887
:1012D000070002B080BD000045F62821C2F200419F
:1012E000002008707047000080B58AB0002001908F
:1012F0000020C4F2A030029003909FED120AFFF785
:101300007FFA8DED040A9FED100AFFF779FA8DED53
:10131000060A9FED0E0AFFF773FA8DED080A012009
:101320008DF81400FF218DF81C108DF8240044F670
:101330000040C2F2004001A9FFF74AFB00F000F9AB
:101340000AB080BD0000000000008C42000011C304
:1013500080B592B00FA8029080ED020AC0ED010A9C
:1013600080ED001A119942F6EC32C2F200021160CF
:10137000109951600F99916090ED020AD0ED010A29
:1013800090ED001A44F60040C2F200400390DFEDF9
:10139000391AFFF705FC014603988DF83B10FFF75B
:1013A00007FB0D909DF93B0028BBFFE70D9824300B
:1013B00044F60041C2F2004109AA0092FFF734FA54
:1013C000009805A9019100F08FF802980099019A00
:1013D00090ED020AD0ED010A90ED001A0D9800F090
:1013E000BBF800218DF813109DF813200D9B0846C3
:1013F00000F032F93BE09DF93B00033060B9FFE7B4
:1014000000F042F88DF813009DF813200D9B012089
:10141000002100F021F929E09DF93B000430C0B91A
:10142000FFE700208DF812000D9828B1FFE70D9816
:1014300040788DF81200FFE700F026F88DF81300D1
:101440009DF812109DF813200D9B022000F004F966
:101450000BE000F019F88DF813009DF813200D9B98
:101460000320002100F0F8F8FFE7FFE7FFE712B0E4
:1014700080BD00BF0000000042F6EC30C2F2000068
:10148000704700000000000082B042F6EC30C2F26B
:10149000000090F87800E8B1FFE742F6EC31C2F2C4
:1014A000000100918869CA690B6AD1F824C0C1F8AB
:1014B00034C00B63CA628862886DCA6D0B6ED1F846
:1014C00064C0C1F874C00B67CA66886601208DF8D5
:1014D000070003E002208DF80700FFE79DF80700F2
:1014E00002B070470000000080B582B0019000910A
:1014F000019818B1FFE7009808B9FFE71CE00198D0
:1015000090ED000AFFF724FB009880ED000A019897
:1015100090ED010AFFF71CFB009880ED010A01988D
:1015200090ED020AFFF714FB009880ED020A019883
:10153000007B00990873FFE702B080BD0000000047
:1015400080B542F6EC30C2F200007C21FFF765F86E
:1015500080BD00000000000087B08DED060ACDEDD3
:10156000050A8DED041A039002910192039830B19F
:10157000FFE7029818B1FFE7019808B9FFE768E0B4
:10158000069842F6EC31C2F200010091C86005985D
:10159000086104984861DDF80CC0DCF81400DCF840
:1015A0001820DCF81C30DCF820C0C1F824C00B6225
:1015B000CA618861DDF80CC0DCF82400DCF8282062
:1015C000DCF82C30DCF830C0C1F844C00B64CA63CE
:1015D0008863DDF808C0DCF80000DCF80420DCF8E3
:1015E0000830DCF80CC0C1F854C00B65CA648864CC
:1015F000DDF804C0DCF80000DCF80420DCF808307A
:10160000DCF80CC0C1F864C00B66CA658865DDF8FB
:101610000CC0DCF81400DCF81820DCF81C30DCF816
:1016200020C0C1F834C00B63CA628862DDF804C010
:10163000DCF80000DCF80420DCF80830DCF80CC032
:10164000C1F874C00B67CA668866012081F878000B
:10165000FFE707B07047000080B588B08DF81F0025
:101660008DF81E108DF81D2006939DF81F008DF833
:1016700012009DF81E008DF813009DF81D008DF8D6
:101680001400069848B1FFE7069880788DF8150099
:101690000698C0788DF8160005E000208DF815003A
:1016A0008DF81600FFE742F6EC30C2F2000090F829
:1016B00078008DF81700902001900DF11201029131
:1016C0000622039200F010F801980299039A00F0A4
:1016D00003F808B080BD000083B08DF80B000191C5
:1016E000ADF8022003B0704780B584B08DF80F00CC
:1016F0000291ADF806209DF80F0002999DF8062092
:101700000CF04AFD04B080BD80B582B047F64C3085
:10171000C2F2004090ED000A42F6B430C2F200007E
:1017200090ED001AB4EE410AF1EE10FA44D1FFE751
:1017300044F21440C2F2000090ED000A44F6BC30BE
:10174000C2F2004090ED001AB4EE410AF1EE10FA38
:1017500032D1FFE747F65430C2F2004090ED000A64
:1017600042F6B830C2F2000090ED001AB4EE410A21
:10177000F1EE10FA20D1FFE743F2E011C2F20001CE
:101780000020086045F21031C2F20041086043F2C7
:10179000E411C2F20001086044F6F831C2F20041DF
:1017A000086042F6E431C2F20001086044F6FC3100
:1017B000C2F20041086058E042F6B430C2F20000C4
:1017C00090ED000A44F6BC30C2F20040D0ED000AB1
:1017D00042F6B830C2F2000090ED001AFFF7B8FDF3
:1017E000FFF74AFE0190019890F87800E0B3FFE718
:1017F00042F6BC30C2F2000090F9000001281BD173
:10180000FFE70198806A43F2C011C2F2000108604C
:101810000198C06A48600198006B88600198806EEA
:1018200044F6E831C2F2004108600198C06E486099
:101830000198006F88600FE043F2C011C2F200010E
:10184000002008604860886044F6E831C2F2004138
:10185000086048608860FFE7FFF7DEFC18B9FFE723
:10186000FFF7F2FCFFE7FFE7FFE702B080BD0000F3
:1018700080B584B08DED030ACDED020A8DED011A1D
:1018800044F21040C2F2000090ED000A9DED031AF0
:10189000B4EE410AF1EE10FA2CD1FFE747F65030D2
:1018A000C2F2004090ED000A9DED021AB4EE410A2A
:1018B000F1EE10FA1ED1FFE744F21840C2F2000028
:1018C00090ED000A9DED011AB4EE410AF1EE10FA16
:1018D00010D1FFE743F2D011C2F2000100200860EE
:1018E0004860886042F6D431C2F200010860486066
:1018F00088602BE09DED030ADDED020A9DED011AE3
:10190000FFF726FDFFF7B8FD0090009890F87800EB
:10191000D8B1FFE70098806A43F2D011C2F200010B
:1019200008600098C06A48600098006B8860009862
:10193000806E42F6D431C2F2000108600098C06E99
:1019400048600098006F8860FFE7FFE704B080BD43
:1019500080B598B01690159114921393169830B1E3
:10196000FFE7159818B1FFE7149808B9FFE7A1E25F
:1019700042F6BD30C2F20000007808B9FFE799E2F4
:10198000EFF3108072B6179044F6C133C2F20043F1
:10199000186859689A68DB681293119210910F9039
:1019A00042F6BD31C2F200010020087062B69DF916
:1019B0003C0000EE100AB8EEC00A9FEDE22A80EE6D
:1019C000020A9FEDE11A20EE010A169880ED000A46
:1019D0009DF93D0000EE100AB8EEC00A80EE020A42
:1019E00020EE010A159880ED000A9DF93E0000EEF8
:1019F000100AB8EEC00A80EE020A20EE010A14981E
:101A000080ED000A9DF93F0000EE100AB8EEC00A12
:101A100080EE020A9FEDCD1A20EE010A45F2F82071
:101A2000C2F2004080ED000A9DF9401000EE101A4D
:101A3000B8EEC00A80EE020A20EE010A43F2B411A9
:101A4000C2F2000181ED000A9DF9411000EE101A6A
:101A5000B8EEC00A80EE020A9FEDBD2A20EE020A0F
:101A600045F2F021C2F2004181ED000A90ED000A3A
:101A7000B0EEC00AB4EE410AF1EE10FA12DBFFE755
:101A800045F2F821C2F2004191ED000A0FF22C401C
:101A9000021DB5EE400AF1EE10FAC8BF104600680C
:101AA0000860FFE743F2B410C2F2000090ED000AB4
:101AB000B0EEC00A9FEDA51AB4EE410AF1EE10FA9D
:101AC00012DBFFE743F2B411C2F2000191ED000A0C
:101AD0000FF2E830021DB5EE400AF1EE10FAC8BF71
:101AE000104600680860FFE745F2F020C2F20040AF
:101AF00090ED000AB0EEC00A9FED951AB4EE410ACF
:101B0000F1EE10FA12DBFFE745F2F021C2F20041DC
:101B100091ED000A0FF2AC30021DB5EE400AF1EE75
:101B200010FAC8BF104600680860FFE79DF8420041
:101B300045F2EC21C2F2004108709DF8430042F6E4
:101B4000BC31C2F200010D9108709DF844008DF87F
:101B50003B009DF845008DF83A009DF846008DF851
:101B600039009DF93B006FF07E0103917F220492C2
:101B70000CF016FA0399049A8DF83B009DF93A008F
:101B80000CF00EFA8DF83A009DF9390032217822D6
:101B90000CF006FA8DF839009DF93B0000EE100AB2
:101BA000B8EEC00ADFEDC90ACDED050A9FEDC81AEF
:101BB0008DED061ADFEDC71ACDED081A9FEDC62A86
:101BC0008DED0B2A0CF014FADDED050A9DED061AD9
:101BD000DDED081A9DED0B2A45F20830C2F20040F7
:101BE000079080ED000A9DF93A0000EE100AB8EE69
:101BF000C00A0CF0FDF99DED0B2A43F2BC10C2F2B5
:101C00000000099080ED000A9DF9390000EE100AED
:101C1000B8EEC00A9FEDB11ADFEDB11ACDED0A1A88
:101C2000F0EE610A0CF0E4F90798DDED080A9DED8D
:101C30000B1A45F20C31C2F200410C9181ED000A01
:101C400090ED000A0CF084F90799DDED080A099877
:101C50009DED0B1A81ED000A90ED000A0CF078F969
:101C60000999DDED0A0A9DED0B1A0C9881ED000A29
:101C700090ED000A0CF06CF90C990D9881ED000ABA
:101C800090F9000001281FD1FFE745F20830C2F2A9
:101C90000040006842F6B431C2F20001086043F22D
:101CA000BC10C2F20000006844F6BC31C2F2004130
:101CB000086045F20C30C2F20040006842F6B831CC
:101CC000C2F20001086010E042F6B431C2F2000135
:101CD0000020086044F6BC31C2F20041086042F6C0
:101CE000B831C2F200010860FFE79DF8471042F2E8
:101CF000B130C2F2000001700078D8B9FFE744F2B9
:101D00009811C2F200410120087042F2B030C2F2D4
:101D1000000000210291017044F6D430C2F200406C
:101D200015F05AFB029942F6C030C2F2000015F0DD
:101D300027FBFFE742F2B130C2F200000078012831
:101D400023D107E0000000431F856B4000003443AF
:101D500000005C4242F2B030C2F200000121019169
:101D6000017044F29812C2F200420020107044F652
:101D7000D430C2F2004015F02FFB019942F6C0307A
:101D8000C2F2000015F0FCFAFFE79DF8480045F6A6
:101D90004C11C2F2004108709DF9490000EE100A92
:101DA000B8EEC00A9FED441A80EE010A9FED4D1A6D
:101DB00020EE010A44F2C420C2F2000080ED000AC5
:101DC0009DF84A1044F21C40C2F2000001709DF8D8
:101DD0004B1047F65832C2F200421170007880BBB7
:101DE000FFE747F65830C2F20040007878B9FFE7C5
:101DF00042F6C030C2F20000007840B1FFE742F680
:101E0000C030C2F20000002115F03AFB18E047F69E
:101E10005830C2F200400078012810D1FFE742F6A6
:101E2000C030C2F200000078012808D0FFE742F677
:101E3000C030C2F20000012115F022FBFFE7FFE7EE
:101E400038E044F21C40C2F200000078012830D192
:101E5000FFE747F65830C2F20040007878B9FFE754
:101E600044F6D430C2F20040007840B1FFE744F6B7
:101E7000D430C2F20040002115F036FB18E047F6DE
:101E80005830C2F200400078012810D1FFE744F634
:101E9000D430C2F200400078012808D0FFE744F6B1
:101EA000D430C2F20040012115F01EFBFFE7FFE72E
:101EB000FFE7FFE718B080BD00000043000034C317
:101EC0000000344300005CC200005C420000FEC21F
:101ED0000000FE420000FAC30000FA430000F04296
:101EE0000000484200000045FFE7FEE70000000058
:101EF00080B5A4B0239041F2883001F095F84FF2FC
:101F0000BB50C3F6EF10229045F69940C3F68110FE
:101F1000219046F62260C3F6D6102090FFE744F2E7
:101F20009810C2F200400078012840F0E380FFE7FB
:101F300045F64C10C2F2004090F90000002849D14B
:101F4000FFE744F22040C2F200001C9090ED000A2E
:101F50009DED201A80EE010A01200BF0E9FB1C9890
:101F6000BDEEC00A10EE101A1D9190ED010AB1EEFF
:101F7000400A9DED201A80EE010A02200BF0D8FBEA
:101F80001C98BDEEC00A10EE101A1E9190ED020AC8
:101F90009DED201A80EE010A03200BF0C9FB1C986E
:101FA000BDEEC00A10EE101A1F9190ED030AB1EEBB
:101FB000400A9DED201A80EE010A04200BF0B8FBC8
:101FC0001D981E991F9ABDEEC00A10EE103A01F03E
:101FD0006BF8FFE745F64C10C2F2004090F90000A4
:101FE00001284DD1FFE744F2C420C2F2000017904F
:101FF00090ED000A9DED201A80EE010A01200BF001
:1020000097FB1798BDEEC00A10EE101A199190EDCB
:10201000000AB1EE400A9DED201A80EE010A02206E
:102020000BF086FBBDEEC00A10EE100A1A9044F2C7
:102030002040C2F20000189090ED020A9DED201A97
:1020400080EE010A03200BF073FB1898BDEEC00A66
:1020500010EE101A1B9190ED030AB1EE400A9DEDAF
:10206000201A80EE010A04200BF062FB19981A99DD
:102070001B9ABDEEC00A10EE103A01F015F8FFE70A
:1020800044F6E830C2F20040149090ED000AFEF7EA
:1020900037FBB1EE400A9DED211A80EE010A0120C6
:1020A00014F0B6F91498BDEEC00A10EE101A15918E
:1020B00090ED010A9DED221A80EE010A022014F033
:1020C000A7F91498BDEEC00A10EE101A169190ED03
:1020D000020A9DED221A80EE010A032014F098F9FD
:1020E00015981699BDEEC00A10EE102A002301F0D3
:1020F0002BF8FFE742F2B030C2F20000007801286E
:1021000040F0E780FFE745F64C10C2F2004090F93E
:102110000000002849D1FFE747F65C30C2F20040DA
:10212000109090ED000A9DED201A80EE010A01202A
:102130000BF0FEFA1098BDEEC00A10EE101A1191C5
:1021400090ED010AB1EE400A9DED201A80EE010AE1
:1021500002200BF0EDFA1098BDEEC00A10EE101A36
:10216000129190ED020A9DED201A80EE010A0320E3
:102170000BF0DEFA1098BDEEC00A10EE101A1391A3
:1021800090ED030AB1EE400A9DED201A80EE010A9F
:1021900004200BF0CDFA11981299139ABDEEC00AE3
:1021A00010EE103A00F080FFFFE745F64C10C2F247
:1021B000004090F9000001284DD1FFE744F2C4200F
:1021C000C2F200000B9090ED000A9DED201A80EE07
:1021D000010A01200BF0ACFA0B98BDEEC00A10EE1C
:1021E000101A0D9190ED000AB1EE400A9DED201AF3
:1021F00080EE010A02200BF09BFABDEEC00A10EE41
:10220000100A0E9047F65C30C2F200400C9090ED40
:10221000020A9DED201A80EE010A03200BF088FAD5
:102220000C98BDEEC00A10EE101A0F9190ED030A43
:10223000B1EE400A9DED201A80EE010A04200BF059
:1022400077FA0D980E990F9ABDEEC00A10EE103A6B
:1022500000F02AFFFFE742F6D430C2F200000790F8
:1022600090ED000AFEF74CFAB1EE400A9DED211AFE
:1022700080EE010A01200A9014F0CAF80798BDEE1A
:10228000C00A10EE101A089190ED010A9DED221A75
:1022900080EE010A022014F0BBF80798BDEEC00AD8
:1022A00010EE101A099190ED020A9DED221A80EEAF
:1022B000010A032014F0ACF808980999BDEEC00A91
:1022C00010EE102A002300F03FFF0A9800F0ACFE49
:1022D000FFE743F2E810C2F200000490018845F2E3
:1022E0000030C2F20040019090ED000A42F64470C6
:1022F000C2F200000590F6EE000ACDED030A14F0DC
:1023000097F8019ADDED030A04990598B1F81011C8
:1023100092ED010A14F08CF8DDED030A049905989A
:10232000B1F8201245F6E412C2F20042029292ED98
:10233000000A14F07DF8029ADDED030A049905986D
:10234000B1F8301392ED010A14F072F8049905986F
:10235000B1F8401445F2E822C2F2004292ED000AC0
:10236000F0EE000ACDED060A14F062F80499059823
:10237000DDED060AB1F8501544F2D022C2F2000297
:1023800092ED000A14F054F8012013F0CDFFC6E5D9
:1023900080B586B00490039100200290049818B193
:1023A000FFE7039818B9FFE70020059027E0FFE753
:1023B0000298039988421FD2FFE769460DF1070092
:1023C000086044F2F830C2F2000045F62C21C2F257
:1023D000004145F63022C2F200424FF480530BF028
:1023E00043FA08B9FFE707E09DF807000499029A4D
:1023F000531C02938854DBE702980590FFE7059889
:1024000006B080BD0000000080B544F2FC30C2F28E
:102410000000006846F63421C2F2004109684FF41A
:1024200080520BF011FA80BD80B584B042F668404E
:10243000C2F20000D0F8BC0208B9FFE77AE042F629
:102440006840C2F20000D0F8BC02039046F630208B
:10245000C2F20040006808B1FFE76BE00398D0F8D3
:10246000140208B1FFE765E044F2FC30C2F200005C
:10247000006846F63421C2F2004109684FF48052E8
:102480000BF062FA0290029808B9FFE752E044F2BA
:10249000FC30C2F20000006846F63421C2F200416E
:1024A000096888420DD9FFE744F2FC30C2F200000F
:1024B000006846F63421C2F200410968401A0190D2
:1024C00008E046F63420C2F200400068C0F58050B3
:1024D0000190FFE701980299884203D9FFE702982B
:1024E0000190FFE70198B0F5007F04D9FFE74FF4B2
:1024F00000700190FFE746F63420C2F20040016808
:1025000046F63820C2F200400144BDF8042042F6ED
:102510006840C2F2000000900EF0AEFC00980EF091
:10252000B7FD38B9FFE7019846F63021C2F2004105
:102530000860FFE704B080BD80B586B004900391C9
:10254000049818B1FFE7039820B9FFE701208DF840
:1025500017003FE044F2FC30C2F20000006846F68B
:102560003421C2F2004109684FF480520BF06CF93B
:10257000019003980199884204D9FFE700208DF863
:10258000170027E000200290FFE702980399884295
:102590001AD2FFE704980299405C6946086044F249
:1025A000FC30C2F2000046F63421C2F2004146F689
:1025B0003822C2F200424FF480530BF095F9FFE746
:1025C000029801300290E0E7FFF72EFF01208DF81E
:1025D0001700FFE79DF8170006B080BD000000005F
:1025E00084B08DF80F000291ADF80620FFE70120BE
:1025F00008B9FFE7FBE79DF80F000146009123288B
:102600002FD80099DFE801F012131415162D2D2D87
:102610002D2D2D2D2D2D2D2D2D2D2D2D2D2D2D2DEA
:102620002D2D2D2D2D2D2D2D17182B2C1AE019E0C9
:1026300018E017E016E015E0029900200870029AF1
:10264000C2215170029A012191700299C8700299B9
:1026500008710299487102990820887102E001E02E
:1026600000E0FFE7002004B0704700000000000019
:10267000002070470000000080B582B042F668403C
:10268000C2F20000009042F2B231C2F20001002218
:1026900001920EF0F1FB009844F2BC31C2F200410D
:1026A0000EF0CAFB0199009844F2F832C2F200021F
:1026B000116045F62C22C2F20042116044F2FC3255
:1026C000C2F20002116046F63422C2F200421160EA
:1026D00046F63022C2F20042116044F2F432C2F2F5
:1026E000000211600EF04CFB019802B080BD0000AA
:1026F00080B586B00590049100200390FFE7039811
:1027000004990968884224D2FFE705980399405C40
:102710006946086044F2F830C2F2000045F62C2108
:10272000C2F2004145F63022C2F200424FF480531B
:102730000BF0DAF840B9FFE744F2F431C2F20001DD
:10274000086801300860FFE7FFE703980130039055
:10275000D5E7059942F66840C2F2000002900EF0FB
:102760006BFB02980EF00CFB002006B080BD000051
:1027700083B0029001918DF8032000208DF80200B3
:102780009DF9020003B0704784B00290ADF80610C6
:102790004FF6FF70ADF80400029820B1FFE7BDF8D6
:1027A000060028B9FFE7BDF80400ADF80E0047E0C9
:1027B0000020ADF80200FFE7BDF80200BDF80610EA
:1027C000884238DAFFE70298BDF80210415CBDF894
:1027D00004004840ADF8040000208DF80100FFE738
:1027E0009DF8010007281FD8FFE7BDF80400C007C7
:1027F00068B1FFE7BDF804004008ADF80400BDF87B
:1028000004004AF201014840ADF8040005E0BDF8BB
:1028100004004008ADF80400FFE7FFE79DF8010061
:1028200001308DF80100DBE7FFE7BDF80200013061
:10283000ADF80200C0E7BDF80400ADF80E00FFE7F8
:10284000BDF80E0004B0704780B544F27420C2F2A7
:1028500000000AF001FE45F6FC00C2F200400AF05A
:10286000FBFD80BD0000000080B582B08DED010A47
:1028700045F2C020C2F2004090ED050ADDED010AEC
:1028800045F6FC00C2F200400AF0B2FC02B080BD86
:1028900080B584B08DED030A9DED030A45F2C0209A
:1028A000C2F20040009090ED081A30EE410A8DED22
:1028B000020A9DED020A00F0BBFE8DED020ADDED7D
:1028C000020A44F27420C2F200009FED090A0AF0E5
:1028D0008FFC00988DED010A90ED050ADDED010AEF
:1028E00045F6FC00C2F200400AF082FC04B080BD54
:1028F000000000000000000082B0ADF80400ADF858
:102900000210ADF80020BDF90400BDF902108842A4
:102910000BDBFFE7BDF90400BDF90010884204DCC1
:10292000FFE701208DF8070003E000208DF8070085
:10293000FFE79DF8070002B07047000000000000AC
:1029400080B582B001904FF47A7013F0EDFC0AF07C
:10295000BBF843F21C10C2F2000044F6C031C2F2D0
:102960000041012209F08CF809F0BEFDFEF7BCFC25
:1029700044F6D430C2F2004012F042FF42F6C030BA
:10298000C2F2000012F0E8FEFFE711F015FE44F27B
:102990003040C2F20000011D00F1080240F2501365
:1029A000C2F20003FEF7D4FF44F29810C2F20040D6
:1029B000007801281DD1FFE742F6C030C2F20000C6
:1029C00012F0E6FE44F6D430C2F2004012F034FFBA
:1029D0000AF0B6F90120009013F0A6FC09F020FCE3
:1029E000009813F0A1FCFEF78FFE009813F09CFCFA
:1029F000FFE7012013F098FCC7E70000000000008B
:102A000080B58AB08DF827000891079200200690C3
:102A10000590049003900898029008980630019061
:102A2000042004909DF827005038014600910F289B
:102A300042D80099DFE801F01A081D1122272A2D3B
:102A40003033364040404039342006900320049013
:102A500040200590012003902FE03D2006900320A8
:102A600004902E2005900120039026E0302006904F
:102A700023E037200690032007901EE03A200690BE
:102A80000320079019E04120069016E045200690AB
:102A900013E04920069010E04D2006900DE05120F3
:102AA00006900AE05520069007E047F63830C2F25B
:102AB00000400068069000E038E00798032805D140
:102AC000FFE70320049000200390FFE70498A8B1DB
:102AD000FFE7069944F2D420C2F2000000EB410067
:102AE0000299049A5200FDF721FD43F67050C2F29C
:102AF00000000268069804999047FFE70398A8B180
:102B0000FFE7059944F2D420C2F2000000EB410037
:102B10000199039A5200FDF709FD43F67050C2F285
:102B200000000268059803999047FFE70AB080BD4E
:102B300080B500F0D9FA44F65C40C2F2004003F0E0
:102B400057F900F021FB42F6E470C2F2000003F0F6
:102B50004FF90AF0A5FC80BD80B588B007900798B2
:102B600043F2E811C2F20001069181F83C006420B2
:102B7000049000F059FA069800889DF81C206946D8
:102B800000234B600B600A21039114F0CDFF0498E1
:102B900000F04AFA06980088232114F085F9069976
:102BA00042F64470C2F20000059012F001FF049852
:102BB00000F03AFA03990698008814F0B5FB0498DF
:102BC00000F032FA0598069912F02AFF08B080BD8D
:102BD00080B588B00790079943F2E810C2F2000070
:102BE000029080F84C1100F58870069064200490E3
:102BF00000F01AFA0298B0F810019DF81C206946FE
:102C000000234B600B600A21039114F08DFF0498A0
:102C100000F00AFA0298B0F81001232114F044F9E8
:102C2000069942F64470C2F20000059012F0C0FE10
:102C3000049800F0F9F902980399B0F8100114F023
:102C400073FB049800F0F0F90598069912F0E8FE7D
:102C500008B080BD0000000080B588B007900799DB
:102C600043F2E810C2F20000029080F85C1200F516
:102C7000087006906420049000F0D6F90298B0F82D
:102C800020029DF81C20694600234B600B600A213E
:102C9000039114F049FF049800F0C6F90298B0F8C7
:102CA0002002232114F000F9069942F64470C2F282
:102CB0000000059012F07CFE049800F0B5F902982F
:102CC0000399B0F8200214F02FFB049800F0ACF93F
:102CD0000598069912F0A4FE08B080BD000000001F
:102CE00080B588B00790079943F2E810C2F200005F
:102CF000029080F86C1300F54C70069064200490EC
:102D000000F092F90298B0F830039DF81C20694653
:102D100000234B600B600A21039114F005FF049817
:102D200000F082F90298B0F83003232114F0BCF8C7
:102D3000069942F64470C2F20000059012F038FE87
:102D4000049800F071F902980399B0F8300314F078
:102D5000EBFA049800F068F90598069912F060FE05
:102D600008B080BD0000000080B588B007900799CA
:102D700043F2E810C2F20000029080F87C1400F5E3
:102D8000886006906420049000F04EF90298B0F834
:102D900040049DF81C20694600234B600B600A210B
:102DA000039114F0C1FE049800F03EF90298B0F8C7
:102DB0004004232114F078F8069942F64470C2F2D8
:102DC0000000059012F0F4FD049800F02DF902982F
:102DD0000399B0F8400414F0A7FA049800F024F91D
:102DE0000598069912F01CFE08B080BD0000000096
:102DF00080B588B00790079943F2E810C2F200004E
:102E0000029080F88C1500F5AA600690642004906A
:102E100000F00AF90298B0F850059DF81C206946A8
:102E200000234B600B600A21039114F07DFE04988F
:102E300000F0FAF80298B0F85005232114F034F8A5
:102E4000069942F64470C2F20000059012F0B0FDFF
:102E5000049800F0E9F802980399B0F8500514F0CE
:102E600063FA049800F0E0F80598069912F0D8FD8E
:102E700008B080BD0000000080B582B042F644700A
:102E8000C2F200000021042212F086FB12F06CFB5B
:102E900012F05AFE02200190FFF75EFE0198FFF744
:102EA00097FE0198FFF7D8FE0198FFF719FF0198E8
:102EB000FFF75AFF0198FFF79BFF02B080BD0000AB
:102EC00080B584B08DF80F0002918DF807209DF831
:102ED0000F0001460091342800F29C800099DFE841
:102EE00001F0211B272D33999999999999999999CD
:102EF00099993F399951579999999999454B999928
:102F00009999635D696F7599999999999999999921
:102F10009999817B878D930002989DF807100FF097
:102F200037FF78E002989DF807100FF009FF72E074
:102F300002989DF807100FF05BFF6CE002989DF877
:102F400007100FF069FF66E002989DF807100FF078
:102F500047FF60E002989DF8071011F09DF95AE0D4
:102F600002989DF8071011F08BF954E002989DF833
:102F7000071011F0A5F94EE002989DF8071011F026
:102F800023FA48E002989DF8071011F0A1FA42E0F8
:102F900002989DF8071011F08BF93CE002989DF81B
:102FA000071011F05DF836E002989DF8071011F057
:102FB0001FF830E002989DF8071011F091F82AE010
:102FC00002989DF8071011F027F924E002989DF867
:102FD000071011F07DF81EE002989DF807100FF021
:102FE0003FFF18E002989DF807100FF02DFF12E048
:102FF00002989DF807100FF047FF0CE002989DF82B
:1030000007100FF0C9FF06E002989DF807100FF0B7
:1030100033FF00E0FFE704B080BD000000000000C7
:10302000704700000000000080B582B0019003F0FE
:10303000C7FA0090FFE703F0C3FA0099401A01991C
:10304000884201D2FFE7F6E702B080BD0000000031
:1030500081B0EFF3108072B60090FFE7FEE700004A
:1030600044F60C01C5F60201086840F00200086051
:10307000FFE744F60400C5F602000068800400285B
:1030800001D4FFE7F5E7704780B542F64470C2F21D
:10309000000001F03DFF80BD80B542F64470C2F2F1
:1030A000000001F035FF80BD80B584B0ADF80E00A2
:1030B000ADF80C10ADF80A20ADF80830BDF90E20BF
:1030C000BDF90C30BDF90A00BDF908C06946C1F868
:1030D00004C0086044F65C40C2F200404FF4007146
:1030E00000F042FA04B080BD80B588B000200090A6
:1030F00002210191029103910490059044F65C40F5
:10310000C2F20040694601F083FC18B1FFE7FFF707
:103110009FFFFFE744F65C40C2F2004000F070FA07
:1031200008B080BD0000000080B544F65C40C2F2EB
:10313000004001F0EDFE80BD80B544F65C40C2F277
:10314000004001F0E5FE80BD80B584B0ADF80E0012
:10315000ADF80C10ADF80A20ADF80830BDF90E201E
:10316000BDF90C30BDF90A00BDF908C06946C1F8C7
:1031700004C0086042F6E470C2F200004FF400712F
:1031800000F0F2F904B080BD80B588B00020009056
:10319000032101910221029103910490059042F6CE
:1031A000E470C2F20000694601F032FC18B1FFE79A
:1031B000FFF74EFFFFE742F6E470C2F2000000F0B6
:1031C0001FFA08B080BD000080B542F6E470C2F27C
:1031D000000001F09DFE80BD80B542F6E470C2F2B1
:1031E000000001F095FE80BD84B002900298406B13
:1031F000009002980068D0F884004FF6FC71884374
:10320000009940EA810002990968C1F88400029897
:103210000068D0F8840020F47F00029A1168926B55
:1032200040EA0240C1F884000298816B009808448B
:10323000009002980068D0F888006FF38F00009922
:1032400040EA810002990968C1F888000298006884
:10325000D0F8880020F4FE00029A1168D26B40EA90
:103260000240C1F888000298C16B009800EB410051
:10327000009002980068D0F8A0006FF38F000099CA
:1032800040EA810002990968C1F8A000029800682C
:10329000D0F8A00020F4FE00029A1168126C40EAF7
:1032A0000240C1F8A0000299086C496C009A00FB2A
:1032B0000120009002980068D0F8B0006FF38F00F2
:1032C000009940EA810002990968C1F8B0000298AB
:1032D0000068D0F8B00020F4FE00029A1168926CE9
:1032E00040EA0240C1F8B0000299886CC96C009AAB
:1032F00000FB0120009002980068D0F8AC006FF34A
:103300008F00009940EA810002990968C1F8AC0079
:103310000299086D496D009A00FB01200090029807
:103320000068D0F8F0006FF38F00009940EA810048
:1033300002990968C1F8F00002980068D0F8F0001E
:1033400020F47C10029A1168926D40EA0240C1F8A4
:10335000F0000298816D009800EB41000090029807
:103360000068D0F8C0006FF38F00009940EA810038
:1033700002990968C1F8C00002980068D0F8C0003E
:1033800020F47C10029A1168D26D40EA0240C1F824
:10339000C00002980068D0F8C00020F07C50029A6B
:1033A0001168126E40EA0260C1F8C00002994A6BCF
:1033B0004AF60040C4F2000000EB8200C8660299A1
:1033C0008A6BC86E00EB820008670299CA6B086FAF
:1033D00000EBC200486702990A6C4B6C486F5A4375
:1033E00000EB8200886702998A6CCB6C886F5A4325
:1033F00000EB8200C86702990A6D4B6DC86F5A4393
:1034000000EB8200C1F8800002998A6DD1F880003B
:1034100000EBC200C1F884000299CA6D8B6ED1F82E
:1034200084005A4300EB8200C1F8880002990A6EBA
:103430008B6ED1F888005A4300EB8200C1F89000EF
:103440000298D0F890004DF2FD31C4F2000188429C
:103450000FD3FFE70299D1F89C0040F02000C1F89B
:103460009C000299032081F8980001208DF80F003C
:1034700017E00298C06E0190FFE701980299D1F819
:103480009010884208D2FFE7019900200860FFE70A
:10349000019804300190F0E7FFE700208DF80F005D
:1034A000FFE79DF80F0004B0704700000000000027
:1034B00088B007900691059204930698406848B931
:1034C000FFE70698016882680069104340EA81407E
:1034D000039009E006980168826800691043084378
:1034E00040F080400390FFE70698D0F820C0C16804
:1034F00042698369C06940EA0C601843104340EA9E
:10350000014002900798826ED0F8840004995143DC
:1035100000EB810001900398019908600198043044
:1035200001900298019908600198043001900020F0
:103530000090FFE700980699CA6848F67831C0F60F
:103540000101895C88420DD2FFE705980099405837
:1035500001990860019804300190FFE70098043059
:103560000090E7E708B0704710B590B08C468646EB
:1035700013981299CDF83CE0ADF83AC0ADF8382078
:10358000ADF83630ADF83410ADF83200BDF83A0081
:103590000390002004900590082106910790089060
:1035A00009900A900B909DF839008DF80400BDF841
:1035B00038008DF805009DF837008DF80600BDF83D
:1035C00036008DF807009DF835008DF80800BDF82D
:1035D00034008DF809009DF833008DF80A00BDF81D
:1035E00032008DF80B000F9803A901AA01F04CF9E5
:1035F00008B1FFE7FFE710B010BD000000000000B9
:1036000080B582B00190019802F0F2FB18B1FFE79B
:10361000FFF71EFDFFE701981021002201F0B4F82A
:1036200018B1FFE7FFF714FDFFE702B080BD00000F
:1036300081B08DED000AFFE79DED000A9FED141AA1
:10364000B4EE410AF1EE10FA09DDFFE79DED000A44
:103650009FED121A30EE010A8DED000AECE7FFE74C
:103660009DED000A9FED0B1AB4EE410AF1EE10FA3F
:1036700009DAFFE79DED000A9FED071A30EE010A17
:103680008DED000AECE79DED000A01B0704700BF28
:1036900000003443000034C30000B4430000B4C34E
:1036A00080B584B04EF60000C1F6F170006803905A
:1036B0004EF60400C1F6F170006802904EF6080064
:1036C000C1F6F170006801900199039808440390D5
:1036D000039888B1FFE7039840F25001C2F200015D
:1036E00000910231082208F027FC0099029812315B
:1036F000042208F021FCFFE704B080BD00000000B8
:1037000080B540F60000C5F602004FF4604101228A
:1037100002F03EFF80BD000080B58AB0089002F044
:103720004FFF0490089828B9FFE701208DF8270083
:1037300000F0AABC089890F8350002280ED0FFE7E8
:10374000089980204865FFE70899002081F8340037
:10375000FFE701208DF8270000F096BC089801686B
:1037600001201022C4F202029142039000F0A380D3
:10377000FFE70898016801202822C4F20202914262
:10378000039000F09880FFE708980168012040222C
:10379000C4F202029142039000F08D80FFE7089886
:1037A000016801205822C4F202029142039000F005
:1037B0008280FFE70898016801207022C4F20202AB
:1037C0009142039077D0FFE7089801680120882292
:1037D000C4F20202914203906DD0FFE7089801689D
:1037E0000120A022C4F202029142039063D0FFE7BD
:1037F000089801680120B822C4F2020291420390A5
:1038000059D0FFE708980168012040F21042C4F245
:103810000202914203904ED0FFE708980168012010
:1038200040F22842C4F202029142039043D0FFE7E3
:1038300008980168012040F24042C4F2020291421D
:10384000039038D0FFE708980168012040F2584201
:10385000C4F20202914203902DD0FFE7089801685C
:10386000012040F27042C4F202029142039022D041
:10387000FFE708980168012040F28842C4F2020282
:103880009142039017D0FFE708980168012040F2A9
:10389000A042C4F20202914203900CD0FFE70898C4
:1038A00000684FF64831CBF6FD710844B0FA80F05D
:1038B00040090390FFE70398C00780B1FFE708982D
:1038C0000168086820F01E000860089801684869CF
:1038D00020F08000486108980068059009E0089889
:1038E0000168086820F00E000860089800680590DC
:1038F000FFE70898016801201022C4F202029142F9
:10390000029000F00381FFE7089801680120282257
:10391000C4F202029142029000F0F880FFE708989A
:10392000016801204022C4F202029142029000F09C
:10393000ED80FFE70898016801205822C4F20202D6
:103940009142029000F0E280FFE7089801680120B0
:103950007022C4F202029142029000F0D780FFE789
:103960000898016801208822C4F202029142029064
:1039700000F0CC80FFE7089801680120A022C4F283
:1039800002029142029000F0C180FFE708980168AE
:103990000120B822C4F202029142029000F0B680E7
:1039A000FFE708980168012040F21042C4F20202C9
:1039B0009142029000F0AA80FFE708980168012078
:1039C00040F22842C4F202029142029000F09E802E
:1039D000FFE708980168012040F24042C4F2020269
:1039E0009142029000F09280FFE708980168012060
:1039F00040F25842C4F202029142029000F08680E6
:103A0000FFE708980168012040F27042C4F2020208
:103A1000914202907AD0FFE708980168012040F2B5
:103A20008842C4F20202914202906FD0FFE70898E8
:103A30000168012040F2A042C4F2020291420290C9
:103A400064D0FFE708980168012040F2B842C4F250
:103A500002029142029059D0FFE7089801680120C4
:103A600045F20842C5F60202914202904ED0FFE7AD
:103A700008980168012045F21C42C5F602029142F5
:103A8000029043D0FFE708980168012045F23042D8
:103A9000C5F602029142029038D0FFE7089801680B
:103AA000012045F24442C5F60202914202902DD017
:103AB000FFE708980168012045F25842C5F6020266
:103AC0009142029022D0FFE708980168012045F258
:103AD0006C42C5F602029142029017D0FFE70898A7
:103AE0000168012045F28042C5F60202914202902F
:103AF0000CD0FFE7089800684AF66C31CAF2FD71F5
:103B00000844B0FA80F040090290FFE70298C0072D
:103B100038B1FFE70898016E086820F480700860EB
:103B2000FFE7089800681021C4F20201884200F003
:103B30008180FFE7089800682821C4F202018842CA
:103B400078D0FFE7089800684021C4F2020188425B
:103B500070D0FFE7089800685821C4F2020188423B
:103B600068D0FFE7089800687021C4F2020188421B
:103B700060D0FFE7089800688821C4F202018842FB
:103B800058D0FFE708980068A021C4F202018842DB
:103B900050D0FFE708980068B821C4F202018842BB
:103BA00048D0FFE70898006840F21041C4F20201D3
:103BB00088423FD0FFE70898006840F22841C4F2ED
:103BC0000201884236D0FFE70898006840F2404181
:103BD000C4F2020188422DD0FFE70898006840F245
:103BE0005841C4F20201884224D0FFE708980068D7
:103BF00040F27041C4F2020188421BD0FFE70898EE
:103C0000006840F28841C4F20201884212D0FFE706
:103C10000898006840F2A041C4F20201884209D02D
:103C2000FFE70898006840F2B841C4F202018842F8
:103C300007D1FFE708980168086820F001000860D4
:103C400006E008980168086820F001000860FFE7B6
:103C5000FFE705980068C007C8B1FFE702F0B0FCB5
:103C60000499401A062811D3FFE7089920204865D7
:103C70000899032081F83500FFE70899002081F8B2
:103C80003400FFE701208DF82700FDE1E1E7089807
:103C9000016801201022C4F202029142019000F05A
:103CA000A380FFE70898016801202822C4F20202DD
:103CB0009142019000F09880FFE708980168012088
:103CC0004022C4F202029142019000F08D80FFE791
:103CD0000898016801205822C4F202029142019022
:103CE00000F08280FFE70898016801207022C4F28A
:103CF00002029142019077D0FFE708980168012005
:103D00008822C4F20202914201906DD0FFE7089828
:103D100001680120A022C4F202029142019063D006
:103D2000FFE7089801680120B822C4F2020291421C
:103D3000019059D0FFE708980168012040F2104235
:103D4000C4F20202914201904ED0FFE70898016848
:103D5000012040F22842C4F202029142019043D075
:103D6000FFE708980168012040F24042C4F20202D5
:103D70009142019038D0FFE708980168012040F295
:103D80005842C4F20202914201902DD0FFE70898F8
:103D90000168012040F27042C4F202029142019097
:103DA00022D0FFE708980168012040F28842C4F25F
:103DB00002029142019017D0FFE7089801680120A4
:103DC00040F2A042C4F20202914201900CD0FFE7FF
:103DD000089800684FF64831CBF6FD710844B0FAF8
:103DE00080F040090190FFE70198C00760B1FFE74C
:103DF0000898806D07900898C06D00F01F013F2063
:103E00008840079988600BE00898806D06900898B4
:103E1000C06D00F01F010120884006994860FFE74F
:103E20000898016801201022C4F202029142009019
:103E300000F00381FFE70898016801202822C4F2FE
:103E400002029142009000F0F880FFE708980168B4
:103E500001204022C4F202029142009000F0ED8065
:103E6000FFE70898016801205822C4F2020291423B
:103E7000009000F0E280FFE70898016801207022BE
:103E8000C4F202029142009000F0D780FFE7089848
:103E9000016801208822C4F202029142009000F0E1
:103EA000CC80FFE7089801680120A022C4F202023A
:103EB0009142009000F0C180FFE70898016801205E
:103EC000B822C4F202029142009000F0B680FFE7EF
:103ED00008980168012040F21042C4F202029142A7
:103EE000009000F0AA80FFE708980168012040F2E6
:103EF0002842C4F202029142009000F09E80FFE747
:103F000008980168012040F24042C4F20202914246
:103F1000009000F09280FFE708980168012040F2CD
:103F20005842C4F202029142009000F08680FFE7FE
:103F300008980168012040F27042C4F202029142E6
:103F400000907AD0FFE708980168012040F288428B
:103F5000C4F20202914200906FD0FFE70898016816
:103F6000012040F2A042C4F202029142009064D0CB
:103F7000FFE708980168012040F2B842C4F202024B
:103F80009142009059D0FFE708980168012045F25E
:103F90000842C5F60202914200904ED0FFE7089811
:103FA0000168012045F21C42C5F6020291420090D0
:103FB00043D0FFE708980168012045F23042C5F67A
:103FC00002029142009038D0FFE708980168012072
:103FD00045F24442C5F60202914200902DD0FFE71F
:103FE00008980168012045F25842C5F60202914244
:103FF000009022D0FFE708980168012045F26C424A
:10400000C5F602029142009017D0FFE708980168B8
:10401000012045F28042C5F60202914200900CD088
:10402000FFE7089800684AF66C31CAF2FD7108444F
:10403000B0FA80F040090090FFE70098C007A0B1F7
:10404000FFE70898416E806E48600898C06E58B1CE
:10405000FFE70898C16E086820F48070086008982F
:10406000016F406F4860FFE7FFE70899012081F882
:104070003500FFE70899002081F83400FFE7FFE7EB
:1040800000208DF82700FFE79DF827000AB080BDCB
:1040900080B586B00490049820B9FFE701208DF820
:1040A000170046E3049890F83500022807D0FFE790
:1040B00004998020486501208DF8170039E30498A1
:1040C000016801201022C4F202029142029000F025
:1040D000A380FFE70498016801202822C4F20202AD
:1040E0009142029000F09880FFE704980168012057
:1040F0004022C4F202029142029000F08D80FFE75C
:104100000498016801205822C4F2020291420290F0
:1041100000F08280FFE70498016801207022C4F259
:1041200002029142029077D0FFE7049801680120D3
:104130008822C4F20202914202906DD0FFE70498F7
:1041400001680120A022C4F202029142029063D0D1
:10415000FFE7049801680120B822C4F202029142EC
:10416000029059D0FFE704980168012040F2104204
:10417000C4F20202914202904ED0FFE70498016817
:10418000012040F22842C4F202029142029043D040
:10419000FFE704980168012040F24042C4F20202A5
:1041A0009142029038D0FFE704980168012040F264
:1041B0005842C4F20202914202902DD0FFE70498C7
:1041C0000168012040F27042C4F202029142029062
:1041D00022D0FFE704980168012040F28842C4F22F
:1041E00002029142029017D0FFE704980168012073
:1041F00040F2A042C4F20202914202900CD0FFE7CA
:10420000049800684FF64831CBF6FD710844B0FAC7
:1042100080F040090290FFE70298C007002800F0F4
:104220009D80FFE70499042081F835000498006818
:104230001021C4F20201884200F08180FFE7049857
:1042400000682821C4F20201884278D0FFE7049870
:1042500000684021C4F20201884270D0FFE7049850
:1042600000685821C4F20201884268D0FFE7049830
:1042700000687021C4F20201884260D0FFE7049810
:1042800000688821C4F20201884258D0FFE70498F0
:104290000068A021C4F20201884250D0FFE70498D0
:1042A0000068B821C4F20201884248D0FFE70498B0
:1042B000006840F21041C4F2020188423FD0FFE79B
:1042C0000498006840F22841C4F20201884236D0C6
:1042D000FFE70498006840F24041C4F202018842BE
:1042E0002DD0FFE70498006840F25841C4F2020163
:1042F000884224D0FFE70498006840F27041C4F27D
:10430000020188421BD0FFE70498006840F2884110
:10431000C4F20201884212D0FFE70498006840F21C
:10432000A041C4F20201884209D0FFE70498006866
:1043300040F2B841C4F20201884207D1FFE7049875
:104340000168086820F00100086006E00498016830
:10435000086820F001000860FFE7E5E104980168C3
:10436000086820F00E000860049800681021C4F26C
:104370000201884200F08180FFE70498006828214C
:10438000C4F20201884278D0FFE704980068402117
:10439000C4F20201884270D0FFE7049800685821F7
:1043A000C4F20201884268D0FFE7049800687021D7
:1043B000C4F20201884260D0FFE7049800688821B7
:1043C000C4F20201884258D0FFE704980068A02197
:1043D000C4F20201884250D0FFE704980068B82177
:1043E000C4F20201884248D0FFE70498006840F216
:1043F0001041C4F2020188423FD0FFE704980068F0
:1044000040F22841C4F20201884236D0FFE7049806
:10441000006840F24041C4F2020188422DD0FFE71B
:104420000498006840F25841C4F20201884224D046
:10443000FFE70498006840F27041C4F2020188422C
:104440001BD0FFE70498006840F28841C4F20201E3
:10445000884212D0FFE70498006840F2A041C4F2FD
:104460000201884209D0FFE70498006840F2B84191
:10447000C4F20201884207D1FFE704980168086886
:1044800020F00100086006E004980168086820F048
:1044900001000860FFE70498016801201022C4F2BF
:1044A00002029142019000F00381FFE70498016845
:1044B00001202822C4F202029142019000F0F8800B
:1044C000FFE70498016801204022C4F202029142F1
:1044D000019000F0ED80FFE7049801680120582268
:1044E000C4F202029142019000F0E280FFE70498DA
:1044F000016801207022C4F202029142019000F092
:10450000D780FFE70498016801208822C4F20202E4
:104510009142019000F0CC80FFE7049801680120EF
:10452000A022C4F202029142019000F0C180FFE794
:10453000049801680120B822C4F20202914201905D
:1045400000F0B680FFE704980168012040F21042B5
:10455000C4F202029142019000F0AA80FFE70498A1
:104560000168012040F22842C4F202029142019007
:1045700000F09E80FFE704980168012040F240426D
:10458000C4F202029142019000F09280FFE7049889
:104590000168012040F25842C4F2020291420190A7
:1045A00000F08680FFE704980168012040F2704225
:1045B000C4F20202914201907AD0FFE704980168A8
:1045C000012040F28842C4F20202914201906FD071
:1045D000FFE704980168012040F2A042C4F2020201
:1045E0009142019064D0FFE704980168012040F2F5
:1045F000B842C4F202029142019059D0FFE70498F8
:104600000168012045F20842C5F60202914201907C
:104610004ED0FFE704980168012045F21C42C5F620
:1046200002029142019043D0FFE704980168012003
:1046300045F23042C5F602029142019038D0FFE7C0
:1046400004980168012045F24442C5F602029142F5
:1046500001902DD0FFE704980168012045F25842EF
:10466000C5F602029142019022D0FFE7049801684A
:10467000012045F26C42C5F602029142019017D02A
:10468000FFE704980168012045F28042C5F6020266
:10469000914201900CD0FFE7049800684AF66C3113
:1046A000CAF2FD710844B0FA80F040090190FFE7BA
:1046B0000198C00728B3FFE70498016E086820F44A
:1046C000807008600498806D03900498C06D00F0BD
:1046D0001F0101208840039948600498416E806E54
:1046E00048600498C06E58B1FFE70498C16E08682E
:1046F00020F4807008600498016F406F4860FFE705
:10470000FFE70499012081F83500FFE704990020B4
:1047100081F83400FFE70498006D20B1FFE70498AA
:10472000016D8847FFE7FFE7FFE700208DF81700DE
:10473000FFE79DF8170006B080BD000000000000F4
:1047400080B584B0039001F03BFF02900398019084
:104750000198013048B1FFE740F2D500C2F20000F5
:104760000178019808440190FFE7FFE701F028FF76
:104770000299401A0199884201D2FFE7F6E704B096
:1047800080BD00000000000085B0039002910192FE
:10479000039890F898008DF803009DF80300012815
:1047A00005D0FFE79DF8030002285DD1FFE70298DE
:1047B00003990968896D084207D1FFE703980168EA
:1047C000C86D40F00100C86515E0029803990968BA
:1047D000896D08400299884207D1FFE70398016874
:1047E000C86D40F00200C86504E00398016803202A
:1047F000C865FFE7FFE79DF809008007002809D595
:10480000FFE7019A03980168D1F8E0001043C1F86E
:10481000E000FFE79DF809004007002809D5FFE701
:10482000019A03980168D1F8E4001043C1F8E4004C
:10483000FFE7FFE702984FF6FF71C3F6CF7100EA7A
:10484000010203980168486D10434865029A4AF6D0
:104850001401C4F20001086840EA92700860FFE7A2
:1048600000208DF813000AE00399D1F89C0040F075
:104870000200C1F89C0001208DF81300FFE79DF8AD
:10488000130005B07047000080B586B00490039116
:1048900002920398406808B9FFE700E0FFE7049838
:1048A00090F89800022845D1FFE704980068D0F8F6
:1048B000C00010F07C5F0BD1FFE70499D1F89C0099
:1048C00040F02000C1F89C0001208DF817003CE06A
:1048D00004980068D0F8C400800200280BD5FFE7D8
:1048E0000499D1F89C0040F40070C1F89C000120AC
:1048F0008DF8170029E004980068D0F8C400C0F3D0
:104900000440019004980399029A019BFEF7D0FDA0
:104910000199012000FA01F1049A1268C2F8D0103E
:10492000019988400499C1F89400FFE700208DF8B0
:1049300017000AE00499D1F89C0040F00800C1F883
:104940009C0001208DF81700FFE79DF8170006B0C6
:1049500080BD00000000000082B00190009102B014
:10496000704700000000000084B0029001910092A6
:10497000019808B9FFE700E0FFE7029890F8980077
:10498000012836D1FFE7019870B9FFE70298006867
:10499000D0F8F00020F07C50009940EA01600299C4
:1049A0000968C1F8F00020E0019801280ED1FFE766
:1049B00002980068D0F8A00020F0FE40009940EA7C
:1049C000016002990968C1F8A0000DE00298006832
:1049D000D0F8B00020F0FE40009940EA0160029952
:1049E0000968C1F8B000FFE7FFE700208DF80F006D
:1049F0000AE00299D1F89C0040F00400C1F89C0044
:104A000001208DF80F00FFE79DF80F0004B07047FC
:104A100087B005900491059890F898008DF80300F0
:104A20009DF80300012805D0FFE79DF80300022848
:104A30006AD1FFE70498C068072801D1FFE7FFE7C4
:104A40000498006878BBFFE70498C068072801D085
:104A5000FFE7FFE70498C06807280CD1FFE7049A36
:104A600010699169D269000440EA0220084340F0CD
:104A7000605003900CE004998868CB680A69496922
:104A8000800740EAC36040EA024008430390FFE722
:104A90000598C06E0499496800EB81000190039865
:104AA000019908602CE00498C068072801D0FFE74E
:104AB000FFE70498C168006940EA417003900498D8
:104AC000C068072804D1FFE704988069029006E0D7
:104AD00004988168406940EA81700290FFE7059878
:104AE000006F0499496800EBC10001900398019997
:104AF0000860019804300190029801990860FFE76E
:104B000000208DF81B000AE00599D1F89C0040F0C8
:104B10000200C1F89C0001208DF81B00FFE79DF802
:104B20001B0007B07047000085B0DDF814C003908B
:104B3000029101920093039890F89800012812D1F5
:104B4000FFE702980001019940EA8100009940EADC
:104B500041000599084303990968C1F880000020C5
:104B60008DF813000AE00399D1F89C0040F004008E
:104B7000C1F89C0001208DF81300FFE79DF8130099
:104B800005B070470000000080B582B0009000982A
:104B900020B9FFE701208DF8070015E0009801F02B
:104BA0004FF900980168C86D20F00300C8650098AF
:104BB00000F092FE00990020C1F89C00009981F855
:104BC00098008DF80700FFE79DF8070002B080BD50
:104BD00081B0009001B0704782B0019000919DF8C3
:104BE00003008007002807D5FFE70198016888695E
:104BF00020F001008861FFE79DF802000006002810
:104C000001D5FFE7FFE702B0704700000000000099
:104C10008AB00890079106920593002001900898A9
:104C200090F898008DF803009DF80300022840F0EA
:104C30005C81FFE70798402851D1FFE7089800689A
:104C4000D0F8A00010F4FE0F0BD1FFE70899D1F8BF
:104C50009C0040F02000C1F89C0001208DF8270046
:104C60004EE108980068D0F8A400400658B9FFE764
:104C70000899D1F89C0040F48070C1F89C00012094
:104C80008DF827003CE108980068D0F8A40000F0F7
:104C900080710120B0EB116F0DD1FFE7089800681B
:104CA000D0F8A0100120B0EBD17F03D1FFE70120A5
:104CB0000190FFE7FFE708980068D0F8A40000F42F
:104CC0007C51019800EB112001900898426C406FD4
:104CD0000199514300EB81000490FFE770E00798D1
:104CE000412851D1FFE708980068D0F8B00010F4CF
:104CF000FE0F0BD1FFE70899D1F89C0040F020008F
:104D0000C1F89C0001208DF82700F9E008980068A0
:104D1000D0F8B400400658B9FFE70899D1F89C00D4
:104D200040F48070C1F89C0001208DF82700E7E076
:104D300008980068D0F8B40000F080710120B0EB52
:104D4000116F0DD1FFE708980068D0F8B01001206E
:104D5000B0EBD17F03D1FFE701200190FFE7FFE730
:104D600008980068D0F8B40000F47C51019800EB7A
:104D7000112001900898C26C806F0199514300EB9B
:104D800081000490FFE71AE007980899096D8842AE
:104D90000BD3FFE70899D1F89C0040F02000C1F840
:104DA0009C0001208DF82700AAE00898426DC06F92
:104DB0000799514300EB81000490FFE7FFE7FFE70D
:104DC0000498006800F080400699486006984068A2
:104DD00038B9FFE704980068C0F38A400699086074
:104DE00006E00498006820F0604006990860FFE73C
:104DF0000498006800F000500699886004980068E4
:104E000000F000400699086104980430049004986A
:104E100000880699C86104980068C0F303400699A9
:104E2000C8600498006800F48010069948610498EE
:104E3000006800F400100699886104980068C0F3C7
:104E400006600699086204980068C00F06994862D7
:104E50000498043004900498039000200290FFE727
:104E600002980699CA6848F67831C0F60101895C53
:104E700088420AD2FFE70398029A805C0599885419
:104E8000FFE7029801300290EAE70798402806D130
:104E9000FFE7019808990968C1F8A80021E0079880
:104EA000412806D1FFE7019808990968C1F8B800C0
:104EB00016E007981F2808D8FFE7079901208840C7
:104EC00008990968C1F8980009E0079800F01F01E7
:104ED0000120884008990968C1F89C00FFE7FFE7B6
:104EE000FFE700208DF827000AE00899D1F89C0020
:104EF00040F00800C1F89C0001208DF82700FFE772
:104F00009DF827000AB0704781B0009001B070474B
:104F100080B594B013904AF61000C4F20000006807
:104F2000800712904AF61400C4F20000016812983B
:104F300000EA8170129013980068006D00F47040D0
:104F4000119013980068416D1198084011901398C2
:104F50000068006D00F00F00109013980068416D1C
:104F600010980840109013980068006D00F0F00051
:104F70000F9013980068416D0F9808400F90139898
:104F80000068006D00F071500E9013980068416D3C
:104F90000E9808400E9013980068006D00F0607045
:104FA0000D9013980068416D0D9808400D9013986E
:104FB0000068406D039013980068006D01909DF8A3
:104FC0000D00C007B8B1FFE79DF80500C00788B124
:104FD000FFE7FFE7139801684FF4807008654AF611
:104FE0001001C4F2000100200860FFE71398FFF7EA
:104FF0008BFFFFE7FFE79DF80D0000F004010020A4
:10500000B0EB910F28D0FFE79DF8050000F00401F8
:105010000020B0EB910F1ED0FFE713980068D0F886
:10502000DC000B9013980068D0F8E4100B9808404F
:105030000B90FFE7139801684FF4806008654AF60B
:105040001001C4F2000100200860FFE713980B99DB
:1050500000F096FFFFE7FFE71298B8B1FFE7FFE720
:1050600012984FF6FF71C3F6CF7108401399096883
:1050700008651298800F4AF61001C4F2000108601A
:10508000FFE713981299FFF767FCFFE71198B8B193
:10509000FFE7FFE711984FF6FF71C3F6CF710840A5
:1050A0001399096808651198800F4AF61001C4F237
:1050B00000010860FFE71398119900F071FFFFE706
:1050C0001098B8B1FFE7FFE710984FF6FF71C3F6ED
:1050D000CF7108401399096808651098800F4AF647
:1050E0001001C4F200010860FFE71398109900F066
:1050F000CBFDFFE70F98B8B1FFE7FFE70F984FF63A
:10510000FF71C3F6CF7108401399096808650F98BD
:10511000800F4AF61001C4F200010860FFE71398FF
:105120000F9900F0C5FDFFE79DF80D0000F00801A4
:105130000020B0EBD10F1BD0FFE79DF8050000F079
:1051400008010020B0EBD10F11D0FFE7FFE7139863
:1051500001684FF4006008654AF61001C4F20001CE
:1051600000200860FFE7139800F022FFFFE7FFE749
:105170009DF80D0000F002010020B0EB510F28D087
:10518000FFE79DF8050000F002010020B0EB510F91
:105190001ED0FFE713980068D0F8D8000C90139841
:1051A0000068D0F8E0100C9808400C90FFE71398C6
:1051B00001684FF4007008654AF61001C4F200015E
:1051C00000200860FFE713980C9900F0E1FEFFE76C
:1051D000FFE79DF80E0000F008010020B0EBD10FB2
:1051E0001BD0FFE79DF8060000F008010020B0EB9F
:1051F000D10F11D0FFE7FFE7139801684FF40020AB
:1052000008654AF61001C4F2000100200860FFE7BB
:10521000139800F035FDFFE7FFE79DF80E00C0078B
:10522000B8B1FFE79DF80600C00788B1FFE7FFE7C8
:10523000139801684FF4803008654AF61001C4F2F3
:10524000000100200860FFE7139800F095FEFFE7DB
:10525000FFE79DF80E0000F004010020B0EB910F75
:105260001BD0FFE79DF8060000F004010020B0EB22
:10527000910F11D0FFE7FFE7139801684FF48020EA
:1052800008654AF61001C4F2000100200860FFE73B
:10529000139800F06DFEFFE7FFE79DF80E0000F0A9
:1052A00002010020B0EB510F1FD0FFE79DF8060070
:1052B00000F002010020B0EB510F15D0FFE7FFE72F
:1052C000139801684FF4003008654AF61001C4F2E3
:1052D000000100200860FFE71399D1F89C0040F01E
:1052E0008000C1F89C00FFE7FFE70D98B8B1FFE729
:1052F000FFE70D984FF6FF71C3F6CF710840139981
:10530000096808650D98800F4AF61001C4F2000183
:105310000860FFE713980D99FFF75EFCFFE70E9812
:10532000D0B1FFE7FFE70E984FF6FF71C3F6CF71DC
:1053300008401399096808650E98800F4AF6100115
:10534000C4F200010860FFE70E9A1399D1F89C009F
:105350001043C1F89C00FFE7139800684AF200016F
:10536000C4F20001884240F0B980FFE7139840681A
:1053700080688007002800F0B080FFE7139840683D
:10538000006A00F00F000A9013984068416A0A987A
:1053900008400A9013984068006A00F030000990B5
:1053A00013984068416A099808400990139840682A
:1053B000006A00F4C070089013984068416A089829
:1053C0000840089013984068006A00F4FC40079079
:1053D00013984068416A07980840079013984068FE
:1053E000006A00F4F020069013984068416A06981D
:1053F0000840069013984068406A029013984068ED
:10540000006A00900A9848B1FFE70A981399496822
:10541000086213980A9900F093FDFFE7099848B1D4
:10542000FFE709981399496808621398099900F0F1
:1054300097FDFFE79DF8080000F040010020B0EB69
:10544000911F1FD0FFE79DF8000000F040010020F1
:10545000B0EB911F15D0FFE713984068C06B000CAC
:10546000059013984068C06B00F03F0004901398BB
:1054700041684020086213980599049A00F068FD7D
:10548000FFE7FFE7089848B1FFE7089813994968D4
:1054900008621398089900F04BFDFFE7079860B188
:1054A000FFE70798139949680862079A1399D1F89A
:1054B0009C001043C1F89C00FFE7069860B1FFE72D
:1054C0000698139949680862069A1399D1F89C00C6
:1054D0001043C1F89C00FFE7FFE7FFE71398D0F8FF
:1054E0009C0020B1FFE71398FFF772FBFFE714B0B1
:1054F00080BD00000000000080B598B0169048F60E
:10550000C821C0F6010101A84C22FBF754F81698F7
:1055100020B9FFE701208DF85F00D9E116980068F7
:105520004AF20001C4F20001884206D1FFE7169951
:10553000086800F580704860FFE716988068B0F54D
:10554000407F01D1FFE7FFE71698006C08B1FFE745
:10555000FFE71698806C08B1FFE7FFE71698006D2B
:1055600008B1FFE7FFE71698006E08B1FFE7FFE715
:105570001699C86D096E084408B1FFE7FFE7169851
:1055800090F8980040B9FFE71699002081F899003B
:10559000169800F029FAFFE716980168886920F04C
:1055A0001000886101F00CF81590FFE7169800686C
:1055B00080690007002817D5FFE701F001F8159969
:1055C000401A0B280FD3FFE71699D1F89C0040F042
:1055D0000100C1F89C001699032081F89800012071
:1055E0008DF85F0074E1E1E716980168886940F082
:1055F0000100886100F0E4FF1590FFE7169800684D
:105600008069C007B8B9FFE700F0DAFF1599401AC2
:105610000B280FD3FFE71699D1F89C0040F001004A
:10562000C1F89C001699032081F8980001208DF89C
:105630005F004DE1E2E716980168886940F00200DA
:1056400088611698007C012807D1FFE71698016849
:10565000886920F04000886106E016980168886932
:1056600040F040008861FFE71698407C012807D190
:10567000FFE716980168886940F48040886106E079
:1056800016980168886920F480408861FFE71698C1
:10569000807C012807D1FFE716980168886920F40B
:1056A0008050886106E016980168886940F480504F
:1056B0008861FFE716980068806920F44070169AA8
:1056C000116892681043886116980168886920F013
:1056D000A400886116980168086920F0100008612C
:1056E0001698C068012807D1FFE7169801688869F5
:1056F00040F0040088612BE01698C06830B3FFE7E3
:105700001698C068022819D0FFE7169801688869C2
:1057100040F08000886116980168086940F0100028
:1057200008611698C068032807D1FFE7169801683A
:10573000886940F020008861FFE706E0169801685C
:10574000886940F020008861FFE700E0FFE7FFE79D
:10575000169A116853699069D2F81CE0A0F1010C07
:105760006FF0FF0000EB0E2040EA4C60126A013A35
:1057700010430022CFF6FF7202EB03421043C861D0
:1057800016988068B0F5407F1CD1FFE7169A116823
:10579000536A906AD2F82CE001386FF0FF0C0CEBE2
:1057A0000E2C40EA0C00D2F830C06FF00F0202EB72
:1057B0000C1210430022CFF6FF7202EB034210439B
:1057C000C860FFE71698006E48B1FFE716980168B9
:1057D000426ED1F8C0001043C1F8C000FFE716992F
:1057E000C86D096E084480B1FFE716980068D0F8CC
:1057F000C80020F00700169A1168936E01AA52F8AB
:1058000023201043C1F8C800FFE71698006C80B150
:10581000FFE716980068D0F8BC0020F00700169A41
:105820001168536C01AA52F823201043C1F8BC0040
:10583000FFE71698806C88B1FFE716980068D0F8EB
:10584000BC0020F07000169A1168D36C01AA52F8BF
:10585000232040EA0210C1F8BC00FFE71698006D53
:1058600088B1FFE716980068D0F8BC0020F4E0602B
:10587000169A1168536D01AA52F8232040EA0220BB
:10588000C1F8BC00FFE7169800684AF20001C4F2B4
:105890000001884207D1FFE716984168886820F028
:1058A00003008860FFE716990020C1F8940016995C
:1058B000C1F89C001699012081F898001698FDF710
:1058C00093FC8DF853009DF853008DF85F00FFE7BF
:1058D0009DF85F0018B080BD80B582B0019001983E
:1058E00000684AF20001C4F20001884221D1FFE7BA
:1058F00040F24C10C2F200000168013901600068FA
:1059000048B9FFE744F2EC41C5F60201086820F40B
:1059100080700860FFE740F60040C5F602000321F2
:1059200000F04AFB132000F097FF152000F094FFD1
:1059300056E0019800684AF20041C4F20001884232
:1059400021D1FFE740F24C10C2F20000016801399A
:105950000160006848B9FFE744F2EC41C5F6020176
:10596000086820F480700860FFE740F20040C5F648
:105970000200602100F020FB142000F06DFF1620D3
:1059800000F06AFF2BE0019800684DF20041C4F27C
:105990000001884222D1FFE740F24C10C2F2000021
:1059A000016801390160006848B9FFE744F2EC4141
:1059B000C5F60201086820F480700860FFE740F631
:1059C0000040C5F602004FF4405100F0F5FA9F2068
:1059D00000F042FFA02000F03FFFFFE7FFE7FFE7F6
:1059E00002B080BD0000000080B5C6B04590002028
:1059F0004490439042904190409012A8B821FAF709
:105A00000CFE459800684AF20001C4F20001884289
:105A10005FD1FFE7002013904FF4004012904FF049
:105A200080502D9012A802F03BFC18B1FFE7FDF763
:105A30000FFBFFE740F24C10C2F200000168013199
:105A400001600068012810D1FFE7FFE744F2EC4055
:105A5000C5F60200016841F480710160006800F43D
:105A6000807011901198FFE7FFE7FFE744F2E040F4
:105A7000C5F60200016841F008010160006800F00D
:105A8000080010901098FFE70320409002204190FA
:105A900000200A90429043900920449040F6004034
:105AA000C5F6020040A900F09FFB0A9A1320089057
:105AB0000521099100F0E8FE089800F0D9FE099947
:105AC0000A9A15200B9000F0DFFE0B9800F0D0FE34
:105AD000D2E0459800684AF20041C4F200018842D1
:105AE0005FD1FFE7002013904FF4004012904FF079
:105AF00080502D9012A802F0D3FB18B1FFE7FDF7FC
:105B0000A7FAFFE740F24C10C2F200000168013131
:105B100001600068012810D1FFE7FFE744F2EC4084
:105B2000C5F60200016841F480710160006800F46C
:105B300080700F900F98FFE7FFE7FFE744F2E04027
:105B4000C5F60200016841F002010160006800F042
:105B500002000E900E98FFE76020409002204190D6
:105B600000200690429043900920449040F200406B
:105B7000C5F6020040A900F037FB069A14200490F5
:105B80000521059100F080FE049800F071FE059952
:105B9000069A1620079000F077FE079800F068FE3E
:105BA00069E0459800684DF20041C4F20001884266
:105BB00060D1FFE7002013904FF4004012904FF0A7
:105BC00080502D9012A802F06BFB18B1FFE7FDF793
:105BD0003FFAFFE740F24C10C2F2000001680131C9
:105BE00001600068012810D1FFE7FFE744F2EC40B4
:105BF000C5F60200016841F480710160006800F49C
:105C000080700D900D98FFE7FFE7FFE744F2E0405A
:105C1000C5F60200016841F008010160006800F06B
:105C200008000C900C98FFE74FF440504090022081
:105C300041900020029042904390052001904490B2
:105C400040F60040C5F6020040A900F0CDFA0199E7
:105C5000029A9F20009000F017FE009800F008FEC6
:105C60000199029AA020039000F00EFE039800F024
:105C7000FFFDFFE7FFE7FFE746B080BD0000000043
:105C800081B0009001B0704780B59CB01B901A9114
:105C90001B9842F64471C2F20001884203D1FFE72B
:105CA00010F02EF8FFE71CB080BD000000000000DF
:105CB00080B592B011901091119844F65C41C2F2F7
:105CC0000041884245D1FFE79DF84000C00600280A
:105CD0003ED5FFE71198412106AA04ABFEF798FFD5
:105CE00008B1FFE782E00698B0F5007F2ED9FFE704
:105CF0000698C008402829D8FFE7069801388DF893
:105D00000F00002002909DF80F00C0EBC00143F689
:105D10008840C2F2000000EB810002900298A0B11E
:105D2000FFE702998869013088610298806932280A
:105D300005D8FFE7029804A910F006FA04E00298DB
:105D400004A910F0B9F9FFE7FFE700E0FFE7FFE77C
:105D5000FFE7119842F6E471C2F20001884245D192
:105D6000FFE79DF84000C00600283ED5FFE71198E8
:105D7000412106AA04ABFEF74BFF08B1FFE735E06F
:105D80000698B0F5007F2ED9FFE70698C008402896
:105D900029D8FFE7069801388DF807000020009009
:105DA0009DF80700C0EBC00145F21430C2F200407C
:105DB00000EB810000900098A0B1FFE7009988698E
:105DC0000130886100988069322805D8FFE7009883
:105DD00004A910F0B9F904E0009804A910F06CF9D6
:105DE000FFE7FFE700E0FFE7FFE7FFE712B080BD56
:105DF00082B00090009890F89800012811D1FFE738
:105E00000099022081F8980000980168886920F0C4
:105E10000100886100990020C1F89C008DF80700FE
:105E20000AE00099D1F89C0040F00400C1F89C0001
:105E300001208DF80700FFE79DF8070002B07047CA
:105E400083B0019000200090019890F898000228FB
:105E50005CD1FFE701980168886940F00100886122
:105E6000FFE7019800688069C007B8B9FFE70098AC
:105E700033280FD3FFE70199D1F89C0040F00100CF
:105E8000C1F89C000199032081F8980001208DF849
:105E90000B0046E0009801300090E2E700200090FF
:105EA00001980168886920F010008861FFE7019877
:105EB000006880690007002817D5FFE7009833289D
:105EC0000FD3FFE70199D1F89C0040F00100C1F821
:105ED0009C000199032081F8980001208DF80B00A7
:105EE0001FE0009801300090E1E70198016888699F
:105EF00040F00200886101990020C1F89400019AE5
:105F0000012182F898108DF80B000AE00199D1F870
:105F10009C0040F00800C1F89C0001208DF80B00A7
:105F2000FFE79DF80B0003B0704700000000000081
:105F300082B00190009102B07047000000000000A4
:105F400082B00190009102B0704700000000000094
:105F500083B002900191009203B0704700000000EE
:105F600082B00190009102B0704700000000000074
:105F700081B0009001B0704781B0009001B07047CF
:105F800082B00190009102B0704700000000000054
:105F900082B00190009102B0704700000000000044
:105FA00082B00190009102B0704700000000000034
:105FB00081B0009001B070478FB00E900D9100201D
:105FC0000C908020C5F600000990FFE70D980C9911
:105FD000C840002800F00381FFE70D980C9A0121CA
:105FE000914008400B900B98002800F0F480FFE7E8
:105FF0000C9820F0030040F20841C5F6000140581B
:106000000A900C9800F0030081000F2000FA01F1C3
:106010000A9808400A900A9808900E980021C5F640
:106020000201884203D1FFE7002007906CE00E9840
:1060300040F20041C5F60201884203D1FFE701208A
:1060400006905EE00E9840F60001C5F60201884217
:1060500003D1FFE70220059050E00E9840F6004182
:10606000C5F60201884203D1FFE70320049042E015
:106070000E9841F20001C5F60201884203D1FFE704
:106080000420039034E00E9841F20041C5F602016D
:10609000884203D1FFE70520029026E00E9841F6E2
:1060A0000001C5F60201884203D1FFE706200190F6
:1060B00018E00E9841F60041C5F60201884203D16E
:1060C000FFE7072000900AE00E9942F20042C5F671
:1060D00002020A20914208BF09200090FFE70098C1
:1060E0000190FFE701980290FFE702980390FFE715
:1060F00003980490FFE704980590FFE70598069041
:10610000FFE706980790FFE7089807990C9A02F0B6
:1061100003029200914088422AD1FFE70B9A099925
:106120000868904308600B9A099948689043486052
:106130000B9A0421C5F600010868904308600B9A89
:106140004FF0B0410868904308600C9800F00300DD
:1061500081000F2088400A900A9B0C9820F00301D0
:1061600040F20842C5F60002885898438850FFE77D
:106170000C984100032000FA01F30E9A11681943AC
:106180001160DDF830C00CF007018A000F2101FA20
:1061900002F30E996FF0030202EA5C020A44116AEC
:1061A000994311620C99490000FA01F30E9AD168E3
:1061B0009943D1600C9A012101FA02F30E9A5168B9
:1061C000994351600C99490000FA01F20E998868D0
:1061D00090438860FFE70C9801300C90F6E60FB012
:1061E00070470000000000008FB00E900D9100205D
:1061F0000C908020C5F600000990FFE70D9800681C
:106200000C99C840002800F0C181FFE70D98006894
:106210000C9A0121914008400B900B98002800F047
:10622000B181FFE70D98406800F00300012807D016
:10623000FFE70D98406800F0030002282FD1FFE728
:106240000E9880680A900C984100032000FA01F132
:106250000A9888430A900D98C0680C99490000FA82
:1062600001F10A9808430A900A980E9988600E98DE
:1062700040680A900C99012000FA01F10A988843BD
:106280000A900D984068C0F300100C9900FA01F1D3
:106290000A9808430A900A980E994860FFE70D98FB
:1062A000406800F00300032818D0FFE70E98C0688C
:1062B0000A900C984100032000FA01F10A988843E3
:1062C0000A900D9880680C99490000FA01F10A982B
:1062D00008430A900A980E99C860FFE70D98406835
:1062E00000F00300022826D1FFE70E980C996FF00A
:1062F000030202EA51010844006A0A900C9800F077
:10630000070081000F2000FA01F10A9888430A90E3
:106310000D9800690C9901F00701890000FA01F15C
:106320000A9808430A900A980E990C9B02EA5302B5
:1063300011440862FFE70E9800680A900C9841002B
:10634000032000FA01F10A9888430A900D984068EA
:1063500000F003000C99490000FA01F10A98084383
:106360000A900A980E9908600D9880798007002895
:1063700000F00781FFE7FFE744F2F440C5F60200B2
:10638000016841F002010160006800F0020008901D
:106390000898FFE70C9820F0030040F20841C5F68A
:1063A000000140580A900C9800F0030081000F2073
:1063B00000FA01F10A9888430A900E980021C5F668
:1063C0000201884203D1FFE7002007906CE00E989D
:1063D00040F20041C5F60201884203D1FFE70120E7
:1063E00006905EE00E9840F60001C5F60201884274
:1063F00003D1FFE70220059050E00E9840F60041DF
:10640000C5F60201884203D1FFE70320049042E071
:106410000E9841F20001C5F60201884203D1FFE760
:106420000420039034E00E9841F20041C5F60201C9
:10643000884203D1FFE70520029026E00E9841F63E
:106440000001C5F60201884203D1FFE70620019052
:1064500018E00E9841F60041C5F60201884203D1CA
:10646000FFE7072000900AE00E9942F20042C5F6CD
:1064700002020A20914208BF09200090FFE700981D
:106480000190FFE701980290FFE702980390FFE771
:1064900003980490FFE704980590FFE7059806909D
:1064A000FFE706980790FFE707980C9901F00301B2
:1064B000890000FA01F10A9808430A900A980C9999
:1064C00021F0030140F20842C5F6000288504FF067
:1064D000B04000680A900B990A9888430A900D987A
:1064E0008079C006002805D5FFE70B990A98084374
:1064F0000A90FFE70A984FF0B04108600420C5F603
:10650000000000680A900B990A9888430A900D9839
:1065100080798006002805D5FFE70B990A98084383
:106520000A90FFE70A980421C5F60001086009985F
:1065300040680A900B990A9888430A900D988079D0
:106540008007002805D5FFE70B990A9808430A90B1
:10655000FFE70A9809994860099800680A900B9922
:106560000A9888430A900D988079C00728B1FFE700
:106570000B990A9808430A90FFE70A98099908605E
:10658000FFE7FFE70C9801300C9037E60FB070473B
:1065900082B00190ADF802108DF801209DF8010045
:1065A00028B1FFE7BDF802000199886105E0BDF858
:1065B0000200000401998861FFE702B07047000003
:1065C00047F6AC40C2F2004000687047000000008F
:1065D00040F2D500C2F20000027847F6AC41C2F2A8
:1065E0000041086810440860704700000000000087
:1065F00080B582B0032000F05FF903F02DF944F27A
:106600001842C5F602021168C1F3032348F6683147
:10661000C0F60101CB5C03F01F03D8400090009846
:10662000126802F00F02895C01F01F01C84040F2BD
:106630002801C2F200410860009840F20801C2F24D
:10664000000108600F2000F013F820B1FFE70120DF
:106650008DF8070005E000F0E3F800208DF8070052
:10666000FFE79DF8070002B080BD000000000000B9
:1066700080B590B00E900E980F2810D8FFE70E99B5
:106680001C200090002200F0FFF8009800F0F0F8C5
:106690000E9840F2D801C2F20001086003E0012028
:1066A0008DF83F004CE0FFE744F2E840C5F60200F9
:1066B000016841F001010160006800F001000190F3
:1066C0000198FFE706A802A903F02EF80B980490A2
:1066D000049820B9FFE703F097F8059004E003F071
:1066E00093F840000590FFE705984DF68361C4F2EA
:1066F0001B31A0FB01014FF0FF3000EB91400390F4
:1067000043F28400C2F200004FF08041016040F289
:10671000E731C1600399416000210161816003F0AC
:10672000FFFF48B9FFE743F28400C2F2000004F023
:1067300097F88DF83F0003E001208DF83F00FFE758
:106740009DF83F0010B080BD10B581B0009000985A
:1067500040784EF69851CEF2000108604EF6A051F6
:10676000CEF20001086820F001000860009840683F
:106770004EF69C52CEF200021060DDF800E09EF86A
:106780000C0000079EF80B2040EA02609EF80020F3
:106790009EF808309EF809C09EF80A4040EAC440BE
:1067A0009EF80D4040EA84409EF80E4040EA444086
:1067B0009EF80FE040EA0E4040EA0C2040EA430019
:1067C0001043086001B010BDBFF35F8F4EF6245137
:1067D000CEF20001086820F4803008604EF6945133
:1067E000CEF20001002008607047000000000000A9
:1067F00081B00090009840F001004EF69451CEF226
:10680000000108604EF62451CEF20001086840F401
:1068100080300860BFF34F8FBFF36F8F01B07047B8
:1068200080B582B0FFE744F2F440C5F6020001688B
:1068300041F002010160006800F00200019001983F
:10684000FFE76FF001000F21002200F01DF802B0F9
:1068500080BD00000000000080B582B0ADF80600E9
:10686000BDF906000EF0BCFD02B080BD00000000C6
:1068700080B582B0ADF80600BDF906000EF0CCFD83
:1068800002B080BD0000000080B586B0ADF81600F3
:10689000049103920EF0D8FD0290BDF9160001900C
:1068A00002980499039A06F06FFA014601980EF0D7
:1068B000D3FD06B080BD000080B582B00190019884
:1068C0000EF0EEFD02B080BD82B00190019800682C
:1068D000009001990120C1F8D8040199002081F8A5
:1068E000CC04009A916941F000619161009A516D68
:1068F0000323C1F200031943516502B07047000041
:1069000082B001908DF8031002B0704700000000C3
:1069100082B00190ADF80210BDF80200019909683B
:106920004862002002B0704784B003908DF80B10CD
:10693000ADF8082003980068406A00909DF80B00AD
:1069400048B9FFE7BDF80810009840EA01400399F4
:106950000968886233E003980068816A009800EB58
:106960001140009000208DF80700FFE79DF8070018
:106970009DF80B100139884213D2FFE70398006895
:106980009DF8071000EB8100D0F80411009800EB8F
:1069900011400090FFE79DF8070001308DF80700D7
:1069A000E4E7BDF80810009840EA0140039909683F
:1069B0009DF80B2001EB8201C1F80001FFE70020E8
:1069C00004B070470000000080B582B001900198CB
:1069D000D0F8E0040BF044FA02B080BD00000000E3
:1069E00080B582B001908DF80310019AD2F8E004CE
:1069F0009DF8031001EBC10302EB8302126A0BF056
:106A00008BF802B080BD000080B582B001908DF897
:106A10000310019AD2F8E0049DF8031001EBC103C2
:106A200002EB8302D2F860220BF03EF902B080BD87
:106A300080B582B001900198D0F8E0040BF018FA0C
:106A400002B080BD0000000080B584B003908DF8D6
:106A50000B109DF80B00000600280CD5FFE70398EB
:106A60009DF80B1001F00F0101EBC10100EB81005B
:106A7000143001900CE003989DF80B1001F00F0109
:106A800001EBC10100EB810000F515700190FFE7FB
:106A90000398006801990DF063F98DF80A009DF8DC
:106AA0000A0004B080BD000080B584B002908DF86B
:106AB00007109DF80700000600280FD5FFE7029891
:106AC0009DF8071001F00F0101EBC10100EB8100FF
:106AD000143000900099012048700FE002989DF852
:106AE000071001F00F0101EBC10100EB810000F57F
:106AF00015700090009900204870FFE79DF807008E
:106B000000F00F0000990870FFE7029890F89404D5
:106B1000012804D1FFE702208DF80F0014E002994C
:106B2000012081F89404FFE7FFE7029800680099CC
:106B30000CF096FBFFE70299002081F89404FFE730
:106B400000208DF80F00FFE79DF80F0004B080BD16
:106B500080B584B002908DF807109DF8070000F012
:106B60000F0002990979884204D9FFE701208DF8C6
:106B70000F004DE09DF80700000600280FD5FFE745
:106B800002989DF8071001F00F0101EBC10100EB25
:106B90008100143000900099012048700FE00298A5
:106BA0009DF8071001F00F0101EBC10100EB81001E
:106BB00000F515700090009900204870FFE70099DB
:106BC000002088709DF8070000F00F000099087001
:106BD000FFE7029890F89404012804D1FFE702200F
:106BE0008DF80F0014E00299012081F89404FFE76A
:106BF000FFE70298006800990CF012FEFFE7029987
:106C0000002081F89404FFE700208DF80F00FFE7D3
:106C10009DF80F0004B080BD82B001908DF8031084
:106C200001989DF8031001F00F0101EBC10100EB89
:106C30008100D0F8680202B0704700000000000038
:106C400080B586B004908DF80F10ADF80C208DF84B
:106C50000B3000208DF80A009DF80F000006002878
:106C60000FD5FFE704989DF80F1001F00F0101EB1D
:106C7000C10100EB8100143001900199012048709E
:106C80000FE004989DF80F1001F00F0101EBC10116
:106C900000EB810000F5157001900199002048700B
:106CA000FFE79DF80F0000F00F0001990870BDF894
:106CB0000C006FF3DF20019988609DF80B000199AB
:106CC00008710198407820B1FFE70199087848835E
:106CD000FFE79DF80B00022804D1FFE7019900208F
:106CE0004871FFE7FFE7049890F89404012804D165
:106CF000FFE702208DF8170015E00499012081F8C4
:106D00009404FFE7FFE70498006801990CF054F938
:106D1000FFE70499002081F89404FFE79DF80A003A
:106D20008DF81700FFE79DF8170006B080BD000042
:106D300080B586B005908DF81310039202930598E4
:106D40009DF8131001F00F0101EBC10100EB810070
:106D500000F51570019003980199C8600298019997
:106D60000861019900204861019948709DF813005D
:106D700000F00F000199087005988079012804D16E
:106D8000FFE703980199C861FFE7059A1068019928
:106D900092790CF0E9FD002006B080BD00000000F3
:106DA00080B584B002908DF807109DF8070000F0C0
:106DB0000F0002990979884204D9FFE701208DF874
:106DC0000F0058E09DF80700000600280FD5FFE7E8
:106DD00002989DF8071001F00F0101EBC10100EBD3
:106DE0008100143000900099012048700DE0029855
:106DF0009DF8071001EBC10100EB810000F5157053
:106E00000090009900204870FFE7009901208870E9
:106E10009DF8070000F00F0000990870FFE7029846
:106E200090F89404012804D1FFE702208DF80F00A8
:106E300021E00299012081F89404FFE7FFE702981E
:106E4000006800990CF03CFD9DF80700000740B970
:106E5000FFE7029A1068917902F29C420CF090FCD4
:106E6000FFE7FFE70299002081F89404FFE7002084
:106E70008DF80F00FFE79DF80F0004B080BD000003
:106E800080B586B005908DF8131003920293059893
:106E90009DF8131001F00F0101EBC10100EB81001F
:106EA0001430019003980199C86002980199086113
:106EB0000199002048610199012048709DF8130054
:106EC00000F00F000199087005988079012804D11D
:106ED000FFE703980199C861FFE7059A10680199D7
:106EE00092790CF041FD002006B080BD000000004A
:106EF00080B58CB00B900B9800680A900A980990A6
:106F00000B9800680DF06CF8002840F03484FFE71F
:106F10000B9800680DF0DCFB10B9FFE700F02BBC0C
:106F20000998D0F80808C0F30D200B99C1F8D404D3
:106F30000B9800680DF0CCFB8007002807D5FFE711
:106F40000B980168486900F002004861FFE70B9860
:106F500000680DF0BDFBC006002862D5FFE70B9866
:106F60000168886920F0100088610A98006A029020
:106F70000B98029901F00F0101EBC10100EB8100B8
:106F800000F515700890029800F4F0110220B0EBA3
:106F9000514F23D1FFE7BDF8080047F6F0710842D2
:106FA0001BD0FFE70A980899C968029AC2F30A122F
:106FB0000DF09EFB029847F6F07100EA0103089A73
:106FC000D06800EB1310D060029800EA0102089923
:106FD000486900EB12104861FFE71BE0029800F4DB
:106FE000F0110620B0EB514F12D1FFE70A980B9930
:106FF00001F29C4108220DF07BFB029847F6F071EC
:1070000000EA01020899486900EB1210486100E0AB
:10701000FFE7FFE70B980168886940F0100088617E
:10702000FFE70B9800680DF053FB0003002840F1C8
:10703000A680FFE7002004900B9800680DF0F4FA9A
:107040000690FFE70698002800F09880FFE79DF87B
:107050001800C007002800F08A80FFE70B9800683E
:107060009DF810100DF01CFB05909DF81400C00752
:1070700060B1FFE70998049900EB41110120C1F8C4
:10708000080B0B98049905F007FFFFE79DF8140023
:10709000000700280CD5FFE70998049900EB41117F
:1070A0000820C1F8080B0B98049905F0ADFEFFE726
:1070B0009DF81400C006002808D5FFE70998049938
:1070C00000EB41111020C1F8080BFFE79DF81400F8
:1070D000800700282DD5FFE70A98406900060028A0
:1070E00008D5FFE70999D1F8040840F48060C1F899
:1070F0000408FFE70B98049901EBC10100EB810044
:1071000000F5157008900898C078012809D1FFE7AC
:1071100008990020C8700B989DF8101000F040FBF3
:10712000FFE70998049900EB41110220C1F8080B10
:10713000FFE79DF814008006002808D5FFE70998AE
:10714000049900EB41112020C1F8080BFFE79DF8DE
:1071500015008006002809D5FFE70998049900EB7F
:1071600041114FF40050C1F8080BFFE7FFE7049806
:107170000130049006984008069063E7FFE70B98FB
:1071800000680DF0A5FA4003002840F1C680FFE733
:107190000B9800680DF034FA069000200490FFE789
:1071A0000698002800F0B880FFE79DF81800C00797
:1071B000002800F0AA80FFE70B9800689DF81010E7
:1071C0000DF046FA05909DF81400C00700283ED047
:1071D000FFE7049800F00F01012000FA01F103918C
:1071E000039B099AD2F834189943C2F834180999C4
:1071F000049A01EB4211C1F808090B988079012823
:107200001FD1FFE70B98049901EBC10100EB81014D
:10721000CA69086A10440862049888B9FFE70B98A5
:10722000049901EBC10100EB8100406A40B9FFE71E
:107230000B99086801F29C4201210CF0A1FAFFE7CA
:10724000FFE70B989DF81010FFF7CAFBFFE79DF8CA
:1072500014000007002808D5FFE70998049900EBFF
:1072600041110820C1F80809FFE79DF81400C00685
:10727000002808D5FFE70998049900EB4111102078
:10728000C1F80809FFE79DF814004006002808D55A
:10729000FFE70998049900EB41114020C1F8080963
:1072A000FFE79DF814008007002822D5FFE70A9821
:1072B00004990CF02DFE0B98049901EBC10100EB31
:1072C0008100143008900898C078012809D1FFE7A0
:1072D00008990020C8700B989DF8101000F050FA23
:1072E000FFE70998049900EB41110220C1F8080951
:1072F000FFE79DF814000006002805D5FFE70B986E
:10730000049905F0ADFEFFE7FFE704980130049013
:1073100006984008069043E7FFE70B9800680DF0D9
:10732000D7F9C00F00B3FFE70999D1F8040820F09E
:107330000100C1F804080B9890F8CC04012808D18A
:10734000FFE70B98002180F8CC140B98FFF7D8FAD0
:1073500003E00B9800F0CCFBFFE70B98016848694D
:1073600000F000404861FFE70B9800680DF0B0F9AD
:107370000005002811D5FFE70998D0F80808C007D4
:1073800020B1FFE70B9800F047FCFFE70B9801687E
:10739000486900F400604861FFE70B9800680DF051
:1073A00097F90001002820D5FFE70B98016848698C
:1073B00000F0006048610B9890F8CC0480B9FFE7BA
:1073C0000B98012180F8CC140B980068406DC0F335
:1073D00083000B9AC2F8D0040B98FFF791FA03E0F0
:1073E0000B9800F019FCFFE7FFE70B9800680DF021
:1073F0006FF9C004002840F18680FFE70999D1F8B1
:10740000040820F00100C1F804080B98006810215E
:107410000CF07EFD00200790FFE707980B99097993
:10742000884231D2FFE70998079900EB41114FF6E6
:107430007F30C1F808090999079A01EB4212D2F886
:10744000001921F40011C2F800190999079A01EBFB
:107450004211C1F8080B0998079900EB4111D1F8C6
:10746000000B20F40010C1F8000B0998079900EBFD
:107470004111D1F8000B40F00060C1F8000BFFE7AC
:10748000079801300790C8E70999D1F81C0840F027
:107490000110C1F81C080B98C07B78B1FFE709996F
:1074A000D1F8840840F00B00C1F884080999D1F89C
:1074B000440840F00B00C1F844080FE00999D1F8E6
:1074C000140842F22B021043C1F814080999D1F8AC
:1074D000100840F00B00C1F81008FFE70999D1F837
:1074E000000820F4FE60C1F800080B9A106891793A
:1074F00002F29C420CF044F90B980168486900F4D0
:1075000080504861FFE70B9800680DF0E1F88004B7
:1075100000281FD5FFE70B9800680BF0BDFD0B9806
:1075200000680CF035FD0B99C8710B98006801904C
:1075300002F03EF9014601980B9AD2790DF0D4F988
:107540000B9800F0A9FA0B980168486900F4005004
:107550004861FFE70B9800680DF0BAF800070028B3
:107560000AD5FFE70B9800F0CFFA0B98016848693D
:1075700000F008004861FFE70B9800680DF0A8F8DC
:107580000006002825D5FFE70A99886920F08000C9
:10759000886101200490FFE704980B9909798842DB
:1075A00016D2FFE70B98049901EBC10100EB8100B3
:1075B00090F85702012806D1FFE70B989DF81010AC
:1075C000FFF742FAFFE7FFE7049801300490E3E792
:1075D000FFE70B9800680DF07BF8C00200283CD54F
:1075E000FFE701200490FFE704980B99097988428E
:1075F0002CD2FFE70998049900EB4110D0F800095C
:1076000002900B98049901EBC10100EB8100007E10
:10761000012816D1FFE79DF80B000006002810D5C1
:10762000FFE70B98049901EBC10100EB81010120F8
:10763000C8750B989DF8101041F08001FFF704FA0F
:10764000FFE7FFE7049801300490CDE70B9801684D
:10765000486900F480104861FFE70B9800680DF05E
:1076600037F88002002856D5FFE701200490FFE795
:1076700004980B990979884246D2FFE70998049942
:1076800000EB4110D0F8000B02900B98049901EB2D
:10769000C10100EB810090F8580201282FD1FFE7CB
:1076A0009DF80B000006002829D5FFE7029800F49A
:1076B00080310B98D0F8D40400F00100B0EB114FEA
:1076C0001DD1FFE70B98049901EBC10100EB81018B
:1076D000012081F857020A99886940F0800088618A
:1076E0000A9840690006002808D4FFE70999D1F8F4
:1076F000040840F40070C1F8040805E0FFE7FFE764
:10770000049801300490B3E70B980168486900F4CD
:1077100000104861FFE70B9800680CF0D9FF4000AB
:1077200000280AD5FFE70B98FFF74EF90B98016880
:10773000486900F080404861FFE70B9800680CF052
:10774000C7FF4007002815D5FFE70B980068406881
:1077500002909DF808004007002804D5FFE70B9829
:10776000FFF766F9FFE7029A0B9801684868104333
:107770004860FFE7FFE70CB080BD0000000000009C
:1077800080B582B001908DF803100198D0F8E00424
:107790009DF803100AF010FC02B080BD000000004C
:1077A00080B582B001908DF803100198D0F8E00404
:1077B0009DF803100AF038FC02B080BD0000000004
:1077C00080B58CB00A900A9820B9FFE701208DF8A7
:1077D0002F000EE10A9890F8950440B9FFE70A9946
:1077E000002081F894040A9800F00AF9FFE70A994A
:1077F000032081F895040A9800680BF0B5FF0A9BF6
:107800001868197C8DF8201059689A68DB6807930E
:10781000069205910599069A079BDDF820C0EE4671
:10782000CEF800C00BF068FC40B1FFE70A990220D7
:1078300081F8950401208DF82F00DAE00A9800689D
:1078400000210CF0B1FF40B1FFE70A99022081F856
:10785000950401208DF82F00CBE000208DF8270043
:10786000FFE79DF827000A990979884241DAFFE786
:107870000A989DF8271001EBC10100EB810101205E
:1078800048759DF827000A9900EBC00201EB8201C0
:1078900008759DF827000A9900EBC00201EB8201F0
:1078A000C8850A989DF8271001EBC10100EB810102
:1078B000002008760A999DF8272002EBC20201EB0E
:1078C0008201C8610A999DF8272002EBC20201EBF0
:1078D000820108620A999DF8272002EBC20201EB9F
:1078E00082014862FFE79DF8270001308DF82700EC
:1078F000B7E700208DF82700FFE79DF827000A99D9
:10790000097988423EDAFFE70A989DF8271001EBD3
:10791000C10100EB8101002081F855029DF827107C
:107920000A9A01EBC10302EB830282F854120A990E
:107930009DF8272002EBC20201EB820181F8580278
:107940000A999DF8272002EBC20201EB8201C1F8DF
:107950005C020A999DF8272002EBC20201EB82012A
:10796000C1F860020A999DF8272002EBC20201EBE0
:107970008201C1F86402FFE79DF8270001308DF80D
:107980002700BAE70A9B1868197C8DF8101059680F
:107990009A68DB680393029201910199029A039B12
:1079A000DDF810C0EE46CEF800C00BF095FD40B1FA
:1079B000FFE70A99022081F8950401208DF82F0035
:1079C00017E00A99002048740A99012081F895046B
:1079D0000A98007B012804D1FFE70A98FEF774FF9C
:1079E000FFE70A9800680BF05FFD00208DF82F007C
:1079F000FFE79DF82F000CB080BD000000000000E4
:107A000080B5B2B0319002A8B821F8F706FE3198DF
:107A100000680021C4F2040188423AD1FFE7002047
:107A200003904FF48021029110210C914FF480714A
:107A30000D9102210E9108220F92109111904FF496
:107A40000071129113904FF40010239002A800F0DF
:107A500027FC18B1FFE7FBF7FBFAFFE700F050F94E
:107A6000FFE744F2D840C5F60200016841F000711A
:107A70000160006800F0007001900198FFE74D2060
:107A8000009005210022FEF7FFFE0098FEF7F0FEB1
:107A9000FFE732B080BD000080B582B001900120C8
:107AA0008DF803000198C07920B9FFE700208DF818
:107AB00003000CE00198C079022804D1FFE70120FF
:107AC0008DF8030002E0FBF7C3FAFFE7FFE7019838
:107AD000D0F8E0049DF803100AF0AEFB0198D0F84E
:107AE000E0040AF025FB02B080BD000000000000A9
:107AF00080B582B001900198D0F8E0040AF068FBEC
:107B000002B080BD0000000080B582B001900198F5
:107B1000D0F8E0040AF070FB02B080BD0000000065
:107B200080B584B002908DF80710FFE7029890F8B6
:107B30009404012804D1FFE702208DF80F0019E01A
:107B40000299012081F89404FFE7FFE79DF8070000
:107B500002994874029800689DF807100CF094FE92
:107B6000FFE70299002081F89404FFE700208DF8D8
:107B70000F00FFE79DF80F0004B080BD000000007B
:107B800080B582B001900199D1F8E00401F29C41E6
:107B90000AF07EFB02B080BD80B584B002900298EE
:107BA00000680190FFE7029890F89404012804D13E
:107BB000FFE702208DF80F0028E00299012081F8EC
:107BC0009404FFE7FFE70198C068400600280BD542
:107BD000FFE70298407B012806D1FFE70199886BF7
:107BE00040F480308863FFE7029800680CF048F9A1
:107BF000029800680BF040FCFFE70299002081F832
:107C00009404FFE700208DF80F00FFE79DF80F00B8
:107C100004B080BD0000000080B582B001900198E2
:107C2000D0F8E0040AF0BCFB01980168D1F8000E1E
:107C300040F00100C1F8000E0198C07A48B1FFE79A
:107C40004EF61051CEF20001086840F006000860C0
:107C5000FFE702B080BD000080B584B0029044F61A
:107C60000C00C5F60200006800F004010020B0EB33
:107C7000910F13D1FFE744F60C00C5F6020000682F
:107C800000F007000299884204D0FFE701208DF838
:107C90000F002EE000208DF80F002AE044F60C01C2
:107CA000C5F60201086820F00700029A1043086038
:107CB000FEF786FC0190FFE744F60400C5F60200DB
:107CC000006800F400510020B0EB513F0DD1FFE7F8
:107CD000FEF776FC0199401AB0F57A7F04D9FFE7E8
:107CE00001208DF80F0004E0E6E700208DF80F007A
:107CF000FFE79DF80F0004B080BD00000000000009
:107D000044F60C01C5F60201086840F08070086076
:107D1000704700000000000080B501F049FD44F20A
:107D20002041C5F602010968C1F3021248F6683124
:107D3000C0F60101895C01F01F01C84080BD000050
:107D400088B0079044F22840C5F60200016801F0AF
:107D5000030106910068C0F30530059044F22C4001
:107D6000C5F602000068C0F300100490049844F2C5
:107D70003C41C5F60201096889B2C908484300EED2
:107D8000100AB8EE400A8DED020A0598002800F0AE
:107D90001B81FFE70698009048B1FFE70098012893
:107DA00069D0FFE70098022800F08980ABE044F238
:107DB0000040C5F60200006800F020010020B0EB92
:107DC000511F33D0FFE744F20040C5F602000068BF
:107DD000C0F3C10149F20000C0F2D030C8400390A6
:107DE0009DED030AB8EE400A9DED051AB8EE411A62
:107DF00080EE010A44F23840C5F6020000686FF3D5
:107E00005F2001EE100AB8EE411A9DED022A9FEDA7
:107E1000743A82EE032A31EE021AB7EE002A31EEEE
:107E2000021A20EE010A8DED010A23E09DED050AFC
:107E3000B8EE401A9FED6C0A80EE010A44F2384019
:107E4000C5F6020000686FF35F2001EE100AB8EE7D
:107E5000411A9DED022A9FED623A82EE032A31EE2D
:107E6000021AB7EE002A31EE021A20EE010A8DED59
:107E7000010AFFE76BE09DED050AB8EE401A9FEDA1
:107E8000590A80EE010A44F23840C5F60200006843
:107E90006FF35F2001EE100AB8EE411A9DED022A41
:107EA0009FED4F3A82EE032A31EE021AB7EE002A16
:107EB00031EE021A20EE010A8DED010A47E09DED38
:107EC000050AB8EE401A9FED450A80EE010A44F219
:107ED0003840C5F6020000686FF35F2001EE100A1B
:107EE000B8EE411A9DED022A9FED3D3A82EE032A3B
:107EF00031EE021AB7EE002A31EE021A20EE010A24
:107F00008DED010A23E09DED050AB8EE401A9FEDC4
:107F1000350A80EE010A44F23840C5F602000068D6
:107F20006FF35F2001EE100AB8EE411A9DED022AB0
:107F30009FED2B3A82EE032A31EE021AB7EE002AA9
:107F400031EE021A20EE010A8DED010AFFE79DEDE8
:107F5000010A44F23840C5F60200016889B2490AB4
:107F600001EE101AB8EE411AB7EE002A31EE021AED
:107F700080EE010A0799BCEEC00A81ED000A9DED72
:107F8000010A0168C1F3064101EE101AB8EE411A68
:107F900031EE021A80EE010A0799BCEEC00A81EDAB
:107FA000010A9DED010A0068C0F3066001EE100AA7
:107FB000B8EE411A31EE021A80EE010A0798BCEEC3
:107FC000C00A80ED020A07E00799002008600799BF
:107FD000486007998860FFE708B07047001BB74BFF
:107FE000000000460024744A0024744C0000000085
:107FF00088B0079044F22840C5F60200016801F0FD
:10800000030106910068C0F30550059044F22C402E
:10801000C5F602000068C0F300200490049844F202
:108020004441C5F60201096889B2C908484300EE17
:10803000100AB8EE400A8DED020A0598002800F0FB
:108040001B81FFE70698009048B1FFE700980128E0
:1080500069D0FFE70098022800F08980ABE044F285
:108060000040C5F60200006800F020010020B0EBDF
:10807000511F33D0FFE744F20040C5F6020000680C
:10808000C0F3C10149F20000C0F2D030C8400390F3
:108090009DED030AB8EE400A9DED051AB8EE411AAF
:1080A00080EE010A44F24040C5F6020000686FF31A
:1080B0005F2001EE100AB8EE411A9DED022A9FEDF5
:1080C000743A82EE032A31EE021AB7EE002A31EE3C
:1080D000021A20EE010A8DED010A23E09DED050A4A
:1080E000B8EE401A9FED6C0A80EE010A44F240405F
:1080F000C5F6020000686FF35F2001EE100AB8EECB
:10810000411A9DED022A9FED623A82EE032A31EE7A
:10811000021AB7EE002A31EE021A20EE010A8DEDA6
:10812000010AFFE76BE09DED050AB8EE401A9FEDEE
:10813000590A80EE010A44F24040C5F60200006888
:108140006FF35F2001EE100AB8EE411A9DED022A8E
:108150009FED4F3A82EE032A31EE021AB7EE002A63
:1081600031EE021A20EE010A8DED010A47E09DED85
:10817000050AB8EE401A9FED450A80EE010A44F266
:108180004040C5F6020000686FF35F2001EE100A60
:10819000B8EE411A9DED022A9FED3D3A82EE032A88
:1081A00031EE021AB7EE002A31EE021A20EE010A71
:1081B0008DED010A23E09DED050AB8EE401A9FED12
:1081C000350A80EE010A44F24040C5F6020000681C
:1081D0006FF35F2001EE100AB8EE411A9DED022AFE
:1081E0009FED2B3A82EE032A31EE021AB7EE002AF7
:1081F00031EE021A20EE010A8DED010AFFE79DED36
:10820000010A44F24040C5F60200016889B2490AF9
:1082100001EE101AB8EE411AB7EE002A31EE021A3A
:1082200080EE010A0799BCEEC00A81ED000A9DEDBF
:10823000010A0168C1F3064101EE101AB8EE411AB5
:1082400031EE021A80EE010A0799BCEEC00A81EDF8
:10825000010A9DED010A0068C0F3066001EE100AF4
:10826000B8EE411A31EE021A80EE010A0798BCEE10
:10827000C00A80ED020A07E007990020086007990C
:10828000486007998860FFE708B07047001BB74B4C
:10829000000000460024744A0024744C00000000D2
:1082A00080B59AB0189000208DF857008DF85600D0
:1082B0001898C0780007002848D5FFE71898406E46
:1082C000149078B1FFE71498B0F5801F13D0FFE742
:1082D0001498B0F5001F16D0FFE71498B0F5401FB2
:1082E00019D019E044F22C41C5F60201086840F4A7
:1082F0000030086014E018980830022105F03CFBBB
:108300008DF857000CE018982830022105F01CFC6D
:108310008DF8570004E003E001208DF85700FFE7D7
:108320009DF8570060B9FFE744F25041C5F60201DD
:10833000086820F44010189A526E1043086004E058
:108340009DF857008DF85600FFE7FFE71898407832
:10835000C007002840D0FFE71898806D13900428CC
:1083600020D81399DFE801F0030C141C1D0044F21F
:108370002C41C5F60201086840F40030086015E0A1
:1083800018980830002105F0F7FA8DF857000DE035
:1083900018982830002105F0D7FB8DF8570005E02C
:1083A00004E003E001208DF85700FFE79DF8570037
:1083B00060B9FFE744F25041C5F60201086820F0B9
:1083C0000700189A926D1043086004E09DF857006A
:1083D0008DF85600FFE7FFE718984078400700281F
:1083E00056D5FFE71898D0F8A4001290C8B1FFE75F
:1083F0001298B0F5001F1DD0FFE71298B0F5800F5E
:1084000020D0FFE71298B0F5C00F23D0FFE71298F5
:10841000B0F5000F1FD0FFE71298B0F5200F1BD06A
:108420001BE044F22C41C5F60201086840F400301C
:10843000086016E018980830002105F09DFA8DF8C4
:1084400057000EE018982830002105F07DFB8DF8CC
:10845000570006E005E004E003E001208DF8570036
:10846000FFE79DF8570068B9FFE744F25841C5F6A9
:108470000201086820F46000189AD2F8A420104382
:10848000086004E09DF857008DF85600FFE7FFE70D
:10849000189840780007002856D5FFE71898D0F8BC
:1084A000A8001190C8B1FFE71198B0F1807F1DD0EE
:1084B000FFE71198B0F1007F20D0FFE71198B0F1ED
:1084C000407F23D0FFE71198B0F1806F1FD0FFE706
:1084D0001198B0F1A06F1BD01BE044F22C41C5F6FF
:1084E0000201086840F40030086016E0189808306F
:1084F000002105F041FA8DF857000EE01898283059
:10850000002105F021FB8DF8570006E005E004E0AE
:1085100003E001208DF85700FFE79DF8570068B988
:10852000FFE744F25841C5F60201086820F0E06018
:10853000189AD2F8A8201043086004E09DF857006C
:108540008DF85600FFE7FFE71898C07880070028ED
:108550003ED5FFE71898C06C1090F0B1FFE7109877
:10856000102808D0FFE7109820280DD0FFE71098BA
:10857000302811D012E044F22C41C5F602010868FF
:1085800040F4003008600DE018980830022105F032
:10859000F3F98DF8570005E004E003E001208DF8C1
:1085A0005700FFE79DF8570060B9FFE744F24C41E0
:1085B000C5F60201086820F03000189AD26C10430A
:1085C000086004E09DF857008DF85600FFE7FFE7CC
:1085D00018984078C00600284ED5FFE71898C06D5F
:1085E0000F90A0B1FFE70F98B0F5805F18D0FFE7BC
:1085F0000F98B0F5005F1BD0FFE70F98B0F5405F14
:108600001ED0FFE70F98B0F5804F1AD01AE044F261
:108610002C41C5F60201086840F40030086015E0FE
:1086200018980830002105F0A7F98DF857000DE0E3
:1086300018982830002105F087FA8DF8570005E0DA
:1086400004E003E001208DF85700FFE79DF8570094
:1086500060B9FFE744F25041C5F60201086820F412
:10866000E040189AD26D1043086004E09DF857006E
:108670008DF85600FFE7FFE718984078800600283D
:108680004CD5FFE71898006E0E90C8B1FFE70E9822
:10869000B0F5803F15D0FFE70E98B0F5003F18D039
:1086A000FFE70E98B0F5403F1BD0FFE70E98B0F5FE
:1086B000802F17D0FFE70E98B0F5A02F13D013E04E
:1086C00016E018980830012105F056F98DF857008A
:1086D0000EE018982830012105F036FA8DF8570081
:1086E00006E005E004E003E001208DF85700FFE715
:1086F0009DF8570060B9FFE744F25041C5F602010A
:10870000086820F4E020189A126E1043086004E014
:108710009DF857008DF85600FFE7FFE7189840785E
:10872000400600284ED5FFE71898D0F8AC000D9011
:10873000C8B1FFE70D98B0F1805F15D0FFE70D9845
:10874000B0F1005F18D0FFE70D98B0F1405F1BD08B
:10875000FFE70D98B0F1804F17D0FFE70D98B0F10B
:10876000A04F13D013E016E018980830012105F04F
:1087700003F98DF857000EE018982830012105F014
:10878000E3F98DF8570006E005E004E003E001207E
:108790008DF85700FFE79DF8570068B9FFE744F2EE
:1087A0005841C5F60201086820F0E040189AD2F856
:1087B000AC201043086004E09DF857008DF8560087
:1087C000FFE7FFE718984078000600283BD5FFE751
:1087D0001898C06E0C90D8B1FFE70C98B0F1805F8C
:1087E00005D0FFE70C98B0F1005F09D011E044F22A
:1087F0002C41C5F60201086840F4003008600CE026
:1088000018980830012105F0B7F88DF8570004E0FA
:1088100003E001208DF85700FFE79DF8570060B98D
:10882000FFE744F25041C5F60201086820F04050CD
:10883000189AD26E1043086004E09DF857008DF836
:108840005600FFE7FFE71898C078C007002837D028
:10885000FFE71898806C0B90032817D80B99DFE876
:1088600001F014020B1344F22C41C5F60201086812
:1088700040F4003008600DE018980830022105F03F
:108880007BF88DF8570005E004E003E001208DF847
:108890005700FFE79DF8570060B9FFE744F24C41ED
:1088A000C5F60201086820F00300189A926C104384
:1088B000086004E09DF857008DF85600FFE7FFE7D9
:1088C000189880784006002840F1B480FFE744F60D
:1088D0000001C5F60201086840F480700860FDF7E9
:1088E0006FFE1690FFE744F60000C5F60200006830
:1088F000C00500280CD4FFE7FDF762FE1699401A68
:10890000652804D3FFE703208DF8570000E0EAE76D
:108910009DF85700002840F08780FFE744F2704040
:10892000C5F60200006800F440701899D1F8B01044
:1089300001F44071884213D0FFE744F27041C5F65C
:108940000201086820F440701790086840F48030F5
:108950000860086820F48030086017980860FFE716
:108960001898D0F8B000B0F5807F1FD1FFE7FDF771
:1089700027FE1690FFE744F27040C5F6020000683B
:1089800000F002010020B0EB510F0ED1FFE7FDF720
:1089900017FE1699401A41F28931884204D3FFE745
:1089A00003208DF8570000E0E5E7FFE79DF857004A
:1089B000A0BBFFE7FFE71898D0F8B00000F44070C4
:1089C000B0F5407F13D1FFE744F21041C5F6020134
:1089D000086820F47C50189AD2F8B0204FF6F04383
:1089E000C0F6FF731A4040EA1210086008E044F233
:1089F0001041C5F60201086820F47C500860FFE7CA
:108A00001898D0F8B0206FF31F3244F27041C5F6C9
:108A10000201086810430860FFE704E09DF8570072
:108A20008DF85600FFE704E09DF857008DF85600DA
:108A3000FFE7FFE718980068C007002800F04C80A7
:108A4000FFE71898806F0A9028282BD80A99DFE84A
:108A500001F015292929292929291629292929290E
:108A600029291E2929292929292926292929292984
:108A700029292729292929292929280016E0189890
:108A80000830012104F078FF8DF857000EE01898A7
:108A90002830012105F058F88DF8570006E005E070
:108AA00004E003E001208DF85700FFE79DF8570030
:108AB00060B9FFE744F25441C5F60201086820F0AE
:108AC0003800189A926F1043086004E09DF8570030
:108AD0008DF85600FFE7FFE7189800788007002818
:108AE00039D5FFE71898406F0990052819D80999DA
:108AF000DFE801F003040C14151616E0189808308E
:108B0000012104F039FF8DF857000EE01898283045
:108B1000012105F019F88DF8570006E005E004E0A2
:108B200003E001208DF85700FFE79DF8570060B97A
:108B3000FFE744F25441C5F60201086820F007003F
:108B4000189A526F1043086004E09DF857008DF8A2
:108B50005600FFE7FFE718980078400700283BD54C
:108B6000FFE71898D0F890000890052819D80899C0
:108B7000DFE801F003040C14151616E0189808300D
:108B8000012104F0F9FE8DF857000EE01898283006
:108B9000012104F0D9FF8DF8570006E005E004E05C
:108BA00003E001208DF85700FFE79DF8570068B9F2
:108BB000FFE744F25841C5F60201086820F00700BB
:108BC000189AD2F890201043086004E09DF85700EE
:108BD0008DF85600FFE7FFE7189800788006002818
:108BE0004ED5FFE71898D0F88C000790C8B1FFE782
:108BF0000798B0F1805F15D0FFE70798B0F1005FEC
:108C000018D0FFE70798B0F1405F1BD0FFE7079847
:108C1000B0F1804F17D0FFE70798B0F1A04F13D005
:108C200013E016E018980830002104F0A5FE8DF836
:108C300057000EE018982830022104F085FF8DF8C7
:108C4000570006E005E004E003E001208DF857003E
:108C5000FFE79DF8570068B9FFE744F25441C5F6B5
:108C60000201086820F0E040189AD2F88C201043E6
:108C7000086004E09DF857008DF85600FFE7FFE715
:108C800018980078400600284ED5FFE71898D0F8CD
:108C900098000690C8B1FFE70698B0F5806F15D030
:108CA000FFE70698B0F5006F18D0FFE70698B0F51B
:108CB000406F1BD0FFE70698B0F5805F17D0FFE745
:108CC0000698B0F5A05F13D013E016E018980830AE
:108CD000002104F051FE8DF857000EE0189828305E
:108CE000022104F031FF8DF8570006E005E004E0B2
:108CF00003E001208DF85700FFE79DF8570068B9A1
:108D0000FFE744F25841C5F60201086820F4E0503C
:108D1000189AD2F898201043086004E09DF8570094
:108D20008DF85600FFE7FFE7189800780006002846
:108D30004ED5FFE71898D0F89C000590C8B1FFE722
:108D40000598B0F5005F15D0FFE70598B0F5804FA6
:108D500018D0FFE70598B0F5C04F1BD0FFE7059886
:108D6000B0F5004F17D0FFE70598B0F5204F13D0AE
:108D700013E016E018980830002104F0FDFD8DF88E
:108D800057000EE018982830022104F0DDFE8DF81F
:108D9000570006E005E004E003E001208DF85700ED
:108DA000FFE79DF8570068B9FFE744F25841C5F660
:108DB0000201086820F46040189AD2F89C20104301
:108DC000086004E09DF857008DF85600FFE7FFE7C4
:108DD000189800780007002820D5FFE71898D0F8E9
:108DE0008000B0F5805F0CD1FFE718982830022191
:108DF00004F0AAFE20B1FFE701208DF85600FFE73E
:108E0000FFE744F25441C5F60201086820F44050DF
:108E1000189AD2F8802010430860FFE7189800786D
:108E2000C006002820D5FFE71898D0F89400B0F5C8
:108E3000807F0CD1FFE718982830022104F084FECF
:108E400020B1FFE701208DF85600FFE7FFE744F26D
:108E50005841C5F60201086820F44070189AD2F80B
:108E6000942010430860FFE71898807800070028D6
:108E70003CD5FFE71898D0F8A000049050B1FFE768
:108E80000498B0F5803F0DD0FFE70498B0F5003F9F
:108E900010D010E018980830002104F06DFD8DF816
:108EA00057000CE018982830022104F04DFE8DF890
:108EB000570004E003E001208DF85700FFE79DF81C
:108EC000570068B9FFE744F25841C5F60201086847
:108ED00020F44030189AD2F8A0201043086004E033
:108EE0009DF857008DF85600FFE7FFE71898807847
:108EF000400700283FD5FFE71898D0F8840003907A
:108F0000B0F5801F0AD0FFE70398B0F5001F0ED020
:108F1000FFE70398B0F5401F11D011E044F22C4157
:108F2000C5F60201086840F4003008600CE01898AB
:108F30002830012104F008FE8DF8570004E003E01A
:108F400001208DF85700FFE79DF8570068B9FFE74B
:108F500044F25441C5F60201086820F44010189A02
:108F6000D2F884201043086004E09DF857008DF883
:108F70005600FFE7FFE718988078C007A8B3FFE71F
:108F80001898006D029028B1FFE70298B0F5803F75
:108F900009D010E044F22C41C5F60201086840F403
:108FA000003008600BE018980830022104F0E4FC5F
:108FB0008DF8570003E001208DF85700FFE79DF87A
:108FC000570060B9FFE744F24C41C5F6020108685A
:108FD00020F48030189A126D1043086004E09DF868
:108FE00057008DF85600FFE7FFE71898C078800615
:108FF00000280CD5FFE718982830022104F0A4FDC2
:1090000020B1FFE701208DF85600FFE7FFE7189831
:109010008078800700283AD5FFE71898C06F019044
:10902000D0B1FFE70198B0F5807F0AD0FFE7019843
:10903000B0F5007F0ED0FFE70198B0F5407F0AD071
:109040000BE044F22C41C5F60201086840F4003000
:10905000086006E005E004E003E001208DF8570019
:10906000FFE79DF8570060B9FFE744F25441C5F6A9
:109070000201086820F44070189AD26F104308600B
:1090800004E09DF857008DF85600FFE7FFE71898B9
:109090008078C00600280CD5FFE744F25041C5F6A1
:1090A0000201086820F00040189A126F104308600F
:1090B000FFE718988078800600280CD5FFE744F277
:1090C0005041C5F60201086820F08070189A926E2F
:1090D00010430860FFE71898C0784006002811D5B3
:1090E000FFE7FFE744F21041C5F60201086820F4EB
:1090F000004008601898D0F8B42008681043086051
:10910000FFE7FFE71898C078000600280CD5FFE7B6
:1091100044F24C41C5F60201086820F04050189A0C
:10912000526D10430860FFE7189880780006002809
:109130000DD5FFE744F25441C5F60201086820F45A
:109140004000189AD2F8882010430860FFE718986A
:109150000079C00790B1FFE718980830002104F0AB
:109160000BFC8DF857009DF8570008B9FFE704E0A5
:109170009DF857008DF85600FFE7FFE71898007933
:109180008007002812D5FFE718980830012104F065
:10919000F3FB8DF857009DF8570008B9FFE704E08E
:1091A0009DF857008DF85600FFE7FFE71898007903
:1091B0004007002812D5FFE718980830022104F074
:1091C000DBFB8DF857009DF8570008B9FFE704E076
:1091D0009DF857008DF85600FFE7FFE718980079D3
:1091E0000007002812D5FFE718982830002104F066
:1091F000ABFC8DF857009DF8570008B9FFE704E075
:109200009DF857008DF85600FFE7FFE718980079A2
:10921000C006002812D5FFE718982830012104F075
:1092200093FC8DF857009DF8570008B9FFE704E05C
:109230009DF857008DF85600FFE7FFE71898007972
:109240008006002812D5FFE718982830022104F084
:109250007BFC8DF857009DF8570008B9FFE704E044
:109260009DF857008DF85600FFE7FFE79DF8560080
:1092700020B9FFE700208DF8670003E001208DF89A
:109280006700FFE79DF867001AB080BD000000008E
:1092900080B586B004900391049820B9FFE70120BF
:1092A0008DF817003CE2039842F20001C5F200215C
:1092B000096801F00F01884216D9FFE742F2000069
:1092C000C5F20020016821F00F01039A11430160EB
:1092D000006800F00F000399884204D0FFE70120E6
:1092E0008DF817001CE2FFE704980078400700287B
:1092F00019D5FFE70498006944F21841C5F6020148
:10930000096801F0700188420CD9FFE744F2184166
:10931000C5F60201086820F07000049A1269104333
:109320000860FFE7FFE7049800780007002819D5D8
:10933000FFE70498406944F21C41C5F60201096840
:1093400001F0700188420CD9FFE744F21C41C5F6D8
:109350000201086820F07000049A52691043086006
:10936000FFE7FFE704980078C006002819D5FFE75B
:109370000498806944F21C41C5F60201096801F4B1
:10938000E06188420CD9FFE744F21C41C5F60201B6
:10939000086820F4E060049A926910430860FFE7CF
:1093A000FFE7049800788006002819D5FFE70498A5
:1093B000C06944F22041C5F60201096801F070015C
:1093C00088420CD9FFE744F22041C5F60201086843
:1093D00020F07000049AD26910430860FFE7FFE7AD
:1093E000049800788007002819D5FFE70498C06822
:1093F00044F21841C5F60201096801F00F018842E4
:109400000CD9FFE744F21841C5F60201086820F0C4
:109410000F00049AD26810430860FFE7FFE7049842
:109420000078C007002800F08C80FFE744F2184164
:10943000C5F60201086820F47060049A926810432F
:10944000086004984068022811D1FFE744F2004008
:10945000C5F60200006800F400310020B0EB514F67
:1094600004D1FFE701208DF8170059E13EE0049890
:109470004068032811D1FFE744F20040C5F602001E
:10948000006800F000710020B0EB516F04D1FFE7DD
:1094900001208DF8170043E127E004984068012877
:1094A00011D1FFE744F20040C5F60200006800F465
:1094B00080710020B0EB112F04D1FFE701208DF85F
:1094C00017002DE110E044F20040C5F602000068EC
:1094D00000F004010020B0EB910F04D1FFE7012060
:1094E0008DF817001CE1FFE7FFE7FFE744F21041AA
:1094F000C5F60201086820F00700049A526810437C
:109500000860FDF75DF80190FFE744F21040C5F6F2
:109510000200006800F0380004994968B0EBC10F00
:109520000ED0FFE7FDF74CF80199401A41F289315E
:10953000884204D3FFE703208DF81700F0E0E4E74A
:10954000FFE7049800788007002819D5FFE7049802
:10955000C06844F21841C5F60201096801F00F0124
:1095600088420CD2FFE744F21841C5F602010868B0
:1095700020F00F00049AD26810430860FFE7FFE76D
:10958000039842F20001C5F20021096801F00F01C1
:10959000884216D2FFE742F20000C5F200200168BF
:1095A00021F00F01039A11430160006800F00F00E1
:1095B0000399884204D0FFE701208DF81700AFE03F
:1095C000FFE7049800784007002819D5FFE70498C2
:1095D000006944F21841C5F60201096801F0700102
:1095E00088420CD2FFE744F21841C5F60201086830
:1095F00020F07000049A126910430860FFE7FFE74B
:10960000049800780007002819D5FFE704984069FE
:1096100044F21C41C5F60201096801F0700188425C
:109620000CD2FFE744F21C41C5F60201086820F0A5
:109630007000049A526910430860FFE7FFE704983E
:109640000078C006002819D5FFE70498806944F225
:109650001C41C5F60201096801F4E06188420CD2A0
:10966000FFE744F21C41C5F60201086820F4E060FF
:10967000049A926910430860FFE7FFE704980078B6
:109680008006002819D5FFE70498C06944F22041FC
:10969000C5F60201096801F0700188420CD2FFE7AB
:1096A00044F22041C5F60201086820F07000049AD7
:1096B000D26910430860FFE7FFE700F0CDF844F2FD
:1096C0001842C5F602021168C1F3032348F6683157
:1096D000C0F60101CB5C03F01F03D8400090009856
:1096E000126802F00F02895C01F01F01C84040F2CD
:1096F0002801C2F200410860009840F20801C2F25D
:109700000001086040F2D800C2F200000068FCF7D7
:10971000AFFF8DF80B009DF80B008DF81700FFE7E9
:109720009DF8170006B080BD82B0019000910199AC
:109730003F20086044F21040C5F60200006800F0C7
:1097400007000199486044F21840C5F6020001681C
:1097500001F47061019A9160016801F00F01019AB2
:10976000D160006800F070000199086144F21C406B
:10977000C5F60200016801F07001019A51610068AC
:1097800000F4E0600199886144F22040C5F60200CF
:10979000006800F070000199C86142F20000C5F253
:1097A0000020006800F00F000099086002B07047C8
:1097B00080B582B000F050F844F21842C5F60202BB
:1097C0001168C1F3032348F66831C0F60101CB5C90
:1097D00003F01F03D84001900198126802F00F02B5
:1097E000895C01F01F0120FA01F140F22800C2F269
:1097F00000400160019940F20802C2F200021160CB
:10980000006802B080BD000080B5FFF7D1FF44F2D0
:109810001C41C5F602010968C1F3021248F668311D
:10982000C0F60101895C01F01F01C84080BD000045
:1098300080B5FFF7BDFF44F21C41C5F6020109687F
:10984000C1F3022248F66831C0F60101895C01F0DB
:109850001F01C84080BD00008AB044F21040C5F628
:109860000200006800F0380001460191182800F25B
:1098700069810199DFE811F019006601660166014E
:1098800066016601660166013A00660166016601CD
:1098900066016601660166014000660166016601B7
:1098A0006601660166016601460044F20040C5F6A5
:1098B0000200006800F020010020B0EB511F0ED024
:1098C000FFE744F20040C5F602000068C0F3C101A2
:1098D00049F20000C0F2D030C840029005E049F2E1
:1098E0000000C0F2D0300290FFE731E140F60010F6
:1098F000C0F23D0002902BE143F20060C0F26E1016
:10990000029025E144F22840C5F60200016801F00A
:10991000030108910068C0F30510079044F22C4041
:10992000C5F60200006800F001000690069844F2B7
:109930003441C5F60201096889B2C908484300EEFE
:10994000100AB8EE400A8DED040A0798002800F0CE
:10995000F580FFE70898009048B1FFE700980128DC
:1099600069D0FFE70098022800F08980ABE044F25C
:109970000040C5F60200006800F020010020B0EBB6
:10998000511F33D0FFE744F20040C5F602000068E3
:10999000C0F3C10149F20000C0F2D030C8400590C8
:1099A0009DED050AB8EE400A9DED071AB8EE411A82
:1099B00080EE010A44F23040C5F6020000686FF301
:1099C0005F2001EE100AB8EE411A9DED042A9FEDCA
:1099D000633A82EE032A31EE021AB7EE002A31EE24
:1099E000021A20EE010A8DED030A23E09DED070A1D
:1099F000B8EE401A9FED5B0A80EE010A44F2304057
:109A0000C5F6020000686FF35F2001EE100AB8EEA1
:109A1000411A9DED042A9FED513A82EE032A31EE60
:109A2000021AB7EE002A31EE021A20EE010A8DED7D
:109A3000030AFFE76BE09DED070AB8EE401A9FEDC1
:109A4000480A80EE010A44F23040C5F60200006880
:109A50006FF35F2001EE100AB8EE411A9DED042A63
:109A60009FED3E3A82EE032A31EE021AB7EE002A4B
:109A700031EE021A20EE010A8DED030A47E09DED5A
:109A8000070AB8EE401A9FED340A80EE010A44F24C
:109A90003040C5F6020000686FF35F2001EE100A47
:109AA000B8EE411A9DED042A9FED2C3A82EE032A6E
:109AB00031EE021AB7EE002A31EE021A20EE010A48
:109AC0008DED030A23E09DED070AB8EE401A9FEDE5
:109AD000240A80EE010A44F23040C5F60200006814
:109AE0006FF35F2001EE100AB8EE411A9DED042AD3
:109AF0009FED1A3A82EE032A31EE021AB7EE002ADF
:109B000031EE021A20EE010A8DED030AFFE744F25E
:109B10003040C5F60200006881B2012000EB512000
:109B200009909DED030A9DED091AB8EE411A80EEE9
:109B3000010ABCEEC00A8DED020A02E0002002908C
:109B4000FFE705E040F60010C0F23D000290FFE79D
:109B500002980AB0704700BF001BB74B00000046D8
:109B60000024744A0024744C80B58CB00A900A9882
:109B700028B9FFE701208DF82F0000F001BD0A98F9
:109B80000078C007002800F0B980FFE744F21040D9
:109B9000C5F60200006800F03800069044F2284044
:109BA000C5F6020000680590069810280AD0FFE765
:109BB000069818281CD1FFE7059800F0030002283A
:109BC00016D1FFE744F20040C5F60200006800F439
:109BD00000310020B0EB514F09D0FFE70A984068F0
:109BE00028B9FFE701208DF82F0000F0C9BC84E000
:109BF000FFE70A984068B0F5803F09D1FFE744F2DB
:109C00000041C5F60201086840F48030086032E087
:109C10000A98406868B9FFE744F20041C5F60201BE
:109C2000086820F480300860086820F4802008600C
:109C300020E00A984068B0F5A02F0DD1FFE744F26C
:109C40000041C5F60201086840F4802008600868F9
:109C500040F4803008600CE044F20041C5F6020197
:109C6000086820F480300860086820F480200860CC
:109C7000FFE7FFE7FFE7FFE70A984068F0B1FFE77B
:109C8000FCF79EFC0990FFE744F20040C5F6020095
:109C9000006800F400310020B0EB514F0DD1FFE718
:109CA000FCF78EFC0999401A652805D3FFE70320CD
:109CB0008DF82F0000F064BCE6E71DE0FCF780FCA7
:109CC0000990FFE744F20040C5F60200006800F486
:109CD00000310020B0EB514F0DD0FFE7FCF770FCD6
:109CE0000999401A652805D3FFE703208DF82F0056
:109CF00000F046BCE6E7FFE7FFE7FFE70A980078D9
:109D00008007002840F1C580FFE744F21040C5F607
:109D10000200006800F03800049044F22840C5F6C4
:109D2000020000680390049850B1FFE704981828D7
:109D300050D1FFE79DF80C00800700284AD1FFE7CB
:109D400044F20040C5F60200006800F00401002063
:109D5000B0EB910F09D0FFE70A98C06828B9FFE778
:109D600001208DF82F0000F00BBC44F20041C5F635
:109D70000201086820F019000A9AD26810430860AE
:109D8000FCF71EFC0990FFE744F20040C5F6020014
:109D9000006800F004010020B0EB910F0CD1FFE748
:109DA000FCF70EFC0999401A032804D3FFE70320AF
:109DB0008DF82F00E4E3E7E744F20441C5F6020121
:109DC000086820F0FE400A9A126940EA02600860C2
:109DD000FFE75DE00A98C068A0B3FFE744F20041E6
:109DE000C5F60201086820F019000A9AD2681043EB
:109DF0000860FCF7E5FB0990FFE744F20040C5F678
:109E00000200006800F004010020B0EB910F0CD1BB
:109E1000FFE7FCF7D5FB0999401A032804D3FFE7B5
:109E200003208DF82F00ABE3E7E744F20441C5F6C9
:109E30000201086820F0FE400A9A126940EA0260B6
:109E4000086024E044F20041C5F60201086820F0F1
:109E500001000860FCF7B4FB0990FFE744F2004002
:109E6000C5F60200006800F004010020B0EB910F7D
:109E70000CD0FFE7FCF7A4FB0999401A032804D390
:109E8000FFE703208DF82F007AE3E7E7FFE7FFE71E
:109E9000FFE70A980078C006002840F1A080FFE79D
:109EA00044F21040C5F60200006800F0380002904D
:109EB00044F22840C5F60200006801900298082884
:109EC0000AD0FFE7029818282BD1FFE7019800F08D
:109ED0000300012825D1FFE744F20040C5F6020047
:109EE000006800F480710020B0EB112F09D0FFE76B
:109EF0000A98C069802804D0FFE701208DF82F0060
:109F00003EE3FFE744F20C41C5F60201086820F089
:109F10007C500A9A126A40EA02600860FFE7FFE795
:109F20005CE00A98C06998B3FFE744F20041C5F6C7
:109F30000201086840F080000860FCF741FB0990CE
:109F4000FFE744F20040C5F60200006800F48071AB
:109F50000020B0EB112F0CD1FFE7FCF731FB099982
:109F6000401A032804D3FFE703208DF82F0007E3EE
:109F7000E7E7FFE744F20C41C5F60201086820F06C
:109F80007C500A9A126A40EA02600860FFE724E007
:109F900044F20041C5F60201086820F08000086024
:109FA000FCF70EFB0990FFE744F20040C5F6020003
:109FB000006800F480710020B0EB112F0CD0FFE797
:109FC000FCF7FEFA0999401A032804D3FFE703209F
:109FD0008DF82F00D4E2E7E7FFE7FFE7FFE70A98F5
:109FE0000078000700284FD5FFE70A98406928B39A
:109FF000FFE744F27441C5F60201086840F0010031
:10A000000860FCF7DDFA0990FFE744F27440C5F6FA
:10A010000200006800F002010020B0EB510F0CD1EB
:10A02000FFE7FCF7CDFA0999401A032804D3FFE7AC
:10A0300003208DF82F00A3E2E7E724E044F2744107
:10A04000C5F60201086820F001000860FCF7B8FAC4
:10A050000990FFE744F27440C5F60200006800F082
:10A0600002010020B0EB510F0CD0FFE7FCF7A8FA7B
:10A070000999401A032804D3FFE703208DF82F0025
:10A080007EE2E7E7FFE7FFE70A980078800600280E
:10A090004FD5FFE70A98806928B3FFE744F20041F3
:10A0A000C5F60201086840F480500860FCF788FAA1
:10A0B0000990FFE744F20040C5F60200006800F492
:10A0C00000510020B0EB513F0CD1FFE7FCF778FACC
:10A0D0000999401A032804D3FFE703208DF82F00C5
:10A0E0004EE2E7E724E044F20041C5F602010868C9
:10A0F00020F480500860FCF763FA0990FFE744F20F
:10A100000040C5F60200006800F400510020B0EBEA
:10A11000513F0CD0FFE7FCF753FA0999401A032886
:10A1200004D3FFE703208DF82F0029E2E7E7FFE7DC
:10A13000FFE70A9800784007002840F1A780FFE772
:10A1400044F60001C5F60201086840F4807008601A
:10A15000FCF736FA0990FFE744F60000C5F6020066
:10A160000068C00500280CD4FFE7FCF729FA09991C
:10A17000401A652804D3FFE703208DF82F00FFE184
:10A18000EAE7FFE70A988068012809D1FFE744F26F
:10A190007041C5F60201086840F00100086031E036
:10A1A0000A98806868B9FFE744F27041C5F6020179
:10A1B000086820F001000860086820F004000860CA
:10A1C0001FE00A98806805280DD1FFE744F270412E
:10A1D000C5F60201086840F004000860086840F015
:10A1E000010008600CE044F27041C5F60201086805
:10A1F00020F001000860086820F004000860FFE714
:10A20000FFE7FFE7FFE70A988068F8B1FFE7FCF790
:10A21000D7F90990FFE744F27040C5F602000068E4
:10A2200000F002010020B0EB510F0ED1FFE7FCF768
:10A23000C7F90999401A41F28931884204D3FFE7EE
:10A2400003208DF82F009BE1E5E71EE0FCF7B8F94D
:10A250000990FFE744F27040C5F60200006800F084
:10A2600002010020B0EB510F0ED0FFE7FCF7A8F978
:10A270000999401A41F28931884204D3FFE703204B
:10A280008DF82F007CE1E5E7FFE7FFE70A98406AD9
:10A29000002800F07181FFE744F21040C5F602008B
:10A2A000006800F03800182800F0E080FFE70A9806
:10A2B000406A022840F0B480FFE744F20041C5F64E
:10A2C0000201086820F080700860FCF779F90990B5
:10A2D000FFE744F20040C5F60200006800F000719C
:10A2E0000020B0EB516F0CD0FFE7FCF769F909993A
:10A2F000401A032804D3FFE703208DF82F003FE125
:10A30000E7E7FFE744F22841C5F60201086840F29A
:10A31000F33290430A9B9A6ADB6A42EA03121043C3
:10A3200008600A99086BD1F834C08B6BCA6B01388E
:10A330006FF35F204FF60061CFF6FF7101EB4C2108
:10A3400089B208440021CFF6FF7101EB034101F40B
:10A35000FE0108444FF07F4101EB026101F0FE4134
:10A36000084444F23041C5F602010860FFE744F2B8
:10A370002C41C5F602010091086820F00100086038
:10A3800044F23442C5F6020210684FF6F87398435F
:10A390000A9B9B6C40EAC3001060086820F00C0028
:10A3A0000A9A126C10430860086820F002000A9AAA
:10A3B000526C10430860086840F4803008600868F8
:10A3C00040F400300860086840F4802008600868A5
:10A3D00040F00100086044F20041C5F6020108683F
:10A3E00040F080700860FCF7EBF80990FFE744F25A
:10A3F0000040C5F60200006800F000710020B0EBDC
:10A40000516F0CD1FFE7FCF7DBF80999401A0328DC
:10A4100004D3FFE703208DF82F00B1E0E7E724E045
:10A4200044F20041C5F60201086820F0807008601F
:10A43000FCF7C6F80990FFE744F20040C5F60200B9
:10A44000006800F000710020B0EB516F0CD0FFE706
:10A45000FCF7B6F80999401A032804D3FFE7032054
:10A460008DF82F008CE0E7E7FFE784E044F2284016
:10A47000C5F602000068089044F23040C5F60200BC
:10A48000006807900A98406A012837D0FFE70898CB
:10A4900000F003000A99896A88422FD1FFE70898E3
:10A4A00000F47C710A98C06AB0EB111F26D1FFE757
:10A4B00007986FF35F200A99096B013988421DD113
:10A4C000FFE7BDF81C100A98406B0138B0EB512F24
:10A4D00014D1FFE7079800F4FE010A98806B013859
:10A4E000B0EB114F0AD1FFE7079800F0FE410A9840
:10A4F000C06B0138B0EB116F04D0FFE701208DF87D
:10A500002F003DE044F23440C5F60200006880B2FE
:10A51000C00808900A98806C0899884229D0FFE703
:10A5200044F22C41C5F60201086820F001000860E1
:10A53000FCF746F80990FFE7FCF742F80999401A42
:10A5400008B9FFE7F8E744F23441C5F602010868AC
:10A550004FF6F87290430A9A926C40EAC200086083
:10A5600044F22C41C5F60201086840F00100086081
:10A57000FFE7FFE7FFE7FFE700208DF82F00FFE789
:10A580009DF82F000CB080BD81B0009001B07047E5
:10A5900081B0009001B0704781B0009001B0704769
:10A5A00085B003900291FFE7039890F83C000128E2
:10A5B00004D1FFE702208DF81300ABE003990120DE
:10A5C00081F83C00FFE7FFE70399022081F83D0096
:10A5D00003980068406801900398006880680090C4
:10A5E000039800680021C4F20101884209D0FFE706
:10A5F0000398006840F20041C4F2010188420AD188
:10A60000FFE7019820F470000190029841680198DA
:10A6100008430190FFE7019820F070000190029834
:10A6200001680198084301900198039909684860FE
:10A63000039800680021C4F2010188424ED0FFE770
:10A6400003980068B0F1804F48D0FFE70398006896
:10A6500040F20041C4F2000188423FD0FFE7039876
:10A66000006840F60001C4F20001884236D0FFE7DE
:10A670000398006840F60041C4F2000188422DD0E2
:10A68000FFE70398006840F20041C4F201018842EC
:10A6900024D0FFE70398006841F60001C4F20001EE
:10A6A00088421BD0FFE70398006844F20001C4F21F
:10A6B0000101884212D0FFE7039800684EF20001C2
:10A6C000C4F20001884209D0FFE7039800684EF207
:10A6D0000041C4F2000188420ED1FFE7009820F04B
:10A6E00080000090029881680098084300900098CC
:10A6F000039909688860FFE70399012081F83D000C
:10A70000FFE70399002081F83C00FFE700208DF867
:10A710001300FFE79DF8130005B07047000000002C
:10A7200080B582B00090009820B9FFE701208DF835
:10A73000070045E0009890F83D0040B9FFE7009918
:10A74000002081F83C00009800F03EF8FFE70099F7
:10A75000022081F83D00009951F8040B03F004FF3A
:10A760000099012081F84800FFE70099012081F855
:10A770003E00009981F83F00009981F8400000995F
:10A7800081F84100009981F84200009981F8430066
:10A79000FFE7FFE70099012081F84400009981F864
:10A7A0004500009981F84600009981F84700FFE7CD
:10A7B0000099012081F83D0000208DF80700FFE797
:10A7C0009DF8070002B080BD80B586B00590059861
:10A7D000006840F20041C4F20001884219D1FFE74D
:10A7E000FFE744F2E840C5F60200016841F00201CB
:10A7F0000160006800F0020004900498FFE71D204B
:10A80000029005210022FCF73FF80298FCF730F88F
:10A8100022E00598006840F60001C4F20001884279
:10A8200019D1FFE7FFE744F2E840C5F602000168EE
:10A8300041F004010160006800F0040003900398F7
:10A84000FFE71E20019005210022FCF71DF801986A
:10A85000FCF70EF8FFE7FFE706B080BD0000000040
:10A8600083B00190019890F83D00012804D0FFE7E3
:10A8700001208DF80B0083E00199022081F83D0052
:10A8800001980168C86840F00100C860019800683C
:10A890000021C4F2010188424ED0FFE70198006810
:10A8A000B0F1804F48D0FFE70198006840F20041C6
:10A8B000C4F2000188423FD0FFE70198006840F6EB
:10A8C0000001C4F20001884236D0FFE70198006819
:10A8D00040F60041C4F2000188422DD0FFE7019804
:10A8E000006840F20041C4F20101884224D0FFE731
:10A8F0000198006841F60001C4F2000188421BD0B3
:10A90000FFE70198006844F20001C4F201018842A7
:10A9100012D0FFE7019800684EF20001C4F2000176
:10A92000884209D0FFE7019800684EF20041C4F266
:10A930000001884219D1FFE701980068806807216B
:10A94000C0F2010108400090009806280CD0FFE7F3
:10A950000098B0F5803F07D0FFE7019801680868CC
:10A9600040F001000860FFE706E001980168086810
:10A9700040F001000860FFE700208DF80B00FFE7C2
:10A980009DF80B0003B0704780B586B0049003912A
:10A9900000208DF80B00FFE7049890F83C00012898
:10A9A00004D1FFE702208DF81700D1E004990120BF
:10A9B00081F83C00FFE7FFE70499022081F83D00A1
:10A9C000049800688068019001984FF68871CFF66E
:10A9D000CE7108400190019820F47F4001900198C9
:10A9E000049909688860039800680090002800F0C6
:10A9F0009580FFE70098102800F09080FFE700980E
:10AA0000202800F08B80FFE70098302800F0868037
:10AA1000FFE70098402874D0FFE70098502856D0F0
:10AA2000FFE7009860285FD0FFE7009870282AD0E1
:10AA3000FFE70098B0F5805F24D0FFE70098B0F5FD
:10AA4000005F35D0FFE70098B0F5801F66D0FFE7C4
:10AA50000098B0F1101F61D0FFE700982021C0F2EC
:10AA6000100188425AD0FFE700983021C0F210014F
:10AA7000884253D0FFE700984021C0F2100188427D
:10AA80004CD052E055E004980068039B5A689968DE
:10AA9000DB6803F04DFE049800688068019001981F
:10AAA00040F077000190019804990968886040E0BF
:10AAB00004980068039B5A689968DB6803F038FEC5
:10AAC00004980168886840F48040886031E0049808
:10AAD0000068039A5168D26803F05EFE049800682B
:10AAE000502103F041FE24E004980068039A516865
:10AAF000D26803F079FE04980068602103F034FE08
:10AB000017E004980068039A5168D26803F044FE85
:10AB100004980068402103F027FE0AE004980068CA
:10AB20000399096803F020FE03E001208DF80B0073
:10AB3000FFE70499012081F83D00FFE70499002018
:10AB400081F83C00FFE79DF80B008DF81700FFE748
:10AB50009DF8170006B080BD81B0009001B070472D
:10AB600080B584B0039003980068C0680290039891
:10AB70000068006901909DF804008007002824D532
:10AB8000FFE79DF80800800700281DD5FFE7039820
:10AB900001686FF0020008610399012008770398AB
:10ABA00000688069800720B1FFE70398FFF7D4FFB2
:10ABB00006E0039800F0FCF8039800F0FDF8FFE7CA
:10ABC000039900200877FFE7FFE79DF8040040079E
:10ABD000002825D5FFE79DF80800400700281ED56E
:10ABE000FFE7039801686FF00400086103990220F1
:10ABF000087703980068806910F4407F04D0FFE76D
:10AC00000398FFF7A9FF06E0039800F0D1F8039836
:10AC100000F0D2F8FFE7039900200877FFE7FFE78D
:10AC20009DF804000007002824D5FFE79DF80800E0
:10AC3000000700281DD5FFE7039801686FF00800A2
:10AC4000086103990420087703980068C0698007A9
:10AC500020B1FFE70398FFF77FFF06E0039800F0BD
:10AC6000A7F8039800F0A8F8FFE7039900200877F9
:10AC7000FFE7FFE79DF80400C006002825D5FFE7A1
:10AC80009DF80800C00600281ED5FFE7039801685C
:10AC90006FF0100008610399082008770398006896
:10ACA000C06910F4407F04D0FFE70398FFF754FF1A
:10ACB00006E0039800F07CF8039800F07DF8FFE7C9
:10ACC000039900200877FFE7FFE79DF80400C0071D
:10ACD00078B1FFE79DF80800C00748B1FFE7039887
:10ACE00001686FF001000861039800F069F8FFE760
:10ACF000FFE7019800F08000802806D0FFE79DF86C
:10AD000005008006002810D5FFE79DF80800000622
:10AD1000002809D5FFE7039801686FF40250086125
:10AD20000398FFF735FCFFE7FFE79DF80500C00734
:10AD300080B1FFE79DF808000006002809D5FFE76D
:10AD4000039801686FF4807008610398FFF71CFC9A
:10AD5000FFE7FFE79DF804004006002810D5FFE755
:10AD60009DF808004006002809D5FFE70398016810
:10AD70006FF040000861039800F0CEF8FFE7FFE7AE
:10AD80009DF804008006002810D5FFE79DF8080014
:10AD90008006002809D5FFE7039801686FF02000BE
:10ADA00008610398FFF7F8FBFFE7FFE704B080BDF9
:10ADB00081B0009001B0704781B0009001B0704741
:10ADC00080B582B0019001980068B0F1804F03D146
:10ADD000FFE7FBF7FDFBFFE70198006840F2004149
:10ADE000C4F20001884240F08B80FFE743F2E81094
:10ADF000C2F20000002180F8581080F8681180F835
:10AE0000781280F8881380F8981480F8A81590F8C4
:10AE1000580058B9FFE742F64470C2F2000043F20E
:10AE2000E811C2F200010AF07FFDFFE743F2E810EB
:10AE3000C2F2000090F8680168B9FFE743F2E81039
:10AE4000C2F2000000F5887142F64470C2F20000C0
:10AE50000AF06AFDFFE743F2E810C2F2000090F842
:10AE6000780268B9FFE743F2E810C2F2000000F58B
:10AE7000087142F64470C2F200000AF055FDFFE787
:10AE800043F2E810C2F2000090F8880368B9FFE7C7
:10AE900043F2E810C2F2000000F54C7142F6447033
:10AEA000C2F200000AF040FDFFE743F2E810C2F2F0
:10AEB000000090F8980468B9FFE743F2E810C2F286
:10AEC000000000F5886142F64470C2F200000AF00A
:10AED0002BFDFFE743F2E810C2F2000090F8A8054E
:10AEE00068B9FFE743F2E810C2F2000000F5AA617A
:10AEF00042F64470C2F200000AF016FDFFE7FFE7D9
:10AF00000198006840F60001C4F20001884201D1B6
:10AF1000FFE7FFE702B080BD81B0009001B070474D
:10AF200083B00190FFE7019890F88400012804D1D4
:10AF3000FFE702208DF80B002CE00199012081F839
:10AF40008400FFE7FFE701992420C1F888000198F9
:10AF500000680068009001980168086820F001000E
:10AF60000860009820F00050009001990020486689
:10AF7000009801990968086001992020C1F88800AB
:10AF8000FFE70199002081F88400FFE700208DF899
:10AF90000B00FFE79DF80B0003B0704700000000B6
:10AFA00082B00190ADF8021002B0704700000000BE
:10AFB00081B0009001B0704780B584B002900191DB
:10AFC000FFE7029890F88400012804D1FFE70220EF
:10AFD0008DF80F0032E00299012081F88400FFE72C
:10AFE000FFE702992420C1F88800029800680068F1
:10AFF000009002980168086820F00100086002983B
:10B000000068806820F0606001990843029909682F
:10B010008860029803F0C0FC0098029909680860F3
:10B0200002992020C1F88800FFE70299002081F8EA
:10B030008400FFE700208DF80F00FFE79DF80F0068
:10B0400004B080BD0000000080B584B00290019182
:10B05000FFE7029890F88400012804D1FFE702205E
:10B060008DF80F0032E00299012081F88400FFE79B
:10B07000FFE702992420C1F8880002980068006860
:10B08000009002980168086820F0010008600298AA
:10B090000068806820F060400199084302990968BF
:10B0A0008860029803F078FC0098029909680860AB
:10B0B00002992020C1F88800FFE70299002081F85A
:10B0C0008400FFE700208DF80F00FFE79DF80F00D8
:10B0D00004B080BD0000000081B0009001B0704756
:10B0E00081B0009001B0704780B582B001900198A6
:10B0F000006847F60001C4F2000188420CD1FFE766
:10B1000045F22C20C2F2004043F2B011C2F200011D
:10B11000012200F0B5FCFFE70198006841F600410C
:10B12000C4F2010188420ED1FFE743F21C10C2F2C3
:10B13000000044F6C031C2F20041012200F0A0FC40
:10B14000F6F762F8FFE702B080BD000000000000E3
:10B1500080B592B0119011980068C0691090119854
:10B16000006800680F901198006880680E90109831
:10B1700040F60F0108400D900D98E0B9FFE79DF8EB
:10B1800040008006002815D5FFE79DF83C008006AA
:10B19000002806D4FFE79DF83B00C006002809D52B
:10B1A000FFE71198406F20B1FFE71198416F884782
:10B1B000FFE74AE3FFE70D98002800F00C81FFE766
:10B1C0000E980121C1F20001084209D1FFE70F9852
:10B1D00040F22011C0F20041084200F0FC80FFE77D
:10B1E0009DF84000C00788B1FFE79DF83D00C0070B
:10B1F00060B1FFE711980168012008621199D1F848
:10B20000900040F00100C1F89000FFE79DF8400079
:10B210008007002811D5FFE79DF83800C00760B10E
:10B22000FFE711980168022008621199D1F8900097
:10B2300040F00400C1F89000FFE79DF8400040078F
:10B24000002811D5FFE79DF83800C00760B1FFE77F
:10B2500011980168042008621199D1F8900040F01B
:10B260000200C1F89000FFE79DF8400000070028A9
:10B2700019D5FFE79DF83C008006002807D4FFE7BA
:10B280000E980121C1F2000108420CD0FFE711988D
:10B290000168082008621199D1F8900040F0080078
:10B2A000C1F89000FFE79DF841000007002813D582
:10B2B000FFE79DF83F00400700280DD5FFE71198F4
:10B2C00001684FF4006008621199D1F8900040F0D5
:10B2D0002000C1F89000FFE71198D0F890000028F6
:10B2E00078D0FFE79DF840008006002815D5FFE7DD
:10B2F0009DF83C008006002806D4FFE79DF83B003F
:10B30000C006002809D5FFE71198406F20B1FFE77C
:10B310001198416F8847FFE7FFE71198D0F8900038
:10B320000C9011980068806800F04000402806D01A
:10B33000FFE79DF8300010F0280F42D0FFE711988A
:10B3400003F0C6FC1198006880684006002833D5D9
:10B35000FFE7FFE7FFE71198006850E8020F20F0D1
:10B3600040000B90FFE70B991198026842E8021029
:10B370000028F0D1FFE7FFE71198D0F88000B0B1C6
:10B38000FFE71198D0F880104EF6B140C0F60000EB
:10B3900008651198D0F88000F8F77AFE30B1FFE721
:10B3A0001198D0F88000016D8847FFE703E01198FD
:10B3B000FFF79AFEFFE703E01198FFF795FEFFE71E
:10B3C00007E01198FFF790FE11990020C1F8900056
:10B3D000FFE7FFE739E21198C06E012840F0D681FF
:10B3E000FFE79DF84000C006002840F1CF81FFE74D
:10B3F0009DF83C00C006002840F1C881FFE7119885
:10B4000001681020086211980068806840060028D2
:10B4100040F15A81FFE71198D0F8800000681021B0
:10B42000C4F20201884200F0A280FFE71198D0F830
:10B43000800000682821C4F20201884200F0978051
:10B44000FFE71198D0F8800000684021C4F20201A3
:10B45000884200F08C80FFE71198D0F880000068E7
:10B460005821C4F20201884200F08180FFE7119860
:10B47000D0F8800000687021C4F20201884276D0C2
:10B48000FFE71198D0F8800000688821C4F202011B
:10B4900088426CD0FFE71198D0F880000068A021A6
:10B4A000C4F20201884262D0FFE71198D0F8800010
:10B4B0000068B821C4F20201884258D0FFE7119811
:10B4C000D0F88000006840F21041C4F202018842C6
:10B4D0004DD0FFE71198D0F88000006840F2284175
:10B4E000C4F20201884242D0FFE71198D0F88000F0
:10B4F000006840F24041C4F20201884237D0FFE7C1
:10B500001198D0F88000006840F25841C4F202015E
:10B5100088422CD0FFE71198D0F88000006840F2F4
:10B520007041C4F20201884221D0FFE71198D0F89F
:10B530008000006840F28841C4F20201884216D0BF
:10B54000FFE71198D0F88000006840F2A041C4F2F3
:10B55000020188420BD0FFE71198D0F88000006804
:10B5600040F2B841C4F20201884207D1FFE71198C6
:10B57000D0F8800000684068019006E01198D0F88B
:10B580008000006840680190FFE70198ADF82A004C
:10B59000BDF82A0000287BD0FFE7BDF82A001199EA
:10B5A000B1F85C10884273DAFFE7BDF82A00119900
:10B5B000A1F85E001198D0F88000C069B0F5807FD6
:10B5C00059D0FFE7FFE7FFE71198006850E8000F48
:10B5D00020F480700990FFE709991198026842E809
:10B5E00000100028F0D1FFE7FFE7FFE7FFE7119821
:10B5F000006850E8020F20F001000890FFE708996A
:10B600001198026842E802100028F0D1FFE7FFE736
:10B61000FFE7FFE71198006850E8020F20F04000B4
:10B620000790FFE707991198026842E80210002886
:10B63000F0D1FFE7FFE711992020C1F88C001199A4
:10B640000020C866FFE7FFE71198006850E8000F88
:10B6500020F010000690FFE706991198026842E872
:10B6600000100028F0D1FFE7FFE71198D0F8800024
:10B67000F8F752F8FFE71199022008671198B0F81F
:10B680005C10B0F85E20891A89B2FFF789FC1AE0D5
:10B69000BDF82A001199B1F85C10884212D1FFE779
:10B6A0001198D0F88000C069B0F5807F09D1FFE71C
:10B6B0001199022008671198B0F85C10FFF770FC30
:10B6C000FFE7FFE7FFE7C0E01199B1F85C00B1F8D0
:10B6D0005E10401AADF816001198B0F85E00002810
:10B6E00053D0FFE7BDF8160000284ED0FFE7FFE774
:10B6F000FFE71198006850E8000F20F49070049064
:10B70000FFE704991198026842E800100028F0D180
:10B71000FFE7FFE7FFE7FFE71198006850E8020F37
:10B720004FF6FE71CEF6FF7108400390FFE70399D4
:10B730001198026842E802100028EDD1FFE7FFE708
:10B7400011992020C1F88C0011990020C866119928
:10B750004867FFE7FFE71198006850E8000F20F006
:10B7600010000290FFE702991198026842E8001069
:10B770000028F0D1FFE7FFE7119902200867119830
:10B78000BDF81610FFF70CFCFFE75EE09DF84200E5
:10B79000C00600280FD5FFE79DF83A0040060028B4
:10B7A00009D5FFE7119801684FF4801008621198DD
:10B7B000FFF796FC49E09DF840000006002815D5EB
:10B7C000FFE79DF83C000006002806D4FFE79DF83F
:10B7D0003A000006002809D5FFE71198806F20B1D4
:10B7E000FFE71198816F8847FFE72EE09DF8400042
:10B7F000400600280AD5FFE79DF83C0040060028D7
:10B8000004D5FFE7119803F0B3FA1EE09DF842005B
:10B81000000600280AD5FFE79DF83F0040060028F3
:10B8200004D5FFE71198FFF757FC0EE09DF84300A1
:10B83000C00750B1FFE79DF83F000006002804D57F
:10B84000FFE71198FFF7B4FBFFE712B080BD0000DF
:10B8500080B582B00090009820B9FFE701208DF8F4
:10B86000070046E00098806908B1FFE700E0FFE7C5
:10B870000098D0F8880040B9FFE70099002081F8CF
:10B880008400009800F03CF8FFE700992420C1F8FC
:10B89000880000980168086820F00100086000989E
:10B8A000806A20B1FFE7009803F0BAF8FFE700983C
:10B8B00003F00EFF012804D1FFE701208DF80700F7
:10B8C00017E000980168486820F4904048600098AC
:10B8D0000168886820F02A0088600098016808687C
:10B8E00040F001000860009803F03EF98DF8070071
:10B8F000FFE79DF8070002B080BD000000000000D7
:10B9000080B5C0B03F9000203E903D903C903B9071
:10B910003A900CA8B821F4F780FE3F98006847F6EB
:10B920000001C4F20001884247D1FFE700200D90DA
:10B9300002210C9129900CA8FCF7B2FC18B1FFE78A
:10B94000F7F786FBFFE7FFE744F2E840C5F60200A1
:10B95000016841F080410160006800F080400B9078
:10B960000B98FFE7FFE744F2E040C5F602000168EC
:10B9700041F010010160006800F010000A900A9880
:10B98000FFE74FF4C0703A9002203B9000200690F1
:10B990003C903D9007203E9041F20000C5F6020029
:10B9A0003AA9FAF721FC069A522007900521FAF7E6
:10B9B0006BFF0798FAF75CFF60E03F98006841F67C
:10B9C0000041C4F20101884257D1FFE700200D90E9
:10B9D00001210C912A900CA8FCF762FC18B1FFE73A
:10B9E000F7F736FBFFE7FFE744F2F040C5F6020049
:10B9F000016841F080010160006800F0800009905A
:10BA00000998FFE7FFE744F2E040C5F6020001684D
:10BA100041F010010160006800F0100008900898E3
:10BA2000FFE704203A90022101913B91002104910B
:10BA30003C913D913E9041F20000C5F6020002901B
:10BA40003AA90391FAF7D0FB019B02980399049A53
:10BA50004FF0080CCDF8E8C03B933C923D920B228E
:10BA60003E92FAF7C1FB049A9C2005900521FAF753
:10BA70000BFF0598FAF7FCFEFFE7FFE740B080BD3B
:10BA800080B586B004900391ADF80A200498D0F8F0
:10BA90008C0020283CD1FFE7039820B1FFE7BDF8D8
:10BAA0000A0020B9FFE701208DF8170034E004995F
:10BAB0000020C8660498006840F60041C5F6000101
:10BAC00088421CD0FFE70498006840680002002804
:10BAD00014D5FFE7FFE7FFE70498006850E8000F80
:10BAE00040F080600190FFE701990498026842E805
:10BAF00000100028F0D1FFE7FFE7FFE7FFE7049819
:10BB00000399BDF80A2004F00BFB8DF8170003E041
:10BB100002208DF81700FFE79DF8170006B080BDE2
:10BB200080B584B003900398006847F60001C4F222
:10BB30000001884216D1FFE743F2B010C2F20000C4
:10BB40000290007809F0A8F8029945F22C20C2F280
:10BB500000400122FFF794FF18B1FFE7F7F778FAEA
:10BB6000FFE7FFE70398006841F60041C4F20101D6
:10BB7000884216D1FFE744F6C030C2F2004001907F
:10BB8000007802F05DFE019943F21C10C2F2000041
:10BB90000122FFF775FF18B1FFE7F7F759FAFFE742
:10BBA000FFE704B080BD000086B004900391ADF8BB
:10BBB0000A200498D0F88800202840F08580FFE70C
:10BBC000039820B1FFE7BDF80A0020B9FFE7012084
:10BBD0008DF817007CE0039804990865BDF80A0009
:10BBE0000499A1F85400BDF80A000499A1F8560080
:10BBF0000499002088670499C1F8900004992120D5
:10BC0000C1F888000498406EB0F1005F2CD1FFE7C6
:10BC100004988068B0F5805F0BD1FFE70498006955
:10BC200038B9FFE7049940F2E130C0F601008867B7
:10BC300006E0049940F24150C0F601008867FFE732
:10BC4000FFE7FFE70498006850E8020F40F40000A7
:10BC50000190FFE701990498026842E80210002869
:10BC6000F0D1FFE7FFE72BE004988068B0F5805F34
:10BC70000BD1FFE70498006938B9FFE7049940F257
:10BC80004930C0F60100886706E0049940F2B140EF
:10BC9000C0F601008867FFE7FFE7FFE70498006848
:10BCA00050E8000F40F080000090FFE700990498F2
:10BCB000026842E800100028F0D1FFE7FFE7FFE745
:10BCC00000208DF8170003E002208DF81700FFE731
:10BCD0009DF8170006B0704780B582B001900198BA
:10BCE000006841F60041C4F20101884203D1FFE738
:10BCF000F5F7F2FAFFE702B080BD00000000000097
:10BD0000FFE7FEE70000000080B582B001900198D7
:10BD1000F7F78AF902B080BD80B545F22C20C2F257
:10BD2000004043F2B011C2F200010122FFF7A8FE69
:10BD300018B1FFE7F7F78CF9FFE74BF6F960C0F6AB
:10BD4000000009F00DF94BF68150C0F6000008F034
:10BD50008BFF4BF60950C0F6000008F049FF0020A9
:10BD6000FF2108F05DFF18B1FFE7F7F771F9FFE772
:10BD7000092009F059F90E2009F00AF980BD0000E8
:10BD800084B002900191EFF3108072B60390029894
:10BD90000090342808D0FFE70098372838D0FFE714
:10BDA00000983D2868D09BE044F2D420C2F2000005
:10BDB000B0F9681000EE101AB8EEC00A9FED4A2ADA
:10BDC00080EE020AB3EE001A20EE010A45F2C0210D
:10BDD000C2F2004181ED000AB0F96A2000EE102A9B
:10BDE000B8EEC00A80EE020A20EE010A81ED010AD7
:10BDF000B0F96C0000EE100AB8EEC00A80EE020A3C
:10BE000020EE010A81ED020A012081F8240068E099
:10BE100044F2D420C2F20000B0F96E1000EE101A05
:10BE2000B8EEC00A9FED302A80EE020A9FED301A6C
:10BE300020EE010A45F2C021C2F2004181ED030A61
:10BE4000B0F9702000EE102AB8EEC00A80EE020AA7
:10BE500020EE010A81ED040AB0F9720000EE100A2A
:10BE6000B8EEC00A80EE020A20EE010A81ED050A52
:10BE7000012081F8240034E044F2D420C2F2000012
:10BE8000B0F97A1000EE101AB8EEC00A9FED162A2B
:10BE900080EE020A9FED151A20EE010A45F2C0213C
:10BEA000C2F2004181ED060AB0F97C2000EE102AB2
:10BEB000B8EEC00A80EE020A20EE010A81ED070A00
:10BEC000B0F97E0000EE100AB8EEC00A80EE020A59
:10BED00020EE010A81ED080A012081F8240000E02B
:10BEE000FFE762B604B0704700000047000034432B
:10BEF0000000FA440000000080B582B0019000917B
:10BF00000199BDF8002045F22C20C2F20040FFF755
:10BF10004BFE02B080BD000080B582B00190FFF7FB
:10BF2000FBFEFFE70A200AF0FFF901200AF0FCF906
:10BF3000F8E700000000000083B0029001918DF846
:10BF4000032000208DF802008DF80200FFE79DF825
:10BF500002009DF80310884229DAFFE70298000FDB
:10BF6000092809D8FFE70298000F303001999DF8A1
:10BF7000022001F8120009E00299372000EB11704D
:10BF800001999DF8022001F81200FFE702980001D4
:10BF9000029001989DF8021000EB410100204870CA
:10BFA000FFE79DF8020001308DF80200CFE703B0F3
:10BFB000704700000000000080B594B08DED120ABB
:10BFC000CDED110A8DED101ACDED0F1A0E900D91D9
:10BFD0009DED121A9DED110A20EE000AA1EE010A54
:10BFE0008DED0C0A0E9818B1FFE70D9818B9FFE710
:10BFF0000020139007E19DED0C0A9FED871AB4EE27
:10C00000410AF1EE10FA03DAFFE700201390FAE09C
:10C010009DED0C0A0CF03EFC8DED0B0A0020C4F2E5
:10C02000C82004909DED0B0A9FED7C1AB4EE410AE6
:10C03000F1EE10FA22DAFFE79DED0B1A9FED770A79
:10C0400080EE010A8DED030A9DED120A9DED031AA3
:10C0500020EE010A8DED120A9DED110A9DED031AE5
:10C0600020EE010A8DED110A0020C4F2C8200B90C9
:10C0700044F20000C4F21C600C90FFE79DED0B0A37
:10C0800040F22400C2F2004090ED001A40F2040099
:10C09000C2F2000090ED002A31EE021AB4EE410A1D
:10C0A000F1EE10FA18DCFFE79DED0B0A40F22400D8
:10C0B000C2F2004090ED001A40F20400C2F200000B
:10C0C00090ED002A31EE421AB0EEC11AB4EE410AE8
:10C0D000F1EE10FA03DAFFE70020139093E09DEDF4
:10C0E000110ADDED120A0CF00FF98DED050A9DED38
:10C0F0000C0A40F22400C2F2004090ED001AA1EEBA
:10C10000010A40F20401C2F2000191ED001AA1EE11
:10C11000410A8DED0A0A90ED000A30EE000A9DED0D
:10C120000B1A20EE010A8DED090A9DED0A0A9DED1C
:10C13000091A80EE010A8DED080A9DED080AB7EE96
:10C14000001AB4EE410AF1EE10FA04DDFFE74FF0F9
:10C150007E500890FFE79DED080ABFEE001AB4EE8E
:10C16000410AF1EE10FA05DAFFE70020CBF6807005
:10C170000890FFE79DED080A0CF03AF88DED070AEC
:10C1800043F21E60C3F6117006909DED070A9DED07
:10C19000061AB4EE410AF1EE10FA03DAFFE7069848
:10C1A0000790FFE79DED050A9DED071A30EE410A65
:10C1B0008DED020A9DED050A9DED071A30EE010A8C
:10C1C000B7EEC01A9FED120B30EE410BB7EEC00B6D
:10C1D0008DED010A9DED020ADDED100A08F0A8FCC4
:10C1E0008DED020A9DED010ADDED0F0A08F0A0FCBD
:10C1F0008DED010A02980E99086001980D9908606A
:10C2000001201390FFE7139814B080BD00BF00BF5A
:10C210004AD8124DFB210940BD3786350000C8427F
:10C2200080B586B045F2EC20C2F2004090F90000E3
:10C2300068BBFFE745F20031C2F2004100200390E5
:10C240000860486045F6E411C2F2004108604860A9
:10C2500040F29C01C2F20041086040F26C01C2F25F
:10C260000001086040F2D801C2F20041086040F2CB
:10C27000D001C2F20001086045F2E821C2F200419B
:10C28000086044F2D021C2F2000108609BE045F250
:10C29000F820C2F20040019090ED000A43F2B41081
:10C2A000C2F200000290D0ED000A40F29C00C2F2FF
:10C2B000004090ED001A40F26C00C2F20000D0ED98
:10C2C000001A45F20030C2F20040011DFFF774FE73
:10C2D000019902460298059291ED000AD0ED000AFC
:10C2E00040F2D800C2F2004090ED001A40F2D000B7
:10C2F000C2F20000D0ED001A45F6E410C2F2004090
:10C30000011DFFF759FE04900598C8B1FFE745F2FB
:10C310000031C2F20041086840F29C02C2F20042C1
:10C3200010604B6840F26C00C2F20000036092EDB6
:10C33000000AB1EE400A81ED000A00684860FFE79C
:10C340000498C8B1FFE745F6E410C2F20040016866
:10C3500040F2D802C2F200421160436840F2D001BC
:10C36000C2F200010B601268026091ED000AB1EEAA
:10C37000400A80ED010AFFE745F2F020C2F20040DA
:10C3800090ED000AB1EE003A20EE430A9FED0F2A2D
:10C3900020EE020A9FED0E1A80EE010A45F2E82116
:10C3A000C2F2004181ED000A90ED000A20EE030A7E
:10C3B00020EE020A80EE010A44F2D020C2F2000010
:10C3C00080ED000AFFE706B080BD00BFD00F4940F6
:10C3D000000034430000000010B58AB08DED090A5A
:10C3E000CDED080A8DED071A9DED090ADDED080A6D
:10C3F00040F29C00C2F20040059090ED001A40F21D
:10C400006C00C2F200000190D0ED001A45F200303D
:10C41000C2F200400290011DFFF7CEFD9DED090A1A
:10C42000DDED080A40F2D800C2F20040039090ED22
:10C43000001A40F2D000C2F200000490D0ED001AC1
:10C4400045F6E410C2F200400690011DFFF7B4FD6E
:10C45000019BDDF808C0039A0499DDF814E0069802
:10C46000DCF80040CEF80040DCF804401C600468B2
:10C47000146044680C609EED000AB1EE400A8CED39
:10C48000000A1B68CCF804301268026091ED000AC3
:10C49000B1EE400A80ED010A9DED070AB1EE003AC7
:10C4A00020EE430A9FED0E2A20EE020A9FED0D1AA0
:10C4B00080EE010A45F2E820C2F2004080ED000A59
:10C4C0009DED070A20EE030A20EE020A80EE010A23
:10C4D00044F2D020C2F2000080ED000A0AB010BD84
:10C4E000D00F49400000344380B5F7F709F9F6F75B
:10C4F000C3FCF6F71DFB00F0D3FF00F04DFE80BD3E
:10C5000080B586B0002001900590049003900290C1
:10C51000FAF75AF9019801218DF808108DF80900F1
:10C5200003901F228DF8102087228DF811208DF89E
:10C5300012008DF813008DF814108DF815108DF879
:10C5400016008DF8170002A8FAF7FEF80420FAF793
:10C550004FF906B080BD000080B582B042F644704D
:10C56000C2F2000001904AF20001C4F20001016031
:10C570004FF4407181600022C26001210174427455
:10C5800081744161142383614FF03B0CC0F81CC0DF
:10C59000036241624FF0020CC0F828C00D21C16255
:10C5A000C0F830C0426304218163C1630A2303647D
:10C5B00041648364C164C0F850C041658365C3654C
:10C5C000036642668166F8F797FF18B1FFE7F6F752
:10C5D0003FFDFFE702B080BD80B582B044F65C400D
:10C5E000C2F2004001904AF20041C4F20001016031
:10C5F00000228260C260027442748274012141612F
:10C60000142383614FF03B0CC0F81CC003624162ED
:10C610004FF0020CC0F828C00D21C162C0F830C034
:10C620004FF49661416304218163C1630A2303646B
:10C6300041648364C164C0F850C041658365C365CB
:10C64000036642668166F8F757FF18B1FFE7F6F711
:10C65000FFFCFFE702B080BD80B582B042F6E47017
:10C66000C2F2000001904DF20041C4F200010160ED
:10C6700000228260C26002744274827401214161AE
:10C68000142383614FF03B0CC0F81CC0036241626D
:10C690004FF0020CC0F828C00D21C162C0F830C0B4
:10C6A00040F2AA61416304218163C1630A230364E8
:10C6B00041648364C164C0F850C041658365C3654B
:10C6C000036642668166F8F717FF18B1FFE7F6F7D1
:10C6D000BFFCFFE702B080BDB0B596B048F6303081
:10C6E000C0F60100016842688368D0F80CC0D0F839
:10C6F00010E044691494CDF84CE0CDF848C0119393
:10C7000010920F91806915900FA80021009109F0F7
:10C7100027FE009944F23C12C2F20042106048F633
:10C720001430C0F6010002684368D0F808C0D0F8A1
:10C730000CE0046945690D950C94CDF82CE0CDF81A
:10C7400028C00993089280690E9008A809F008FE95
:10C75000009940F2A812C2F20002106048F64C3074
:10C76000C0F6010002684368D0F808C0D0F80CE0B9
:10C770000469456906950594CDF810E0CDF80CC024
:10C78000029301928069079001A809F0E9FD44F243
:10C790009411C2F20041086016B0B0BD0000000064
:10C7A00080B58EB000200D900C900B900A900990EF
:10C7B000FFE744F2E040C5F60200016841F01001D5
:10C7C0000160006800F0100008900898FFE7FFE79C
:10C7D00044F2E040C5F60200016841F00401016046
:10C7E000006800F0040007900798FFE7FFE744F2B5
:10C7F000E040C5F60200016841F080010160006878
:10C8000000F0800006900698FFE7FFE744F2E04062
:10C81000C5F60200016841F008010160006800F0FF
:10C82000080005900598FFE7FFE744F2E040C5F6F1
:10C830000200016841F001010160006800F00100A0
:10C8400004900498FFE7FFE744F2E040C5F60200D9
:10C85000016841F002010160006800F002000390ED
:10C860000398FFE740F60000C5F6020002904FF47F
:10C870006041009100220192F9F78AFE009A019925
:10C880000298099201220A920B910C9109A9F9F7D9
:10C89000ABFC0EB080BD000080B588B000210091D7
:10C8A000079106910591049103910291019143F240
:10C8B000D000C2F2000040F20042C4F20002026066
:10C8C000EF224260816040F2E732C2600161816123
:10C8D000FDF726FF18B1FFE7F6F7BAFBFFE74FF4C5
:10C8E0008050049043F2D000C2F2000004A9FEF789
:10C8F0004BF818B1FFE7F6F7ABFBFFE7002001901C
:10C90000039043F2D000C2F2000001A9FDF748FEF7
:10C9100018B1FFE7F6F79CFBFFE708B080BD000009
:10C9200080B588B00021009107910691059104918E
:10C9300003910291019145F2E010C2F2004040F6ED
:10C940000002C4F20002026040F65F1242608160A1
:10C9500042F20F72C26001618161FDF7E1FE18B120
:10C96000FFE7F6F775FBFFE74FF48050049045F2C0
:10C97000E010C2F2004004A9FEF706F818B1FFE784
:10C98000F6F766FBFFE700200190039045F2E01008
:10C99000C2F2004001A9FDF703FE18B1FFE7F6F768
:10C9A00057FBFFE708B080BD80B582B045F22C2070
:10C9B000C2F20040009047F60001C4F2000101609D
:10C9C0004FF4E1314160002101918160C16001615A
:10C9D0000C2242618161C161016241628162FEF7A4
:10C9E00037FF18B1FFE7F6F733FBFFE745F22C20DE
:10C9F000C2F200400021FEF727FB18B1FFE7F6F76F
:10CA000027FBFFE745F22C20C2F200400021FEF791
:10CA1000D3FA18B1FFE7F6F71BFBFFE745F22C202E
:10CA2000C2F20040FEF77CFA18B1FFE7F6F710FB00
:10CA3000FFE702B080BD000080B582B043F21C1059
:10CA4000C2F20000009041F60041C4F20101016011
:10CA50004FF4E1314160002101918160C1600161C9
:10CA60000C2242618161C161016241628162FEF713
:10CA7000EFFE18B1FFE7F6F7EBFAFFE743F21C1001
:10CA8000C2F200000021FEF7DFFA18B1FFE7F6F767
:10CA9000DFFAFFE743F21C10C2F200000021FEF7AC
:10CAA0008BFA18B1FFE7F6F7D3FAFFE743F21C1051
:10CAB000C2F20000FEF734FA18B1FFE7F6F7C8FA41
:10CAC000FFE702B080BD000080B542F66840C2F2C8
:10CAD000000040F20401C2F20041012204F0A4FF70
:10CAE00018B1FFE7F6F7B4FAFFE742F66840C2F282
:10CAF000000040F20C01C2F2000105F0C1FC18B1C7
:10CB0000FFE7F6F7A5FAFFE742F66840C2F2000039
:10CB100040F28401C2F2004104F072F918B1FFE75B
:10CB2000F6F796FAFFE742F66840C2F2000005F019
:10CB300037FE18B1FFE7F6F78BFAFFE7FBF7E0F8EF
:10CB400080BD00000000000080B594B013901291E9
:10CB50001192139800681090139840680F901398E2
:10CB600090ED020AB1EE400A8DED0E0A129890ED9A
:10CB7000010A90ED031A30EE010A9DED0E1A20EE27
:10CB8000010A8DED0D0A129890ED010A90ED031A3D
:10CB900030EE010A9DED0E1A20EE010A8DED0C0A11
:10CBA000129890ED020A90ED041A30EE010A9DED04
:10CBB0000E1A20EE010A8DED0B0A129890ED020A72
:10CBC00090ED041A30EE010A9DED0E1A20EE010AD6
:10CBD0008DED0A0A9DED0F0A9DED101A30EE010A47
:10CBE0009DED0D1A30EE410A8DED090A9DED0F0AFB
:10CBF0009DED101A30EE410A9DED0C1A30EE010A3F
:10CC00008DED080A9DED0F0A9DED101A30EE410AD8
:10CC10009DED0B1A30EE410A8DED070A9DED0F0ACE
:10CC20009DED101A30EE010A9DED0A1A30EE010A50
:10CC30008DED060A002005909DED050A8DED000A98
:10CC40009DED090A08F04CFCF0EE400A9DED000A4B
:10CC500009F0BEFA8DED050A9DED050A8DED010A7C
:10CC60009DED080A08F03CFCF0EE400A9DED010A3B
:10CC700009F0AEFA8DED050A9DED050A8DED020A6B
:10CC80009DED070A08F02CFCF0EE400A9DED020A2B
:10CC900009F09EFA8DED050A9DED050A8DED030A5A
:10CCA0009DED060A08F01CFCF0EE400A9DED030A1B
:10CCB00009F08EFA8DED050A9DED050A129890EDAA
:10CCC000051AB4EE410AF1EE10FA2ADDFFE71298D8
:10CCD00090ED050A9DED051A80EE010A8DED040A1E
:10CCE0009DED041A9DED090A20EE010A8DED090A59
:10CCF0009DED041A9DED080A20EE010A8DED080A4B
:10CD00009DED041A9DED070A20EE010A8DED070A3C
:10CD10009DED041A9DED060A20EE010A8DED060A2E
:10CD2000FFE70998119908600898119948600798D9
:10CD30001199886006981199C86014B080BD0000F0
:10CD400080B544F23040C2F2000040F2A001C2F2CD
:10CD5000004144F22042C2F20002FFF7F5FE80BD1E
:10CD600080B584B003900291019203980299019AD0
:10CD7000FFF7EAFE04B080BDFFE7FEE70000000019
:10CD8000FFE7FEE70000000088B0079006910592DB
:10CD9000079800F0070004900498C0F107000528E8
:10CDA00003D3FFE70420019004E00498C0F10700DA
:10CDB0000190FFE70198039004980430062803D8F7
:10CDC000FFE70020009003E0049803380090FFE79D
:10CDD0000098029006980399012202FA01F10139A4
:10CDE0000840029B984005999A40013A1140084337
:10CDF00008B070470000000080B544F6FC40C2F265
:10CE00000040FAF775F880BD80B586B005900491B2
:10CE1000059800680390039802900398006C0190B5
:10CE20000298049900EB4110D0F8080B009001988B
:10CE300043F20B01C4F6547188420FD3FFE79DF80B
:10CE400001000006002809D5FFE70298049900EBCD
:10CE500041114FF40040C1F8080BFFE70598FAF7BD
:10CE60008FFE019843F20B01C4F6547188420DD332
:10CE7000FFE705988079012808D1FFE70599086840
:10CE800001F29C42012106F07BFCFFE7002006B086
:10CE900080BD00000000000080B588B007900691BA
:10CEA000079800680490049803900498006C02901E
:10CEB0000398069900EB4110D0F8080B01900798F1
:10CEC0008079012840F08180FFE79DF80400000789
:10CED000002818D5FFE7029843F20B01C4F65471FD
:10CEE00088420FD3FFE79DF805000006002809D50A
:10CEF000FFE70398069900EB41114FF40040C1F899
:10CF0000080BFFE760E09DF804008006002808D5C4
:10CF1000FFE70398069900EB41112020C1F8080BA8
:10CF200051E09DF8040010F0280F4AD1FFE7029865
:10CF300043F20B01C4F6547188420FD3FFE79DF80A
:10CF400005000006002809D5FFE70398069900EBC5
:10CF500041114FF40040C1F8080B31E007980699E1
:10CF600001EBC10100EB810000F5157005900598FB
:10CF7000006A0399069A01EB4211D1F8101B6FF376
:10CF8000DF41401A05994861069898B9FFE705986E
:10CF9000006940B9FFE70799086801F29C42012146
:10CFA00006F0EEFB05E00599C8684A691044C860C0
:10CFB000FFE7FFE707989DF81810F9F725FDFFE751
:10CFC00000E0FFE7FFE7FFE747E0029843F20A11BE
:10CFD000C4F65471884224D1FFE79DF8050000068D
:10CFE000002809D5FFE70398069900EB41114FF49B
:10CFF0000040C1F8080B13E09DF8040080060028EB
:10D0000008D5FFE70398069900EB41112020C1F8ED
:10D01000080BFFE707989DF81810F9F7F5FCFFE7F4
:10D020001AE0069890B9FFE70798069901EBC1014D
:10D0300000EB8100D0F8640240B9FFE70799086867
:10D0400001F29C42002106F09BFBFFE707989DF848
:10D050001810F9F7D9FCFFE7FFE7002008B080BD02
:10D0600080B58CB00A9009910A98006808900898D9
:10D0700007900A98099901EBC10100EB8100143077
:10D080000690069801694069884204D9FFE70120AB
:10D090008DF82F0079E0069908694969401A0590D2
:10D0A000059806998968884204D9FFE70698806840
:10D0B0000590FFE70598033080080490FFE7079884
:10D0C000099900EB4110D0F8180981B2049A0020A8
:10D0D000914202900FD3FFE7069802694169002050
:10D0E0009142029007D2FFE706980069002818BF16
:10D0F00001200290FFE70298C00770B3FFE706998E
:10D1000008694969401A0590059806998968884216
:10D1100004D9FFE7069880680590FFE7059803307B
:10D120008008049008980699C9689DF82420BDF8E5
:10D130001430DDF828C09CF806C0EE46CEF800C0DA
:10D1400007F0B2FC059A0699C8681044C860059AB1
:10D150000699486910444861B1E706990869496928
:10D1600088420ED8FFE7099800F00F01012088409F
:10D170000390039A0799D1F834089043C1F8340812
:10D18000FFE700208DF82F00FFE79DF82F000CB07F
:10D1900080BD00000000000080B584B044F274201F
:10D1A000C2F2000048F68832C0F601020021019167
:10D1B0009FED0D0A8DED020ADFED0C0ACDED030A9D
:10D1C00000F046FA01999DED020ADDED030A45F6ED
:10D1D000FC00C2F2004048F69832C0F6010200F0AE
:10D1E00037FA04B080BD00BF00003443000048425D
:10D1F00084B002908DED010ACDED000A029818B9B5
:10D20000FFE70020039020E10299886CC86402992E
:10D21000486C886400980299C86101980299086274
:10D220009DED000A9DED011A30EE410A029880ED55
:10D23000110A02980078002840F09280FFE70298D7
:10D2400090ED010A90ED111A20EE010A80ED0B0A13
:10D25000029890ED021A90ED0C0A90ED112AA1EEC1
:10D26000020A80ED0C0A0299C86B08640299886B67
:10D27000C863029890ED110A90ED121A30EE410A3F
:10D2800080ED0E0A029890ED030A90ED0E1A20EE42
:10D29000010A80ED0D0A029890ED061A90ED0C0A35
:10D2A000B4EE410AF1EE10FA04DDFFE70299886955
:10D2B000086315E0029890ED061A90ED0C0AB1EEA5
:10D2C000411AB4EE410AF1EE10FA08DAFFE70298CB
:10D2D00090ED060AB1EE400A80ED0C0AFFE7FFE789
:10D2E000029890ED040A90ED071A20EE010A80EDF5
:10D2F000090A029890ED091A90ED0B0A90ED0C3A8C
:10D3000090ED0D2A30EE030A30EE020A30EE010AEB
:10D3100080ED0A0A029890ED051A90ED0A0AB4EE23
:10D32000410AF1EE10FA04DDFFE7029948698862CC
:10D3300015E0029890ED051A90ED0A0AB1EE411A37
:10D34000B4EE410AF1EE10FA08DAFFE7029890ED28
:10D35000050AB1EE400A80ED0A0AFFE7FFE770E038
:10D360000298007801286BD1FFE7029890ED010A3E
:10D3700090ED111A90ED122A31EE421A20EE010AB8
:10D3800080ED0B0A029890ED020A90ED111A20EE42
:10D39000010A80ED0C0A0299C86B08640299886B37
:10D3A000C863029890ED110A90ED122A90ED131ABD
:10D3B000B8EE003AA2EE030A30EE010A80ED0E0A42
:10D3C000029890ED030A90ED0E1A20EE010A80ED0E
:10D3D0000D0A029890ED0A0A90ED0B1A90ED0C3AA6
:10D3E00090ED0D2A31EE031A31EE021A30EE010AE9
:10D3F00080ED0A0A029890ED051A90ED0A0AB4EE43
:10D40000410AF1EE10FA04DDFFE7029948698862EB
:10D4100015E0029890ED051A90ED0A0AB1EE411A56
:10D42000B4EE410AF1EE10FA08DAFFE7029890ED47
:10D43000050AB1EE400A80ED0A0AFFE7FFE7FFE7C1
:10D44000FFE70298806A0390FFE79DED030A04B0AE
:10D45000704700000000000082B00190019808B9F8
:10D46000FFE71AE0019900200090C86401998864E0
:10D4700001994864019908640199C8630199886316
:10D4800001994863019908630199C862019988620A
:10D490000199C86101990862FFE702B07047000076
:10D4A00080B58CB000200B90FFE70B9803285EDC62
:10D4B000FFE70B9800EB800145F2FC30C2F2004020
:10D4C00000EB011040F2B002C2F20002002107910D
:10D4D0009FED5A0A8DED050ADFED590ACDED060ADA
:10D4E00000F0B6F807990B9800EB800243F67450F1
:10D4F000C2F2000000EB021040F27002C2F2000221
:10D500009FED500A8DED080ADFED4F0ACDED090AB7
:10D5100000F09EF89DED050ADDED060A07990B98CF
:10D5200000EB800245F27C60C2F2004000EB02108A
:10D5300040F2B802C2F2004200F08AF807999DED6D
:10D54000080ADDED090A0B9800EB800243F6F4703F
:10D55000C2F2000000EB021040F29002C2F20002A0
:10D5600000F076F8FFE70B9801300B909DE7042060
:10D570000A90FFE70A9807285EDCFFE70A9800EBAD
:10D58000800145F2FC30C2F2004000EB011040F295
:10D59000B002C2F20002002102919FED280A8DED37
:10D5A000000ADFED270ACDED010A00F051F80299DB
:10D5B0000A9800EB800243F67450C2F2000000EBC0
:10D5C000021040F27002C2F200029FED1E0A8DEDC1
:10D5D000030ADFED1D0ACDED040A00F039F89DEDD8
:10D5E000000ADDED010A02990A9800EB800245F27B
:10D5F0007C60C2F2004000EB021040F2B802C2F2BE
:10D60000004200F025F802999DED030ADDED040AC1
:10D610000A9800EB800243F6F470C2F2000000EBBF
:10D62000021040F29002C2F2000200F011F8FFE78F
:10D630000A9801300A909DE70CB080BD00401C465E
:10D640000080BB4500007A440000964300000000C3
:10D6500086B005908DF8131003928DED020ACDED82
:10D66000010A059818B1FFE7039808B9FFE730E011
:10D670009DF81300059908700398006805994860A3
:10D680000398406805998860039880680599C86088
:10D690000398C06805990861029805994861019846
:10D6A0000599886105990020009008640599C86370
:10D6B0000599886305998862059948630599086307
:10D6C0000599C8620599C8640599886405994864F4
:10D6D000FFE706B07047000080B584B08DED030A07
:10D6E00002900298411E01EB810243F6F470C2F2EF
:10D6F0000000019000EB0210C1EBC10245F21431B1
:10D70000C2F2004101EB820191ED030AB8EEC00ABA
:10D71000DDED030AFFF76CFD0198029901EB810131
:10D7200000EB011010ED0A0A04B080BD00000000FB
:10D7300080B584B08DED030A02900298411E01EB82
:10D74000810245F2FC30C2F20040019000EB021071
:10D75000C1EBC10243F68841C2F2000101EB820134
:10D76000B1F9021000EE101AB8EEC00ADDED030A9E
:10D77000FFF73EFD0198029901EB810100EB0110DA
:10D7800010ED0A0A04B080BD80B584B08DED030AA7
:10D7900002900298411E01EB810245F27C60C2F2C8
:10D7A0000040019000EB0210C1EBC10245F21431C0
:10D7B000C2F2004101EB8201B1F9021000EE101A31
:10D7C000B8EEC00ADDED030AFFF712FD01980299D9
:10D7D00001EB810100EB011010ED0A0A04B080BDDD
:10D7E000EFF30980BFF36F8F154B1A681EF0100F0F
:10D7F00008BF20ED108A20E9F04F10602DE90900E4
:10D800004FF0500080F31188BFF34F8FBFF36F8F3D
:10D810000AF02AF94FF0000080F31188BDE80900F2
:10D8200019680868B0E8F04F1EF0100F08BFB0ECA0
:10D83000108A80F30988BFF36F8F704700BF00BF65
:10D84000C84200200000000080B584B0039002911F
:10D850000192019A00920398029900F075F80099DC
:10D86000C043084404B080BD85B0DDF814C0039007
:10D87000029101920093039860B1FFE7029848B1CA
:10D88000FFE7019830B1FFE7059818B1FFE700986E
:10D8900020B9FFE700208DF813001EE00298006811
:10D8A00003990968884204D1FFE700208DF813002E
:10D8B00013E0019802990968405C05990870029884
:10D8C0000068421C0099B2FBF1F000FB11200299A4
:10D8D000086001208DF81300FFE79DF8130005B0E4
:10D8E000704700000000000087B084460798CDF81C
:10D8F00014C00491039202938DF807000598006804
:10D90000421C0299B2FBF1F000FB1120009000983C
:10D9100004990968884204D1FFE700208DF81B00B4
:10D920000CE09DF807000399059A12688854009846
:10D930000599086001208DF81B00FFE79DF81B008A
:10D9400007B070470000000084B00390029101927C
:10D9500003980299884205D3FFE703980299401A79
:10D96000009006E001980299401A0399084400903B
:10D97000FFE7009804B0704780B586B0049003912B
:10D9800000208DF8070044F22840C5F60200006828
:10D9900000F00300032804D1FFE701208DF81700F1
:10D9A000CBE044F20041C5F60201086820F0806037
:10D9B0000860F8F705FE0290FFE744F20040C5F664
:10D9C0000200006800F000610020B0EBD16F0CD0C5
:10D9D000FFE7F8F7F5FD0299401A032804D3FFE7A3
:10D9E00003208DF81700A8E0E7E7FFE744F228419D
:10D9F000C5F60201086820F47C30049A126840EAF7
:10DA00000230086004994868D1F808C0CB680A69F8
:10DA100001386FF35F204FF60061CFF6FF7101EB25
:10DA20004C2189B208440021CFF6FF7101EB03417C
:10DA300001F4FE0108444FF07F4101EB026101F067
:10DA4000FE41084444F23841C5F602010860FFE790
:10DA500044F22C41C5F602010091086820F0C00094
:10DA6000049A526910430860086820F02000049A64
:10DA7000926910430860086820F01000086044F2C2
:10DA80003C42C5F6020210684FF6F8739843049BB7
:10DA9000DB6940EAC3001060086840F010000860CD
:10DAA000039848B9FFE744F22C41C5F60201086823
:10DAB00040F40020086016E00398012809D1FFE730
:10DAC00044F22C41C5F60201086840F48010086059
:10DAD00008E044F22C41C5F60201086840F4001049
:10DAE0000860FFE7FFE744F20041C5F6020108685D
:10DAF00040F080600860F8F763FD0290FFE744F2B1
:10DB00000040C5F60200006800F000610020B0EBA4
:10DB1000D16F0CD1FFE7F8F753FD0299401A0328A3
:10DB200004D3FFE703208DF8170006E0E7E7FFE7DF
:10DB30009DF807008DF81700FFE79DF8170006B065
:10DB400080BD00000000000080B586B00490039105
:10DB500000208DF8070044F22840C5F60200006856
:10DB600000F00300032804D1FFE701208DF817001F
:10DB7000CBE044F20041C5F60201086820F0805075
:10DB80000860F8F71DFD0290FFE744F20040C5F67B
:10DB90000200006800F000510020B0EB517F0CD073
:10DBA000FFE7F8F70DFD0299401A032804D3FFE7B9
:10DBB00003208DF81700A8E0E7E7FFE744F22841CB
:10DBC000C5F60201086820F07C70049A126840EAE9
:10DBD0000250086004994868D1F808C0CB680A6907
:10DBE00001386FF35F204FF60061CFF6FF7101EB54
:10DBF0004C2189B208440021CFF6FF7101EB0341AB
:10DC000001F4FE0108444FF07F4101EB026101F095
:10DC1000FE41084444F24041C5F602010860FFE7B6
:10DC200044F22C41C5F602010091086820F44060DE
:10DC3000049A526910430860086820F40070049A3E
:10DC4000926910430860086820F48070086044F20C
:10DC50004442C5F6020210684FF6F8739843049BDD
:10DC6000DB6940EAC3001060086840F48070086017
:10DC7000039848B9FFE744F22C41C5F60201086851
:10DC800040F48000086016E00398012809D1FFE7FE
:10DC900044F22C41C5F60201086840F40000086017
:10DCA00008E044F22C41C5F60201086840F080709B
:10DCB0000860FFE7FFE744F20041C5F6020108688B
:10DCC00040F080500860F8F77BFC0290FFE744F2D8
:10DCD0000040C5F60200006800F000510020B0EBE3
:10DCE000517F0CD1FFE7F8F76BFC0299401A03282B
:10DCF00004D3FFE703208DF8170006E0E7E7FFE70E
:10DD00009DF807008DF81700FFE79DF8170006B093
:10DD100080BD00000000000080B584B08DF80F00C9
:10DD200047F64430C2F200400078014602910728CD
:10DD300000F206810299DFE801F0040D2D4B7E9B75
:10DD4000AADD9DF80F00A52803D1FFE706F01CFC13
:10DD5000FFE7F8E09DF80F005A280ED1FFE79DF885
:10DD60000F0006F0C5FB08B9FFE7ECE047F64431C9
:10DD7000C2F20041022008700BE09DF80F00A528B8
:10DD800003D1FFE706F000FC02E006F0DDFBFFE751
:10DD9000FFE7D8E09DF80F1044F20C40C2F20000FB
:10DDA000017000780730B0F5967F03D9FFE706F0E1
:10DDB000CBFBC8E09DF80F0006F09AFB08B9FFE71F
:10DDC000C1E047F64431C2F2004103200870BAE0D6
:10DDD0009DF80F0006F08CFB08B9FFE7B3E09DF853
:10DDE0000F0047F64031C2F20041087044F204408F
:10DDF000C2F20000018847F68030C2F200400844B9
:10DE000044F20841C2F20001086044F20C40C2F240
:10DE10000000007838B9FFE747F64431C2F200410C
:10DE20000520087006E047F64431C2F200410420A4
:10DE30000870FFE787E09DF80F0006F059FB08B96E
:10DE4000FFE780E044F20440C2F20000008804389A
:10DE500044F20C41C2F200010978884207D3FFE77F
:10DE600047F64431C2F2004105200870FFE76AE03E
:10DE70009DF80F00000247F64231C2F200410880CF
:10DE800047F64431C2F20041062008705BE09DF87D
:10DE90000F2047F64231C2F2004101910888104339
:10DEA000088044F20440C2F20000018847F6803046
:10DEB000C2F20040F4F768FC01460198ADF80C107E
:10DEC0000088BDF80C10884207D1FFE747F64431BF
:10DED000C2F20041072008700BE09DF80F00A52852
:10DEE00003D1FFE706F050FB02E006F02DFBFFE751
:10DEF000FFE728E09DF80F00FF2814D1FFE747F661
:10DF00004030C2F20040007844F20841C2F2000101
:10DF1000096844F20C42C2F200021278F4F7D0FF12
:10DF200006F012FB0BE09DF80F00A52803D1FFE7D8
:10DF300006F02AFB02E006F007FBFFE7FFE702E03E
:10DF400006F002FBFFE704B080BD00000000000007
:10DF500084B08DED020ACDED010A8DED001A9DED24
:10DF6000020A9DED011AB4EE410AF1EE10FA03DA4D
:10DF7000FFE7019803900FE09DED020A9DED001A66
:10DF8000B4EE410AF1EE10FA03DDFFE700980390CA
:10DF900002E002980390FFE79DED030A04B070478A
:10DFA00081B08DF802008DF801108DF800209DF9E8
:10DFB00002009DF90110884205DAFFE79DF8010093
:10DFC0008DF8030010E09DF902009DF900108842D1
:10DFD00005DDFFE79DF800008DF8030004E09DF8E3
:10DFE00002008DF80300FFE79DF9030001B07047C0
:10DFF00086B08DED040ACDED030A8DED021ACDED4C
:10E00000011A8DED002A9DED020A9DED031A30EEF6
:10E01000410A9FED141AB4EE410AF1EE10FA03DA48
:10E02000FFE70198059018E09DED010A9DED041AA7
:10E030009DED033A31EE431A9DED002A32EE402A5F
:10E0400021EE021A9DED022A32EE432A81EE021AD7
:10E0500030EE010A8DED050AFFE79DED050A06B0D9
:10E06000704700BFBD37863584B08DED020ACDED17
:10E07000010A8DED001A9DED020A9DED011AB4EE24
:10E08000410AF1EE10FA03DAFFE7019803900FE07E
:10E090009DED020A9DED001AB4EE410AF1EE10FA70
:10E0A00003DDFFE70098039002E002980390FFE78A
:10E0B0009DED030A04B0704700000000000000005E
:10E0C000074B19680868B0E8F04F80F30988BFF380
:10E0D0006F8F4FF0000080F31188704700BF00BFC2
:10E0E000C84200200000000084B003900398009014
:10E0F00000980078ADF80800009801300090009872
:10E100000078ADF80600BDF80610BDF8080040EA3A
:10E110000120ADF80A00BDF80A0004B07047000005
:10E1200080B584B00290ADF80610029820B1FFE7E8
:10E13000BDF8060020B9FFE701208DF80F0027E0A9
:10E14000F4F762F9BDF8061088420BD2FFE747F6F4
:10E150004831C2F2004108680130086000208DF8A3
:10E160000F0015E00298BDF80610F4F7E5F958B96C
:10E17000FFE747F64831C2F2004108680130086005
:10E1800000208DF80F0003E001208DF80F00FFE75D
:10E190009DF80F0004B080BD80B5D0B08DF83E0171
:10E1A0004E918DF837210020ADF808004E9840B907
:10E1B000FFE79DF8370120B1FFE700208DF83F0110
:10E1C00078E09DF837010730B0F5967F0BD9FFE76F
:10E1D00047F64831C2F2004108680130086000206B
:10E1E0008DF83F0166E0BDF80820501CADF808002E
:10E1F0000DF10B01A5208854BDF80820501CADF886
:10E2000008005A2088549DF83701BDF80820531C97
:10E21000ADF8083088549DF83E01BDF80820531C25
:10E22000ADF8083088540020ADF80600FFE7BDF8CF
:10E2300006009DF83711884213DAFFE74E98BDF8C3
:10E240000610405CBDF80820511CADF808100DF117
:10E250000B018854FFE7BDF806000130ADF8060059
:10E26000E5E7BDF808100DF10B000090F4F78CFA0B
:10E2700001460098ADF804109DF80510BDF808207F
:10E28000531CADF808308154BDF80410BDF80820C7
:10E29000531CADF808308154BDF80820511CADF86E
:10E2A0000810FF218154BDF80810FFF739FF8DF8E1
:10E2B0003F01FFE79DF83F0150B080BD0000000026
:10E2C00080B582B04FF0500080F31188BFF36F8F9C
:10E2D000BFF34F8F009009F0DFFD40B1FFE74EF62E
:10E2E0000451CEF200014FF080500860FFE700209B
:10E2F0000190019880F3118802B080BD00000000F9
:10E3000080B59EB00BA84C21F2F787F90020019050
:10E310000A90099008900790069005900490039049
:10E320000220F9F799FCFFE70020029044F618005C
:10E33000C5F60200016821F440410160006800F464
:10E34000404002900298FFE7FFE744F61800C5F648
:10E350000200006800F40050B0F5005F01D0FFE754
:10E36000F3E701210B914FF480300C9002201490C0
:10E3700015901690282217921891062119911A903B
:10E380000C201B9000201C901D900BA8FBF7ECFBB1
:10E3900018B1FFE7F4F75CFEFFE73F20039003218D
:10E3A00004910020059008200690402007900890D6
:10E3B0004FF4806209920A9003A8FAF769FF18B136
:10E3C000FFE7F4F745FEFFE71EB080BD0000000048
:10E3D0004EF68851CEF20001086840F470000860E3
:10E3E00042F20000C5F20020006800F00F0006288D
:10E3F0000AD8FFE742F20001C5F2002108680722AF
:10E4000062F303000860FFE744F20041C5F6020131
:10E41000086840F00100086044F21042C5F60202AC
:10E420000020106008684EF67F52CEF6F6221040AB
:10E43000086042F20000C5F20020006800F00F0002
:10E4400008280AD3FFE742F20001C5F2002108685C
:10E45000072262F303000860FFE744F21841C5F6A3
:10E4600002010020086044F21C41C5F60201086068
:10E4700044F22041C5F60201086044F22842C5F684
:10E48000020240F20021C0F20221116044F22C424B
:10E49000C5F602020021C0F2FF11116044F23042C1
:10E4A000C5F6020240F28021C0F20111116044F26F
:10E4B0003442C5F60202106044F23842C5F6020248
:10E4C000116044F23C42C5F60202106044F2404240
:10E4D000C5F60202116044F24441C5F6020108602B
:10E4E00044F20042C5F60202116821F48021116055
:10E4F00044F26041C5F60201086044F2D440C5F61A
:10E5000002000068C004002814D4FFE744F2D4419C
:10E51000C5F60201086840F48050086044F2000229
:10E52000C5F2002243F2D2001060086820F4805047
:10E530000860FFE77047000080B543F28400C2F234
:10E540000000FCF70DFB80BD80B543F2D000C2F2A5
:10E550000000FCF705FB80BD80B545F2E010C2F27B
:10E560000040FCF7FDFA80BD83B002900191029853
:10E570000068009002980021C4F20101884225D071
:10E58000FFE70298B0F1804F20D0FFE7029840F2F9
:10E590000041C4F20001884218D0FFE7029840F61B
:10E5A0000001C4F20001884210D0FFE7029840F653
:10E5B0000041C4F20001884208D0FFE7029840F20F
:10E5C0000041C4F2010188420AD1FFE7009820F01F
:10E5D0007000009001984168009808430090FFE7A0
:10E5E00002980021C4F2010188424DD0FFE7029851
:10E5F000B0F1804F48D0FFE7029840F20041C4F2EA
:10E600000001884240D0FFE7029840F60001C4F2C2
:10E610000001884238D0FFE7029840F60041C4F27A
:10E620000001884230D0FFE7029840F20041C4F276
:10E630000101884228D0FFE7029844F20001C4F2A9
:10E640000101884220D0FFE7029844F20041C4F261
:10E650000101884218D0FFE7029844F60001C4F295
:10E660000101884210D0FFE702984EF20001C4F287
:10E670000001884208D0FFE702984EF20041C4F240
:10E68000000188420AD1FFE7009820F44070009012
:10E690000198C168009808430090FFE7009820F0B7
:10E6A00080000199496908430090019880680299A7
:10E6B000C862019800680299886202980021C4F239
:10E6C0000101884220D0FFE7029840F20041C4F2E5
:10E6D0000101884218D0FFE7029844F20001C4F219
:10E6E0000101884210D0FFE7029844F20041C4F2D1
:10E6F0000101884208D0FFE7029844F60001C4F205
:10E700000101884205D1FFE7019800690299086379
:10E71000FFE70299086840F00400086002990120B0
:10E72000486100980299086003B07047000000003B
:10E7300085B0049003910292019304988068009040
:10E74000009820F47F40009003980299019A41EAD2
:10E7500002210143009808430090009804998860C2
:10E7600005B070470000000083B00290019102984C
:10E770008068009000984FF68F71CFF6CF710840F7
:10E78000009001980099084340F00700009000981D
:10E790000299886003B0704785B00490039102929B
:10E7A0000498006A00900499086A20F00100086249
:10E7B000049880690190019820F0F000019002997E
:10E7C000019840EA01100190009820F00A000090A2
:10E7D0000399009808430090019804998861009873
:10E7E0000499086205B0704785B0049003910292C5
:10E7F0000498006A00900499086A20F010000862EA
:10E80000049880690190019820F470400190029969
:10E81000019840EA01300190009820F0A00000909B
:10E820000399009840EA01100090019804998861CA
:10E8300000980499086205B07047000000000000CD
:10E8400082B08DF8070040F2E400C2F20040007888
:10E8500001460091032800F289800099DFE801F069
:10E86000021D37459DF80700A52815D1FFE740F2A6
:10E87000E401C2F200410120087042F6E831C2F220
:10E8800000010020087044F6C131C2F20041C860A6
:10E89000886048600860FFE774E09DF8071042F662
:10E8A000E830C2F2000003785A1C027044F6C1320C
:10E8B000C2F20042D1540078102807D3FFE740F29B
:10E8C000E401C2F2004102200870FFE75AE09DF81F
:10E8D000070044F6D131C2F20041087040F2E40171
:10E8E000C2F20041032008704CE09DF807005A284E
:10E8F00030D1FFE700208DF806008DF80500FFE716
:10E900009DF805000F2813D8FFE79DF8051044F681
:10E91000C130C2F20040415C9DF8060008448DF809
:10E920000600FFE79DF8050001308DF80500E7E7D8
:10E930009DF8060044F6D131C2F2004109788842C0
:10E9400007D1FFE742F6BD31C2F200010120087095
:10E95000FFE7FFE740F2E401C2F200410020087047
:10E9600042F6E831C2F2000108700BE040F2E40127
:10E97000C2F200410020087042F6E831C2F2000104
:10E980000870FFE702B0704780B545F22C20C2F254
:10E990000040FCF7DDFB80BD82B001900198406E25
:10E9A00040B9FFE701990120A1F86A000199A1F897
:10E9B000680032E010208DF803008DF80200019805
:10E9C00000688068C0F342608DF80100019800681B
:10E9D0008068400F8DF800009DF802009DF800202F
:10E9E00048F6B033C0F60103995C484348F6A831B5
:10E9F000C0F601018A5CB0FBF2F0019AA2F86A004D
:10EA00009DF803009DF801209B5C5843895CB0FB96
:10EA1000F1F00199A1F86800FFE702B0704700002B
:10EA200081B00090009890F82800000700280BD5CE
:10EA3000FFE700980068406820F40040009A1168E1
:10EA4000926B10434860FFE7009890F82800C007D9
:10EA500058B1FFE700980068406820F40030009A41
:10EA60001168D26A10434860FFE7009890F82800C8
:10EA7000800700280BD5FFE700980068406820F465
:10EA80008030009A1168126B10434860FFE70098CD
:10EA900090F82800400700280BD5FFE70098006891
:10EAA000406820F48020009A1168526B104348603F
:10EAB000FFE7009890F82800C00600280BD5FFE774
:10EAC00000980068806820F48050009A1168D26B2A
:10EAD00010438860FFE7009890F82800800600281F
:10EAE0000BD5FFE700980068806820F40050009A7A
:10EAF0001168126C10438860FFE7009890F82800B6
:10EB0000400600281CD5FFE700980068406820F404
:10EB10008010009A1168526C104348600098406C55
:10EB2000B0F5801F0BD1FFE700980068406820F423
:10EB3000C000009A1168926C10434860FFE7FFE73D
:10EB4000009890F82800000600280BD5FFE70098F1
:10EB50000068406820F40020009A1168D26C1043CD
:10EB60004860FFE701B0704780B588B0069006990D
:10EB70000020C1F89000F7F723FD05900698006883
:10EB80000068000700282FD5FFE70698059B6A4616
:10EB90006FF07E4111604FF40011002201F034FD4E
:10EBA00008B3FFE7FFE7FFE70698006850E8000FAB
:10EBB00020F080000490FFE704990698026842E87C
:10EBC00000100028F0D1FFE7FFE706992020C1F8E8
:10EBD0008800FFE70699002081F88400FFE7032002
:10EBE0008DF81F005FE0FFE70698006800684007A7
:10EBF000002842D5FFE70698059B6A466FF07E41E4
:10EC000011604FF48001002201F0FEFCA0B3FFE789
:10EC1000FFE7FFE70698006850E8000F20F49070C7
:10EC20000390FFE703990698026842E80010002865
:10EC3000F0D1FFE7FFE7FFE7FFE70698006850E83D
:10EC4000020F20F001000290FFE702990698026887
:10EC500042E802100028F0D1FFE7FFE706992020E4
:10EC6000C1F88C00FFE70699002081F88400FFE7D7
:10EC700003208DF81F0016E0FFE706992020C1F859
:10EC800088000699C1F88C0006990020C86606998C
:10EC90000867FFE70699002081F88400FFE700205D
:10ECA0008DF81F00FFE79DF81F0008B080BD000031
:10ECB00080B582B001900198806B0090009900208F
:10ECC000A1F85E000098FCF70FFA02B080BD0000CA
:10ECD00084B00390FFE7FFE70398006850E8000F57
:10ECE00020F490700290FFE702990398026842E8CE
:10ECF00000100028F0D1FFE7FFE7FFE7FFE70398E8
:10ED0000006850E8020F4FF6FE71CEF6FF71084022
:10ED10000190FFE701990398026842E80210002879
:10ED2000EDD1FFE7FFE70398C06E012814D1FFE79C
:10ED3000FFE7FFE70398006850E8000F20F010009D
:10ED40000090FFE700990398026842E8001000284D
:10ED5000F0D1FFE7FFE7FFE703992020C1F88C001F
:10ED600003990020C8660399486704B07047000003
:10ED700080B582B00190FFE7FFE70198006850E896
:10ED8000000F20F040000090FFE700990198026812
:10ED900042E800100028F0D1FFE7FFE701992020AA
:10EDA000C1F888000199002088670198FCF794FF5A
:10EDB00002B080BD0000000080B588B007900798C1
:10EDC000B0F86000ADF816000798D0F88C00222843
:10EDD00040F0AB80FFE707980068406AADF8140088
:10EDE0000798806D0690BDF81400BDF81610084015
:10EDF000069908800799886D023088650799B1F8EF
:10EE00005E000138A1F85E000798B0F85E000028A7
:10EE100040F08A80FFE7FFE7FFE70798006850E8C7
:10EE2000000F20F490700490FFE70499079802689F
:10EE300042E800100028F0D1FFE7FFE7FFE7FFE717
:10EE40000798006850E8020F20F001000390FFE7E8
:10EE500003990798026842E802100028F0D1FFE702
:10EE6000FFE707992020C1F88C0007990020486728
:10EE7000079908670798006840F60041C5F6000149
:10EE800088421CD0FFE7079800684068000200280D
:10EE900014D5FFE7FFE7FFE70798006850E8000F89
:10EEA00020F080600290FFE702990798026842E82C
:10EEB00000100028F0D1FFE7FFE7FFE7FFE7079822
:10EEC000C06E01282BD1FFE707990020C866FFE735
:10EED000FFE70798006850E8000F20F0100001904D
:10EEE000FFE701990798026842E800100028F0D176
:10EEF000FFE7FFE707980068C06900F010010120F4
:10EF0000B0EB111F05D1FFE70798016810200862D8
:10EF1000FFE70798B0F85C10FCF742F803E00798A9
:10EF2000FCF7FEFDFFE7FFE706E007980168886948
:10EF300040F008008861FFE708B080BD00000000D5
:10EF400080B58EB00D900D98B0F86000ADF82E0031
:10EF50000D980068C06909900D98006800680890D5
:10EF60000D980068806807900D98D0F88C002228D2
:10EF700040F06181FFE70D98B0F86800ADF82A0015
:10EF8000FFE7BDF82A100020009031B1FFE79DF89F
:10EF90002400C0F340100090FFE70098C00700284D
:10EFA00000F00A81FFE70D980068406AADF82C0078
:10EFB0000D98806D0C90BDF82C00BDF82E10084007
:10EFC0000C9908800D99886D023088650D99B1F80B
:10EFD0005E000138A1F85E000D980068C0690990D4
:10EFE0009DF824004007002852D0FFE79DF8240038
:10EFF000C00788B1FFE79DF82100C00760B1FFE7B7
:10F000000D980168012008620D99D1F8900040F038
:10F010000100C1F89000FFE79DF824008007002858
:10F0200011D5FFE79DF81C00C00760B1FFE70D9800
:10F030000168022008620D99D1F8900040F00400A8
:10F04000C1F89000FFE79DF824004007002811D583
:10F05000FFE79DF81C00C00760B1FFE70D9801684D
:10F06000042008620D99D1F8900040F00200C1F828
:10F070009000FFE70D98D0F8900040B1FFE70D98A1
:10F08000FCF732F80D990020C1F89000FFE7FFE788
:10F090000D98B0F85E00002840F08D80FFE7FFE794
:10F0A000FFE70D98006850E8000F20F4807006908C
:10F0B000FFE706990D98026842E800100028F0D199
:10F0C000FFE7FFE7FFE7FFE70D98006850E8020F52
:10F0D0004FF6FE71CEF6FF7108400590FFE70599E7
:10F0E0000D98026842E802100028EDD1FFE7FFE723
:10F0F0000D992020C1F88C000D99002048670D99CA
:10F1000008670D98006840F60041C5F60001884286
:10F110001CD0FFE70D98006840680002002814D555
:10F12000FFE7FFE7FFE70D98006850E8000F20F0C9
:10F1300080600490FFE704990D98026842E800108F
:10F140000028F0D1FFE7FFE7FFE7FFE70D98C06E6B
:10F1500001282BD1FFE70D990020C866FFE7FFE7E4
:10F160000D98006850E8000F20F010000390FFE7B2
:10F1700003990D98026842E800100028F0D1FFE7DB
:10F18000FFE70D980068C06900F010010120B0EBA6
:10F19000111F05D1FFE70D98016810200862FFE7F5
:10F1A0000D98B0F85C10FBF7FBFE03E00D98FCF740
:10F1B000B7FCFFE700E0E4E60D98B0F85E00ADF8BC
:10F1C0002800BDF82800A8B3FFE7BDF828000D9976
:10F1D000B1F8681088422DDAFFE7FFE7FFE70D98E6
:10F1E000006850E8020F20F080500290FFE702997B
:10F1F0000D98026842E802100028F0D1FFE7FFE70F
:10F200000D994EF6B950C0F600004867FFE7FFE7DA
:10F210000D98006850E8000F40F020000190FFE7D3
:10F2200001990D98026842E800100028F0D1FFE72C
:10F23000FFE7FFE706E00D980168886940F00800E5
:10F240008861FFE70EB080BD80B586B00590059857
:10F25000B0F86000ADF812000598D0F88C002228B4
:10F2600040F0A980FFE705980068406AADF81000FB
:10F27000BDF810009DF8121008400599896D0870BE
:10F280000599886D013088650599B1F85E000138EF
:10F29000A1F85E000598B0F85E00002840F08A8072
:10F2A000FFE7FFE7FFE70598006850E8000F20F44C
:10F2B00090700390FFE703990598026842E80010F8
:10F2C0000028F0D1FFE7FFE7FFE7FFE705980068B8
:10F2D00050E8020F20F001000290FFE70299059824
:10F2E000026842E802100028F0D1FFE7FFE7059925
:10F2F0002020C1F88C00059900204867059908670F
:10F300000598006840F60041C5F6000188421CD00F
:10F31000FFE70598006840680002002814D5FFE761
:10F32000FFE7FFE70598006850E8000F20F08060D5
:10F330000190FFE701990598026842E80010002853
:10F34000F0D1FFE7FFE7FFE7FFE70598C06E012870
:10F350002BD1FFE705990020C866FFE7FFE7059876
:10F36000006850E8000F20F010000090FFE70099BF
:10F370000598026842E800100028F0D1FFE7FFE797
:10F3800005980068C06900F010010120B0EB111F62
:10F3900005D1FFE70598016810200862FFE705988E
:10F3A000B0F85C10FBF7FCFD03E00598FCF7B8FB38
:10F3B000FFE7FFE706E005980168886940F008006C
:10F3C0008861FFE706B080BD80B58EB00D900D98C6
:10F3D000B0F86000ADF832000D980068C0690A907E
:10F3E0000D980068006809900D9800688068089082
:10F3F0000D98D0F88C00222840F05F81FFE70D982F
:10F40000B0F86800ADF82E00FFE7BDF82E10002020
:10F41000019031B1FFE79DF82800C0F34010019042
:10F42000FFE70198C007002800F00881FFE70D986A
:10F430000068406AADF83000BDF830009DF8321029
:10F4400008400D99896D08700D99886D01308865A7
:10F450000D99B1F85E000138A1F85E000D980068C2
:10F46000C0690A909DF828004007002852D0FFE7A5
:10F470009DF82800C00788B1FFE79DF82500C00768
:10F4800060B1FFE70D980168012008620D99D1F87D
:10F49000900040F00100C1F89000FFE79DF82800BF
:10F4A0008007002811D5FFE79DF82000C00760B154
:10F4B000FFE70D980168022008620D99D1F89000CD
:10F4C00040F00400C1F89000FFE79DF828004007D5
:10F4D000002811D5FFE79DF82000C00760B1FFE7C5
:10F4E0000D980168042008620D99D1F8900040F051
:10F4F0000200C1F89000FFE70D98D0F8900040B1ED
:10F50000FFE70D98FBF7F0FD0D990020C1F8900082
:10F51000FFE7FFE70D98B0F85E00002840F08D800F
:10F52000FFE7FFE7FFE70D98006850E8000F20F4C1
:10F5300080700790FFE707990D98026842E8001075
:10F540000028F0D1FFE7FFE7FFE7FFE70D9800682D
:10F5500050E8020F4FF6FE71CEF6FF71084006909C
:10F56000FFE706990D98026842E802100028EDD1E5
:10F57000FFE7FFE70D992020C1F88C000D990020CE
:10F5800048670D9908670D98006840F60041C5F678
:10F59000000188421CD0FFE70D9800684068000217
:10F5A000002814D5FFE7FFE7FFE70D98006850E853
:10F5B000000F20F080600590FFE705990D98026824
:10F5C00042E800100028F0D1FFE7FFE7FFE7FFE780
:10F5D0000D98C06E01282BD1FFE70D990020C86659
:10F5E000FFE7FFE70D98006850E8000F20F01000DB
:10F5F0000490FFE704990D98026842E80010002883
:10F60000F0D1FFE7FFE70D980068C06900F0100136
:10F610000120B0EB111F05D1FFE70D980168102004
:10F620000862FFE70D98B0F85C10FBF7B9FC03E047
:10F630000D98FCF775FAFFE700E0E6E60D98B0F8E4
:10F640005E00ADF82C00BDF82C00A8B3FFE7BDF8B4
:10F650002C000D99B1F8681088422DDAFFE7FFE71A
:10F66000FFE70D98006850E8020F20F080500390EB
:10F67000FFE703990D98026842E802100028F0D1D4
:10F68000FFE7FFE70D994FF24920C0F600004867F9
:10F69000FFE7FFE70D98006850E8000F40F02000FA
:10F6A0000290FFE702990D98026842E800100028D6
:10F6B000F0D1FFE7FFE7FFE706E00D9801688869F2
:10F6C00040F008008861FFE70EB080BD0000000038
:10F6D00080B59EB01D9000208DF867001D980068D1
:10F6E00040F60041C5F60001884201D1FFE700E085
:10F6F000FFE71D9988680B694A69C9691843104377
:10F7000008431C901D980068006846F6F311CCF67B
:10F71000FF7108401C9908431D99096808601D98ED
:10F720000068406820F440501D9A1168D268104368
:10F7300048601D9880691C901D98006840F6004143
:10F74000C5F60001884206D0FFE71D98016A1C98A3
:10F7500008431C90FFE71D98006880684FF2FF4146
:10F76000C1F2FF1108401C9908431D99096888607F
:10F770001D980068C06A20F00F001D9A1168526A37
:10F780001043C862FFE71D98006841F20001C4F20F
:10F790000101884240F04180FFE744F25440C5F641
:10F7A0000200006800F038000146109128282FD888
:10F7B0001099DFE801F0152D2D2D2D2D2D2D192D52
:10F7C0002D2D2D2D2D2D1D2D2D2D2D2D2D2D212D85
:10F7D0002D2D2D2D2D2D252D2D2D2D2D2D2D290092
:10F7E00001208DF86D0017E004208DF86D0013E006
:10F7F00008208DF86D000FE010208DF86D000BE0F3
:10F8000020208DF86D0007E040208DF86D0003E0AA
:10F8100080208DF86D00FFE76CE21D98006844F2CF
:10F820000041C4F2000188422ED1FFE744F2544067
:10F83000C5F60200006800F0070001460F91052898
:10F840001DD80F99DFE801F003070B0F13170020F5
:10F850008DF86D0017E004208DF86D0013E008208E
:10F860008DF86D000FE010208DF86D000BE020206A
:10F870008DF86D0007E040208DF86D0003E08020DA
:10F880008DF86D00FFE734E21D98006844F6000132
:10F89000C4F2000188422ED1FFE744F25440C5F67D
:10F8A0000200006800F0070001460E9105281DD8EF
:10F8B0000E99DFE801F003070B0F131700208DF8F6
:10F8C0006D0017E004208DF86D0013E008208DF81E
:10F8D0006D000FE010208DF86D000BE020208DF8FA
:10F8E0006D0007E040208DF86D0003E080208DF86A
:10F8F0006D00FFE7FCE11D98006844F60041C4F28A
:10F90000000188422ED1FFE744F25440C5F60200C0
:10F91000006800F0070001460D9105281DD80D99DB
:10F92000DFE801F003070B0F131700208DF86D00BF
:10F9300017E004208DF86D0013E008208DF86D00AD
:10F940000FE010208DF86D000BE020208DF86D0089
:10F9500007E040208DF86D0003E080208DF86D00F9
:10F96000FFE7C4E11D98006845F20001C4F2000100
:10F9700088422ED1FFE744F25440C5F602000068E9
:10F9800000F0070001460C9105281DD80C99DFE80E
:10F9900001F003070B0F131700208DF86D0017E01F
:10F9A00004208DF86D0013E008208DF86D000FE045
:10F9B00010208DF86D000BE020208DF86D0007E021
:10F9C00040208DF86D0003E080208DF86D00FFE78A
:10F9D0008CE11D98006841F20041C4F201018842A7
:10F9E00040F04180FFE744F25440C5F60200006851
:10F9F00000F0380001460B9128282FD80B99DFE83A
:10FA000001F0152D2D2D2D2D2D2D192D2D2D2D2DBB
:10FA10002D2D1D2D2D2D2D2D2D2D212D2D2D2D2D32
:10FA20002D2D252D2D2D2D2D2D2D290001208DF84D
:10FA30006D0017E004208DF86D0013E008208DF8AC
:10FA40006D000FE010208DF86D000BE020208DF888
:10FA50006D0007E040208DF86D0003E080208DF8F8
:10FA60006D00FFE741E11D98006847F60001C4F210
:10FA7000000188422ED1FFE744F25440C5F602004F
:10FA8000006800F0070001460A9105281DD80A9970
:10FA9000DFE801F003070B0F131700208DF86D004E
:10FAA00017E004208DF86D0013E008208DF86D003C
:10FAB0000FE010208DF86D000BE020208DF86D0018
:10FAC00007E040208DF86D0003E080208DF86D0088
:10FAD000FFE709E11D98006847F60041C4F2000104
:10FAE00088422ED1FFE744F25440C5F60200006878
:10FAF00000F007000146099105281DD80999DFE8A3
:10FB000001F003070B0F131700208DF86D0017E0AD
:10FB100004208DF86D0013E008208DF86D000FE0D3
:10FB200010208DF86D000BE020208DF86D0007E0AF
:10FB300040208DF86D0003E080208DF86D00FFE718
:10FB4000D1E01D98006841F60001C4F2010188422D
:10FB500040F04180FFE744F25440C5F602000068DF
:10FB600000F038000146089128282FD80899DFE8CE
:10FB700001F0152D2D2D2D2D2D2D192D2D2D2D2D4A
:10FB80002D2D1D2D2D2D2D2D2D2D212D2D2D2D2DC1
:10FB90002D2D252D2D2D2D2D2D2D290001208DF8DC
:10FBA0006D0017E004208DF86D0013E008208DF83B
:10FBB0006D000FE010208DF86D000BE020208DF817
:10FBC0006D0007E040208DF86D0003E080208DF887
:10FBD0006D00FFE786E01D98006841F60041C4F221
:10FBE0000101884240F04180FFE744F25440C5F6ED
:10FBF0000200006800F038000146079128282FD83D
:10FC00000799DFE801F0152D2D2D2D2D2D2D192D06
:10FC10002D2D2D2D2D2D1D2D2D2D2D2D2D2D212D30
:10FC20002D2D2D2D2D2D252D2D2D2D2D2D2D29003D
:10FC300001208DF86D0017E004208DF86D0013E0B1
:10FC400008208DF86D000FE010208DF86D000BE09E
:10FC500020208DF86D0007E040208DF86D0003E056
:10FC600080208DF86D00FFE73BE01D98006840F6AE
:10FC70000041C5F6000188422ED1FFE744F258400A
:10FC8000C5F60200006800F007000146069105284D
:10FC90001DD80699DFE801F003070B0F13170220A8
:10FCA0008DF86D0017E004208DF86D0013E008203A
:10FCB0008DF86D000FE010208DF86D000BE0202016
:10FCC0008DF86D0007E040208DF86D0003E0802086
:10FCD0008DF86D00FFE703E080208DF86D00FFE7F1
:10FCE000FFE7FFE7FFE7FFE7FFE7FFE7FFE7FFE7E4
:10FCF000FFE7FFE7FFE71D98006840F60041C5F603
:10FD00000001884240F0B480FFE79DF86D00014695
:10FD10000591022814D0FFE70598042814D0FFE7C6
:10FD20000598082816D0FFE70598102818D0FFE797
:10FD30000598202835D0FFE70598402837D03AE0CD
:10FD4000F7F7EAFF11903CE015A8F7F7F9FF1698CE
:10FD5000119036E012A8F8F74BF91398119030E0A3
:10FD600044F20040C5F60200006800F020010020C7
:10FD7000B0EB511F0ED0FFE744F20040C5F6020081
:10FD80000068C0F3C10149F20000C0F2D030C840A1
:10FD9000119005E049F20000C0F2D0301190FFE769
:10FDA0000FE040F60010C0F23D00119009E04FF462
:10FDB0000040119005E00020119001208DF86700AF
:10FDC000FFE71198002852D0FFE711981D994A6A61
:10FDD00048F6B831C0F6010131F81210B0FBF1F06D
:10FDE000189018981D99496801EB4101884207D382
:10FDF000FFE718981D994968B0EB013F04D9FFE768
:10FE000001208DF8670031E011981D994A6803922E
:10FE10004A6A48F6B831C0F6010131F812200023D1
:10FE200004931946F0F70AFB039A049B090241EA7E
:10FE30001061000210EB520041F10001F0F7FEFAF0
:10FE40001A901A98B0F5407F0BD3FFE71A9900205B
:10FE5000B0EB115F05D1FFE71A981D990968C860DA
:10FE600003E001208DF86700FFE7FFE7FFE746E1C9
:10FE70001D98C069B0F5004F40F0A880FFE79DF8DD
:10FE80006D0001460291402800F263800299DFE88C
:10FE900001F021256060296060602F606060606013
:10FEA000606035606060606060606060606060607D
:10FEB000606056606060606060606060606060604C
:10FEC0006060606060606060606060606060606032
:10FED00060605C00F9F798FC119040E0F9F7A8FC2D
:10FEE00011903CE015A8F7F72BFF1698119036E01B
:10FEF00012A8F8F77DF81398119030E044F2004012
:10FF0000C5F60200006800F020010020B0EB511F90
:10FF10000ED0FFE744F20040C5F602000068C0F3CF
:10FF2000C10149F20000C0F2D030C840119005E094
:10FF300049F20000C0F2D0301190FFE70FE040F628
:10FF40000010C0F23D00119009E04FF40040119004
:10FF500005E00020119001208DF86700FFE711985F
:10FF600098B3FFE711981D9A5168536A48F6B83262
:10FF7000C0F6010232F81320B0FBF2F0400000EBB3
:10FF80005100B0FBF1F01A901A98102818D3FFE72F
:10FF9000BDF86A00A0B9FFE71A9820F00F00ADF88D
:10FFA0006E001A9800F00E01BDF86E0040EA510094
:10FFB000ADF86E00BDF86E001D990968C86003E0D9
:10FFC00001208DF86700FFE7FFE797E09DF86D00DF
:10FFD00001460191402800F263800199DFE801F0B9
:10FFE00021256060296060602F60606060606060F3
:10FFF000356060606060606060606060606060602C
:020000040801F1
:1000000056606060606060606060606060606060FA
:1000100060606060606060606060606060606060E0
:100020005C00F9F7F1FB119040E0F9F701FC119049
:100030003CE015A8F7F784FE1698119036E012A858
:10004000F7F7D6FF1398119030E044F20040C5F660
:100050000200006800F020010020B0EB511F0ED01C
:10006000FFE744F20040C5F602000068C0F3C1019A
:1000700049F20000C0F2D030C840119005E049F2CA
:100080000000C0F2D0301190FFE70FE040F6001002
:10009000C0F23D00119009E04FF40040119005E0DE
:1000A0000020119001208DF86700FFE7119820B320
:1000B000FFE711981D9A5168536A48F6B832C0F6A6
:1000C000010232F81320B0FBF2F000EB5100B0FB5C
:1000D000F1F01A901A9810280AD3FFE7BDF86A00C9
:1000E00030B9FFE7BDF868001D990968C86003E0F2
:1000F00001208DF86700FFE7FFE7FFE7FFE71D99A5
:100100000120A1F86A001D99A1F868001D9900203E
:1001100048671D9988679DF867001EB080BD000084
:1001200088B007900691ADF8162006980799886563
:10013000BDF816000799A1F85C00BDF816000799F4
:10014000A1F85E00079900204867FFE707988068DC
:10015000B0F5805F10D1FFE70798006930B9FFE77D
:10016000079940F2FF10A1F8600004E00799FF2012
:10017000A1F86000FFE72EE00798806878B9FFE7F4
:100180000798006928B9FFE70799FF20A1F86000E8
:1001900004E007997F20A1F86000FFE71AE00798C4
:1001A0008068B0F1805F0FD1FFE70798006928B938
:1001B000FFE707997F20A1F8600004E007993F203E
:1001C000A1F86000FFE704E007990020A1F86000B3
:1001D000FFE7FFE7FFE7FFE707990020C1F890007E
:1001E00007992220C1F88C00FFE7FFE70798006815
:1001F00050E8020F40F001000490FFE704990798CF
:10020000026842E802100028F0D1FFE7FFE70798F4
:10021000406EB0F1005F4CD1FFE7BDF816000799C2
:10022000B1F86810884244DBFFE707988068B0F5B2
:10023000805F0BD1FFE70798006938B9FFE707999E
:100240004EF64170C0F60000486706E007994FF28D
:10025000C930C0F600004867FFE707980069A0B101
:10026000FFE7FFE7FFE70798006850E8000F40F45A
:1002700080700390FFE703990798026842E8001036
:100280000028F0D1FFE7FFE7FFE7FFE7FFE7079868
:10029000006850E8020F40F080500290FFE702999A
:1002A0000798026842E802100028F0D1FFE7FFE754
:1002B00044E007988068B0F5805F0BD1FFE70798AE
:1002C000006938B9FFE707994EF6B950C0F600004B
:1002D000486706E007994FF24920C0F600004867DA
:1002E000FFE707980069A0B1FFE7FFE7FFE707987E
:1002F000006850E8000F40F490700190FFE701990A
:100300000798026842E800100028F0D1FFE7FFE7F5
:1003100013E0FFE7FFE70798006850E8000F40F0A0
:1003200020000090FFE700990798026842E800105B
:100330000028F0D1FFE7FFE7FFE7FFE7002008B064
:10034000704700000000000084B003900398D0F8CC
:100350008800212842D1FFE70398B0F8560038BB47
:10036000FFE7FFE7FFE70398006850E8000F20F081
:1003700080000190FFE701990398026842E80010AD
:100380000028F0D1FFE7FFE7FFE7FFE703980068E9
:1003900050E8000F40F040000090FFE700990398FC
:1003A000026842E800100028F0D1FFE7FFE714E000
:1003B0000398006D0290029800886FF35F20039904
:1003C000096888620399086D023008650399B1F8DD
:1003D00056000138A1F85600FFE7FFE704B0704768
:1003E00085B004900498D0F8880021285DD1FFE7FB
:1003F0000498B0F86A00ADF80A00FFE7BDF80A00FB
:10040000002851D0FFE70498B0F8560038BBFFE74A
:10041000FFE7FFE70498006850E8020F20F40000AF
:100420000190FFE701990498026842E80210002851
:10043000F0D1FFE7FFE7FFE7FFE70498006850E827
:10044000000F40F040000090FFE700990498026818
:1004500042E800100028F0D1FFE7FFE724E004980D
:100460000068C0690006002815D5FFE70498006DF4
:100470000390039800886FF35F20049909688862ED
:100480000499086D023008650499B1F856000138E6
:10049000A1F8560000E0FFE7FFE7FFE7BDF80A001C
:1004A0000138ADF80A00A9E7FFE705B07047000082
:1004B00083B002900298D0F8880021283DD1FFE750
:1004C0000298B0F8560038BBFFE7FFE7FFE7029855
:1004D000006850E8000F20F080000190FFE70199CC
:1004E0000298026842E800100028F0D1FFE7FFE719
:1004F000FFE7FFE70298006850E8000F40F0400077
:100500000090FFE700990298026842E80010002876
:10051000F0D1FFE7FFE70FE002980168006D007877
:1005200088620299086D013008650299B1F8560099
:100530000138A1F85600FFE7FFE703B0704700005D
:1005400084B003900398D0F88800212858D1FFE7A1
:100550000398B0F86A00ADF80A00FFE7BDF80A009A
:1005600000284CD0FFE70398B0F8560038BBFFE7EF
:10057000FFE7FFE70398006850E8020F20F400004F
:100580000190FFE701990398026842E802100028F1
:10059000F0D1FFE7FFE7FFE7FFE70398006850E8C7
:1005A000000F40F040000090FFE7009903980268B8
:1005B00042E800100028F0D1FFE7FFE71FE00398B2
:1005C0000068C0690006002810D5FFE7039801689D
:1005D000006D007888620399086D01300865039901
:1005E000B1F856000138A1F8560000E0FFE7FFE738
:1005F000FFE7BDF80A000138ADF80A00AEE7FFE7F3
:1006000004B070470000000080B586B0DDF820C05F
:10061000049003918DF80B200193FFE70498006884
:10062000C06903990840401AB0FA80F040099DF86B
:100630000B10884266D1FFE708980130002860D08F
:10064000FFE7F5F7BDFF0199401A0899884203D8E2
:10065000FFE7089820B9FFE703208DF8170055E061
:100660000498006800684007002849D5FFE7039810
:10067000802845D0FFE70398402841D0FFE7049841
:100680000068C06900F008010120B0EBD10F16D15D
:10069000FFE7049801680820009008620498FEF7BC
:1006A00017FB00980499C1F89000FFE70499002017
:1006B00081F88400FFE701208DF8170026E00498F8
:1006C0000068C06900F400610120B0EBD12F16D1A1
:1006D000FFE7049801684FF4006008620498FEF791
:1006E000F7FA04992020C1F89000FFE70499002050
:1006F00081F88400FFE703208DF8170006E0FFE78C
:10070000FFE78BE700208DF81700FFE79DF8170043
:1007100006B080BD0000000080B543F21C10C2F29C
:100720000000FAF715FD80BD80B586B004908DF805
:100730000F100498D0F8C80201900498D0F8D41291
:1007400000EB8100D0F8C00220B9FFE703208DF84C
:1007500017005FE00498D0F8D41200EB8100D0F8C5
:10076000C002029004989DF80F1001F00F0101EBF8
:10077000810100EB8100806940B3FFE704989DF898
:100780000F1001F00F0101EB810200EB8200826982
:10079000019801EBC10100EB8100C169B2FBF1F0EE
:1007A00000FB112090B9FFE704989DF80F1001F0AD
:1007B0000F0101EB810100EB8100002383610498AC
:1007C0009DF80F101A4601F003FE1FE00299002069
:1007D000C1F814020498D0F8D41200EB8100D0F8CC
:1007E000C402006988B1FFE70498D0F8D41200EB86
:1007F0008100D0F8C40203690299D1F8080201F51A
:1008000004719DF80F209847FFE7FFE700208DF85F
:100810001700FFE79DF8170006B080BD000000003C
:1008200080B584B002908DF807100298D0F8D412E9
:1008300000EB8100D0F8C00200900298D0F8D412EA
:1008400000EB8100D0F8C00220B9FFE703208DF84B
:100850000F0019E002989DF8071001F029FB00999C
:10086000C1F80C020298D0F8D41200EB8100D0F845
:10087000C402C2680099D1F8040201F503719047DF
:1008800000208DF80F00FFE79DF80F0004B080BD39
:1008900080B586B005908DF81310059840F20101DF
:1008A000C2F200410091097801F016F9009905980B
:1008B000097801F00F0101EB810100EB81010020BB
:1008C00003908884059840F20001C2F20001019172
:1008D000097801F001F9019A03980599127802F05C
:1008E0000F0202EB820201EB8201A1F8640105987C
:1008F00040F20001C2F200410291097801F0ECF8E7
:10090000029A03980599137803F00F0303EB83030E
:1009100001EB830188840599127802F00F0202EB43
:10092000820201EB8201C8840598D0F8D41200EB52
:100930008100D0F8C002F0B1FFE70598D0F8D412DA
:1009400000EB8100D0F8C402406880470598D0F8D9
:10095000D41200EB8100D0F8C00202F0E5F905984E
:10096000D0F8D41200EB81010020C1F8C002059933
:10097000C1F8BC02FFE7002006B080BD0000000007
:1009800080B584B002900298D0F8D41200EB8100B8
:10099000D0F8C0020190019820B9FFE703208DF83C
:1009A0000F0025E00298D0F8D41200EB8100D0F8B7
:1009B000C402C8B1FFE7019890F80002FF2813D0E5
:1009C000FFE70298D0F8D41200EB8100D0F8C402FF
:1009D0008368019991F8000291F8012298470199E2
:1009E000FF2081F80002FFE700208DF80F00FFE7ED
:1009F0009DF80F0004B080BD81B0009000990A20DE
:100A0000088040F24400C2F2000001B070470000CC
:100A100080B586B0059040F22C00C2F200400190F3
:100A2000822100F019FE014601980491012100F095
:100A300013FE014601980391812100F00DFE029002
:100A4000049820B1FFE7049910208871FFE703980C
:100A500020B1FFE7039940208880FFE7029820B18A
:100A6000FFE7029940208880FFE70599432008802E
:100A700040F22C00C2F2004006B080BD0000000031
:100A800080B586B0059040F22C00C2F20040019083
:100A9000822100F0E1FD014601980491012100F05E
:100AA000DBFD014601980391812100F0D5FD029004
:100AB000049820B1FFE7049910208871FFE703989C
:100AC00028B1FFE703994FF400708880FFE7029890
:100AD00028B1FFE702994FF400708880FFE705997D
:100AE0004320088040F22C00C2F2004006B080BDD6
:100AF00080B586B0059040F22C00C2F20040019013
:100B0000822100F0A9FD014601980491012100F025
:100B1000A3FD014601980391812100F09DFD029003
:100B2000049820B1FFE7049910208871FFE703982B
:100B300020B1FFE7039940208880FFE7029820B1A9
:100B4000FFE7029940208880FFE70599432008804D
:100B500040F22C00C2F2004006B080BD0000000050
:100B600080B590B00E908DF837104FF4077002F0FA
:100B7000DFF80C900C9860B9FFE70E98D0F8D4120B
:100B800000EB81010020C1F8C00202208DF83F0077
:100B9000F0E00C984FF40771EFF73FFD0C980E99B9
:100BA000D1F8D42201EB8201C1F8C0020E99D1F82C
:100BB000D40201EB8000D0F8C002C1F8BC020E984C
:100BC000007C002840D1FFE70E9840F20101C2F2FC
:100BD000004107910978022208924FF400730993AB
:100BE00001F05AFA0799089A099B0E98097801F0C2
:100BF0000F0101EB810100EB810101200B90888442
:100C00000E9840F20001C2F200010A91097801F049
:100C100043FA0A9A0B980E99127802F00F0202EB2F
:100C2000820201EB8201A1F864010E9840F20001FA
:100C3000C2F20041097801F00F0101EB810100EBE4
:100C400081011020C8843EE00E9840F20101C2F2FA
:100C5000004102910978022203924023049301F09B
:100C60001BFA0299039A049B0E98097801F00F0170
:100C700001EB810100EB81010120069088840E9830
:100C800040F20001C2F200010591097801F004FA76
:100C9000059A06980E99127802F00F0202EB820272
:100CA00001EB8201A1F864010E9840F20001C2F24A
:100CB0000041097801F00F0101EB810100EB810196
:100CC0001020C884FFE70E9840F20001C2F20041F4
:100CD000009109780322082301F0DEF900990E98AB
:100CE000097801F00F0101EB810100EB8101012086
:100CF00088840C9900200190C1F804020E98D0F865
:100D0000D41200EB8100D0F8C4020068804701983B
:100D10000C99C1F814020C99C1F818020C98D0F87B
:100D2000040220B9FFE702208DF83F0022E00E9870
:100D3000007C70B9FFE70E9840F20001C2F200019A
:100D400009780C9AD2F804224FF4007301F0CCF920
:100D50000CE00E9840F20001C2F2000109780C9AF2
:100D6000D2F80422402301F0BFF9FFE700208DF8FC
:100D70003F00FFE79DF83F0010B080BD000000007D
:100D800080B584B002900298D0F8D41200EB8100B4
:100D9000D0F8C00201900298D0F8D41200EB810084
:100DA000D0F8C00220B9FFE703208DF80F0022E041
:100DB0000298007C70B9FFE7029840F20001C2F28D
:100DC00000010978019AD2F804224FF4007301F06F
:100DD0008BF90CE0029840F20001C2F200010978A0
:100DE000019AD2F80422402301F07EF9FFE70020A7
:100DF0008DF80F00FFE79DF80F0004B080BD0000E4
:100E000083B001900091009820B9FFE703208DF88E
:100E10000B000BE000980199D1F8D42201EB82017C
:100E2000C1F8C40200208DF80B00FFE79DF80B000D
:100E300003B070470000000084B002900191029856
:100E4000D0F8D41200EB8100D0F8C00200900098D6
:100E500020B9FFE703208DF80F0007E00198009903
:100E6000C1F8040200208DF80F00FFE79DF80F0085
:100E700004B070470000000085B003900291019219
:100E80000398D0F8D41200EB8100D0F8C002009093
:100E9000009820B9FFE703208DF813000BE00298BB
:100EA0000099C1F8080201980099C1F810020020C9
:100EB0008DF81300FFE79DF8130005B070470000A0
:100EC00080B58AB0089007910898D0F8D41200EB4A
:100ED0008100D0F8C002069000208DF81500ADF812
:100EE00012008DF81100069820B9FFE703208DF855
:100EF0002700C7E00798007800F0600001460391E2
:100F000000285ED0FFE70398202840F0AE80FFE77E
:100F10000798C088002846D0FFE7079800780006A9
:100F2000002823D5FFE70898D0F8D41200EB810001
:100F3000D0F8C4028368079A50780699D2889847F7
:100F40000798C088082803D3FFE70720029003E032
:100F50000798C0880290FFE70298ADF8160008983D
:100F60000699BDF8162000F083F91BE00798407839
:100F7000069981F800020798C0883F2804D8FFE747
:100F80000798C088019002E040200190FFE7019897
:100F9000069981F801020898069991F8012200F05B
:100FA00037F9FFE70CE00898D0F8D41200EB810085
:100FB000D0F8C40283680799487800229847FFE771
:100FC0005BE007984078014600910B2844D80099CF
:100FD000DFE801F0064142424242424242421C32B4
:100FE000089890F89C02032807D1FFE708980DF1B4
:100FF0001201022200F03CF907E00898079900F07E
:10100000F7F803208DF81100FFE72DE0089890F81D
:101010009C02032807D1FFE708980DF11501012272
:1010200000F026F907E00898079900F0E1F803209E
:101030008DF81100FFE717E0089890F89C0203284C
:1010400008D0FFE70898079900F0D2F803208DF840
:101050001100FFE708E007E00898079900F0C8F8DA
:1010600003208DF81100FFE707E00898079900F0CA
:10107000BFF803208DF81100FFE79DF811008DF8EF
:101080002700FFE79DF827000AB080BD00000000A0
:1010900080B584B002900298D0F8D41200EB8100A1
:1010A000D0F8C002019001208DF80300019820B90A
:1010B000FFE703208DF80F002AE00198D0F8140212
:1010C00008BBFFE701990120C1F814020198D0F88C
:1010D0001002029A40F20101C2F200410B7803F0C3
:1010E0000F0303EB830302EB8302906102980978FC
:1010F000019BD3F80822D3F8103201F069F90020DF
:101100008DF80300FFE79DF803008DF80F00FFE75F
:101110009DF80F0004B080BD80B582B001908DF8BD
:10112000031000208DF802000198D0F8B8124A6828
:101130009DF80310904720B1FFE703208DF80200CF
:10114000FFE79DF8020002B080BD00000000000033
:1011500080B582B001900091019890F89C0201380E
:1011600002280ED8FFE700984088012808D1FFE741
:1011700001990020C1F8A402019800F095F8FFE75A
:1011800004E00198009900F033F8FFE702B080BD59
:1011900082B001908DF80310002002B0704700006B
:1011A00082B001908DF80310002002B0704700005B
:1011B00080B584B00390029101920398029A019B3A
:1011C0000021009100F090FF009804B080BD000065
:1011D00080B584B00390029101920398029A019B1A
:1011E0000021009101F0F4F8009804B080BD0000E7
:1011F00080B582B0019000910198802101F094F8AF
:101200000198002101F090F802B080BD00000000BC
:1012100080B584B003900291019203990320C1F834
:10122000940201980399C1F8580101980399C1F8F3
:101230005C010398029A019B0021009100F054FF89
:10124000009804B080BD000080B582B00190019983
:101250000520C1F8940201980023009319461A460C
:1012600000F042FF009802B080BD000000000000C6
:1012700080B584B003900291019203990220C1F8D5
:10128000940201980399886101980399C8610398B1
:10129000029A019B0021009101F09AF8009804B095
:1012A00080BD00000000000080B582B0019001996F
:1012B0000420C1F8940201980023009319461A46AD
:1012C00001F086F8009802B080BD00000000000028
:1012D00080B584B0039002910298C088012805D09F
:1012E000FFE703980299FFF783FF21E0039890F846
:1012F0009C12481E0191022804D3FFE7019803289D
:101300000AD00FE0039900208860039800F10801DB
:101310000122FFF7ADFF0AE00398011D0122FFF74C
:10132000A7FF04E003980299FFF762FFFFE7FFE7DA
:1013300004B080BD0000000080B588B00790069121
:101340000020ADF8160004908DF80F000698C078C4
:101350000138014602910E2800F241810299DFE82E
:1013600011F02A00340051003E013E010B0123011F
:101370003E013E013E013E013E013E013E010F00A5
:101380000798D0F8B402C06950B1FFE70798D0F8C9
:10139000B412CA69007C0DF116019047049009E06F
:1013A00007980699FFF724FF9DF80F0001308DF88C
:1013B0000F00FFE71DE10798D0F8B4120A68007C1F
:1013C0000DF116019047049013E10798007C60B975
:1013D000FFE70798D0F8B802816A0DF11600884738
:1013E00004900499022048700BE00798D0F8B802E6
:1013F000C16A0DF1160088470490049902204870D4
:10140000FFE7F6E00698807801460191052800F292
:10141000A8800199DFE801F0031E39546F8A07980C
:10142000D0F8B402406850B1FFE70798D0F8B41282
:101430004A68007C0DF116019047049009E0079876
:101440000699FFF7D5FE9DF80F0001308DF80F00CB
:10145000FFE790E00798D0F8B402806850B1FFE74A
:101460000798D0F8B4128A68007C0DF116019047F5
:10147000049009E007980699FFF7BAFE9DF80F005F
:1014800001308DF80F00FFE775E00798D0F8B4023F
:10149000C06850B1FFE70798D0F8B412CA68007C62
:1014A0000DF116019047049009E007980699FFF79F
:1014B0009FFE9DF80F0001308DF80F00FFE75AE006
:1014C0000798D0F8B402006950B1FFE70798D0F848
:1014D000B4120A69007C0DF116019047049009E0EE
:1014E00007980699FFF784FE9DF80F0001308DF8EC
:1014F0000F00FFE73FE00798D0F8B402406950B111
:10150000FFE70798D0F8B4124A69007C0DF1160184
:101510009047049009E007980699FFF769FE9DF847
:101520000F0001308DF80F00FFE724E00798D0F896
:10153000B402806950B1FFE70798D0F8B4128A6905
:10154000007C0DF116019047049009E00798069978
:10155000FFF74EFE9DF80F0001308DF80F00FFE7FA
:1015600009E007980699FFF743FE9DF80F00013048
:101570008DF80F00FFE73CE00798007C48B9FFE7D3
:101580000798D0F8B802416B0DF116008847049017
:1015900009E007980699FFF72BFE9DF80F00013030
:1015A0008DF80F00FFE724E00798007C60B9FFE7A3
:1015B0000798D0F8B802016B0DF116008847049027
:1015C00004990720487009E007980699FFF710FE74
:1015D0009DF80F0001308DF80F00FFE709E0079834
:1015E0000699FFF705FE9DF80F0001308DF80F00FA
:1015F000FFE79DF80F0008B1FFE72AE00698C088D2
:1016000018B3FFE7BDF81600C8B1FFE7BDF8160034
:101610000699C988884204DAFFE7BDF816000090F1
:1016200003E00698C0880090FFE70098ADF8160028
:1016300007980499BDF81620FFF71AFE04E00798F2
:101640000699FFF7D5FDFFE703E00798FFF72CFEAB
:10165000FFE708B080BD000080B586B005908DF82A
:1016600013100598039005980290002001900299AC
:1016700048880978884227DDFFE702980078ADF8AE
:101680000200FFE7BDF802000299498888421ADA91
:10169000FFE703980DF1020100F036F8039003987C
:1016A000407805280ED1FFE70398019001988078D3
:1016B0009DF81310884201D1FFE704E0002001905B
:1016C000FFE7FFE7DEE7FFE7019806B080BD000017
:1016D00083B0029000208DF8070002980090FFE789
:1016E0000098007848B1FFE79DF8070001308DF8B9
:1016F0000700009801300090F2E79DF8070003B062
:10170000704700000000000083B002900191029831
:101710000090009802780199088810440880029887
:101720000099097808440090009803B070470000C1
:1017300080B582B001900091019890F89C02013828
:1017400002281FD8FFE70098C088022805D0FFE7CD
:1017500001980099FFF74CFD19E001990120C8603C
:101760000198D0F8A40230B1FFE70199C86840F0B1
:101770000200C860FFE7019800F10C010222FFF7A8
:1017800077FD04E001980099FFF732FDFFE702B012
:1017900080BD00000000000080B586B00590049177
:1017A000039200208DF80B00059808B9FFE74FE081
:1017B000059801900198FFF78BFF0146022000EB8E
:1017C0004100B0F5007F04D9FFE74FF400700090AE
:1017D00008E00198FFF77CFF0146022000EB410082
:1017E0000090FFE700980399088003980078049917
:1017F0009DF80B2088549DF80B0001308DF80B00EC
:1018000004999DF80B20032088549DF80B000130AB
:101810008DF80B00FFE701980078C8B1FFE7019849
:10182000007804999DF80B208854019801300190AC
:101830009DF80B0001308DF80B0004999DF80B20EA
:10184000002088549DF80B0001308DF80B00E2E772
:1018500006B080BD0000000082B08DF807000020B7
:101860008DF806009DF8070001460091032814D862
:101870000099DFE801F002060A0E00208DF806004C
:101880000FE003208DF806000BE001208DF8060024
:1018900007E003208DF8060003E003208DF8060022
:1018A000FFE79DF8060002B070470000000000004E
:1018B00080B582B08DF8070000919DF8070060B9EF
:1018C000FFE7009A48F60C60C0F6010042F2B01142
:1018D000C2F20001FFF760FF0BE0009A48F60C60CF
:1018E000C0F6010042F2B011C2F20001FFF754FF4E
:1018F000FFE742F2B010C2F2000002B080BD00006B
:1019000082B08DF80700009100991220088040F203
:101910007000C2F2004002B07047000000000000FA
:1019200080B582B08DF8070000919DF8070060B97E
:10193000FFE7009A48F6FE50C0F6010042F2B011EF
:10194000C2F20001FFF728FF0BE0009A48F6FE50B4
:10195000C0F6010042F2B011C2F20001FFF71CFF15
:10196000FFE742F2B010C2F2000002B080BD0000FA
:1019700082B08DF80700009100990420088040F2A1
:101980009800C2F2004002B0704700000000000062
:1019900080B584B08DF80F000291029A48F6176066
:1019A000C0F6010042F2B011C2F200010191FFF74E
:1019B000F3FE019804B080BD80B582B08DF80700B9
:1019C00000919DF8070060B9FFE7009A48F62A6089
:1019D000C0F6010042F2B011C2F20001FFF7DCFED6
:1019E0000BE0009A48F62A60C0F6010042F2B011FE
:1019F000C2F20001FFF7D0FEFFE742F2B010C2F2E0
:101A0000000002B080BD000080B582B08DF80700F4
:101A1000009100991A200880F1F742FE40F2500030
:101A2000C2F2000002B080BD80B584B00290019186
:101A30008DF80320029820B9FFE703208DF80F00EE
:101A400023E002990020C1F8B8020299C1F8C4024B
:101A50000299C1F8D002019828B1FFE701980299D4
:101A6000C1F8B402FFE70299012081F89C029DF8B9
:101A7000030002990870029800F02AFA8DF802001B
:101A80009DF802008DF80F00FFE79DF80F0004B0ED
:101A900080BD00000000000080B582B001908DF88C
:101AA000031000208DF802008DF801000198D0F895
:101AB000C8029DF80310F5F74BF88DF802009DF869
:101AC0000200FFF7C9FE8DF801009DF8010002B089
:101AD00080BD00000000000080B582B001908DF84C
:101AE000031000208DF802008DF801000198D0F855
:101AF000C8029DF80310F4F7D7FF8DF802009DF897
:101B00000200FFF7A9FE8DF801009DF8010002B068
:101B100080BD00000000000080B588B006908DF800
:101B2000171004929DF81700002874D1FFE706985B
:101B3000143003900698D0F8940202285DD1FFE794
:101B400003998868C968884212D9FFE703998868B1
:101B5000CA68801A886006980499039A9268FFF709
:101B600037FB0698002319461A4600F0BDFA43E0F9
:101B700003988168C06888421ED1FFE703994868CE
:101B8000C968884218D3FFE7039840680699D1F8DE
:101B90009812884210D2FFE706980022019211465F
:101BA000FFF716FB019B0698C0F898320698194675
:101BB0001A4600F099FA1EE0069890F89C02032855
:101BC00011D1FFE70698D0F8B802C06850B1FFE71E
:101BD00006990020C1F8D4020698D0F8B812C96856
:101BE0008847FFE7FFE70698802100F09DFB0698F5
:101BF000FFF72AFBFFE7FFE7FFE7069890F8A00250
:101C000040B1FFE7069800F077FC0699002081F8C4
:101C1000A002FFE740E006989DF8171041F0800110
:101C2000FFF7B6FA8DF80A009DF80A00FF2832D0B7
:101C3000FFE79DF80A0070BBFFE7069890F89C024A
:101C4000032827D1FFE706989DF80A1000EB8100D2
:101C5000D0F8B8024069E0B1FFE79DF80A000699A4
:101C6000C1F8D40206989DF80A1000EB8101D1F862
:101C7000B8124A699DF8171090478DF80B009DF82F
:101C80000B0028B1FFE79DF80B008DF81F0007E05F
:101C9000FFE7FFE7FFE7FFE700208DF81F00FFE702
:101CA0009DF81F0008B080BD80B58AB008908DF8FF
:101CB0001F10069200208DF813009DF81F000028C9
:101CC00040F08280FFE7089800F5AA700590089818
:101CD000D0F89402032876D1FFE705998868C9688F
:101CE00088421DD9FFE705998868CA68801A88600C
:101CF000089802900698039005998868C9688842F8
:101D000004D2FFE705988068019003E00598C06859
:101D10000190FFE703990298019AFFF749FA51E011
:101D2000089890F8AA0200F01F000146009140B107
:101D3000FFE70098012808D0FFE7009802280CD0A0
:101D400013E000208DF8120013E0089890F8AE120E
:101D5000FFF726FA8DF812000BE0089890F8AE1203
:101D6000FFF716FA8DF8120003E000208DF812003C
:101D7000FFE79DF8120008BBFFE7089890F89C0267
:101D800003281AD1FFE708989DF8121000EB810094
:101D9000D0F8B802006978B1FFE79DF81200089901
:101DA000C1F8D40208989DF8121000EB8101D1F817
:101DB000B81209698847FFE7FFE7FFE70898FFF7D0
:101DC00073FAFFE7FFE740E008989DF81F1001F065
:101DD0007F01FFF7DDF98DF812009DF81200FF2852
:101DE00032D0FFE79DF8120070BBFFE7089890F82B
:101DF0009C0203281ED1FFE708989DF8121000EB03
:101E00008100D0F8B802806998B1FFE79DF8120010
:101E10000899C1F8D40208989DF8121000EB8101CE
:101E2000D1F8B8128A699DF81F1090478DF81300F9
:101E3000FFE7FFE79DF8130028B1FFE79DF81300C7
:101E40008DF8270005E0FFE7FFE700208DF8270069
:101E5000FFE79DF827000AB080BD000000000000E9
:101E600081B00090002001B0704700000000000029
:101E700080B582B0019000208DF803000199012007
:101E800081F89C020198D0F8B80268B1FFE7019888
:101E9000D0F8B8124A680179904720B1FFE70320D3
:101EA0008DF80300FFE7FFE79DF8030002B080BD57
:101EB00080B582B001908DF803100198D0F8C80267
:101EC0009DF80310F4F7A8FE02B080BD00000000EA
:101ED00080B584B0039003980078012838D1FFE7DB
:101EE000039944F6FC40C2F200400290C0F8E014AE
:101EF0000399C1F8C8020021C4F20401016009215C
:101F000001710222C2710021817142728172C1721B
:101F100001738173C1730174F5F752FC18B1FFE7C7
:101F2000F1F796F8FFE744F6FC40C2F2004001905A
:101F30004FF40071F4F7ECFC019800218022F4F7D3
:101F4000F3FC019801214FF4BA72F4F7EDFCFFE7BE
:101F5000002004B080BD000084B002908DF807100E
:101F60000298D0F8C80200909DF8070000060028EB
:101F70000DD5FFE700989DF8071001F07F0101EBF8
:101F8000C10100EB8100807D8DF80F000DE000980D
:101F90009DF8071001F07F0101EBC10100EB81000A
:101FA00090F856028DF80F00FFE79DF80F0004B07F
:101FB000704700000000000080B584B002908DF8EA
:101FC00007100298D0F8D41200EB8100D0F8B802C4
:101FD00020B9FFE703208DF80F0020E0029890F869
:101FE0009C02032817D1FFE70298D0F8D41200EB27
:101FF0008100D0F8B802006A60B1FFE70298D0F81B
:10200000D41200EB8101D1F8B8120A6A9DF80710CA
:102010009047FFE7FFE700208DF80F00FFE79DF8EE
:102020000F0004B080BD000080B584B002908DF830
:1020300007100298D0F8D41200EB8100D0F8B80253
:1020400020B9FFE703208DF80F0020E0029890F8F8
:102050009C02032817D1FFE70298D0F8D41200EBB6
:102060008100D0F8B802406A60B1FFE70298D0F86A
:10207000D41200EB8101D1F8B8124A6A9DF807101A
:102080009047FFE7FFE700208DF80F00FFE79DF87E
:102090000F0004B080BD000080B584B003908DF8BF
:1020A0000B108DF80A20ADF8083000208DF80700DD
:1020B0008DF806000398D0F8C8029DF80B10BDF803
:1020C00008209DF80A30F4F7BBFD8DF807009DF855
:1020D0000700FFF7C1FB8DF806009DF8060004B06D
:1020E00080BD00000000000080B586B005908DF82E
:1020F00013100392029300208DF807008DF806005C
:102100000598D0F8C8029DF81310039A029BF4F7C3
:102110000FFE8DF807009DF80700FFF79DFB8DF877
:1021200006009DF8060006B080BD0000000000001B
:1021300080B586B0059000208DF81300059A012126
:1021400082F89C120599C1F8940205994860059996
:10215000C1F8A402059981F8A0020598D0F8B80248
:10216000A0B1FFE70598D0F8B802406868B1FFE772
:102170000598D0F8B8124A680179904720B1FFE776
:1021800003208DF81300FFE7FFE7FFE70598002223
:102190000192402303931146FFF77EFF019A039BB0
:1021A000059901200290A1F864010598C0F86031FA
:1021B00005988021FFF770FF02990398059A918492
:1021C000059908629DF8130006B080BD000000006C
:1021D00081B00090009890F89C02042807D1FFE796
:1021E000009890F89D02009981F89C02FFE700207A
:1021F00001B070470000000080B582B001900198E6
:1022000090F89C02032813D1FFE70198D0F8B80298
:1022100068B1FFE70198D0F8B802C06930B1FFE7B4
:102220000198D0F8B812C9698847FFE7FFE7FFE7D0
:10223000002002B080BD000082B001908DF8031034
:102240009DF8030001990874002002B07047000057
:1022500080B582B001908DF8031000208DF8020047
:102260008DF801000198D0F8C8029DF80310F5F729
:1022700057FC8DF802009DF80200FFF7EDFA8DF88B
:1022800001009DF8010002B080BD000000000000C8
:1022900080B584B003900291039800F2AA200299BD
:1022A00000F0BAF803990120C1F894020399B1F83B
:1022B000B002C1F89802039890F8AA0200F01F003B
:1022C0000146009140B1FFE7009801280CD0FFE7DC
:1022D0000098022810D017E0039800F2AA2100F01D
:1022E00067FA8DF8070019E0039800F2AA2100F0C0
:1022F0009FFC8DF8070011E0039800F2AA2100F07E
:10230000BFFA8DF8070009E0039890F8AA1201F0CF
:10231000800100F009F88DF80700FFE79DF807003D
:1023200004B080BD0000000080B582B001908DF83F
:10233000031000208DF802008DF801000198D0F8FC
:10234000C8029DF80310F4F72BFD8DF802009DF8EC
:102350000200FFF781FA8DF801009DF8010002B03C
:1023600080BD00000000000080B582B00190002018
:102370008DF803008DF802000198D0F8C802F5F737
:102380000BFC8DF803009DF80300FFF765FA8DF84C
:1023900002009DF8020002B080BD000000000000B5
:1023A00081B00090009890F89C02042807D0FFE7C5
:1023B000009890F89C02009981F89D02FFE700992F
:1023C000042081F89C02002001B07047000000004A
:1023D00080B586B005908DF813100392029300200B
:1023E0008DF807008DF806000598D0F8C8029DF812
:1023F0001310039A029BF4F743FD8DF807009DF834
:102400000700FFF729FA8DF806009DF8060006B0D0
:1024100080BD00000000000080B584B003900291F0
:102420000298019001980078039908700198013092
:10243000019001980078039948700198013001904B
:102440000198FBF751FE03994880019801300190F3
:102450000198013001900198FBF746FE03998880AE
:102460000198013001900198013001900198FBF72B
:102470003BFE0399C88004B080BD0000000000004E
:1024800080B584B0029001910020ADF8020001985F
:1024900020B9FFE703208DF80F0026E0019802998C
:1024A000C1F8B8020298D0F8D41200EB8100D0F83D
:1024B000B802C06A78B1FFE70298D0F8D41200EBF6
:1024C0008100D0F8B802C16A0DF102008847029974
:1024D000C1F8D002FFE70299D1F8D8020130C1F863
:1024E000D80200208DF80F00FFE79DF80F0004B020
:1024F00080BD00000000000081B00090002001B00D
:10250000704700000000000080B584B00390029185
:1025100002988088B8BBFFE70298C08898BBFFE7A5
:10252000029840887F282ED8FFE70298807800F034
:102530007F008DF80700039890F89C02032805D1CE
:10254000FFE703980299FEF753FE1BE09DF8070092
:10255000039981F89E0203989DF80710FFF778FE13
:102560000398FEF7A1FE9DF8070028B1FFE7039945
:10257000022081F89C0204E00399012081F89C026A
:10258000FFE7FFE704E003980299FEF731FEFFE75B
:1025900004B080BD0000000080B582B001908DF8CD
:1025A000031000208DF802000198D0F8B80250B155
:1025B000FFE70198D0F8B8120A689DF80310904719
:1025C0008DF80200FFE79DF8020002B080BD000018
:1025D00080B586B00490039100208DF80B0003981D
:1025E000817842F2AC10C2F200000170007802283B
:1025F00008D3FFE704980399FEF7FAFD03208DF84E
:102600001700A0E0049890F89C020146019102286E
:1026100004D0FFE7019803282FD07FE042F2AC10EE
:10262000C2F20000007818B3FFE742F2AC11C2F228
:1026300000010878049A506004980978FFF7ACFF0D
:102640008DF80B009DF80B0048B1FFE70498039943
:10265000FEF7CEFD0499022081F89C0207E0049861
:10266000FEF722FE0499032081F89C02FFE703E0B5
:102670000498FEF719FEFFE760E042F2AC10C2F2E8
:102680000000007898B9FFE70499022081F89C02C5
:1026900042F2AC11C2F200010878049A506004982A
:1026A0000978FEF739FD0498FEF7FEFD35E042F2A9
:1026B000AC10C2F20000007804994968884227D023
:1026C000FFE704980179FEF727FD42F2AC11C2F250
:1026D00000010878049A506004980978FFF75CFFBD
:1026E0008DF80B009DF80B0068B1FFE70498039983
:1026F000FEF77EFD04980179FEF70EFD0499022095
:1027000081F89C0203E00498FEF7CEFDFFE703E0AA
:102710000498FEF7C9FDFFE7FFE70FE0049803996F
:10272000FEF766FD049842F2AC11C2F2000109788E
:10273000FEF7F2FC03208DF80B00FFE79DF80B007D
:102740008DF81700FFE79DF8170006B080BD000068
:1027500080B582B00190009100984088012808D18E
:10276000FFE701990120C1F8A4020198FEF79CFD42
:1027700013E000984088022809D1FFE700984079CB
:10278000019981F8A0020198FEF78EFD04E00198FE
:102790000099FEF72DFDFFE7FFE702B080BD0000C6
:1027A00080B582B001900198FFF7DEFD02B080BDD8
:1027B00080B586B00590049100208DF80F00049834
:1027C000007800F0600001460291A8B1FFE702988E
:1027D000202804D0FFE70298402846D1FFE705985B
:1027E000D0F8D41200EB8101D1F8B8128A680499AC
:1027F00090478DF80F003DE0049840780146019124
:1028000009282CD80199DFE801F01B252A202A0A83
:10281000052A160F05980499FEF78EFD24E0059809
:102820000499FFF771FE1FE005980499FFF7D0FEA9
:102830008DF80F0018E005980499FEF749FD13E0A4
:1028400005980499FEF774FF0EE005980499FFF7C8
:102850007FFF09E005980499FEF77AFC04E00598EB
:102860000499FEF7C5FCFFE704E005980499FEF71C
:10287000BFFCFFE79DF80F0006B080BD0000000020
:1028800080B58CB00B900A9100208DF821000A9839
:1028900080888DF823000A98007800F060000146D7
:1028A0000791B8B3FFE70798202805D0FFE70798FE
:1028B000402840F0B281FFE70B989DF82310FEF707
:1028C00067FC8DF822009DF82200FF2821D0FFE749
:1028D0009DF82200E8B9FFE79DF822000B99C1F8A6
:1028E000D4020B989DF8221000EB8100D0F8B802BA
:1028F000806868B1FFE70B989DF8221000EB81011A
:10290000D1F8B8128A680A9990478DF82100FFE73C
:10291000FFE787E10A98407801460691002800F019
:10292000BD80FFE7069801284CD0FFE706980328F2
:1029300040F06D81FFE70B9890F89C0201460591ED
:10294000022804D0FFE70598032819D034E09DF849
:10295000230078B1FFE79DF8230080280AD0FFE725
:102960000B989DF82310FFF7DFFC0B988021FFF7F1
:10297000DBFC04E00B980A99FEF73AFCFFE720E045
:102980000A984088A0B9FFE79DF8230078B1FFE7D7
:102990009DF8230080280AD0FFE70A98C08830B944
:1029A000FFE70B989DF82310FFF7BEFCFFE7FFE75A
:1029B0000B98FEF779FC04E00B980A99FEF718FCD7
:1029C000FFE729E10B9890F89C0201460491022848
:1029D00004D0FFE70498032819D059E09DF823009C
:1029E00078B1FFE79DF8230080280AD0FFE70B9815
:1029F0009DF82310FFF798FC0B988021FFF794FCBB
:102A000004E00B980A99FEF7F3FBFFE745E00A980C
:102A10004088E0BBFFE79DF82300400630B1FFE7A8
:102A20000B989DF82310FFF737F8FFE70B98FEF798
:102A30003BFC0B989DF82310FEF7AAFB8DF82200B3
:102A40009DF82200FF2821D0FFE79DF82200E8B979
:102A5000FFE79DF822000B99C1F8D4020B989DF86E
:102A6000221000EB8100D0F8B802806868B1FFE75F
:102A70000B989DF8221000EB8101D1F8B8128A68FA
:102A80000A9990478DF82100FFE7FFE7FFE704E090
:102A90000B980A99FEF7ACFBFFE7BDE00B9890F8A6
:102AA0009C0201460391022804D0FFE70398032803
:102AB00038D0A6E09DF8230050B1FFE79DF8230031
:102AC000802805D0FFE70B980A99FEF791FB9DE05F
:102AD0009DF82300000600280CD5FFE70B989DF811
:102AE000231001F07F0101EB810100EB8100143024
:102AF00002900CE00B989DF8231001F07F0101EB90
:102B0000810100EB810000F5AA700290FFE70298B6
:102B100009900999002008600B9809990222FEF794
:102B2000A7FB73E09DF823000006002812D5FFE7FD
:102B30000B989DF8231001F00F0101EB810100EBD0
:102B40008100808C28B9FFE70B980A99FEF750FBAB
:102B50005CE012E00B989DF8231001F00F0101EBEF
:102B6000810100EB8100B0F8640128B9FFE70B9800
:102B70000A99FEF73DFB49E0FFE79DF823000006B8
:102B800000280CD5FFE70B989DF8231001F07F017A
:102B900001EB810100EB8100143001900CE00B98F7
:102BA0009DF8231001F07F0101EB810100EB810012
:102BB00000F5AA700190FFE7019809909DF82300A5
:102BC00028B1FFE79DF82300802804D1FFE7099989
:102BD000002008600FE00B989DF82310FFF7BCF968
:102BE00020B1FFE709990120086003E0099900205E
:102BF0000860FFE7FFE70B9809990222FEF738FB10
:102C000004E00B980A99FEF7F3FAFFE704E00B984B
:102C10000A99FEF7EDFAFFE704E00B980A99FEF730
:102C2000E7FAFFE79DF821000CB080BD000000002E
:102C300080B584B00390029100208DF807000298BF
:102C4000007800F060000146009140B1FFE7009875
:102C5000202804D0FFE7009840285AD1FFE70398C6
:102C600090F89C02013802284DD8FFE702980079BD
:102C7000012842D8FFE7039802990979FEF790FAF4
:102C80008DF806009DF80600FF2825D0FFE79DF887
:102C9000060008BBFFE703989DF8061000EB8100D3
:102CA000D0F8B802806890B1FFE79DF8060003995C
:102CB000C1F8D40203989DF8061000EB8101D1F809
:102CC000B8128A68029990478DF8070003E0032044
:102CD0008DF80700FFE703E003208DF80700FFE70A
:102CE0000298C08840B9FFE79DF8070020B9FFE7C8
:102CF0000398FEF7D9FAFFE704E003980299FEF77C
:102D000077FAFFE704E003980299FEF771FAFFE70C
:102D100004E003980299FEF76BFAFFE79DF80700BD
:102D200004B080BD0000000081B0009001B0704789
:102D300081B0009044F29C10C2F2004001B0704794
:102D400080B582B001908DF8031040F25111C2F2AB
:102D500000010020087040F2E501C2F20041087055
:102D600040F24811C2F20001087001989DF803106A
:102D700001F086FA01989DF8031001F039F90198E5
:102D80009DF8031000F060F802B080BD0000000064
:102D900080B582B001908DF8031040F25111C2F25B
:102DA00000010120087040F2E501C2F20041087004
:102DB00040F24811C2F20001087001989DF803101A
:102DC00001F06AFA01989DF8031001F049F90198A1
:102DD0009DF8031000F044F802B080BD0000000030
:102DE00082B001908DF8031002B07047000000001F
:102DF00082B001908DF8031042F2B031C2F20001AE
:102E00000120087044F29811C2F2004100200870BD
:102E100002B070470000000080B582B001908DF8CC
:102E2000031001989DF8031001F052FB01989DF8E2
:102E3000031001F0F1F901989DF8031000F0ACF8CF
:102E400002B080BD0000000082B001908DF8031038
:102E500040F24811C2F200010020087002B0704731
:102E600082B001908DF8031040F24811C2F20001C7
:102E70000120087002B0704782B001908DF80310F5
:102E800002B070470000000080B58CB007AA059220
:102E90000B908DF82B100B989DF82B106B46002291
:102EA0005A6007AA1A6009AA08AB00F075FA68B957
:102EB000FFE703208DF81A0000208DF81B009020FA
:102EC0000DF11A010222FBF767F95BE0059890ED1E
:102ED000020ADFED2D0ACDED030A9FED2C1A8DEDD0
:102EE000041AFBF7C1F8DDED030A9DED041A0598FD
:102EF00080ED020A90ED010AFBF7B6F89DED041A89
:102F0000059880ED010A90ED000ADFED210AFBF73C
:102F1000ABF8059880ED000A099840F24011C2F222
:102F200000010860089840F2E001C2F20041086028
:102F3000079840F24411C2F20001086042F2B0303A
:102F4000C2F20000007801281CD1FFE740F24810CF
:102F5000C2F20000007801280AD1FFE7059890ED41
:102F6000020AD0ED010A90ED001AEEF781FC08E0AC
:102F700042F6D431C2F20001002008604860886047
:102F8000FFE7FFE70CB080BD0000FAC30000FA4382
:102F9000000048420000000082B001908DF803104C
:102FA00042F6D431C2F20001002008604860886017
:102FB00002B070470000000084B0039002910398B3
:102FC000019002980078009002984078012830D152
:102FD000FFE70298007800F00F01012000FA01F2EB
:102FE0000199D1F81C081043C1F81C0801980099F8
:102FF00000EB4110D0F800090004002818D4FFE7C6
:10300000029988686FF3DF20097940EA8140009ACD
:1030100040EA8250019901EB4211D1F80029104396
:1030200048F20002C1F200021043C1F80009FFE7B4
:103030002EE00298007800F00F01012000FA01F262
:103040000199D1F81C0840EA0240C1F81C08019817
:10305000009900EB4110D0F8000B0004002816D4B2
:10306000FFE7029988686FF3DF20097940EA814021
:103070000199009A01EB4211D1F8002B104348F25C
:103080000002C1F200021043C1F8000BFFE7FFE7A6
:10309000002004B07047000082B0019001980090B9
:1030A0000099D1F8000940F2FF729043C1F800097D
:1030B0000099D1F8040840F48070C1F80408002099
:1030C00002B070470000000082B0019001980078C3
:1030D0008DF80000019840788DF801000198807803
:1030E0008DF802000198C0788DF803009DED000A6C
:1030F00002B070470000000080B58AB0DDF830C033
:10310000CDF814C00493039202919DF814108DF829
:1031100024100299039A049B089307920691019048
:103120009DF81D00012823D1FFE70199886B20F449
:10313000803088630199C8684FF6BF72CFF6BD72C0
:103140001040C8600199C86820F44010C8609DF81C
:103150002400012806D1FFE70199C86840F48010D7
:10316000C860FFE7019800F03FF88DF803001AE00F
:103170000199C86840F04000C860019800F034F838
:103180008DF803009DF8210030B9FFE70199886BA5
:1031900040F48030886305E00199886B20F480302A
:1031A0008863FFE7FFE79DF81A00012816D1FFE7C3
:1031B0000199C86D80B2C8650199C86D0022C0F23E
:1031C000EE321043C8650199886840F006008860B7
:1031D0000199886840F020008860FFE79DF80300AF
:1031E0000AB080BD0000000083B001900020009074
:1031F000FFE70098013000900098B0F1706F04D99B
:10320000FFE703208DF80B0025E0FFE70198006938
:10321000C00F0028EDD0FFE7002000900199086959
:1032200040F001000861FFE700980130009000982D
:10323000B0F1706F04D9FFE703208DF80B000AE0AE
:10324000FFE701980069C0070028EDD1FFE70020E3
:103250008DF80B00FFE79DF80B0003B070470000EE
:1032600084B0039002910398019002980078009036
:1032700002984078012845D1FFE70198009900EBBA
:103280004110D0F80009C00FA8B1FFE701980099DC
:1032900000EB4111D1F8000940F00060C1F80009CD
:1032A0000198009900EB4111D1F8000940F08040ED
:1032B000C1F80009FFE70298007800F00F01012033
:1032C00000FA01F3019AD2F83C189943C2F83C186D
:1032D0000299097801F00F0100FA01F20199D1F881
:1032E0001C089043C1F81C080198009900EB41119B
:1032F000D1F8000947F60002CEF633421040C1F87B
:10330000000946E00198009900EB4110D0F8000B4D
:10331000C00FA8B1FFE70198009900EB4111D1F867
:10332000000B40F00060C1F8000B0198009900EB21
:103330004111D1F8000B40F08040C1F8000BFFE7CD
:103340000298007800F00F01012000FA01F3019AC1
:10335000D2F83C1821EA0341C2F83C1802990978D6
:1033600001F00F0100FA01F20199D1F81C0820EADE
:103370000240C1F81C080198009900EB4111D1F8F6
:10338000000B47F60002CEF6F3721040C1F8000BB6
:10339000FFE7002004B0704780B586B0DDF824C098
:1033A000DDF820C004908DF80F100292019304986C
:1033B00048B1FFE7029830B1FFE7019818B1FFE785
:1033C000089820B9FFE700208DF817004FE09DF81E
:1033D0000F00102822D1FFE70998F8B1FFE7049801
:1033E000FFF772FE029880ED000A04980430FFF7A0
:1033F0006BFE019880ED000A04980830FFF764FE28
:10340000089880ED000A04980C30FFF75DFE0998DB
:1034100080ED000A01208DF8170028E09DF80F00CC
:103420000C281FD1FFE70498FFF74EFE029880EDAD
:10343000000A04980430FFF747FE019880ED000A67
:1034400004980830FFF740FE089880ED000A0998BC
:1034500020B1FFE7099900200860FFE701208DF8FF
:10346000170004E0FFE700208DF81700FFE79DF844
:10347000170006B080BD000082B001900198009056
:103480000099D1F8000E20F00300C1F8000E009959
:10349000D1F8040820F00200C1F80408002002B0AE
:1034A000704700000000000082B001900198009079
:1034B0000099D1F8000E20F00300C1F8000E009929
:1034C000D1F8040840F00200C1F80408002002B05E
:1034D000704700000000000080B58CB0DDF838C0F7
:1034E000CDF81CC00693059204919DF81C108DF830
:1034F0002C100499059A069B0A930992089103904F
:1035000000208DF80B00039901910090FFE70098CF
:103510000E280CD8FFE70398009900EB81010020EA
:10352000C1F80401FFE7009801300090EFE79DF833
:103530002A00B8B9FFE70199D1F8040840F0020069
:10354000C1F804080399886B20F40010886303997C
:10355000086840F0400008600399086840F0800067
:10356000086005E00399886B40F400108863FFE76A
:1035700001990020C1F8000E9DF8250001280FD107
:10358000FFE79DF8230028B9FFE70398002101F029
:1035900097F904E00398012101F092F9FFE704E0B4
:1035A0000398032101F08CF9FFE70398102100F044
:1035B000AFFC20B1FFE701208DF80B00FFE7039877
:1035C00000F06AFC20B1FFE701208DF80B00FFE757
:1035D00001990020C1F810080199C1F81408019957
:1035E000C1F81C080090FFE700989DF82010884261
:1035F0003BD2FFE70198009900EB4110D0F8000999
:10360000C00FB0B1FFE7009848B9FFE701980099F3
:1036100000EB41114FF00060C1F8000908E001988B
:10362000009900EB41114FF09040C1F80009FFE70D
:1036300007E00198009900EB41110020C1F8000952
:10364000FFE70198009900EB41110020C1F8100933
:103650000198009900EB41114FF67F30C1F808093D
:10366000FFE7009801300090BEE700200090FFE7E0
:1036700000989DF8201088423BD2FFE701980099FE
:1036800000EB4110D0F8000BC00FB0B1FFE700987D
:1036900048B9FFE70198009900EB41114FF0006035
:1036A000C1F8000B08E00198009900EB41114FF0C0
:1036B0009040C1F8000BFFE707E00198009900EB8C
:1036C00041110020C1F8000BFFE70198009900EBC1
:1036D00041110020C1F8100B0198009900EB411135
:1036E0004FF67F30C1F8080BFFE7009801300090DB
:1036F000BEE70199D1F8100820F48070C1F81008D5
:1037000003990020886103996FF0804048619DF81B
:10371000220030B9FFE70399886940F01000886102
:10372000FFE70399886943F60002C8F23C021043A0
:1037300088619DF8260030B1FFE70399886940F061
:1037400008008861FFE79DF82A00012808D1FFE7FB
:10375000039988690422C4F2000210438861FFE7DC
:103760009DF80B000CB080BD81B000900099886876
:1037700020F001008860002001B0704700000000C8
:1037800086B004908DF80F1002920498019004986E
:10379000006C0090009843F20B01C4F6547188420B
:1037A0000BD3FFE70198D0F8000BC00F20B1FFE763
:1037B00000208DF817002EE0FFE701990020C1F8E6
:1037C000100B0199D1F8100B40F40020C1F8100B38
:1037D0000199D1F8100B40F01800C1F8100B0199B5
:1037E000D1F8100B40F0C040C1F8100B9DF80F004D
:1037F00001280CD1FFE702980199C1F8140B019937
:10380000D1F8000B40F08020C1F8000BFFE700204A
:103810008DF81700FFE79DF8170006B0704700000D
:1038200084B0039002910398019002980078009070
:1038300002984078012820D1FFE70198009900EB19
:103840004111D1F8000920F40010C1F800090298D4
:103850000079032805D0FFE70298007902280BD1F0
:10386000FFE70198009900EB4111D1F8000940F001
:103870008050C1F80009FFE71FE00198009900EBB4
:103880004111D1F8000B20F40010C1F8000B029890
:103890000079032805D0FFE70298007902280BD1B0
:1038A000FFE70198009900EB4111D1F8000B40F0BF
:1038B0008050C1F8000BFFE7FFE7002004B070471D
:1038C00084B00390029103980190029800780090D0
:1038D00002984078012822D1FFE70198009900EB77
:1038E0004110D0F80009C00F70B9FFE7009858B137
:1038F000FFE70198009900EB4111D1F8000920F091
:103900008040C1F80009FFE70198009900EB4111E0
:10391000D1F8000940F40010C1F8000921E0019835
:10392000009900EB4110D0F8000BC00F70B9FFE711
:10393000009858B1FFE70198009900EB4111D1F8C8
:10394000000B20F08040C1F8000BFFE701980099C0
:1039500000EB4111D1F8000B40F40010C1F8000B4E
:10396000FFE7002004B0704780B588B0079006914B
:103970008DF8172007980490069800780390069811
:103980004078012840F02481FFE706980069F8B9E3
:10399000FFE70498039900EB4111D1F810096FF388
:1039A000DC40C1F810090498039900EB4111D1F8EB
:1039B000100940F40020C1F810090498039900EBA5
:1039C0004111D1F810096FF31200C1F8100971E02C
:1039D0000498039900EB4111D1F810096FF312001C
:1039E000C1F810090498039900EB4111D1F81009AE
:1039F0006FF3DC40C1F810090398A8B9FFE70698F7
:103A000081680069884204D9FFE7069988680861DF
:103A1000FFE70498039900EB4111D1F8100940F435
:103A20000020C1F8100937E0069881680069084451
:103A30000138B0FBF1F0ADF80A00BDF80A10002023
:103A4000C1F6F87000EAC1420498039900EB4111F5
:103A5000D1F810091043C1F810090698007901281F
:103A600019D1FFE70498039900EB4111D1F810092F
:103A700020F0C040C1F81009BDF80A0000F00302B0
:103A80000498039900EB4111D1F8100940EA427003
:103A9000C1F81009FFE7FFE7069802696FF3DF42FC
:103AA0000498039900EB4111D1F810091043C1F8B3
:103AB0001009FFE79DF8170001283BD1FFE70698A2
:103AC000C06948B1FFE70698C0690499039A01EB01
:103AD0004211C1F81409FFE70698007901281ED1A8
:103AE000FFE70498D0F80808C00500280BD4FFE7CA
:103AF0000498039900EB4111D1F8000940F00050FF
:103B0000C1F800090AE00498039900EB4111D1F8CB
:103B1000000940F08050C1F80009FFE7FFE7049872
:103B2000039900EB4111D1F8000940F00440C1F8BD
:103B300000094CE00498039900EB4111D1F8000909
:103B400040F00440C1F8000906980079012813D01C
:103B5000FFE70698006970B1FFE70698007800F06B
:103B60000F01012000FA01F20499D1F83408104342
:103B7000C1F83408FFE729E00498D0F80808C00528
:103B800000280BD4FFE70498039900EB4111D1F80A
:103B9000000940F00050C1F800090AE004980399B8
:103BA00000EB4111D1F8000940F08050C1F8000944
:103BB000FFE70798069BD9681A781B8A9DF817C0FB
:103BC000EE46CEF800C000F06FFFFFE7FFE7C4E06D
:103BD0000498039900EB4111D1F8100B6FF3120018
:103BE000C1F8100B0498039900EB4111D1F8100BA8
:103BF0006FF3DC40C1F8100B039818BBFFE7069881
:103C0000006920B1FFE7069988680861FFE7069917
:103C1000886808620698026A6FF3DF420498039985
:103C200000EB4111D1F8100B1043C1F8100B0498B0
:103C3000039900EB4111D1F8100B40F40020C1F8BA
:103C4000100B49E006980069C0B9FFE70698826842
:103C50006FF3DF420498039900EB4111D1F8100B88
:103C60001043C1F8100B0498039900EB4111D1F8EF
:103C7000100B40F40020C1F8100B2CE0069881686E
:103C8000006908440138B0FBF1F0ADF80A0006996C
:103C90008868BDF80A2050430862BDF80A10002069
:103CA000C1F6F87000EAC1420498039900EB411193
:103CB000D1F8100B1043C1F8100B0698026A6FF38D
:103CC000DF420498039900EB4111D1F8100B104327
:103CD000C1F8100BFFE7FFE79DF8170001280ED190
:103CE000FFE70698C06848B1FFE70698C0680499E6
:103CF000039A01EB4211C1F8140BFFE7FFE70698A6
:103D0000007901281ED1FFE70498D0F80808C00503
:103D100000280BD4FFE70498039900EB4111D1F878
:103D2000000B40F00050C1F8000B0AE00498039922
:103D300000EB4111D1F8000B40F08050C1F8000BAE
:103D4000FFE7FFE70498039900EB4111D1F8000B5E
:103D500040F00440C1F8000BFFE7002008B080BD30
:103D600085B004900391002002908DF8070004981C
:103D700000900398407801283ED1FFE7009803990E
:103D8000097800EB4110D0F80009C00F98B3FFE7A5
:103D900000980399097800EB4111D1F8000940F02F
:103DA0000060C1F8000900980399097800EB4111FF
:103DB000D1F8000940F08040C1F80009FFE70298FF
:103DC00001300290029842F21171884204D3FFE759
:103DD00001208DF807000DE0FFE7009803990978AE
:103DE00000EB4110D0F8000900F00040B0F1004FA6
:103DF000E5D0FFE7FFE73DE000980399097800EB85
:103E00004110D0F8000BC00F98B3FFE7009803995A
:103E1000097800EB4111D1F8000B40F00060C1F8C7
:103E2000000B00980399097800EB4111D1F8000BC1
:103E300040F08040C1F8000BFFE70298013002908B
:103E4000029842F21171884204D3FFE701208DF8F5
:103E500007000DE0FFE700980399097800EB411097
:103E6000D0F8000B00F00040B0F1004FE5D0FFE7C4
:103E7000FFE7FFE79DF8070005B07047000000006E
:103E800081B000900099886840F0010088600020AF
:103E900001B070470000000083B001900020009046
:103EA000FFE70098013000900098B0F1706F04D9DE
:103EB000FFE703208DF80B0024E0FFE7019800697D
:103EC000C00F0028EDD0FFE70020009001991020DE
:103ED0000861FFE70098013000900098B0F1706F22
:103EE00004D9FFE703208DF80B000BE0FFE70198F2
:103EF000006900F010001028ECD0FFE700208DF8DA
:103F00000B00FFE79DF80B0003B0704700000000B6
:103F100084B00290019100200090FFE700980130EA
:103F200000900098B0F1706F04D9FFE703208DF87E
:103F30000F0026E0FFE702980069C00F0028EDD0CF
:103F4000FFE700200090019880012030029908616D
:103F5000FFE70098013000900098B0F1706F04D92D
:103F6000FFE703208DF80F000BE0FFE702980069E0
:103F700000F020002028ECD0FFE700208DF80F0093
:103F8000FFE79DF80F0004B070470000000000003C
:103F900084B00390039802900298D0F8080800F0CB
:103FA00006000090009820B9FFE700208DF8070078
:103FB00010E00098022804D0FFE70098062804D1FA
:103FC000FFE702208DF8070003E00F208DF80700BF
:103FD000FFE7FFE79DF8070004B07047000000000E
:103FE00081B000900098406900F0010001B0704776
:103FF00080B584B003908DF80B1040F2E501C2F259
:1040000000410020087042F64470C2F200000190A6
:1040100043F2E811C2F20001009101F0C9FC0099DD
:10402000019801F5887101F0C3FC0099019801F530
:10403000087101F0BDFC0099019801F54C7101F087
:10404000B7FC0099019801F5886101F0B1FC009975
:10405000019801F5AA6101F0ABFC04B080BD00003D
:1040600080B584B003908DF80B1040F2E501C2F2E8
:1040700000410120087042F64470C2F20000019035
:1040800043F2E811C2F20001009101F0C9FC00996D
:10409000019801F5887101F0C3FC0099019801F5C0
:1040A000087101F0BDFC0099019801F54C7101F017
:1040B000B7FC0099019801F5886101F0B1FC009905
:1040C000019801F5AA6101F0ABFC04B080BD0000CD
:1040D00082B001908DF8031002B07047000000001C
:1040E00080B58AB009908DF8231009989DF82310A7
:1040F0006B4600225A6005AA1A6007AA06ABFFF7B2
:104100004BF908B9FFE77AE09DED070ADFED3D0ABC
:10411000CDED030A9FED3C1A8DED041AF9F7A4FFCB
:10412000DDED030A9DED041A8DED070A9DED060AEB
:10413000F9F79AFF8DED060A9DED050ADFED330ACA
:104140009FED331AF9F790FF8DED050A079845F2B8
:10415000FC21C2F200410860069843F2B811C2F295
:1041600000010860059845F2F421C2F200410860A0
:1041700042F2B030C2F20000007801283FD1FFE7E0
:1041800040F2E500C2F200400078012809D1FFE7C3
:104190009DED070ADDED060A9DED051AF8F71CF9FD
:1041A0002CE045F20031C2F200410020029008608C
:1041B000486045F6E411C2F200410860486040F2F0
:1041C0009C01C2F20041086040F26C01C2F20001A1
:1041D000086040F2D801C2F20041086040F2D0010C
:1041E000C2F20001086045F2E821C2F20041086015
:1041F00044F2D021C2F200010860FFE7FFE70AB0F5
:1042000080BD00BF000034C30000344300005CC226
:1042100000005C420000000082B001908DF80310A5
:1042200045F20031C2F2004100200860486045F6C6
:10423000E411C2F200410860486040F29C01C2F201
:104240000041086040F26C01C2F20001086040F2D7
:10425000D801C2F20041086040F2D001C2F2000170
:10426000086045F2E821C2F20041086044F2D02122
:10427000C2F20001086002B07047000000000000B8
:1042800082B001908DF8031040F25111C2F200018A
:104290000020087002B0704782B001908DF80310C2
:1042A00040F25111C2F200010120087002B07047C3
:1042B00082B001908DF8031002B07047000000003A
:1042C00080B58CB00B908DF82B10EEF7BDFA0B98E3
:1042D0009DF82B106B4606AA5A6007AA1A6009AA15
:1042E00008ABFFF759F808B9FFE761E09DED090A4F
:1042F000DFED300ACDED030A9FED2F1A8DED041A84
:10430000F9F7B2FEDDED030A9DED041A8DED090A01
:104310009DED080AF9F7A8FE8DED080A9DED070A44
:104320008DED050A9DED060AEEF79EFAB0EE401AF5
:104330009DED050A30EE010ADFED200A9FED201AFF
:10434000F9F792FE8DED070A099847F66C31C2F233
:1043500000410860089848600798886042F2B030D1
:10436000C2F200000078012822D1FFE740F251108C
:10437000C2F20000007801280FD1FFE747F66C3049
:10438000C2F2004040F2A001C2F2004147F65C32A6
:10439000C2F20042F8F7E4FC09E047F65C31C2F2F1
:1043A00000410020086048608860C860FFE7FFE7C0
:1043B0000CB080BD7F946BC07F946B407BD9A0BE56
:1043C0007BD9A03E0000000080B58CB00B908DF82A
:1043D0002B10EEF739FA0B989DF82B106B4606AAB6
:1043E0005A6007AA1A6009AA08ABFEF7D5FF08B9F8
:1043F000FFE761E09DED090ADFED300ACDED030A2C
:104400009FED2F1A8DED041AF9F72EFEDDED030A4C
:104410009DED041A8DED090A9DED080AF9F724FEB9
:104420008DED080A9DED070A8DED050A9DED060A42
:10443000EEF72EFAB0EE401A9DED050A30EE010AB5
:10444000DFED200A9FED201AF9F70EFE8DED070A29
:10445000099847F66C31C2F200410860089848603C
:104460000798886042F2B030C2F20000007801285C
:1044700022D1FFE740F25110C2F20000007801287B
:104480000FD1FFE747F66C30C2F2004040F2A001C6
:10449000C2F2004147F65C32C2F20042F8F760FC1B
:1044A00009E047F65C31C2F2004100200860486034
:1044B0008860C860FFE7FFE70CB080BD7F946BC0E9
:1044C0007F946B407BD9A0BE7BD9A03E000000004A
:1044D00082B001908DF8031047F65C31C2F20041C2
:1044E0000020086048608860C86002B07047000023
:1044F00080B582B08DF8060044F20440C2F200009C
:104500000088B0F5967F06D3FFE700F01DF8002085
:104510008DF8070011E09DF8060044F20443C2F252
:1045200000031A88511C198047F68031C2F20041FD
:10453000885401208DF80700FFE79DF8070002B0BE
:1045400080BD00000000000047F64431C2F2004187
:104550000020087044F20441C2F20001088044F2D5
:104560000C41C2F20001087047F64031C2F200412E
:10457000087044F20841C2F20001086047F6423177
:10458000C2F200410880704780B5FFF7DDFF47F6B3
:104590004431C2F200410120087044F20441C2F2E9
:1045A00000010A88501C088047F68031C2F20041A1
:1045B000A520885480BD000080B582B047F68030C9
:1045C000C2F200404FF49671EDF7E2FE0090002039
:1045D0000190FFE70198009988420DD2FFE7019909
:1045E00047F68030C2F20040405CF9F795FBFFE7E8
:1045F000019801300190EDE702B080BD000000009D
:1046000083B00290029801900198D0F818080090A9
:104610000198D0F81C18009808400090BDF80000E0
:1046200003B070470000000083B002900298019030
:104630000198D0F8180800900198D0F81C1800983C
:1046400008400090BDF8020003B070470000000071
:1046500086B005908DF81310059803900398D0F854
:10466000100801900398D0F83408009000989DF845
:10467000131001F00F01C84000F00101019840EA59
:10468000C110019003989DF8131000EB4110D0F871
:104690000809019908400290029806B0704700008E
:1046A00084B003908DF80B100398019001989DF849
:1046B0000B1000EB4110D0F8080B00900198D0F8D7
:1046C0001418009808400090009804B0704700004B
:1046D00082B001900198406900900198816900982A
:1046E00008400090009802B07047000000000000F1
:1046F00089B008900791ADF81A200898059007989E
:104700000490BDF81A0080080190BDF81A0000F06E
:104710000300ADF8020000200290FFE70298019923
:10472000884217D2FFE705984FF48051405804990A
:1047300008600498013004900498013004900498B3
:1047400001300490049801300490FFE70298013092
:104750000290E3E7BDF8020008B3FFE700200290F3
:1047600005984FF4805140580390FFE703989DF857
:104770000810C900C84004990870029801300290DE
:10478000049801300490BDF802000138ADF8020031
:10479000FFE7BDF802000028E8D1FFE7FFE7049833
:1047A00009B070470000000080B586B004908DF815
:1047B0000F10002002900499C86820F0C040C86023
:1047C0009DF80F00012823D1FFE70499C86840F045
:1047D0000050C860FFE70A20EFF7B2FF02980A30E6
:1047E0000290FFE70498FFF7FBFB01460020012938
:1047F000019007D0FFE702990020C82938BF0120A7
:104800000190FFE70198C0070028E4D1FFE72AE004
:104810009DF80F0010BBFFE70499C86840F0804086
:10482000C860FFE70A20EFF78BFF02980A3002907A
:10483000FFE70498FFF7D4FB01460020009039B150
:10484000FFE702990020C82938BF01200090FFE748
:104850000098C0070028E5D1FFE703E001208DF8AC
:1048600017000CE0FFE70298C82804D1FFE70120F9
:104870008DF8170003E000208DF81700FFE79DF882
:10488000170006B080BD000083B002908DF80710BD
:10489000029800900099D1F8000820F4FE60C1F859
:1048A00000089DF8070000F07F020099D1F8000889
:1048B00040EA0210C1F80008002003B07047000071
:1048C00083B002908DF80710029800909DF80720A1
:1048D0000099D1F800081043C1F80008002003B087
:1048E000704700000000000084B0039002918DF832
:1048F00007209DF80700022840F0B880FFE70298E3
:104900004AF6C041C0F2D80188420BD3FFE70298B3
:104910004EF2BF11C0F2E401884203D8FFE70F2036
:104920000090A2E002984EF2C011C0F2E401884269
:104930000BD3FFE7029842F2FF31C0F2F401884244
:1049400003D8FFE70E2000908EE0029842F200416B
:10495000C0F2F40188420BD3FFE7029847F27F319F
:10496000C0F20611884203D8FFE70D2000907AE0DC
:10497000029847F28031C0F2061188420BD3FFE75C
:10498000029844F69F11C0F21A11884203D8FFE73B
:104990000C20009066E0029844F6A011C0F21A11B3
:1049A00088420BD3FFE7029842F6FF41C0F2311173
:1049B000884203D8FFE70B20009052E0029842F6AD
:1049C0000051C0F2311188420BD3FFE702984AF23E
:1049D0003F41C0F24C11884203D8FFE70A20009003
:1049E0003EE002984AF24041C0F24C1188420BD39B
:1049F000FFE7029843F2FF51C0F26E11884203D8DC
:104A0000FFE7092000902AE0029843F20061C0F21B
:104A10006E1188420BD3FFE702984AF61F31C0F2AD
:104A2000A611884203D8FFE70820009016E00298FC
:104A30004AF62031C0F2A61188420BD3FFE7029854
:104A400044F2FF71C0F2E811884203D8FFE7072063
:104A5000009002E006200090FFE7FFE7FFE7FFE796
:104A6000FFE7FFE7FFE7FFE7FFE70AE09DF8070042
:104A700018B9FFE70920009002E009200090FFE745
:104A8000FFE70399C86820F47050C860009800F0F0
:104A90000F020399C86840EA8220C860002004B071
:104AA000704700000000000080B588B084460A9876
:104AB000CDF81CC006918DF81720ADF814308DF894
:104AC000130007980390069802909DF8130048BBC6
:104AD000FFE7BDF81400033080080190002000902B
:104AE000FFE70098019988421BD2FFE7029800680F
:104AF00003999DF8172001EB02314FF48052885042
:104B00000298013002900298013002900298013020
:104B10000290029801300290FFE700980130009067
:104B2000DFE7FFE7002008B080BD000000000000C4
:104B300080B582B08DED010ACDED000A9DED010A30
:104B400000F0A2FB8DED010AFFE79DED010A9DED4E
:104B5000001A30EE410AB7EEC00A9FED1B1BB4EEFF
:104B6000410BF1EE10FA0DDDFFE79DED010AB7EE06
:104B7000C00A9FED1B1B30EE010BB7EEC00B8DED95
:104B8000010AE2E7FFE79DED010A9DED001A30EE14
:104B9000410AB7EEC00A9FED0E1BB4EE410BF1EED9
:104BA00010FA0DDCFFE79DED010AB7EEC00A9FED9C
:104BB0000A1B30EE010BB7EEC00B8DED010AE2E7E8
:104BC0009DED010A02B080BD4AD8124DFB2109407B
:104BD0004AD8124DFB2109C04AD8124DFB21194079
:104BE0004AD8124DFB2119C0FFE7FEE70000000084
:104BF00082B00090009820B9FFE76FF005000190A7
:104C000008E0009843F66851C2F2000108600020F5
:104C10000190FFE7019802B070470000000000001B
:104C200083B001908DF803100198072804D3FFE7A3
:104C30006FF00500029014E0019844F20041C2F2C6
:104C4000000108609DF8030040F2D401C2F20001A7
:104C5000087047F63C31C2F2004100200860029023
:104C6000FFE7029803B0704782B00090009820B927
:104C7000FFE76FF00500019008E0009843F67051DF
:104C8000C2F20001086000200190FFE7019802B025
:104C9000704700000000000080B588B08DF81F004C
:104CA00043F67050C2F20000006808B9FFE755E112
:104CB0009DF81F0047F63C33C2F200431A68511CAE
:104CC000196047F63821C2F20041885444F200408E
:104CD000C2F2000000680290B8B1FFE70298012814
:104CE0007ED0FFE7029802380228C0F02081FFE75B
:104CF0000298042809D0FFE70298052870D0FFE742
:104D00000298062800F0138118E147F63820C2F215
:104D100000400078552810D0FFE747F63C30C2F23B
:104D20000040016801390160026847F63820C2F28C
:104D30000040411CEBF7FAFB10E147F63C30C2F2B1
:104D4000004000680B284AD3FFE747F63820C2F23C
:104D5000004001900A2100F023FB01998DF80F001B
:104D60009DF80F00897A884210D0FFE747F63C3063
:104D7000C2F20040016801390160026847F638203C
:104D8000C2F20040411CEBF7D1FBE7E047F63820C8
:104D9000C2F2004000908178C27841EA0221ADF869
:104DA00010100179427941EA0221ADF8121081799F
:104DB000C27941EA0221ADF81410017A427A41EA3F
:104DC0000221ADF81610407804A90422EDF718FE70
:104DD00047F63C31C2F2004100200860FFE7ADE039
:104DE00047F63C30C2F2004000680328C0F09E80C5
:104DF000FFE747F63820C2F200404078032810D081
:104E0000FFE747F63C30C2F200400168013901601B
:104E1000026847F63820C2F20040411CEBF786FBDF
:104E20009CE047F63C30C2F20040006847F638216B
:104E3000C2F2004189780531884201D2FFE78DE056
:104E400047F63C31C2F200410A6847F63820C2F208
:104E50000040024412F8023C12F8012C42EA0322FC
:104E6000ADF81A200968023989B200F059FAADF894
:104E70001C00BDF81A00BDF81C10884210D0FFE7D6
:104E800047F63C30C2F20040016801390160026817
:104E900047F63820C2F20040411CEBF747FB5DE0CB
:104EA00047F63820C2F2004080784008ADF81A007A
:104EB0000020ADF81800FFE7BDF81800BDF81A1083
:104EC00088421FDAFFE7BDF8181047F63820C2F213
:104ED000004000EB4100C278007940EA022047F62A
:104EE0003832C2F2004212680A4444F2D421C2F2BB
:104EF000000121F81200FFE7BDF818000130ADF8FD
:104F00001800D9E743F67050C2F20000026847F675
:104F10003830C2F200400068BDF81A10904747F6DA
:104F20003C31C2F2004100200860FFE706E047F68E
:104F30003C31C2F2004100200860FFE747F63C30F8
:104F4000C2F200400068B0F5807F07D1FFE747F666
:104F50003C31C2F2004100200860FFE708B080BD8C
:104F600082B00090009820B9FFE76FF00500019033
:104F700008E0009845F2F831C2F2004108600020D4
:104F80000190FFE7019802B07047000000000000A8
:104F900080B582B0009044F20040C2F20000006888
:104FA000042804D1FFE76FF00500019038E0BDF957
:104FB0000000012140F6FF72EDF79EFC20B9FFE7EB
:104FC0006FF0050001902BE069204BF2885100F052
:104FD00077F820B1FFE76FF00200019020E043F680
:104FE0006850C2F20000006840B1FFE743F6685025
:104FF000C2F2000001681420884703E06FF004004B
:1050000001900DE0BDF80010022000F059F820B129
:10501000FFE76FF00200019002E000200190FFE73F
:10502000019802B080BD000080B582B0009044F2CB
:105030000040C2F200000068042804D1FFE76FF0CE
:105040000500019037E0BDF9000001210D22EDF7C8
:1050500053FC20B9FFE76FF0050001902BE06920B9
:105060004BF2885100F02CF820B1FFE76FF00200FE
:10507000019020E043F66850C2F20000006840B1A1
:10508000FFE743F66850C2F2000001681420884729
:1050900003E06FF0040001900DE0BDF80010032064
:1050A00000F00EF820B1FFE76FF00200019002E07F
:1050B00000200190FFE7019802B080BD00000000D1
:1050C00080B588B00690ADF816100698902804D3E5
:1050D000FFE76FF005000790D2E044F20040C2F213
:1050E000000000680290062800F2C3800299DFE801
:1050F00001F0082D6993042D69006FF005000790F9
:10510000BEE045F2F830C2F20040006820B9FFE787
:105110006FF004000790B3E0FF208DF80C00AA2088
:105120008DF80D0006988DF80E00BDF816008DF86C
:105130000F009DF817008DF8100045F2F830C2F20C
:105140000040026803A80521904796E045F2F83038
:10515000C2F20040006820B9FFE76FF0040007903A
:105160008EE040F2D400C2F2000000788DF80C000E
:1051700006218DF80D100698000A8DF80E0006988D
:105180008DF80F009DF817008DF81000BDF816007F
:105190008DF8110003A8019000F0C2F801460198B3
:1051A000ADF814109DF815108DF81210BDF81410FC
:1051B0008DF8131045F2F831C2F200410A68082157
:1051C00090475AE045F2F430C2F20040006820B93E
:1051D000FFE76FF00400079052E0FF208DF80C000D
:1051E000AA208DF80D0006988DF80E00BDF8160067
:1051F0008DF80F009DF817008DF8100045F2F4307F
:10520000C2F20040036840F2D400C2F2000000780D
:1052100003A90522984730E043F66C50C2F2000023
:10522000006820B9FFE76FF00400079028E0BDF8A0
:1052300016008DF80C009DF817008DF80D0043F650
:105240006C50C2F20000D0F800C040F2D400C2F2AC
:105250000000007840009DF81810C0B203AA022395
:10526000E047012804D0FFE76FF00200079007E055
:1052700003E06FF00500079002E000200790FFE7D1
:10528000079808B080BD000081B08DED000AFFE7EF
:105290009DED000AB7EEC00A9FED191BB4EE410B5D
:1052A000F1EE10FA0DDDFFE79DED000AB7EEC00A42
:1052B0009FED191B30EE010BB7EEC00B8DED000A10
:1052C000E6E7FFE79DED000AB7EEC00A9FED0E1B73
:1052D000B4EE410BF1EE10FA0DDCFFE79DED000A94
:1052E000B7EEC00A9FED0A1B30EE010BB7EEC00B04
:1052F0008DED000AE6E79DED000A01B0704700BFA2
:105300004AD8124DFB2109404AD8124DFB2109C051
:105310004AD8124DFB2119404AD8124DFB2119C021
:1053200084B00390ADF80A10FF208DF809008DF8C5
:105330000800002100918DF809008DF80800FFE7B2
:105340000098BDF80A10884222DAFFE79DF80900AC
:105350000399009A895C48408DF807009DF8080081
:105360009DF8072048F6D031C0F60101895C48401D
:105370008DF809009DF8071048F6D040C0F60100EE
:10538000405C8DF80800FFE7009801300090D7E7F7
:105390009DF809109DF8080040EA012004B070470C
:1053A00084B00390029100208DF803000190FFE784
:1053B0000198029988420DD2FFE703980199415C58
:1053C0009DF8030008448DF80300FFE701980130C1
:1053D0000190EDE79DF8030004B070470000000065
:1053E00081B0ADF80200BDF90200002812D4FFE739
:1053F000BDF9021001F01F02012090404A094EF24F
:105400008011CEF2000141F82200BFF34F8FBFF3AD
:105410006F8FFFE701B0704781B0ADF80200BDF9B2
:10542000020000280ED4FFE7BDF9021001F01F02B0
:10543000012090404A094EF20011CEF2000141F8DD
:105440002200FFE701B070474EF60C50CEF200008C
:105450000068C0F30220704782B0ADF806000091EA
:10546000BDF9060000280AD4FFE700980001BDF945
:1054700006104EF20042CEF2000288540BE0009873
:105480000001BDF8061001F00F014EF61452CEF2E5
:1054900000028854FFE702B07047000000000000DF
:1054A00083B00290029800F0070000904EF60C5175
:1054B000CEF200010868019001984FF6FF021040FB
:1054C00001900198009A40EA02200022C0F2FA52AC
:1054D000104301900198086003B07047000000007D
:1054E00082B08DED010A9DED010AB5EE400AF1EEA4
:1054F00010FA05DBFFE79DED010A8DED000A06E0DD
:105500009DED010AB1EE400A8DED000AFFE79DED29
:10551000000A02B07047000084B08DED020ACDEDA4
:10552000010A8DED001A9DED020A9DED011AB4EEFF
:10553000410AF1EE10FA03DAFFE7019803900FE059
:105540009DED020A9DED001AB4EE410AF1EE10FA4B
:1055500003DDFFE70098039002E002980390FFE765
:105560009DED030A04B0704780B582B000F0D0F81A
:1055700042F64470C2F200000190F0F739FC019845
:1055800040F60221C1F680314FF47062EFF7FCF86B
:1055900002B080BD0000000080B58EB00D908DF887
:1055A00033108DF83220002003900B900A90099060
:1055B000089007900690059004909DF8330000280D
:1055C0003FD1FFE79DF832000146029104282DD813
:1055D0000299DFE801F0030B131B230004200B905A
:1055E0008B200A901420099008901FE002200B9055
:1055F000AE200A9019200990089017E002200B9025
:105600008B200A901420099008900FE001200B9045
:105610008B200A9014200990089007E001200B903D
:105620003B200A90142009900890FFE70120079082
:105630001D2006900A20059004900D990020886096
:10564000FFE79DF83300012841D1FFE79DF83200C4
:1056500005380146019104282DD80199DFE801F0B1
:10566000030B131B2300012007901D2006900A2026
:10567000059004901FE00120079019200690062055
:105680000590049017E00120079013200690052054
:10569000059004900FE0012007900E200690052051
:1056A0000590049007E0012007900D20069002204D
:1056B00005900490FFE701200B903B200A901420F6
:1056C000099008900D994FF440708860FFE70D989D
:1056D000EFF75AFA0B980D9948610A980D99C8612D
:1056E00009980D99086208980D99886107980D9995
:1056F000486206980D99C86205980D990863049848
:105700000D9988620D98EFF7F7FE0EB080BD00008E
:1057100080B58CB000200490059002210191069183
:105720000121029107910890099042F64470C2F25B
:105730000000039004A9EFF76BF9019A029B03980C
:1057400069460B601146EFF7EFF9029A039811468C
:10575000EFF70AF90CB080BD81B0009000990020ED
:105760000870009948700099887045F21431C2F2AF
:10577000004191ED180AB8EEC00A009981ED010AC6
:10578000009988600099087301B07047000000001C
:1057900080B582B001900198407B0146009140B1F4
:1057A000FFE70098012805D0FFE7009802281DD0E8
:1057B0001DE020E0019800F01FFC012807D1FFE761
:1057C0000199887B08700199002048730DE002F070
:1057D00057FB01990969401AB0F57A7F04D9FFE7B0
:1057E000019902204873FFE7FFE704E003E0019915
:1057F00000204873FFE702B080BD000000000000F9
:1058000081B00090009900200870009948700099BC
:10581000887045F21431C2F2004191ED180AB8EED9
:10582000C00A009981ED010A009988600099087307
:1058300001B070470000000080B582B0019001986F
:10584000407B0146009140B1FFE70098012805D058
:10585000FFE7009802281DD01DE020E0019800F02D
:10586000FBFB012807D1FFE70199887B08700199AC
:10587000002048730DE002F003FB01990969401A0A
:10588000B0F57A7F04D9FFE7019902204873FFE75A
:10589000FFE704E003E0019900204873FFE702B04E
:1058A00080BD00000000000080B586B00590ADF816
:1058B0001210ADF81020BDF81200BDF81010084409
:1058C000ADF80600FF208DF808008DF809008DF86E
:1058D0000A008DF80B008DF80C008DF80D008DF886
:1058E0000E00FD208DF80F000598BDF8061002AAE5
:1058F000082300F0E9FA06B080BD000000000000B7
:1059000081B00090009900204865009908650099D1
:10591000086400994864009988640099C86401B0DB
:10592000704700000000000080B584B00390029131
:10593000029890F83C00013801460191032832D8C2
:105940000199DFE801F002121C24039802990A88E9
:1059500091ED100AD1ED110A91ED122A91ED141A70
:10596000D1ED151A00F054FC1DE00398029A11883D
:1059700092ED100AD2ED110A00F05AFD13E00398DF
:10598000029A118892ED110A01F052FD0BE0039882
:10599000029A118892ED100AD2ED110A92ED131AB3
:1059A00001F0FAF8FFE704B080BD0000000000003D
:1059B00080B584B003900291029890F83C000138C1
:1059C00001460191032823D80199DFE801F002097B
:1059D00011190398029909880022FFF765FF17E063
:1059E0000398029909884FF48072FFF75DFF0FE07A
:1059F0000398029909884FF40072FFF755FF07E0FA
:105A00000398029909884FF44072FFF74DFFFFE7B2
:105A10000298FFF775FF04B080BD00000000000091
:105A200080B584B003900291029890F83C00013850
:105A300001460191032823D80199DFE801F002090A
:105A40001119039802990988002200F02DF917E036
:105A50000398029909884FF4807200F025F90FE04D
:105A60000398029909884FF4007200F01DF907E0CD
:105A70000398029909884FF4407200F015F9FFE786
:105A800004B080BD0000000080B584B00390029196
:105A90000298007800F00F0003994860029800789F
:105AA0000009039988600298B0F8010040BA039990
:105AB000C8600299C8780979000140EA1110039979
:105AC000086102980179407901F00F0140EA012054
:105AD000039948610399C868D1ED2C0AB1EE600AB8
:105AE000102101F035FD039880ED080A039908693B
:105AF000D1ED2D0AB1EE600A0C21019101F028FDD3
:105B00000199039880ED090A039A5069D2ED2E0A93
:105B1000B1EE600A01F01CFD039880ED0A0A0298BC
:105B2000807900EE100AB8EE400A039880ED0D0A65
:105B30000298C07900EE100AB8EE400A039880ED92
:105B40000E0A04B080BD000080B584B043F2E810B6
:105B5000C2F2000001904FF488710291EAF75DFDF6
:105B60000198029900F58870EAF757FD01980299AB
:105B700000F50870EAF751FD0198029900F54C70A4
:105B8000EAF74BFD0198029900F58860EAF745FDB8
:105B90000198029900F5AA60EAF73FFD0198029981
:105BA00000F5CC60EAF739FD00200390FFE7039889
:105BB000062875DCFFE70398411C00EB001002018A
:105BC00043F2E810C2F2000000908152039A02F101
:105BD000110102EB021200EB02125180039901EB5A
:105BE000011100EB0112012182F85810039901EB19
:105BF000011100EB0112042182F83C10039901EB22
:105C0000011100EB01124FF07E515164039901EB39
:105C1000011100EB01124FF2C351C4F2C80111642B
:105C2000039901EB011100EB011200219164039A29
:105C300002EB021200EB02134DF20A72C3F6A3420A
:105C4000DA64039A02EB021200EB02121165039A66
:105C500002EB021200EB02125165039901EB0111F4
:105C600000EB01120021C4F24811C2F8B0100399F0
:105C700001EB011100EB01120021C4F2F011C2F896
:105C8000B410039901EB011100EB01110020C4F2E3
:105C90002010C1F8B800FFE703980130039086E7B1
:105CA00004B080BD0000000080B586B00590ADF85E
:105CB0001210ADF81020BDF81200BDF81010084405
:105CC000ADF80600FF208DF808008DF809008DF86A
:105CD0000A008DF80B008DF80C008DF80D008DF882
:105CE0000E00FC208DF80F000598BDF8061002AAE2
:105CF000082300F0E9F806B080BD000000000000B5
:105D000080B590B000200E900D9042F64470C2F223
:105D100000000DF13E010DAA00F06EF8BDF83E0046
:105D2000113801460C91052863D80C99DFE801F081
:105D300003112131415143F2E810C2F200000A90F0
:105D40000DA90B91FFF7A0FE0A980B9901F0DCF862
:105D500050E043F2E810C2F2000000F588700890AD
:105D60000DA90991FFF790FE0898099901F0CCF868
:105D700040E043F2E810C2F2000000F5087006901F
:105D80000DA90791FFF780FE0698079901F0BCF86E
:105D900030E043F2E810C2F2000000F54C700490CD
:105DA0000DA90591FFF770FE0498059901F0ACF874
:105DB00020E043F2E810C2F2000000F58860029093
:105DC0000DA90391FFF760FE0298039901F09CF87A
:105DD00010E043F2E810C2F2000000F5AA60009063
:105DE0000DA90191FFF750FE0098019901F08CF880
:105DF00000E0FFE710B080BD80B590B00E900D912F
:105E00000C920E980C9B402102AAEEF701FF00288D
:105E10004FD1FFE702980D9908800598082804D80B
:105E2000FFE705988DF807003EE00598092804D1A2
:105E3000FFE70C208DF8070035E005980A2804D10B
:105E4000FFE710208DF807002CE005980B2804D1FF
:105E5000FFE714208DF8070023E005980C2804D1F3
:105E6000FFE718208DF807001AE005980D2804D1E7
:105E7000FFE720208DF8070011E005980E2804D1D7
:105E8000FFE730208DF8070008E005980F2804D1BF
:105E9000FFE740208DF80700FFE7FFE7FFE7FFE798
:105EA000FFE7FFE7FFE7FFE79DF807008DF83F00FA
:105EB00003E000208DF83F00FFE79DF83F0010B0A1
:105EC00080BD00000000000080B58EB00C90ADF8E1
:105ED0002E100A920993BDF82E0000900020019028
:105EE00002900998082803D8FFE70998039037E043
:105EF00009980C2803D1FFE7092003902FE00998A7
:105F0000102803D1FFE70A20039027E009981428FE
:105F100003D1FFE70B2003901FE00998182803D155
:105F2000FFE70C20039017E00998202803D1FFE732
:105F30000D2003900FE00998302803D1FFE70E20D1
:105F4000039007E00998402803D1FFE70F20039052
:105F5000FFE7FFE7FFE7FFE7FFE7FFE7FFE7FFE711
:105F6000002004904FF4801105914FF40011069128
:105F7000079008900C980A9A6946EEF785FC20B1C4
:105F8000FFE701208DF8370003E000208DF837008F
:105F9000FFE79DF837000EB080BD00000000000054
:105FA00086B08DED050ACDED040A8DED031A029041
:105FB0009DED030A9DED041A30EE410A8DED010AB4
:105FC000049800909DED050A9DED001A30EE410AFF
:105FD000029901208840013801EE100AB8EEC11A7A
:105FE00020EE010A9DED011A80EE010ABDEEC00A05
:105FF00010EE100A06B0704780B582B0009000988D
:1060000045F21431C2F2004191ED180AB8EEC00A0F
:1060100001F0CAFA009890ED010A90ED021A30EEF4
:10602000410AB0EEC00AB7EE001AB4EE410AF1EE32
:1060300010FA07DAFFE70099012008730098007B47
:10604000019006E00099002008730098007B019001
:10605000FFE7019802B080BD80B582B00090009843
:1060600045F21431C2F2004191ED180AB8EEC00AAF
:1060700001F0A6FA009890ED010A90ED021A30EEB8
:10608000410AB0EEC00AB7EE001AB4EE410AF1EED2
:1060900010FA07DAFFE70099012008730098007BE7
:1060A000019006E00099002008730098007B0190A1
:1060B000FFE7019802B080BD82B001900091019984
:1060C0000888088100980178407840EA0120019909
:1060D000088000988178C07840EA012001994880C2
:1060E00000980179407940EA012001998880009860
:1060F00080790199887101990888B1F90810401ACE
:10610000B0F5805F05DDFFE7019908690138086196
:106110000EE001990888B1F90810401A10F5805F67
:1061200005DAFFE70199086901300861FFE7FFE739
:1061300001990A69088800EB42308A8A801AC8608F
:1061400002B070470000000082B0019000910098FA
:106150000178407840EA0120019908800199088877
:10616000888202B07047000080B582B000200190A4
:10617000F6F7C6F9F0F73CFAF8F7C2F8F6F710FBB5
:10618000F6F7EAF9F6F728FAF6F766FAF6F784FB77
:10619000F6F7C6FBF6F708FCF6F74EFCF6F79CFAA6
:1061A00000F0D6F8FFE7FEE782B0ADF80600002069
:1061B0000090BDF90600842807D0FFE7BDF906006E
:1061C0000099084403300090FFE7009802B0704740
:1061D00083B08DED020ACDED010A9DED020A9DED21
:1061E000011AB4EE410AF1EE10FA05DDFFE79DED6C
:1061F000020A8DED000A04E09DED010A8DED000A12
:10620000FFE79DED000A03B07047000000000000AA
:1062100080B590B00F900E91ADF836208DED0C0A40
:10622000CDED0B0A8DED0A1ACDED091A8DED082A78
:10623000BDF83600ADF80C009DED0C0A0E9890EDFF
:106240002C1AF1EE410A1020FFF7AAFEADF8160055
:106250009DED0B0A0E9890ED2D1AF1EE410A0C20DF
:106260000290FFF79DFE01460298ADF814109DEDD7
:10627000080A0E9991ED2E1AF1EE410AFFF790FEF1
:1062800001460298ADF80E109DED0A0ADFED240AD2
:10629000CDED010A9FED231AFFF782FEDDED010A25
:1062A00001460298ADF812109DED090AB1EE041AEC
:1062B000FFF776FEADF810009DF817008DF8180076
:1062C0009DF816008DF81900BDF8140000098DF82E
:1062D0001A00BDF814109DF8130040EA01108DF863
:1062E0001B009DF812008DF81C00BDF8100000097D
:1062F0008DF81D00BDF810109DF80F0040EA011048
:106300008DF81E009DF80E008DF81F000F98BDF847
:106310000C1006AA0823FFF7D7FD10B080BD00BF00
:10632000000000000000FA4380B584B00390039899
:106330000290029818B1FFE70298019002E0012054
:106340000190FFE7019801F0E7FA002004B080BD5A
:1063500080B501F019FB002080BD000000000000A6
:10636000B0B590B00E900D910E98406938B3FFE72C
:106370000E98806918B3FFE70E980168089141688C
:106380000B91016909910D990A91B0F90800FFF785
:106390000BFF0899099A0A9B84460B98DDF838E0B0
:1063A000DEF81440DEF81850EE46CEF80850CEF86D
:1063B0000440CEF800C001F0FBFC0C9020E00E98E9
:1063C0000168049141680791018A05910D99069130
:1063D000B0F90800FFF7E8FE0499059A069B844689
:1063E0000798EE460CACCEF80440CEF800C001F0A1
:1063F0008FFC012803D0FFE700200F9003E0FFE7A8
:106400000C980F90FFE70F9810B0B0BD000000008F
:1064100080B582B08DED010A00909DED010A0098D3
:10642000F7F75AF90098F7F7AFF902B080BD00000E
:1064300080B58AB00990ADF822108DED070ACDED38
:10644000060ABDF8220000F58070ADF8160007A816
:10645000049006A80390049800788DF8040004982E
:1064600040788DF80500049880788DF8060004982F
:10647000C0788DF80700039800788DF8080003981D
:1064800040788DF80900039880788DF80A00039809
:10649000C0788DF80B000998BDF8161001AA0823E2
:1064A000FFF712FD0AB080BD80B584B00390029161
:1064B00047F6F460C2F200400068009044F2C82041
:1064C000C2F200000068043001F086F888B9FFE7E6
:1064D00044F2C820C2F200000068C16A012000FA3C
:1064E00001F247F6B441C2F20041086890430860E7
:1064F00000E0FFE70398013080B9FFE7029868B138
:10650000FFE744F2C820C2F200000068011D47F610
:10651000E060C2F2004001F0F3F83DE0009803991A
:1065200008440190019844F2C821C2F200010968B0
:1065300048600198009988420ED2FFE745F6541052
:10654000C2F20040006844F2C821C2F200010968AA
:10655000043101F09DF81EE044F2CC20C2F20000AC
:10656000006844F2C821C2F200010968043101F058
:106570008FF8019848F2B801C2F200010968884218
:1065800007D2FFE7019848F2B801C2F200010860A3
:1065900000E0FFE7FFE7FFE704B080BD0000000078
:1065A00080B582B0019001F0D7F848F23C01C2F208
:1065B000000108680130086044F2C820C2F20000FF
:1065C000006898B9FFE7019844F2C821C2F20001BF
:1065D000086048F23C00C2F200000068012803D1C4
:1065E000FFE700F0CDF900E0FFE71CE047F6DC60D4
:1065F000C2F200400068A0B9FFE744F2C820C2F22E
:1066000000000068C06A0199C96A884207D8FFE79C
:10661000019844F2C821C2F20001086000E0FFE7DF
:1066200000E0FFE7FFE748F24401C2F2000108681A
:10663000013008600198C16A012000FA01F247F6B2
:10664000B441C2F200410868104308600199C86A69
:1066500000EB800245F65810C2F2004000EB8200C9
:10666000043101F04DF801F0A3F847F6DC60C2F206
:1066700000400068C8B1FFE744F2C820C2F2000041
:106680000068C06A0199C96A88420CD2FFE74EF6D9
:106690000451CEF200014FF080500860BFF34F8FDD
:1066A000BFF36F8F00E0FFE700E0FFE702B080BDBF
:1066B00080B582B0FFE747F6B040C2F20040006804
:1066C00008B3FFE701F048F848F2E000C2F200002A
:1066D000C068C06801900198043000F07DFF48F266
:1066E0003C01C2F2000108680138086047F6B04179
:1066F000C2F2004108680138086001F059F80198B9
:1067000000F006F8D7E702B080BD000000000000EE
:1067100080B582B00090009890F8510040B9FFE732
:106720000098006B01F06CF8009801F069F81CE02B
:10673000009890F85100012804D1FFE7009801F07B
:106740005FF811E0009890F8510002280BD0FFE7A5
:106750004FF0500080F31188BFF36F8FBFF34F8F5E
:106760000190FFE7FEE7FFE7FFE702B080BD000012
:1067700084B04FF47050009044F23C40C2F20000EC
:1067800001909DF80400400788B1FFE701980730A9
:106790000190019820F007000190019A44F23C41D9
:1067A000C2F200010098891A08440090FFE701989E
:1067B0000290029948F2D800C2F200000160002164
:1067C00041600298009A10440190019808380190A5
:1067D000019820F007000190019A45F65010C2F28E
:1067E00000400260026851600268116002990391E2
:1067F0000199039A891A5160006803990860039807
:10680000406848F2B401C2F2000108600398406891
:1068100047F6CC41C2F20041086048F24801C2F29A
:1068200000014FF00040086004B070470000000015
:1068300080B582B00190FFE7FFF73AFF45F65810A8
:10684000C2F20040006802280CD3FFE74EF6045164
:10685000CEF200014FF080500860BFF34F8FBFF3BE
:106860006F8F00E0FFE7E7E780B588B0DDF834C060
:10687000DDF830C0DDF82CC0DDF828C006900591A9
:10688000049203930C98006B049900EB8100043888
:106890000290029820F0070002909DF8080040073F
:1068A00058B1FFE74FF0500080F31188BFF36F8FAE
:1068B000BFF34F8F0790FFE7FEE70598F8B1FFE7BA
:1068C00000200190FFE701980F2813D8FFE70598F3
:1068D000019A805C0C99114481F834000598019963
:1068E000405C08B9FFE705E0FFE7FFE701980130EA
:1068F0000190E8E70C99002081F8430004E00C992E
:10690000002081F83400FFE70A98072803D3FFE747
:1069100006200A9000E0FFE70A980C99C8620A98DE
:106920000C9948640C990020009088640C980430FD
:1069300000F0A6FE0C98183000F0A2FE00980C990A
:1069400009610A99C1F107010C9A91610C99496298
:106950000C99C8640C9981F8500002980699039A22
:1069600000F072FA0C9908600B9820B1FFE70C98C0
:106970000B99086000E0FFE708B080BD0000000050
:1069800080B584B000200390FFE70398062810D854
:10699000FFE7039800EB800145F65810C2F2004073
:1069A00000EB810000F054FEFFE7039801300390F4
:1069B000EBE747F6B840C2F20040019000F048FE15
:1069C00048F24C00C2F20000029000F041FE48F292
:1069D000C400C2F2000000F03BFE48F2E000C2F248
:1069E000000000F035FE47F6E060C2F2004000F023
:1069F0002FFE0199029844F2CC22C2F200021160EB
:106A000045F65411C2F20041086004B080BD000098
:106A100083B0029048F2D800C2F200000190FFE774
:106A2000019800680299884205D2FFE7FFE70198C4
:106A300000680190F4E70198009000980199496876
:106A400008440299884209D1FFE7029842680199F7
:106A50004868104448600198029000E0FFE70298FF
:106A60000090009802994968084401990968884291
:106A700020D1FFE70198006845F65011C2F20041AD
:106A8000096888420DD0FFE70198006842680299C2
:106A900048681044486001980068006802990860DE
:106AA00007E045F65010C2F2004000680299086005
:106AB000FFE704E00198006802990860FFE7019889
:106AC0000299884204D0FFE702980199086000E02B
:106AD000FFE703B07047000008480068006880F3D3
:106AE00008884FF0000080F3148862B661B6BFF3E7
:106AF0004F8FBFF36F8F00DF00BF000008ED00E095
:106B000081B044F2CC20C2F200000068006840B9B5
:106B1000FFE748F2B801C2F200014FF0FF30086011
:106B20000FE044F2CC20C2F200000068C068C068E8
:106B300000900098406848F2B801C2F20001086075
:106B4000FFE701B07047000083B00020009040F2E2
:106B5000DC00C2F200000068013058B1FFE74FF0DE
:106B6000500080F31188BFF36F8FBFF34F8F0290F7
:106B7000FFE7FEE74FF0500080F31188BFF36F8FFF
:106B8000BFF34F8F0190FFE7009808B9FFE7FBE7DD
:106B900003B070470000000080B58CB00B90ADF8DA
:106BA0002A108DED090ACDED080A8DED071A9DED2D
:106BB000080A9FED261A20EE010ABCEEC00A10EE6C
:106BC000100AADF802009DED070A9FED211A20EE94
:106BD000010ABCEEC00A10EE100AADF80000BDF8C4
:106BE0002A0000F54070ADF81A0009A805900DF1D3
:106BF0000200049068460390059800788DF8040020
:106C0000059840788DF80500059880788DF8060085
:106C10000598C0788DF80700049800788DF8080072
:106C2000049840788DF80900039800788DF80A00E0
:106C3000039840788DF80B000B98BDF81A1001AA44
:106C40000823FFF741F90CB080BD00BF0000C84227
:106C500000401C460000000080B58AB0069000206D
:106C6000029000F0F9FE45F65010C2F200400068B4
:106C700018B9FFE7FFF77CFD00E0FFE7069848F250
:106C80004801C2F200010968084240F0C580FFE7F0
:106C9000069800B3FFE70698083006909DF81800A4
:106CA0004007B0B1FFE7069820F0070008300690D3
:106CB0009DF81800400758B1FFE74FF0500080F3EF
:106CC0001188BFF36F8FBFF34F8F0990FFE7FEE787
:106CD00000E0FFE700E0FFE70698002800F09A8058
:106CE000FFE7069847F6CC41C2F2004109688842A6
:106CF00000F29080FFE748F2D800C2F20000049052
:106D000000680590FFE705984168069A00209142C7
:106D1000019007D2FFE705980068002818BF0120FE
:106D20000190FFE70198C00730B1FFE70598049094
:106D3000059800680590E6E7059845F65011C2F2FF
:106D400000410968884263D0FFE704980068083072
:106D500002900598006804990860059840680699B3
:106D6000401A112821D3FFE705980699084403909B
:106D70009DF80C00400758B1FFE74FF0500080F33A
:106D80001188BFF36F8FBFF34F8F0890FFE7FEE7C7
:106D9000059840680699401A039948600698059935
:106DA00048600398FFF734FE00E0FFE7059842686B
:106DB00047F6CC40C2F200400168891A01600068C1
:106DC00048F2B401C2F20001096888420BD2FFE721
:106DD00047F6CC40C2F20040006848F2B401C2F26B
:106DE0000001086000E0FFE748F24800C2F200003E
:106DF00002680599486810434860059900200860BA
:106E000047F6D461C2F2004108680130086000E032
:106E1000FFE700E0FFE700E0FFE701F019F99DF868
:106E20000800400758B1FFE74FF0500080F3118889
:106E3000BFF36F8FBFF34F8F0790FFE7FEE7029816
:106E40000AB080BD0000000083B002900191009262
:106E500002980438029002994FF0807008600298FE
:106E600004380290019820F001000299086002980D
:106E700004380290029946F64930C0F601000860D5
:106E80000298143802900098029908600298043819
:106E9000029002996FF00200086002982038029078
:106EA000029803B07047000080B584B0ADF80E00C2
:106EB0008DF80D10BDF80E0000F00F008DF80C00DD
:106EC000BDF80E00C0F303108DF80B009DF80C0008
:106ED0008DF807009DF80B008DF8080033208DF821
:106EE00009009DF80D008DF80A0042F64470C2F2C8
:106EF000000040F2FF710DF107020423FEF7E4FFEA
:106F000004B080BD0000000085B004900391049897
:106F100090F8580008B9FFE702E203988078332818
:106F200040F0FE81FFE70398C078ADF806000398B3
:106F300000798DF80800039840798DF809000398CE
:106F400080798DF80A000398C0798DF80B00BDF8A0
:106F5000060001460091512800F2E1810099DFE826
:106F600011F052005A0062006A0072007A0082003A
:106F70008A0092009A00A300AC00B500BE00C700D2
:106F8000D000D900E200EB00F400FD0006010F0183
:106F9000180121012A0133013C0145014E0157012D
:106FA0006001690172017B0184018D01DE01DE0156
:106FB000DE01DE01DE01DE01DE01DE01DE01DE01D9
:106FC000DE01DE01DE0196019F01A801B101BA01D7
:106FD000C301DE01DE01DE01DE01DE01DE01DE01D4
:106FE000DE01DE01DE01DE01DE01DE01DE01DE01A9
:106FF000DE01DE01DE01DE01DE01DE01DE01DE0199
:10700000DE01CC01D50102980499C86504990220DB
:1070100081F8580083E102980499086604990320D6
:1070200081F858007BE1029804994866049904208D
:1070300081F8580073E10298049988660499052044
:1070400081F858006BE102980499C86604990620FB
:1070500081F8580063E102980499086704990720B1
:1070600081F858005BE10298049948670499082068
:1070700081F8580053E1029804998867049909201F
:1070800081F858004BE102980499C86704990A20D6
:1070900081F8580043E102980499C1F880000499EE
:1070A0000B2081F858003AE102980499C1F8840055
:1070B00004990C2081F8580031E102980499C1F834
:1070C000880004990D2081F8580028E1029804995D
:1070D000C1F88C0004990E2081F858001FE1029835
:1070E0000499C1F8900004990F2081F8580016E126
:1070F00002980499C1F894000499102081F858006E
:107100000DE102980499C1F898000499112081F8C2
:10711000580004E102980499C1F89C0004991220D7
:1071200081F85800FBE002980499C1F8A000049986
:10713000132081F85800F2E002980499C1F8A400E5
:107140000499142081F85800E9E002980499C1F8E4
:10715000A8000499152081F85800E0E002980499ED
:10716000C1F8AC000499162081F85800D7E00298C5
:107170000499C1F8B0000499172081F85800CEE0B6
:1071800002980499C1F8B4000499182081F85800B5
:10719000C5E002980499C1F8B8000499192081F853
:1071A0005800BCE002980499C1F8BC0004991A2068
:1071B00081F85800B3E002980499C1F8C00004991E
:1071C0001B2081F85800AAE002980499C1F8C40075
:1071D00004991C2081F85800A1E002980499C1F894
:1071E000C80004991D2081F8580098E0029804997D
:1071F000C1F8CC0004991E2081F858008FE0029855
:107200000499C1F8D00004991F2081F8580086E045
:1072100002980499C1F8D4000499202081F85800FC
:107220007DE002980499C1F8D8000499212081F8E2
:10723000580074E002980499C1F8DC0004992220F7
:1072400081F858006BE002980499C1F8E0000499B5
:10725000232081F8580062E002980499C1F8E40004
:107260000499242081F8580059E002980499C1F843
:10727000E8000499252081F8580050E0029804990C
:10728000C1F8EC000499262081F8580047E00298E4
:107290000499C1F8F0000499272081F858003EE0D5
:1072A00002980499C1F8F4000499282081F8580044
:1072B00035E002980499C1F8F8000499292081F872
:1072C00058002CE002980499C1F8FC0004992A2087
:1072D00081F8580023E002980499C1F8000104994C
:1072E0002B2081F858001AE002980499C1F8040193
:1072F00004992C2081F8580011E002980499C1F8F3
:10730000080104992D2081F8580008E0029804999A
:10731000C1F80C010499002081F85800FFE7FFE74D
:1073200005B070470000000080B584B0ADF80E00D5
:107330008DF80D10BDF80E008DF80C009DF80F00B3
:1073400000F007008DF80B009DF80C008DF8070089
:107350009DF80B008DF80800AA208DF80900012087
:107360008DF80A0042F64470C2F2000040F2FF714C
:107370000DF107020423FEF7A7FD04B080BD000055
:1073800082B001908DF803109DF8030038B9FFE733
:107390000199012048700199002088700CE09DF847
:1073A0000300012807D1FFE70199002048700199E7
:1073B00001208870FFE7FFE702B07047000000007F
:1073C00082B001908DED000A00980199886002B0AA
:1073D000704700000000000082B001908DF803109B
:1073E0009DF8030038B9FFE7019901204870019921
:1073F000002088700CE09DF80300012807D1FFE70A
:10740000019900204870019901208870FFE7FFE78B
:1074100002B070470000000082B001908DED000ABC
:1074200000980199886002B07047000000000000D9
:1074300080B586B00590ADF812108DED030ABDF849
:10744000120000F50070ADF80A0003A80190019841
:1074500000788DF80000019840788DF801000198BF
:1074600080788DF802000198C0788DF803000598A7
:10747000BDF80A106A460423FEF726FD06B080BD5B
:1074800080B582B001908DF803100198407B0128EF
:1074900001D1FFE721E09DF80300012806D1FFE7B5
:1074A00001989FED0F0AFFF78BFF0AE09DF803009C
:1074B00030B9FFE701989FED0A0AFFF781FFFFE768
:1074C000FFE79DF803000199887300F0D9FC01994A
:1074D0000861019901204873FFE702B080BD00BF39
:1074E000000000000000000080B582B001908DF81F
:1074F00003100198407B012801D1FFE721E09DF8AE
:107500000300012806D1FFE701989FED0F0AFFF75E
:1075100083FF0AE09DF8030030B9FFE701989FED73
:107520000A0AFFF779FFFFE7FFE79DF803000199DB
:10753000887300F0A5FC0199086101990120487346
:10754000FFE702B080BD00BF0000000000000000A7
:1075500086B005908DED040ACDED030A02919DEDF4
:10756000030A9DED041A30EE410A8DED010A0498DC
:1075700000909DED050AB8EEC00A9DED011A20EEBF
:10758000010A029901208840013801EE100AB8EE84
:10759000C11A80EE010A9DED001A30EE010A06B014
:1075A000704700000000000082B001908DED000ADD
:1075B000009801994860012002B070470000000067
:1075C00082B001908DED000A009801994860012079
:1075D00002B070470000000082B00190019800697D
:1075E00000900198416880688860019948688968BE
:1075F0004860009840680199884205D1FFE70198EA
:1076000080680099486000E0FFE701990020086168
:1076100000990868013808600098006802B0704757
:1076200083B0029001910092029948F26000C2F288
:1076300000000860019947F6D040C2F2004008609F
:1076400000998020086003B070470000000000002F
:1076500081B00090009901F10800486000994FF056
:10766000FF308860009901F10800C860009901F1BD
:107670000800086100990020086001B07047000010
:1076800081B0009000990020086101B070470000AF
:1076900084B0039002910298006800900098013035
:1076A00020B9FFE703980069019010E003980830C3
:1076B0000190FFE70198406800680099884205D86A
:1076C000FFE7FFE7019840680190F3E7FFE70198C3
:1076D0004068029948600298416888600198029960
:1076E000886002980199486003980299086103999B
:1076F00008680130086004B0704700000000000016
:1077000083B002900191029840680090009801991E
:10771000486000988068019988600198009989689C
:10772000486001980099886002980199086102995F
:1077300008680130086003B07047000000000000D6
:10774000DFF80C00016841F470010160704700002F
:1077500088ED00E00000000082B04FF0500080F3A0
:107760001188BFF36F8FBFF34F8F019040F2DC00A1
:10777000C2F200000168013101600068012814D1E3
:10778000FFE74EF60450CEF200000068000658B144
:10779000FFE74FF0500080F31188BFF36F8FBFF306
:1077A0004F8F0090FFE7FEE7FFE702B07047000051
:1077B00082B040F2DC00C2F20000006858B9FFE776
:1077C0004FF0500080F31188BFF36F8FBFF34F8FDE
:1077D0000090FFE7FEE740F2DC00C2F20000016823
:1077E00001390160006830B9FFE70020019001987D
:1077F00080F31188FFE702B070470000000000002E
:1078000080B586B0039003980290039800285CD05E
:10781000FFE70298083802900298019001984068AA
:1078200048F24801C2F20001096808420BD1FFE7A3
:107830004FF0500080F31188BFF36F8FBFF34F8F6D
:107840000590FFE7FEE70198006858B1FFE74FF0A9
:10785000500080F31188BFF36F8FBFF34F8F0490F8
:10786000FFE7FEE70198406848F24801C2F20001D4
:107870000968084227D0FFE70198006808BBFFE7C6
:1078800048F24800C2F2000002680199486890433B
:10789000486000F0E1F80198426847F6CC41C2F236
:1078A00000410868104408600198FFF7B1F848F2F9
:1078B000C001C2F2000108680130086000F0C8FB96
:1078C00000E0FFE700E0FFE7FFE706B080BD000053
:1078D0004EF21001CEF20001002008604EF21802B4
:1078E000CEF20002106040F20800C2F20000006810
:1078F00044F6D352C1F26202A0FB02024FF0FF3005
:1079000000EB92104EF21402CEF20002106007203B
:10791000086070470000000080B584B0029000202D
:1079200001900298E0B1FFE748F24000C2F2000087
:10793000006858B1FFE74FF0500080F31188BFF3A3
:107940006F8FBFF34F8F0390FFE7FEE700F084F8DF
:1079500002980021FEF7A8FD00F07AFB019000E0FC
:10796000FFE7019860B9FFE74EF60451CEF200013F
:107970004FF080500860BFF34F8FBFF36F8F00E070
:10798000FFE704B080BD000080B58AB000200390FE
:107990000690059006A805A904AAFFF741FE039BDF
:1079A000049A0599DDF818C06846C0F808C041601F
:1079B000036046F63100C0F6010048F64061C0F6AB
:1079C000010100F0F5F9014647F6D060C2F200402F
:1079D0000160006818B1FFE70120079002E0002075
:1079E0000790FFE70798012823D1FFE74FF05000E9
:1079F00080F31188BFF36F8FBFF34F8F099048F268
:107A0000B801C2F200014FF0FF30086047F6DC61B8
:107A1000C2F200410120086047F6F461C2F2004161
:107A20000020086000F0C8F808B1FFE700E0FFE7B9
:107A30000FE00798013058B9FFE74FF0500080F38E
:107A40001188BFF36F8FBFF34F8F0890FFE7FEE7FA
:107A5000FFE70AB080BD000048F24001C2F2000119
:107A6000086801300860704785B048F24000C2F2F3
:107A70000000006838B1FFE748F2F401C2F20001EB
:107A8000012008604DE048F2F401C2F2000100203C
:107A9000086047F6B440C2F20040006804900498C1
:107AA000B0FA80F08DF80F009DF80F00C0F11F00B4
:107AB0000190019800EB800145F65810C2F2004099
:107AC00050F8210058B9FFE74FF0500080F31188BB
:107AD000BFF36F8FBFF34F8F0290FFE7FEE7019870
:107AE00000EB800145F65810C2F2004000EB810027
:107AF00000900099486840684860009948680831DB
:107B0000884205D1FFE70099486840684860FFE770
:107B100000984068C06844F2C821C2F200010860C1
:107B2000FFE705B07047000010B586B08C4686466A
:107B300009980899ADF816E08DF815C08DF8142055
:107B40008DF813308DF812108DF81100BDF8160065
:107B50008DF810009DF8170000F007008DF80F0059
:107B60009DF810008DF807009DF80F008DF80800B3
:107B700055208DF809009DF815008DF80A009DF834
:107B800014008DF80B009DF813008DF80C009DF883
:107B900012008DF80D009DF811008DF80E0042F6D0
:107BA0004470C2F2000040F2FF710DF10702082399
:107BB000FEF78AF906B010BD80B588B04EF60050C9
:107BC000CEF2000000684CF27121C4F20F1188421D
:107BD0000BD1FFE74FF0500080F31188BFF36F8F98
:107BE000BFF34F8F0790FFE7FEE74EF60050CEF24F
:107BF000000000684CF27021C4F20F1188420BD1D2
:107C0000FFE74FF0500080F31188BFF36F8FBFF391
:107C10004F8F0690FFE7FEE74EF20040CEF20000E5
:107C2000039001780491FF21017000788DF80B001A
:107C30009DF80B0000F0500047F67831C2F2004189
:107C4000087047F67C31C2F2004107200860FFE768
:107C50009DF80B00000600280DD5FFE747F67C31A4
:107C6000C2F200410868013808609DF80B0040002E
:107C70008DF80B00ECE747F67C30C2F2004000685C
:107C800003280BD0FFE74FF0500080F31188BFF3BB
:107C90006F8FBFF34F8F0590FFE7FEE747F67C310C
:107CA000C2F20041086800020860086800F4E06061
:107CB000086004984EF20041CEF2000108704EF6C2
:107CC0002051CEF20001086840F470000860086896
:107CD00040F070400860FFF7FBFD40F2DC01C2F2AB
:107CE0000001002001900860FFF72AFD4EF6347174
:107CF000CEF20001086840F040400860FEF7ECFE5C
:107D0000FFF7B2FEFEF720FF019808B080BD00002B
:107D100070B58CB0DDF844C0DDF840C00B900A911E
:107D2000ADF826200893BDF826008000FEF794FFEA
:107D30000590059880B1FFE75420FEF78DFF07906E
:107D4000079820B1FFE705980799086303E00598B5
:107D5000FFF756FDFFE702E000200790FFE70798D6
:107D6000F0B1FFE70798002680F851600B980A9958
:107D7000BDF82620089BDDF840C0119C079DEE460B
:107D8000CEF80C60CEF80850CEF80440CEF800C013
:107D9000FEF76AFD0798FEF703FC0120069003E05A
:107DA0004FF0FF300690FFE706980CB070BD000062
:107DB000B0B58EB0DDF850C0DDF84CC0DDF848C07D
:107DC0000A90099108920793139858B9FFE74FF06A
:107DD000500080F31188BFF36F8FBFF34F8F0D906A
:107DE000FFE7FEE7149858B9FFE74FF0500080F323
:107DF0001188BFF36F8FBFF34F8F0C90FFE7FEE743
:107E000054200490049854280BD0FFE74FF0500002
:107E100080F31188BFF36F8FBFF34F8F0B90FFE795
:107E2000FEE70498149820B3FFE7139808B3FFE720
:107E3000149806901398069908630699022081F811
:107E400051000A980999089A079BDDF848C0069CDA
:107E5000EE460025CEF80C50CEF8084005ACCEF822
:107E60000440CEF800C0FEF7FFFC0698FEF798FB32
:107E700002E000200590FFE705980EB0B0BD0000BD
:107E800081B047F6F460C2F20040006800900098AC
:107E900001B070470000000080B586B0002002905D
:107EA00048F24000C2F200000068002840F0C5809F
:107EB000FFE747F6F461C2F2004108680130019023
:107EC00001980860019858BBFFE744F2CC20C2F249
:107ED00000000068006858B1FFE74FF0500080F3E1
:107EE0001188BFF36F8FBFF34F8F0590FFE7FEE759
:107EF00044F2CC22C2F200021068009045F6541100
:107F0000C2F20041086810600098086048F2BC01A5
:107F1000C2F20001086801300860FEF7F1FD00E0E0
:107F2000FFE7019848F2B801C2F2000109688842EF
:107F300062D3FFE7FFE744F2CC20C2F20000006802
:107F4000006840B9FFE748F2B801C2F200014FF003
:107F5000FF3008604FE044F2CC20C2F2000000681D
:107F6000C068C06804900498406803900198039921
:107F7000884207D2FFE7039848F2B801C2F2000135
:107F8000086038E0FFE704980430FFF725FB049809
:107F9000806A28B1FFE704981830FFF71DFB00E066
:107FA000FFE70498C16A012000FA01F247F6B441E4
:107FB000C2F200410868104308600499C86A00EBE7
:107FC000800245F65810C2F2004000EB82000431F6
:107FD000FFF796FB0498C06A44F2C821C2F2000180
:107FE0000968C96A884203D3FFE70120029000E0D4
:107FF000FFE7FFE79FE7FFE744F2C820C2F2000077
:108000000068C06A00EB800145F65810C2F20040DB
:1080100050F82100022803D3FFE70120029000E07E
:10802000FFE748F2F400C2F20000006818B1FFE771
:108030000120029000E0FFE707E047F6D861C2F2B6
:108040000041086801300860FFE7029806B080BD73
:1080500080B584B000200290019048F24000C2F246
:108060000000006858B9FFE74FF0500080F3118816
:10807000BFF36F8FBFF34F8F0390FFE7FEE7FFF76C
:108080006BFB48F24000C2F2000001680139016058
:108090000068002840F09280FFE748F23C00C2F2FE
:1080A00000000068002800F08880FFE7FFE748F242
:1080B000C400C2F200000068E0B3FFE748F2C40069
:1080C000C2F20000C068C068029002981830FFF742
:1080D00083FA02980430FFF77FFA0298C16A012000
:1080E00000FA01F247F6B441C2F2004108681043B9
:1080F00008600299C86A00EB800245F65810C2F287
:10810000004000EB82000431FFF7FAFA0298C06ADF
:1081100044F2C821C2F200010968C96A884207D343
:10812000FFE748F2F401C2F200010120086000E01C
:10813000FFE7BCE7029818B1FFE7FEF7E1FCFFE7B5
:1081400047F6D860C2F20040006800900098E0B1A5
:10815000FFE7FFE7FFF7A0FE38B1FFE748F2F401C1
:10816000C2F200010120086000E0FFE7009801383A
:108170000090FFE700980028ECD1FFE747F6D861B0
:10818000C2F200410020086000E0FFE748F2F4007E
:10819000C2F20000006870B1FFE7012001904EF6C6
:1081A0000451CEF200014FF080500860BFF34F8FB2
:1081B000BFF36F8F00E0FFE7FFE700E0FFE7FFF7A7
:1081C000F7FA019804B080BD4100080218BF0420EE
:1081D0000A0E18BF40F001004FF07F4232EA010161
:1081E00008BF40F00200012808BF052070470000CA
:1081F00010B510EE104A4FF01A402DED028B00EB37
:108200004400B0F1C85F4AD84FF0FC40B0EB440FD7
:1082100022D2B0EEC00AF7EE000A30EEC00AF6EE47
:10822000000A20EE208A18EE100A00F011FC00EE81
:10823000100A14F0004F1DBF9FED281ADFED280A29
:10824000B1EE400A9FED271A08BFF0EE410AF8EEA2
:10825000001A20EE210A05E020EE008A9FED221A86
:10826000DFED220ADFED221A9FED222A70EEC00A0E
:1082700020EE080A08EE212ADFED1F1A48EE021A46
:108280009FED1E2A08EE212ADFED1D1A48EE021A84
:10829000BDEC028B40EE610A30EE810A10BD4FF05A
:1082A000CC40B0EB440F82BF9FED160ABDEC028BB1
:1082B00010BD4FF07F40B0EB440F05D2BDEC028BF8
:1082C000BDE8104000F003BB0120E8F7D5F9BDEC94
:1082D000028BBDE8104000F001BB000000004940E7
:1082E00022AA7D3A000000000000C93F22AAFD3901
:1082F00024FE1C3DC78AD83C1E67383D1B93993D20
:10830000AFAA2A3EDB0FC93F70B54FF068422DED92
:10831000048BF0EE408A18EE900AB0EE608A18EEF8
:10832000101A02EB4003B3F1654F3CBF02EB410270
:10833000B2F1654F7DD200BFC0F3C753C1F3C7523E
:108340009A1A1B2A09DD10F0004F14BF9FED830A13
:108350009FED830ABDEC048B70BD12F11A0F36DA63
:1083600011F0004F09D010F0004F0CBF9FED7D0AB7
:108370009FED7D0ABDEC048B70BD88EE889A19EEE6
:10838000100AFFF721FF042808BF00F0AFFA18EE2B
:10839000900AFFF719FF054618EE100AFFF714FFC1
:1083A000044619EE100AFFF70FFF042D18BF052D24
:1083B00008D1042C18BF052C04D1002804BF0220CA
:1083C000E8F75AF9B0EE490ABDEC048B70BD4200E3
:1083D000B2EB410F3AD910F0004F19BFDFED630A3D
:1083E0009FED630ADFED630A9FED630AB0EE481A62
:1083F0000A46B1EE688A80F00041F0EE418A1046EC
:108400000A1A5200B2F1807F34D2484010F0004F77
:10841000DFED5A1A9FED5A2A1DBFBEEE001A70EE0C
:10842000E10A30EE420AB6EE001A08BF70EEA10A69
:1084300000E040E008BF30EE020AB0EE682A01EE2C
:10844000482A08EE818AC2EE081A15E011F0004FA2
:1084500004BF9FED4C0AF0EE400AD1D010F0004F5F
:1084600019BFDFED490A9FED490ADFED490A9FED8B
:10847000490AC5E7C8EE881A21EEA11A9FED462ADF
:10848000DFED462A41EE022A9FED452A01EE222A1F
:10849000DFED442A41EE022A9FED432ABDEC048B16
:1084A00001EE222A21EE811A01EE020A30EE210AA3
:1084B00030EE200A70BD4FF07F42B2EB400F28BF74
:1084C000B2EB410F09D2F0EE480AB0EE680ABDECFB
:1084D000048BBDE8704000F0FDB940EA01035B0089
:1084E00008BF41F0FF410BD0B2EB400F08BFB2EB29
:1084F000410F08D120F0804008EE900A21F0804121
:1085000008EE101A18E7B2EB400F12BF5FEA410302
:1085100040F0FF4001F000413FF40EAFB2EB410FDD
:1085200012BF5FEA400200F0004041F0FF413FF41B
:1085300003AF4A0092EA40033FF5FEAE002AACBF0B
:108540009FED1A0A9FED1A0A68EE808A28EE008ACB
:1085500018EE900A18EE101AEEE60000DB0FC9BF05
:10856000DB0FC93FDB0F4940DB0F49C00000C9BF2B
:1085700022AAFDB90000C93F22AAFD390060ED3EE4
:10858000C30ACE3700000000000049C022AA7DBA0D
:108590000000494022AA7D3A2DAD65BD8FB8D53D7A
:1085A0000FB511BE61C84C3EA8AAAABE0000804FFC
:1085B0000000802F10EE101A08B5444A6846B2EB4E
:1085C000410F28D94FF0E640B0EB410F94BF002097
:1085D0004FF0FF3000900098002861DB60EE000A49
:1085E00010F0010F45D010F0020FDFED391A9FEDAA
:1085F000391A00EEA11ADFED381A40EE811A21EE89
:10860000A01AF0EE400A40EE010A08BFF1EE600A3F
:10861000B0EE600A08BD314B21F0004293423CD9D4
:1086200011F0004FDFED2E0A20EE201ADFED2D0AAB
:1086300019BF31EE601A71EE200A31EE201A71EE88
:10864000600ABDEEE01A11EE100A9FED271A00F045
:10865000030000EEC10A9FED251A009000EEC10A4A
:108660009FED231A00EEC10A9FED221A00EEC10A07
:10867000B1E79FED211A9FED210A10F0020F00EEE5
:10868000810A9FED1F1A00EE801AB7EE000A00EE75
:10869000810A18BFB1EE400A08BD00F02FF99AE731
:1086A00010EE100A4000B0F17F4F3CBFB7EE000A59
:1086B00008BD07D14FF00100E7F7DEFFBDE8084035
:1086C00000F00CB9BDE8084000F001B9B61F927E79
:1086D000336D4CB9DA82083CA0AA2ABE490E49463D
:1086E00083F9223F0000004B0000C93F00A0FD3984
:1086F0000020A2331A61342CB93AB2BACA9F2A3D7B
:10870000DDFFFFBE00B510EE101A2DED028B81B01B
:10871000524A6846B2EB410F2ED94FF0E640B0EB1B
:10872000410F94BF00204FF0FF3000900098B0EE52
:10873000408A00286ADB10F0010F4BD068EE080A6F
:108740009FED471A9FED470A00EE810A9FED461AFA
:1087500010F0020F00EE801AB7EE000A00EE810A58
:1087600002BF01B0BDEC028B00BD00BF01B0B1EE95
:10877000400ABDEC028B00BD3C4B21F0004293420D
:1087800041D911F0004FDFED3A0A20EE201ADFED5B
:10879000390A19BF31EE601A71EE200A31EE201A43
:1087A00071EE600ABDEEE01A11EE100A9FED321A6A
:1087B00000F0030000EEC10A9FED301A009000EEB9
:1087C000C10A9FED2F1A00EEC10A9FED2E1A00EE8E
:1087D000C10AABE728EE080A9FED2B1ADFED2B0A42
:1087E00010F0020F40EE010A9FED291A00EE201A48
:1087F00061EE000AB0EE480A08EE200AB6D101B0D8
:10880000BDEC028B00BD00F079F88FE718EE100A7E
:108810004000B0F17F4F0DD218EE100AFFF7D4FCE4
:10882000042808BF00F062F8B0EE480A01B0BDECC1
:10883000028B00BD09D10120E7F71EFF01B0BDEC9E
:10884000028B5DF804EB00F049B801B0B0EE480AC5
:10885000BDEC028B5DF804EB00F039B8B61F927ED8
:10886000B93AB2BACA9F2A3DDDFFFFBE490E49465A
:1088700083F9223F0000004B0000C93F00A0FD39F2
:108880000020A2331A61342C336D4CB9DA82083CD3
:10889000A0AA2ABE10B52DED028BB1EEC08A18EE4B
:1088A000100A20F00040C0F1FF40C00F0AD010EEC7
:1088B000100A20F00040C0F1FF40C00F04BF0120AB
:1088C000E7F7DAFEB0EE480ABDEC028B10BD30EEE1
:1088D000000A704730EE200A70470000DFED020A00
:1088E00080EEA00A70470000000000009FED020A21
:1088F00020EE000A70470000000000102DE9F00192
:108900004FF07F42B2EB410F9FBF4FF0FF3101604C
:10891000BDE8F00170474FF0004242EA0123C1F385
:10892000C752783A551112F01F0C434CCCF1200677
:108930007C44C1F3C752A2F178024FEA621204EB01
:10894000820254F8254008BFD2E9015612D055687A
:1089500004FA0CF425FA06F73C43976805FA0CF57F
:1089600027FA06F8D26807FA0CFCF24045EA080537
:108970004CEA0206A4FB034CA5FB0352A6FB0363CF
:108980001D449D4234BF012600261319334416B1FD
:10899000934202D903E0934201D2012200E0002277
:1089A000624402F1200C9206DC0C42EA443200EEF2
:1089B000102A5B03DFED210AF8EEC01A00EE103A30
:1089C0004FEA9C1C11F0004FB8EE400AC0F800C0FE
:1089D00020EE201A00EE105ADFED190AB8EE400A18
:1089E00020EE200A71EE810A70EE800A10EE902AC5
:1089F00002F500626FF30B0200EE902A70EEE11AAE
:108A000031EEC11ADFED101A30EE411A9FED0D0A5A
:108A100020EE800A01EE210A9FED0C1A00EE810A79
:108A200004BFBDE8F0017047CCF180510160BDE8A2
:108A3000F001B1EE400A70477401000000000036FA
:108A40000000802C22AAFD29DB0FC92F0000C92FAE
:108A500010B500EE100A2DED028BB1EEC08A18EEB3
:108A6000100A20F00040C0F1FF40C00F0AD010EE05
:108A7000100A20F00040C0F1FF40C00F04BF0120E9
:108A8000E7F7FAFD18EE100ABDEC028B10BDF1EE0F
:108A9000100A4FF6FF71C0F2C03120EA010040F029
:108AA0004070E1EE100A7047000000006E83F9A2EA
:108AB0002915444ED15727FCC0DD34F5999562DB6A
:108AC0004190433CAB6351FE0000000000000000F9
:108AD0000000000000000000000000000100000095
:108AE000020000000300000004000000000000007D
:108AF0000500000000000000000000000000000071
:108B0000060000000000000000000000000000005F
:108B100007000000E08D0108F11E000802000000BF
:108B20000000000000080000E800002454010020BC
:108B3000D08D01084129000801000000000000005C
:108B400000080000E8200024E8400024EF8D010820
:108B500019BF00080200000000000000000800002B
:108B6000AC01002040410024000000000102030489
:108B700001020304060708090001020304050607B1
:108B8000080C101418203040000060400000000065
:108B9000CDCCCC3D0000000000000040CDCCCC3D51
:108BA00000000000000000000804020408010101A8
:108BB000010101030701000001000200040006009A
:108BC00008000A000C001000200040008000000196
:108BD00000C1814001C0804101C0804100C181408D
:108BE00001C0804100C1814000C1814001C080417D
:108BF00001C0804100C1814000C1814001C080416D
:108C000000C1814001C0804101C0804100C181405C
:108C100001C0804100C1814000C1814001C080414C
:108C200000C1814001C0804101C0804100C181403C
:108C300000C1814001C0804101C0804100C181402C
:108C400001C0804100C1814000C1814001C080411C
:108C500001C0804100C1814000C1814001C080410C
:108C600000C1814001C0804101C0804100C18140FC
:108C700000C1814001C0804101C0804100C18140EC
:108C800001C0804100C1814000C1814001C08041DC
:108C900000C1814001C0804101C0804100C18140CC
:108CA00001C0804100C1814000C1814001C08041BC
:108CB00001C0804100C1814000C1814001C08041AC
:108CC00000C1814001C0804101C0804100C181409C
:108CD00000C0C101C30302C2C60607C705C5C4045C
:108CE000CC0C0DCD0FCFCE0E0ACACB0BC90908C8CC
:108CF000D81819D91BDBDA1A1EDEDF1FDD1D1CDCBC
:108D000014D4D515D71716D6D21213D311D1D0102B
:108D1000F03031F133F3F23236F6F737F53534F41B
:108D20003CFCFD3DFF3F3EFEFA3A3BFB39F9F8388B
:108D300028E8E929EB2B2AEAEE2E2FEF2DEDEC2C7B
:108D4000E42425E527E7E62622E2E323E12120E0EB
:108D5000A06061A163A3A26266A6A767A56564A4DB
:108D60006CACAD6DAF6F6EAEAA6A6BAB69A9A8684B
:108D700078B8B979BB7B7ABABE7E7FBF7DBDBC7C3B
:108D8000B47475B577B7B67672B2B373B17170B0AB
:108D9000509091519353529296565797559594549B
:108DA0009C5C5D9D5F9F9E5E5A9A9B5B995958980B
:108DB000884849894B8B8A4A4E8E8F4F8D4D4C8CFB
:108DC000448485458747468682424383418180406B
:108DD00053746172745F436F6E74726F6C5F540092
:108DE00053746172745F43414E5F5461736B0053FF
:108DF000746172745F494E535F5461736B004344F6
:108E00004320496E74657266616365004344432084
:108E1000436F6E6669670053544D6963726F656C8A
:108E2000656374726F6E6963730053544D333220FF
:108E30005669727475616C20436F6D506F72740067
:108E400049444C4500000000888E010800000020C5
:108E5000E00000008C030008688F01080000002477
:108E6000E00000008C030008688F0108E00000208B
:108E700018820000AC03000848900108E0000024BC
:108E800018820000AC030008010000000000E1426D
:108E90000090D003610B010891080108C10E010880
:108EA00000000000810901082907010821080108C4
:108EB000000000000000000000000000810A01081E
:108EC000110A0108F10A0108F90901080A0600025D
:108ED00000000040010000001A0300000000000034
:108EE0000000000000000000000000000000000082
:108EF00000000000AA619C3ECDCC4C3E000000006A
:108F00000000803F000000000000000000000000A2
:108F10000000000000000000CDCC4C3E000000002E
:108F20000000803F00000000000000000000000082
:108F300000000000000000000000A0400AD7A33C91
:108F4000CDCCCC3DCDCC4C3E00000000000000005C
:108F50000000000000000000AA619C3EFF0100002C
:108F600010000000AAAAAAAA828100000119010823
:108F70007119010891190108B9190108091A0108A4
:108F8000B118010821190108000000000000BD42CD
:108F90000090D00309024300020100C0320904001E
:108FA0000001020201000524001001052401000156
:108FB00004240202052406000107058203080010AC
:108FC00009040100020A0000000705010240000038
:108FD0000705810240000000120100020202004069
:108FE00083044057000201020301000079260008B3
:108FF00071260008E1250008F12600087127000805
:1090000004030904AA619C3E9A99993D5C8F423EF3
:109010005C8F423E62F8883E64CC2D3E7B142E3F2E
:109020000000A0400AD7A33CCDCCCC3DCDCC4C3EDB
:109030000000000000000000000000000000000030
:08904000AA619C3E0000000043
:04000005080002CD20
:00000001FF
